wallet_id,transaction_count,incoming_transaction_count,outgoing_transaction_count,total_received,total_sent,average_received,average_sent,maximum_transaction,amount_variance,unique_counterparties,unique_ips,unique_asns,unique_countries,transactions_per_hour,transactions_per_day,average_time_between_transactions,minimum_time_between_transactions,fan_in_ratio,fan_out_ratio,graph_degree,graph_in_degree,graph_out_degree
113sZkjaeAMrsbvhMXZsDfnub3,42,19,23,369.99798177,410.99577641,4.35291743,3.77060345,9.39529844,2.86825995,0,40,9,11,60.0,1.0,391.2195122,2.0,0.90024765,1.11080545,42,19,23
1171czicykuTYfYtHHYU6eEVbt,8,0,8,0.0,42.44142777,0.0,5.30517847,9.07995969,6.72606019,0,8,1,1,60.0,1.0,1412.14285714,459.0,0.0,42441427769.99999,8,0,8
117CZmgXpLwmGBMk5BCNzWA1jX,4,3,1,3.44723967,0.60925574,1.14907989,0.60925574,1.24424077,0.06460538,0,4,2,1,60.0,1.0,24456.33333333,10920.0,5.65811603,0.17673727,4,3,1
1182Whs8pwEtgTT3NPcthE1hDm,5,3,2,2.68238758,1.44976416,0.89412919,0.72488208,1.3297287,0.19916134,0,5,2,3,60.0,1.0,19576.5,4031.0,1.8502234,0.54047527,5,3,2
118J4iu3qhmPuAuVb52QMiaj33,16,5,11,85.27531333,137.6347142,17.05506267,2.80887172,22.47197458,22.82835668,0,15,7,7,60.0,1.0,1366.2,167.0,0.61957707,1.6140042,16,5,11
119riRptaGcYcg3yEpLhPy4BfM,19,2,17,29.81279261,240.85367139,14.90639631,3.88473664,21.75384087,11.66925288,0,18,7,9,60.0,1.0,1062.33333333,71.0,0.12377969,8.07886985,19,2,17
11AvPVcY3kputf3gMg4AkWpfd1,10,5,5,124.03908771,152.58143944,24.80781754,30.51628789,36.38179867,63.34411607,0,10,4,3,60.0,1.0,739.55555556,34.0,0.81293693,1.23010772,10,5,5
11BGP53AtQzitNPw48gyoFNKNs,23,4,19,52.89347223,269.29115505,13.22336806,3.16813124,19.47092579,8.00173889,0,22,9,9,60.0,1.0,852.54545455,3.0,0.19641741,5.09119828,23,4,19
11CEYKEcyhYGKM4MB8fK1Mh1HX,2,0,2,0.0,11.75286319,0.0,5.87643159,10.13568751,18.14126095,0,2,1,1,60.0,1.0,2625.0,2625.0,0.0,11752863189.999998,2,0,2
11EiYyv6Wth4QcpyTuQsn4ugJa,7,4,3,3.43777988,3.26568684,0.85944497,1.08856228,1.36269117,0.08691951,0,7,4,4,60.0,1.0,12072.5,3058.0,1.05269735,0.94994065,7,4,3
11F8MbJRLFqfsHJzvq9c2mMHk2,29,15,14,358.6721309,293.44423467,4.91331686,4.07561437,7.84544738,2.59039434,0,27,9,10,60.0,1.0,551.42857143,23.0,1.22228379,0.81814061,29,15,14
11FTpqytsbd3t1xoGu4549VCK3,8,4,4,3.51444341,1.92652254,0.87861085,0.48163063,1.36505308,0.19963591,0,8,4,5,60.0,1.0,10244.14285714,2192.0,1.82424204,0.54817287,8,4,4
11HQJH52R7USHeW12kbKKspNc2,7,5,2,27.02331447,10.93957574,5.40466289,5.46978787,7.83797172,2.89654502,0,7,2,2,60.0,1.0,1405.16666667,160.0,2.47023423,0.40481991,7,5,2
11KWatYkqScboSyaWiaPsfdnvp,5,5,0,2.98392484,0.0,0.59678497,0.0,0.9364848,0.04103745,0,5,1,1,60.0,1.0,19473.5,3146.0,2983924840.0,0.0,5,5,0
11Ku8mmLQ3NjpREqDX3UfNi7w5,30,16,14,426.15276435,289.16850009,5.01356193,4.01622917,9.61848723,3.30835266,0,30,9,11,60.0,1.0,566.75862069,7.0,1.4737178,0.67855596,30,16,14
11MpqhjyVXzj9P1K3CNmutpbig,3,0,3,0.0,18.46290511,0.0,6.1543017,7.71872095,4.44640502,0,3,1,1,60.0,1.0,3765.5,1378.0,0.0,18462905110.0,3,0,3
11NuDkj5Fy7tvvjBoB3TZ7uMMc,8,2,6,0.95889658,4.01525048,0.47944829,0.66920841,1.21147967,0.11283383,0,8,6,7,60.0,1.0,11049.14285714,1186.0,0.23881364,4.18736552,8,2,6
11Ps4cP1j6nGkJXhJnBfmSFsTH,7,4,3,58.21756902,85.86842092,14.55439225,28.62280697,39.83127643,177.17486289,0,7,4,4,60.0,1.0,544.0,24.0,0.67798579,1.47495717,7,4,3
11U5kmcQm3TyfBfubWskFiaUsk,6,4,2,21.66084023,4.00669734,5.41521006,2.00334867,7.67250755,4.10487963,0,6,3,3,60.0,1.0,2768.6,218.0,5.40615834,0.18497423,6,4,2
11URMbKZKGwnqtsdF2q1JU4Fmt,2,0,2,0.0,15.37245923,0.0,7.68622962,11.40698431,13.8440155,0,2,1,1,60.0,1.0,5139.0,5139.0,0.0,15372459230.0,2,0,2
11USSKzUmQ7vZJXZsZYnzigWac,9,6,3,119.42986865,52.18379544,19.90497811,17.39459848,37.89253648,110.92928555,0,9,3,4,60.0,1.0,1155.625,5.0,2.28863899,0.43694091,9,6,3
11UWB4syv4pWaKET8yKAKJCUr1,8,5,3,4.77279065,1.67171169,0.95455813,0.55723723,1.13476263,0.10488777,0,8,3,3,60.0,1.0,14927.57142857,9361.0,2.85503217,0.35025875,8,5,3
11V8AyVdnpmW7VUEpM1TxsqKCm,1,0,1,0.0,8.29554689,0.0,8.29554689,8.29554689,0.0,0,1,1,1,60.0,1.0,0.0,0.0,0.0,8295546890.0,1,0,1
11aFbUccazhd8XakjiYsg5Q2Qt,6,3,3,2.65291997,2.08513127,0.88430666,0.69504376,1.09989023,0.09541527,0,6,4,3,60.0,1.0,12118.8,537.0,1.27230358,0.78597594,6,3,3
11deBjpybzJMx9J4DBn75PmFxN,23,3,20,30.43483495,346.37277889,10.14494498,4.74483259,12.55726923,6.83937642,0,23,8,7,60.0,1.0,1036.77272727,14.0,0.08786728,11.38080031,23,3,20
11eAHpTKE2Z8F9ACPWQ2H59BTS,6,4,2,62.60194791,75.13136856,15.65048698,37.56568428,39.88503459,128.89136345,0,6,3,2,60.0,1.0,909.0,96.0,0.83323316,1.20014426,6,4,2
11f1g8PDZuhxT2Cb9S9PHsB3H5,14,2,12,21.48338484,156.57965077,10.74169242,3.33148193,15.6577989,7.85068465,0,14,6,6,60.0,1.0,1705.30769231,253.0,0.13720419,7.28840692,14,2,12
11fqAzy97SceWKNtDuW8KVGvA3,9,4,5,22.47931891,14.49831606,5.61982973,2.89966321,7.84615027,5.9892499,0,9,4,4,60.0,1.0,1846.0,133.0,1.55047792,0.64496243,9,4,5
11iBZwXwYxB5qYMGNJ4ZFciRSu,8,3,5,2.50756788,2.87744198,0.83585596,0.5754884,1.13425183,0.08189859,0,8,4,6,60.0,1.0,8511.28571429,1202.0,0.87145732,1.14750313,8,3,5
11isgHKn6UL9Dn7RPJzuK8pDWC,17,5,12,67.38382566,145.69237519,13.47676513,3.03525782,22.68650504,13.71362996,0,17,7,9,60.0,1.0,1172.375,14.0,0.46250756,2.1621268,17,5,12
11m7iehqp6WRxNvyEuqCKwLaGH,7,6,1,30.04679652,3.68273434,5.00779942,3.68273434,6.31278136,1.25096222,0,7,2,2,60.0,1.0,1982.33333333,29.0,8.15882813,0.12256662,7,6,1
11mM6HimG8wRK6s5fgw6mDUQTL,8,4,4,98.26878898,93.04690022,24.56719724,23.26172505,37.13765836,97.77937266,0,8,5,4,60.0,1.0,1412.0,68.0,1.05612104,0.94686117,8,4,4
11o1aw2MZbtefx1NwiZ3b8J2DE,4,0,4,0.0,23.68877553,0.0,5.92219388,7.04131165,2.0597059,0,4,1,1,60.0,1.0,3454.0,2697.0,0.0,23688775530.0,4,0,4
11rDLfa9JtSycfhskTXi38SQRB,3,2,1,3.29516694,6.69275704,1.64758347,6.69275704,6.69275704,5.70692274,0,3,2,1,60.0,1.0,6623.0,3558.0,0.49234821,2.03108284,3,2,1
11raLN3mWivvcR2KGQTqyU3Nz3,23,3,20,35.55906956,255.08549464,11.85302319,3.07331921,16.32693237,7.14666081,0,23,9,9,60.0,1.0,935.72727273,5.0,0.13940059,7.17357056,23,3,20
11s7bpuNwn6D9XqdzVuBLNXAG4,6,3,3,3.22847099,3.96410421,1.076157,1.32136807,1.48244923,0.06200067,0,6,2,4,60.0,1.0,14825.4,718.0,0.81442637,1.22785809,6,3,3
11uxrD1AsZNEBzuWCXqRUectiF,18,3,15,55.8275597,207.9536979,18.60918657,3.40907701,19.68925168,13.30681789,0,18,9,9,60.0,1.0,1376.17647059,106.0,0.26846149,3.72492903,18,3,15
11xoaS7tRruuHuWnf2Lvhtjfd6,13,9,4,26.90719604,15.34047759,2.98968845,3.8351194,6.99394259,5.52328801,0,13,4,3,60.0,1.0,1291.75,109.0,1.75399989,0.57012546,13,9,4
11xoeKkMBMMyGmdRAMvQU6JJ7A,30,13,17,271.4741881,384.67916844,4.68058945,4.63468878,9.74569274,2.91025099,0,30,9,12,60.0,1.0,584.82758621,1.0,0.70571585,1.4170009,30,13,17
124NwspjSCSs3X1hCiKYKZuMzi,5,0,5,0.0,18.05916197,0.0,3.61183239,6.92727861,3.21682739,0,5,1,1,60.0,1.0,777.75,601.0,0.0,18059161970.0,5,0,5
125HjaGDGMJ4z78CVBbER1D1ZX,19,2,17,29.8494002,212.89091109,14.9247001,3.22561987,22.84277315,9.44730798,0,18,7,9,60.0,1.0,1010.22222222,82.0,0.14020984,7.13216713,19,2,17
125kdJRY36Jn5wAcy1HKV7yxB3,30,12,18,249.75576409,392.15200866,4.45992436,4.21668827,7.88976829,2.01887768,0,30,9,11,60.0,1.0,547.89655172,30.0,0.63688508,1.57014197,30,12,18
1276CJn76QwZuHbtahR41qzb17,6,5,1,3.81153325,1.11161303,0.76230665,1.11161303,1.36809824,0.21107097,0,6,2,2,60.0,1.0,10485.2,29.0,3.42883103,0.29164458,6,5,1
12AwfksV395GriQQRd3fAkVQQV,12,6,6,6.60915734,4.34033128,1.10152622,0.72338855,1.47978493,0.29392105,0,12,5,5,60.0,1.0,6249.90909091,173.0,1.52273108,0.65671478,12,6,6
12CWeznzDyW6HMminsBno868nV,5,2,3,1.18402129,2.19639385,0.59201065,0.73213128,1.33285751,0.11817535,0,5,3,4,60.0,1.0,24296.75,9128.0,0.53907513,1.85502902,5,2,3
12CsvCH1TsPwLyXHVtSmfN3ne2,19,6,13,62.06056305,216.77286986,10.34342718,4.0143124,17.57702801,9.21692722,0,19,8,9,60.0,1.0,1095.77777778,150.0,0.28629304,3.49292464,19,6,13
12DzBZAUXDMjLxg1LVeuqbRQV7,4,0,4,0.0,24.96117622,0.0,6.24029405,10.57012827,9.12430902,0,4,1,1,60.0,1.0,2277.0,1361.0,0.0,24961176219.999996,4,0,4
12HG6XcKA5Gf7FrUmfgYNHaFgE,27,15,12,311.44527103,265.0842115,4.58007752,4.6506002,10.42922965,3.09913172,0,27,9,11,60.0,1.0,577.96153846,0.0,1.17489182,0.85114219,27,15,12
12MZy7RqAgM6aYWfzzoJ5VRrDs,5,3,2,1.18308683,1.10431092,0.39436228,0.55215546,0.71141097,0.05308705,0,5,2,3,60.0,1.0,24623.25,15838.0,1.0713349,0.93341494,5,3,2
12NQ8LGYyYSeESUwGKGgtBNBfM,7,4,3,2.15831284,1.85539653,0.53957821,0.61846551,1.23763013,0.15013356,0,7,3,3,60.0,1.0,6920.66666667,1918.0,1.1632623,0.85965134,7,4,3
12RcDJrCT2QDGxabBuhLfneUeS,30,11,19,217.14703363,415.04332865,4.17590449,4.66340819,10.26603011,5.54509715,0,30,9,12,60.0,1.0,593.06896552,0.0,0.52319124,1.91134699,30,11,19
12SXiVjE2uSXmsyz8c9CpCTTyw,17,5,12,70.52039445,140.27653021,14.10407889,3.04948979,20.89497692,16.92085189,0,17,6,7,60.0,1.0,1419.1875,223.0,0.50272411,1.98916259,17,5,12
12Tehs5XvyTWyfdFMveFVHLziw,9,6,3,3.83200393,2.61054083,0.63866732,0.87018028,1.25296074,0.08907207,0,9,4,3,60.0,1.0,10466.375,51.0,1.46789657,0.68124691,9,6,3
12X6BCT3x4zc9yAZFiWVpJCWr4,6,4,2,20.01258986,9.13550689,5.00314746,4.56775344,7.85786812,7.66153946,0,6,2,3,60.0,1.0,2083.8,68.0,2.19063814,0.45648799,6,4,2
12Zd9iHKTnK3GN2VwTfQPsPfmt,10,4,6,19.78836483,26.12313003,4.94709121,4.353855,7.86549998,5.5157948,0,10,6,6,60.0,1.0,1755.55555556,63.0,0.75750359,1.32012575,10,4,6
12Zr2TwiE5oGeNgiKGMVbpsiJw,3,0,3,0.0,20.28942527,0.0,6.76314176,10.11864237,5.86568721,0,3,1,1,60.0,1.0,2999.5,2605.0,0.0,20289425269.999996,3,0,3
12bfSiNKTs7BMFS3RK24JVKaSW,21,5,16,47.97077867,201.10880628,9.59415573,3.1423251,24.48487613,9.58211023,0,20,7,11,60.0,1.0,1071.65,52.0,0.23853147,4.19231899,21,5,16
12cJ1kGg2pdCjijXSzXEqT2raT,34,19,15,398.06261487,300.50068019,4.62863506,3.85257282,7.99398003,2.95697823,0,34,9,12,60.0,1.0,463.93939394,26.0,1.32466461,0.75490807,34,19,15
12caUos3pgUke9MrFuGT37k1ep,38,19,19,454.12527034,402.83855204,4.780266,4.19623492,7.95552816,2.86465328,0,35,9,12,60.0,1.0,448.35135135,3.0,1.12731333,0.88706482,38,19,19
12cihX6xBq8aewqJPCGfimMdTr,4,4,0,12.50107838,0.0,3.12526959,0.0,6.37887289,3.91183588,0,4,1,1,60.0,1.0,4657.0,2543.0,12501078379.999998,0.0,4,4,0
12fDtctDVGfSMpBLzCuXjT1ntY,4,0,4,0.0,21.2147973,0.0,5.30369933,8.28317812,5.82302454,0,4,1,1,60.0,1.0,2082.33333333,1335.0,0.0,21214797300.0,4,0,4
12fqzNvHtqeEq2NovgUxUsopq4,11,4,7,3.22180088,4.29144582,0.80545022,0.61306369,1.40153413,0.21062163,0,11,6,6,60.0,1.0,7032.5,311.0,0.75074952,1.33200219,11,4,7
12j36KwiJ8vF1uRZiTxCH3smZV,12,5,7,73.35136131,73.90097342,14.67027226,2.63932048,22.24825681,25.47633607,0,12,4,5,60.0,1.0,2040.36363636,108.0,0.99256286,1.00749287,12,5,7
12jzxQqRRogNkWd32k8BJzbCrp,10,6,4,4.61208803,2.90876306,0.76868134,0.72719077,1.4893597,0.17893592,0,10,4,3,60.0,1.0,10957.22222222,1443.0,1.58558395,0.63068247,10,6,4
12mhAeT6Joefjq4sykwugL5UWd,39,16,23,342.67730892,477.50563337,4.75940707,4.18864591,9.16702353,3.76322734,0,39,8,11,60.0,1.0,360.07894737,5.0,0.71764035,1.39345565,39,16,23
12nTK4yH6954W3jwJkE52tPQs1,39,19,20,405.99197287,451.31354518,4.61354515,4.90558201,12.10193055,3.85753812,0,37,9,12,60.0,1.0,455.26315789,3.0,0.89957852,1.1116317,39,19,20
12qAWVR48jx9F7R9NvXQ6232ER,46,24,22,532.56127183,478.12362645,4.75501136,4.46844511,10.46406658,3.22411801,0,43,9,12,60.0,1.0,352.42222222,7.0,1.11385684,0.89778144,46,24,22
12r6wqAVcdRfN6tgiE1qKiZxQA,9,4,5,70.58752215,93.69840547,17.64688054,5.20546697,20.95444098,32.60640393,0,9,5,5,60.0,1.0,2283.375,249.0,0.75334817,1.32740749,9,4,5
12r7FW8AJDUPcMbQRLq9Ew2H5y,3,1,2,0.80977057,2.93696184,0.80977057,1.46848092,1.49314251,0.09682753,0,3,3,2,60.0,1.0,16799.5,7751.0,0.27571709,3.62690612,3,1,2
12rAidBroepPj26LDXJixpZD4g,6,4,2,2.3638957,1.13639095,0.59097393,0.56819548,0.85791467,0.03987131,0,6,3,3,60.0,1.0,20440.6,4389.0,2.08017822,0.48072804,6,4,2
12tmBKKmQRfWme6Z6KEFqmzyuR,51,32,19,645.62588892,400.12492493,4.51486636,4.4458325,10.05585234,3.41390183,0,50,9,12,60.0,1.0,326.76,0.0,1.61356079,0.61974734,51,32,19
12xTv7vRvNFwvzWFvvs1MEryxK,29,18,11,378.5641697,222.13666917,4.67363172,4.44273338,9.87908434,4.34741744,0,29,9,11,60.0,1.0,575.64285714,17.0,1.70419486,0.58678736,29,18,11
12xVDgXAdhT7pYPTNVYedtw4R8,11,4,7,88.0057344,148.55523417,22.0014336,21.22217631,39.66105329,83.9133255,0,11,5,6,60.0,1.0,811.3,98.0,0.59241086,1.68801766,11,4,7
12zVSaiwFAdrZVRtmc6ihpU3Pt,36,13,23,310.49314618,441.94435609,4.85145541,3.8429944,8.33512185,4.09951553,0,36,9,12,60.0,1.0,475.74285714,0.0,0.70256163,1.42336268,36,13,23
12zYVVfKSB4nVy9oSqxTj9f9P2,8,3,5,1.09679044,4.11955569,0.36559681,0.82391114,1.1337586,0.15379466,0,8,5,6,60.0,1.0,6068.85714286,2326.0,0.26623998,3.75600984,8,3,5
1314jpMEKXJf7UCHYQNL87j1kc,3,0,3,0.0,1.50302264,0.0,0.50100755,1.05981395,0.15913826,0,3,3,3,60.0,1.0,40441.0,39736.0,0.0,1503022639.9999998,3,0,3
134KA6kZUVHWn7xQ94GM6hd6da,7,3,4,15.35390819,25.06471368,5.1179694,6.26617842,7.58168434,2.61404051,0,7,3,4,60.0,1.0,2143.33333333,496.0,0.61257066,1.63246474,7,3,4
134ftExpjKQgTuBTCCaApttjCQ,10,6,4,4.95783646,3.6024971,0.82630608,0.90062427,1.30775932,0.11380789,0,10,4,5,60.0,1.0,10383.0,547.0,1.37622219,0.72662685,10,6,4
138X4fAThL3Vy4E2Zhb3ahzxw5,11,1,10,9.01898383,164.39881123,9.01898383,4.0097271,9.01898383,3.81315451,0,11,7,6,60.0,1.0,1845.6,8.0,0.0548604,18.22808582,11,1,10
138ajhCX9WeMQdRjez3Mm7hPxz,7,4,3,1.57039997,2.06796081,0.39259999,0.68932027,1.4963589,0.19154728,0,7,4,4,60.0,1.0,15570.33333333,2926.0,0.75939542,1.31683702,7,4,3
13Az7kF1R1d4uRrd8wFqh3db52,5,3,2,2.38651029,1.58695084,0.79550343,0.79347542,0.94995536,0.01832143,0,5,3,3,60.0,1.0,13757.25,464.0,1.50383379,0.66496711,5,3,2
13CqW2oSxaXNUqX4X6hwmbk8Bf,14,3,11,14.98386953,36.19251185,4.99462318,3.29022835,6.84073259,5.06532913,0,13,8,7,60.0,1.0,1168.23076923,2.0,0.41400469,2.41543159,14,3,11
13D2oeGYR5sbiLYbvtV23N4Nso,9,2,7,1.78573294,5.35234824,0.89286647,0.76462118,1.4478128,0.17531195,0,9,7,6,60.0,1.0,9028.875,1706.0,0.33363542,2.9972837,9,2,7
13Dx4ayEQRSyf6uxq2RAkW5MpE,5,1,4,0.38519411,4.07827972,0.38519411,1.01956993,1.35173538,0.1776094,0,5,3,5,60.0,1.0,15543.25,4695.0,0.09445014,10.58759626,5,1,4
13FtFnXuromny41bmeLAiEHz3E,13,7,6,31.53209585,31.13320962,4.50458512,5.18886827,7.54620831,4.46767529,0,13,5,5,60.0,1.0,831.5,30.0,1.01281224,0.98734983,13,7,6
13Fy4vNpjXdBNnth6YFFGPa8FT,33,19,14,450.20010083,303.92935344,4.94725386,4.40477324,8.94742814,3.72654795,0,32,9,10,60.0,1.0,487.09375,0.0,1.48126562,0.67509837,33,19,14
13FzwaTmzQWp6e7Z9huS5ed4Uj,6,3,3,1.46741861,3.10677072,0.48913954,1.03559024,1.46317146,0.24880866,0,6,3,4,60.0,1.0,11866.8,933.0,0.47232923,2.11716732,6,3,3
13J6Wn9L8oNNGxSf7MbNMWKwe2,21,7,14,116.30154379,198.40957876,16.61450626,3.81556882,24.9459858,28.45042104,0,20,8,9,60.0,1.0,1057.6,148.0,0.586169,1.70599265,21,7,14
13LhNvYaq8G7KQqxR9oQF4E4y9,32,15,17,348.89558751,365.49070073,4.98422268,4.56863376,8.28250689,2.64080928,0,32,8,11,60.0,1.0,531.58064516,8.0,0.95459498,1.0475647,32,15,17
13MnzkqFfk2RsHstd3donqYi1F,16,6,10,89.2465892,125.16458516,14.87443153,3.38282663,21.91449245,24.11177092,0,15,7,8,60.0,1.0,1491.06666667,9.0,0.71303388,1.40245791,16,6,10
13QR534TYdd1i2SdUuc45bRnVX,5,2,3,1.03656633,1.96563,0.51828316,0.65521,1.12210899,0.07208118,0,5,4,3,60.0,1.0,15270.0,48.0,0.5273456,1.89628965,5,2,3
13ZNWkFiknAYahia6KWU6tXLA9,4,0,4,0.0,3.13672937,0.0,0.78418234,1.2960416,0.11704054,0,4,4,3,60.0,1.0,19714.33333333,3283.0,0.0,3136729369.9999995,4,0,4
13ZQT1dpJs4tzRW7KjuZWaE52D,25,2,23,28.25419782,274.18858808,14.12709891,2.91689987,15.00351609,5.71551929,0,25,7,11,60.0,1.0,920.29166667,41.0,0.10304659,9.70434871,25,2,23
13ZXZbyCtc5PsCXbXD1KucUCMk,16,4,12,29.35801642,180.28560096,7.3395041,3.67929798,14.23770295,7.51005505,0,16,7,7,60.0,1.0,1468.66666667,68.0,0.16284171,6.14093263,16,4,12
13bNRoopy9abKE6ZcLaNqhB22y,8,2,6,2.11031708,4.45082551,1.05515854,0.74180425,1.41184518,0.19657622,0,8,6,5,60.0,1.0,6057.57142857,407.0,0.4741406,2.10907903,8,2,6
13d4smDpuSYkbxZ5BVqZRcrRSf,9,5,4,3.45939812,2.49539585,0.69187962,0.62384896,1.28555571,0.13053117,0,9,3,4,60.0,1.0,11000.875,673.0,1.38631236,0.72133815,9,5,4
13dJG5b7JFygmnSSS7FouymJYE,7,3,4,3.55739794,2.89153782,1.18579931,0.72288445,1.3822192,0.1456107,0,7,4,4,60.0,1.0,9489.16666667,912.0,1.23027889,0.81282383,7,3,4
13gh17SaMRKV8YvuVcH36f3AyW,19,2,17,37.92216273,288.15993282,18.96108137,4.17623091,22.73037108,9.08418725,0,18,9,10,60.0,1.0,1287.33333333,49.0,0.1316011,7.59872096,19,2,17
13hCGXRnRUejUfCrBdPFFbR6dH,22,6,16,77.22325613,231.40721289,12.87054269,3.79356087,24.69938521,16.81323854,0,20,8,9,60.0,1.0,867.71428571,2.0,0.33371153,2.99660005,22,6,16
13jDrkH2NXEzSbzwoe74axp2Kt,7,0,7,0.0,50.07709078,0.0,7.15387011,11.74424815,7.92009778,0,7,1,1,60.0,1.0,1449.33333333,209.0,0.0,50077090779.99999,7,0,7
13jPxMxXWxbJcV9mbCefWhphyd,8,4,4,2.78794013,2.41118706,0.69698503,0.60279677,0.91297996,0.06510657,0,8,4,5,60.0,1.0,11924.57142857,1916.0,1.15625211,0.86486329,8,4,4
13kwrMVkz3P9i6aXgfkypFaJnu,16,2,14,19.58124967,200.16926026,9.79062483,3.28146328,10.95134577,5.43819074,0,16,7,8,60.0,1.0,1252.06666667,9.0,0.09782346,10.22249671,16,2,14
13nQL8Ny8f4dEWQvVqW1vwVvse,48,19,29,418.58067558,630.46154136,4.59978764,4.53569454,9.76230463,2.65618505,0,47,9,12,60.0,1.0,337.04255319,17.0,0.66392737,1.50618884,48,19,29
13ntZi85WuD2kRdsfFvaA5JM9b,6,2,4,58.97480609,97.75825694,29.48740305,24.43956424,38.39317862,153.94908882,0,6,2,4,60.0,1.0,1061.0,263.0,0.60327187,1.65762744,6,2,4
13q1r2rjm2xto26MBqpthe66mD,14,8,6,5.78895073,5.77179586,0.72361884,0.96196598,1.30311022,0.10428657,0,14,6,5,60.0,1.0,6903.69230769,2445.0,1.00297219,0.99703662,14,8,6
13tc2RgJ2gVctWuEuzixcY7uvb,3,0,3,0.0,17.02533318,0.0,5.67511106,10.98970788,17.38462609,0,3,1,1,60.0,1.0,4346.0,266.0,0.0,17025333180.0,3,0,3
13veRAbdEmUPitksKENmZcvpsJ,9,6,3,4.92319972,2.34362413,0.82053329,0.78120804,1.35788155,0.18978143,0,9,3,3,60.0,1.0,6777.125,666.0,2.10067803,0.47603678,9,6,3
13wXFDuWPLusxFF2jDSNJx5rJP,6,3,3,2.55148059,3.13354428,0.85049353,1.04451476,1.44422793,0.1250856,0,6,4,4,60.0,1.0,12457.8,2019.0,0.8142475,1.22812781,6,3,3
13yEU3ZgmqK55bLhg7FiNyggzC,5,5,0,3.46138907,0.0,0.69227781,0.0,1.14097054,0.11710948,0,5,1,1,60.0,1.0,11464.75,1087.0,3461389070.0,0.0,5,5,0
1422caRGsKpnSWGe8g11aadrrd,18,1,17,16.74256712,263.02421648,16.74256712,3.50698955,16.74256712,4.81071783,0,18,8,9,60.0,1.0,1162.76470588,22.0,0.06365409,15.70990963,18,1,17
145YPzo4gquU6kqznV1pk6MerQ,9,3,6,2.73929032,4.30914834,0.91309677,0.71819139,1.46452004,0.21730529,0,8,5,6,60.0,1.0,12335.625,767.0,0.63569181,1.57308932,9,3,6
146zCFpecrHuYBG2EJns939bKW,24,9,15,167.74945551,220.70538624,18.63882839,4.0128252,22.86024014,30.17193999,0,24,7,8,60.0,1.0,953.43478261,8.0,0.76006054,1.31568467,24,9,15
14AHMarwnakqUJ8hWieGffvRgX,7,0,7,0.0,155.10816687,0.0,22.15830955,36.2266796,105.48480215,0,7,7,6,60.0,1.0,1164.0,67.0,0.0,155108166869.99997,7,0,7
14AgwUjqiiQHK6ep3qsHDYWx3B,25,14,11,321.17409064,222.70355256,4.65469697,4.20195382,7.83860701,3.10613813,0,25,8,11,60.0,1.0,673.125,0.0,1.44215971,0.69340448,25,14,11
14Aqmj76jPtbTqeFc4vRuaTbkx,7,2,5,2.13692827,3.85199319,1.06846414,0.77039864,1.46302526,0.16473323,0,7,5,5,60.0,1.0,8821.0,1727.0,0.5547591,1.80258423,7,2,5
14Bdmf5rrH2SakbH5DDDWF69MP,4,2,2,2.00146332,1.25152845,1.00073166,0.62576422,1.40204342,0.17925072,0,4,3,3,60.0,1.0,15992.33333333,1632.0,1.5992152,0.62530671,4,2,2
14E9wpRjzHPBQVFG1gnq3WqruH,9,4,5,13.66810762,15.05688929,3.41702691,3.01137786,7.28730265,3.98088563,0,9,3,5,60.0,1.0,1880.375,90.0,0.90776437,1.10160746,9,4,5
14FSCupcfv5umWXMiiSuRB4tQi,9,5,4,3.75906519,2.9763239,0.75181304,0.74408097,1.37012608,0.17754175,0,9,2,4,60.0,1.0,10497.25,110.0,1.26298928,0.79177236,9,5,4
14HjHa8YkyWhGhTwzQMoT5f995,7,2,5,8.00697509,19.21992271,4.00348755,3.84398454,7.70592121,6.091226,0,7,4,5,60.0,1.0,2071.0,287.0,0.41659767,2.40039747,7,2,5
14K1eGzvt1nLMzL8bJ2qGfsnbA,19,2,17,21.14934723,253.68872303,10.57467361,3.52345449,16.90113219,4.76665049,0,19,8,11,60.0,1.0,1199.44444444,11.0,0.08336731,11.99510889,19,2,17
14K2VRnxwsBfRxgsRMCvpK7pMY,6,0,6,0.0,40.23814862,0.0,6.7063581,11.66799437,11.01890449,0,6,1,1,60.0,1.0,1928.6,640.0,0.0,40238148620.0,6,0,6
14KS3ATiCtALxYchf9AN7hscmA,4,0,4,0.0,24.96885029,0.0,6.24221257,8.91076295,5.10292517,0,4,1,1,60.0,1.0,2900.0,1810.0,0.0,24968850289.999996,4,0,4
14LN3nNoguebAu9knoTVFkt7Cq,18,7,11,83.13873625,121.52215342,11.87696232,3.19795141,21.5764711,20.42157096,0,17,7,7,60.0,1.0,1191.17647059,11.0,0.68414469,1.4616791,18,7,11
14QvK5ixw6gfZRWecspz3VtdiD,5,3,2,2.13270018,1.58029868,0.71090006,0.79014934,1.31249063,0.12643458,0,5,3,2,60.0,1.0,13850.5,9741.0,1.34955512,0.74098492,5,3,2
14RCuygNEQi4zRGvzhsoXxtG5w,15,2,13,37.9983218,162.1216376,18.9991609,3.1177238,23.62525916,15.94151168,0,15,8,8,60.0,1.0,1307.28571429,228.0,0.23438156,4.26654731,15,2,13
14SjrsHjwpHte3DQhpdGxK8YkX,36,15,21,336.43135429,442.58710041,4.60864869,4.3820505,10.26603011,3.15120648,0,35,8,12,60.0,1.0,421.77142857,0.0,0.76014722,1.31553464,36,15,21
14U8QgBXFcYJ4Bfg4Voo6UUxe2,11,5,6,2.71567162,3.62645162,0.54313432,0.6044086,1.48812206,0.2301493,0,11,4,5,60.0,1.0,6277.3,47.0,0.74885092,1.33537928,11,5,6
14XfvSt7UPFXYxrWkaH9JY7TKd,4,0,4,0.0,21.68013792,0.0,5.42003448,8.05849661,6.13116077,0,4,1,1,60.0,1.0,2491.0,1650.0,0.0,21680137920.0,4,0,4
14Z8dUoowvgNwLHpZWR7ktN1un,11,5,6,29.78128292,32.83114858,5.95625658,5.4718581,7.76685683,4.75923227,0,11,5,6,60.0,1.0,1312.9,122.0,0.90710451,1.10240881,11,5,6
14ZkQy48RQWg3QQCicn5cnrE9N,12,8,4,5.91972839,3.03046359,0.73996605,0.7576159,1.26405031,0.15458195,0,12,4,4,60.0,1.0,6526.0,812.0,1.95340687,0.51192612,12,8,4
14awh4QLf6HVWLJXFqQhEPrALV,11,3,8,41.23425216,84.04473154,13.74475072,3.00159756,23.68178785,22.30136956,0,11,6,8,60.0,1.0,957.8,150.0,0.49062269,2.03822616,11,3,8
14c53Z7ZUT7WjoduHPHe6rZ28p,13,3,10,2.62754908,6.03689379,0.87584969,0.60368938,1.43699951,0.23423054,0,12,5,8,60.0,1.0,7369.41666667,265.0,0.43524852,2.29753797,13,3,10
14jHdJSBLvQML2VwYy11MFPMiZ,4,0,4,0.0,31.07015439,0.0,7.7675386,10.22065042,7.55450234,0,4,1,1,60.0,1.0,2294.33333333,789.0,0.0,31070154389.999996,4,0,4
14kX4u7YcpQ2oC1Q4APjKdXBkq,7,4,3,23.75813112,9.29667634,5.93953278,3.09889211,7.50779686,3.94541212,0,7,4,3,60.0,1.0,1685.33333333,62.0,2.55555106,0.39130504,7,4,3
14r6idFbpow3CTyvC3vSsYCpxK,6,4,2,2.75158197,1.40855276,0.68789549,0.70427638,1.23282907,0.12152332,0,6,3,3,60.0,1.0,16263.2,1745.0,1.95348165,0.51190652,6,4,2
14rNPyuUTx8xrFpiwf1hrhR4La,10,5,5,5.19598309,4.49145328,1.03919662,0.89829066,1.48342957,0.20560204,0,10,5,5,60.0,1.0,8943.33333333,133.0,1.1568601,0.86440876,10,5,5
14tgNvHXk4oj4T4ssGdaw54Vdr,10,6,4,27.34399201,18.52118462,4.557332,4.63029615,7.47523855,5.40631742,0,10,5,5,60.0,1.0,1390.33333333,358.0,1.47636302,0.67734019,10,6,4
14tiKMt4p5cfR6SHCGrxS62wEB,9,6,3,5.10906693,2.44715818,0.85151115,0.81571939,1.42137291,0.14103791,0,9,3,4,60.0,1.0,13184.625,1786.0,2.08775508,0.47898339,9,6,3
14tq6AbGD6dNQZhenXde1FNtqx,19,6,13,80.58433445,160.63971593,13.43072241,3.34666075,17.76681952,13.21024533,0,18,6,7,60.0,1.0,1176.0,47.0,0.5016464,1.99343603,19,6,13
14tvqsur3D2JLGRi6udwsdM8W5,5,5,0,4.33221508,0.0,0.86644302,0.0,1.1841553,0.06740063,0,5,1,1,60.0,1.0,25737.0,18617.0,4332215080.0,0.0,5,5,0
14uKRtWzZBi3kEUg2Sm7MnsmP3,5,0,5,0.0,30.39238724,0.0,6.07847745,10.94762676,14.74643113,0,5,1,1,60.0,1.0,1779.5,489.0,0.0,30392387240.0,5,0,5
14uiyx157zNKS8XPszanmzni4b,16,7,9,84.82837097,149.47591607,12.11833871,4.27074046,17.46287748,13.53397035,0,15,6,6,60.0,1.0,1396.0,136.0,0.56750528,1.76209816,16,7,9
14wwXvTtxgXqzmUmdGwbm3zM7H,12,6,6,98.11168476,144.87248231,16.35194746,24.14541372,39.24494061,94.66756803,0,12,5,3,60.0,1.0,675.90909091,10.0,0.67722788,1.47660783,12,6,6
14xjE8GhUM1BsJe8SsG13esmXm,6,3,3,1.67571184,1.58505829,0.55857061,0.52835276,1.39398977,0.32112573,0,6,4,4,60.0,1.0,13546.8,2841.0,1.05719257,0.94590147,6,3,3
151tLy1vn3EwpBXE2Eq9LraCnV,8,5,3,19.13193601,17.62577214,3.8263872,5.87525738,7.7680658,5.25701221,0,8,3,2,60.0,1.0,2223.0,878.0,1.08545236,0.92127488,8,5,3
153FH6J6Dq5a78wwch7L1N6mnF,16,5,11,46.80070193,186.28707895,9.36014039,4.65717697,18.03468607,12.91901441,0,15,8,8,60.0,1.0,1448.53333333,15.0,0.25122892,3.98043344,16,5,11
154aK35MxXwgyeYi2S9ngya53d,6,0,6,0.0,33.47918193,0.0,5.57986366,10.75986618,8.64880685,0,6,1,1,60.0,1.0,2289.2,568.0,0.0,33479181930.0,6,0,6
154uAnwJADKkKYEyk4PpjXwumj,19,6,13,78.76122512,147.12213695,13.12687085,2.88474778,24.80115844,21.48858051,0,19,7,8,60.0,1.0,1168.33333333,14.0,0.53534585,1.86795135,19,6,13
15AT7UFmuBJnancykazezeNyVB,9,6,3,6.43603071,2.49704543,1.07267179,0.83234848,1.45568187,0.21439099,0,9,4,4,60.0,1.0,9487.125,534.0,2.5774584,0.3879791,9,6,3
15Bkqw1fPXe1YxGX83u2dkKvFa,9,6,3,5.84952194,2.86394328,0.97492032,0.95464776,1.4571167,0.19666627,0,9,4,4,60.0,1.0,10762.125,215.0,2.0424713,0.48960296,9,6,3
15CDhgYCbEP7xkAfQdCzVnwyrC,8,4,4,3.84380061,3.74860356,0.96095015,0.93715089,1.46134286,0.16392559,0,8,5,5,60.0,1.0,9348.42857143,855.0,1.02539534,0.97523361,8,4,4
15Cx43arNd3L4r2xCJ7kV3ESnH,12,7,5,144.20419114,86.768531,20.60059873,17.3537062,34.96023637,73.70919358,0,12,5,5,60.0,1.0,759.54545455,19.0,1.66194114,0.60170603,12,7,5
15FEeNTDC9HQ5ZAQSfS5e96Ain,6,5,1,11.34174111,2.95494,2.26834822,2.95494,3.65944957,0.90045503,0,6,2,2,60.0,1.0,1492.2,154.0,3.83823059,0.26053672,6,5,1
15Fkh25KLtTJs7gXBndvjK5j4E,29,11,18,246.12195443,353.36495397,4.73311451,4.01551084,8.69658434,2.87214129,0,29,9,12,60.0,1.0,561.46428571,30.0,0.69650924,1.43573114,29,11,18
15G9iyuyu8tMxM5E1MNX3aEhhU,9,6,3,6.53335666,2.75330096,1.08889278,0.91776699,1.30464737,0.06684467,0,9,3,3,60.0,1.0,8263.875,1433.0,2.37291773,0.42142211,9,6,3
15HFUXbTBh7t1Ytc5cW73gjSha,21,2,19,28.00712409,252.52709276,14.00356204,3.23752683,18.90463818,5.24579622,0,21,9,9,60.0,1.0,961.0,39.0,0.1109074,9.01653065,21,2,19
15LsFF3UH2fna2McYX6vNMmPfk,6,0,6,0.0,29.49886518,0.0,4.91647753,6.70912975,3.87438067,0,6,5,6,60.0,1.0,3047.4,889.0,0.0,29498865179.999996,6,0,6
15NfrgfSrM2hJsVYFPcRUCkejR,15,3,12,2.40516142,8.88341163,0.80172047,0.7402843,1.43185404,0.13751258,0,15,9,9,60.0,1.0,6270.35714286,391.0,0.27074749,3.69347835,15,3,12
15PTfoucpMWm2q4iiChVsi91SD,5,2,3,0.71813666,1.69408427,0.35906833,0.56469476,0.90886123,0.08917427,0,5,3,3,60.0,1.0,22862.0,10333.0,0.42390846,2.35899985,5,2,3
15PwxqdLrWzmHrWw1xPnF5vx63,16,2,14,31.60341186,168.22597895,15.80170593,3.05865416,16.34521261,10.45654655,0,16,8,9,60.0,1.0,1223.8,36.0,0.18786285,5.3230322,16,2,14
15QBLxAyywpaRYbQNHYy1s5ZeX,15,7,8,29.41312441,33.04051957,4.20187492,4.13006495,7.91124013,4.92712034,0,15,6,8,60.0,1.0,1164.35714286,127.0,0.89021374,1.12332573,15,7,8
15QZQ25QDk15VFkoh6UYt7MU4P,9,3,6,53.51993463,85.85718934,17.83997821,3.73292128,23.32487633,29.94466339,0,9,4,5,60.0,1.0,2153.125,347.0,0.62335997,1.60420953,9,3,6
15S49Gu9M7u2Yn6QPMbwY4teJh,18,1,17,5.50833453,239.89445598,5.50833453,3.86926542,8.03730719,4.66962584,0,17,9,10,60.0,1.0,1152.52941176,48.0,0.02296149,43.55117771,18,1,17
15U4mXdj7Yve7EbR46MsX7wmy6,17,3,14,37.53317265,171.95410921,12.51105755,2.91447643,21.73757165,8.28468465,0,17,8,7,60.0,1.0,1129.0,97.0,0.21827436,4.5813902,17,3,14
15UjS1t7e83f1LcaUSoo2pVEwp,7,6,1,32.63933019,4.54619835,5.43988837,4.54619835,7.84821859,4.26120056,0,7,2,2,60.0,1.0,2292.5,118.0,7.17947781,0.1392859,7,6,1
15Xx3oMx2NbEQDHPib5ePUMVnA,20,6,14,96.83916619,194.22726717,16.13986103,3.96382178,24.53202173,22.00710474,0,20,6,8,60.0,1.0,1157.36842105,74.0,0.49858688,2.00566852,20,6,14
15YwQvES7Ys2T5Yh5EkTRyMhVt,9,5,4,4.72336075,2.92309124,0.94467215,0.73077281,1.18975136,0.08460516,0,9,3,5,60.0,1.0,11793.0,829.0,1.61587866,0.61885835,9,5,4
15aoKKmDmwcS79Mqsext4wnLWi,6,3,3,2.0113581,2.1965027,0.6704527,0.73216757,0.89684151,0.02460607,0,6,2,4,60.0,1.0,17273.6,100.0,0.91570937,1.09204955,6,3,3
15fQvL8fzTRRLQ2MYDq2EUrhqA,9,3,6,2.96565893,4.65339855,0.98855298,0.77556643,1.41897936,0.13214982,0,9,5,6,60.0,1.0,13430.25,6254.0,0.63731032,1.56909431,9,3,6
15fsgwX7t8kwQFFuGyJseVBgUv,10,5,5,22.67790477,20.51726613,4.53558095,4.10345323,7.48751608,3.94934696,0,10,5,6,60.0,1.0,1686.88888889,45.0,1.10530831,0.90472494,10,5,5
15i2AoyYjU969itTxWzsmfUgCW,6,4,2,2.74649507,1.50511884,0.68662377,0.75255942,1.18998608,0.13419806,0,6,3,3,60.0,1.0,13468.0,3456.0,1.82476958,0.5480144,6,4,2
15iRYAC82tuHMxnrJpTs8Y8dBc,12,3,9,50.71372707,106.3046545,16.90457569,2.72576037,23.34829396,17.11810405,0,12,7,8,60.0,1.0,1760.0,35.0,0.47706027,2.09617121,12,3,9
15jNgMjw8ozLZLjTMSmKc9DTjR,11,7,4,5.00050858,4.06311261,0.71435837,1.01577815,1.30065419,0.10535673,0,11,4,5,60.0,1.0,9217.7,40.0,1.23070883,0.81253987,11,7,4
15jrwipMKw9rSo4nzxVcuAwK58,4,0,4,0.0,33.82979289,0.0,8.45744822,10.62431619,3.14251693,0,4,1,1,60.0,1.0,3472.0,71.0,0.0,33829792890.0,4,0,4
15mCxagGzHZBb12skeBu2PGwRM,33,15,18,358.91020507,405.6962612,5.20159717,4.55838496,9.75140732,3.13033605,0,33,9,11,60.0,1.0,497.90625,2.0,0.88467713,1.13035588,33,15,18
15mviSRLXxdvQh5AWeaDz8yCqq,9,9,0,41.36705694,0.0,4.59633966,0.0,7.7450024,4.80123788,0,9,1,1,60.0,1.0,1641.625,189.0,41367056939.99999,0.0,9,9,0
15om8jzUsWQu1VwUArXggPquMG,21,4,17,61.52967272,231.48224225,15.38241818,3.92342783,24.73976411,13.22299833,0,21,7,9,60.0,1.0,1032.55,8.0,0.26580731,3.76212374,21,4,17
15p5d6cr8bBtZww6dWgiDq5rkU,14,5,9,2.94144445,6.30292494,0.58828889,0.70032499,1.49126214,0.19847154,0,14,6,6,60.0,1.0,8463.69230769,134.0,0.46667928,2.14279924,14,5,9
15r5C6ma6wRWxmfDtCGQtsDdtF,9,3,6,16.45882847,21.08394928,5.48627616,3.51399155,7.42979245,4.71678561,0,9,5,4,60.0,1.0,1821.375,563.0,0.78063309,1.28101154,9,3,6
15tawpXJWBf6nmzF78BRPgmVLR,41,12,29,262.71107655,641.0111401,4.77656503,4.42076648,10.17200891,3.62867939,0,40,9,12,60.0,1.0,410.075,4.0,0.40983855,2.43998521,41,12,29
15wp9ShpXiUHhHfHETFBW3QT7H,11,3,8,12.30690664,29.44053102,4.10230221,3.68006638,6.83035683,3.24781147,0,11,4,5,60.0,1.0,1521.9,272.0,0.41802597,2.39219585,11,3,8
15yXc42rSaq67HgA6iyRLFGpKV,10,6,4,3.24931526,4.79067807,0.54155254,1.19766952,1.38471664,0.2062586,0,10,3,5,60.0,1.0,9098.22222222,1038.0,0.6782579,1.47436542,10,6,4
162RzUxMZygVZkBnL9pQwTQc9q,37,21,16,491.10661561,364.94988533,4.76802539,4.7396089,9.61848723,3.17410039,0,37,9,12,60.0,1.0,460.69444444,13.0,1.34568234,0.74311743,37,21,16
166nfyjSwHAnNbPS9R7wpuyytK,9,6,3,7.26225687,1.81081595,1.21037614,0.60360532,1.3564477,0.18001578,0,8,3,4,60.0,1.0,7385.0,1563.0,4.01048868,0.24934617,9,6,3
169T5RbsrQ1X54sPcimq468dQ1,10,5,5,3.53544913,2.60115847,0.70708983,0.52023169,1.31541958,0.19930127,0,10,5,5,60.0,1.0,10681.22222222,2166.0,1.35918252,0.73573636,10,5,5
16GpaoYD5K2mhEz5dmv8SUTxrn,34,15,19,353.27682338,448.69433063,4.77401113,4.87711229,10.24114705,4.09872826,0,34,9,10,60.0,1.0,548.87878788,9.0,0.78734408,1.27009275,34,15,19
16HhqU3tfuh6eFM76XjzLPvPMq,14,3,11,33.4344057,164.10146057,11.1448019,4.00247465,14.51301421,7.81603179,0,14,7,9,60.0,1.0,1519.07692308,118.0,0.20374228,4.90816143,14,3,11
16M8NExoCyPtikkeHVhygN3VK3,6,3,3,2.5609158,1.73277378,0.8536386,0.57759126,1.3105346,0.26024204,0,6,4,3,60.0,1.0,12172.8,4208.0,1.47792853,0.67662271,6,3,3
16MYMeN7Hxerqq3dmSV7hmsjt1,4,0,4,0.0,28.62585294,0.0,7.15646323,11.47015042,12.35162487,0,4,1,1,60.0,1.0,2685.0,120.0,0.0,28625852939.999996,4,0,4
16TynLMeoWqjVgtHNxtCEC6pfH,5,3,2,2.56528811,2.22617576,0.85509604,1.11308788,1.30550922,0.13477807,0,5,3,2,60.0,1.0,20218.25,6661.0,1.15232955,0.8678073,5,3,2
16UL34SdpoqaurzDSfoh9vDsMF,12,3,9,37.18367924,131.75908496,12.39455975,3.76454528,17.00427977,11.88372119,0,12,6,6,60.0,1.0,1636.90909091,92.0,0.2822096,3.54346551,12,3,9
16ULPU3PjfsQuSELGq6Z4hiVEe,15,2,13,16.58923681,169.67555929,8.2946184,2.82792599,10.70378578,3.57476761,0,15,5,10,60.0,1.0,1619.64285714,89.0,0.09777034,10.22805095,15,2,13
16ZbSsLQfJWb44XuhvvdCpJqUE,7,0,7,0.0,50.39519436,0.0,7.19931348,11.48410099,11.50629864,0,7,1,1,60.0,1.0,1377.16666667,236.0,0.0,50395194359.99999,7,0,7
16cjGnV9XuJvBBv2f7CK8bpSB5,7,3,4,1.56177342,3.62690766,0.52059114,0.90672692,1.3365869,0.1910539,0,7,3,4,60.0,1.0,10674.33333333,2704.0,0.43060744,2.3223008,7,3,4
16fByED6szM9tL1Jz8MhWMZmJm,24,13,11,263.4668651,211.24905455,4.46554009,4.06248182,8.0170656,3.18960778,0,24,9,9,60.0,1.0,660.69565217,22.0,1.24718601,0.80180502,24,13,11
16fTZFgKbqsmLBATiUD6QLyE2e,8,3,5,86.6489797,113.93251211,28.88299323,22.78650242,39.23012574,130.80115181,0,7,5,6,60.0,1.0,1264.71428571,264.0,0.760529,1.31487425,8,3,5
16hzV1jWyqq7AYZYrfTGGpZYqu,29,17,12,383.28805441,271.87706164,4.91394942,4.53128436,9.9566535,3.1616393,0,28,9,10,60.0,1.0,528.42857143,10.0,1.40978445,0.70932829,29,17,12
16iA2tDuFduzp4QfRUkUieHAEd,3,0,3,0.0,22.49168894,0.0,7.49722965,9.90365864,3.63531077,0,3,1,1,60.0,1.0,336.0,132.0,0.0,22491688940.0,3,0,3
16mYNbagh5HhJJxKfZFMzMGdDP,4,3,1,3.11207108,0.73846471,1.03735703,0.73846471,1.48753465,0.23058193,0,4,1,2,60.0,1.0,20208.0,12764.0,4.21424482,0.23729044,4,3,1
16njSNumrs5U1bSCrKvesMy7FD,36,21,15,490.36136629,350.89841649,4.80746438,4.44175211,7.88300404,2.34014887,0,33,9,12,60.0,1.0,451.68571429,28.0,1.39744537,0.71559148,36,21,15
16om9JJXD6PnciKWptYUZSDHCD,10,6,4,5.0392736,1.43418145,0.83987893,0.35854536,1.49498373,0.18141612,0,10,5,4,60.0,1.0,9677.11111111,1576.0,3.51369319,0.28460083,10,6,4
16qiorcv2cBqBSXde4gTjSTo2A,12,6,6,23.36136857,31.31955248,3.89356143,5.21992541,7.72507987,5.01558636,0,12,5,6,60.0,1.0,1461.90909091,137.0,0.74590365,1.34065572,12,6,6
16sf1Vu2UWXiUjfDux8E7swSzx,31,21,10,529.79580002,242.40555172,4.86051193,5.15756493,12.97185974,4.40763888,0,29,8,12,60.0,1.0,494.33333333,31.0,2.18557618,0.45754525,31,21,10
16strUFvCcApAQ8dRHr9eNZhR8,39,20,19,412.98512468,420.75347739,4.69301278,4.57340736,8.51709013,2.89709147,0,38,8,11,60.0,1.0,395.68421053,36.0,0.98153704,1.01881025,39,20,19
16tgAABXx1M5z49ZtVUjXMLZq8,8,6,2,5.33641901,1.42028676,0.88940317,0.71014338,1.38934409,0.13457916,0,8,3,2,60.0,1.0,10021.28571429,1655.0,3.7572828,0.26614978,8,6,2
16xay9MUqyUhrN8REf8WBX7rNH,4,2,2,59.62618554,28.03064093,29.81309277,14.01532047,33.19976862,93.85798869,0,4,3,2,60.0,1.0,1813.66666667,507.0,2.12717881,0.47010622,4,2,2
171dZjhysivzTvDSWakCZii5yU,3,0,3,0.0,22.41711503,0.0,7.47237168,10.25530118,6.16328806,0,3,1,1,60.0,1.0,1422.0,530.0,0.0,22417115029.999996,3,0,3
176MjKLVfnUBmVPV3oxPgUJhs4,6,3,3,2.71124102,3.47016052,0.90374701,1.15672017,1.48861797,0.12382828,0,6,2,3,60.0,1.0,10563.8,3315.0,0.78130133,1.27991591,6,3,3
176qB5uDH2UzDwRb25ygf3Q2CL,8,4,4,16.2247853,18.3714685,4.05619633,4.59286712,7.29942215,4.37535072,0,8,4,4,60.0,1.0,2335.14285714,142.0,0.88315125,1.13230888,8,4,4
177jUPUTWxo4kii74SoNtx7GDD,11,5,6,3.76798684,3.37065349,0.75359737,0.56177558,1.16292693,0.08129997,0,11,4,6,60.0,1.0,9489.5,584.0,1.11788021,0.89455023,11,5,6
179etCUvyT9MJYrZz4k3dMa4L1,3,0,3,0.0,21.75089216,0.0,7.25029739,11.38563546,14.78627071,0,3,1,1,60.0,1.0,3655.5,269.0,0.0,21750892159.999996,3,0,3
17AHj49QuKNM2j4NKe3Zpo3jde,15,6,9,59.30369372,104.47442663,9.88394895,2.61186067,20.93571066,14.39776882,0,15,6,9,60.0,1.0,1482.92857143,51.0,0.56763837,1.76168498,15,6,9
17Ae2xo7Nn4W6DZ3TV7G4WnFN6,6,2,4,1.92593511,3.11133139,0.96296755,0.77783285,1.37461752,0.20408711,0,6,4,5,60.0,1.0,10707.4,1101.0,0.61900674,1.61549129,6,2,4
17DoeYNP9jiG7Kg5zDMYVNgjLm,8,4,4,2.4765718,1.77576027,0.61914295,0.44394007,1.3583667,0.11292636,0,8,4,3,60.0,1.0,13914.42857143,2331.0,1.39465436,0.71702354,8,4,4
17Eiy387k9VEbFw6jahvi6WB2G,1,0,1,0.0,4.65969132,0.0,4.65969132,4.65969132,0.0,0,1,1,1,60.0,1.0,0.0,0.0,0.0,4659691320.0,1,0,1
17GQmjAhcLMHiW2nhvM1h2PtyV,33,15,18,310.50404488,372.6036799,4.63438873,4.90268,8.49912437,2.88001534,0,31,9,12,60.0,1.0,495.40625,10.0,0.83333596,1.19999622,33,15,18
17Gyb9RWQjpmbTepoAyTi7vYgT,6,4,2,2.39614727,1.65968576,0.59903682,0.82984288,0.99110176,0.04947551,0,6,2,3,60.0,1.0,19631.8,7610.0,1.44373551,0.69264764,6,4,2
17Mx865HBoH8BKmtZLQyLTVE5k,6,0,6,0.0,43.09270993,0.0,7.18211832,10.3658619,10.35462604,0,6,1,1,60.0,1.0,2443.2,115.0,0.0,43092709929.99999,6,0,6
17MxmoUFB6DoztQuzb1mx4Hys3,10,3,7,3.18408153,4.86894992,1.06136051,0.69556427,1.35527882,0.12955669,0,10,3,6,60.0,1.0,7738.22222222,360.0,0.65395652,1.52915366,10,3,7
17PMC1SiM1REWF5juJigQ35yET,7,3,4,4.00640457,2.66406706,1.33546819,0.66601676,1.49724034,0.22329831,0,7,5,5,60.0,1.0,13540.5,2644.0,1.50386776,0.66495208,7,3,4
17WXhrzDNiq6TSZ55yEEgXDUV2,21,5,16,50.99676643,231.74843106,10.19935329,3.56536048,18.93509471,8.24113777,0,21,7,10,60.0,1.0,1011.05,200.0,0.22005226,4.54437501,21,5,16
17Y9YzJbr96nNz6zXrN2oYkdTG,7,4,3,97.03343304,68.87632914,24.25835826,22.95877638,39.7737093,144.52935128,0,7,4,3,60.0,1.0,1341.83333333,22.0,1.40880669,0.70982059,7,4,3
17YG9Ntd12tWEgW6Dqr3iVBB67,14,3,11,49.60726155,159.68585643,16.53575385,3.89477699,22.07242886,13.1588109,0,14,7,8,60.0,1.0,1364.38461538,11.0,0.31065532,3.21900164,14,3,11
17ZqQC21hAGe7QAE5DGuuShqkE,9,4,5,22.5255708,23.64711809,5.6313927,4.72942362,7.80698365,5.90273287,0,9,5,5,60.0,1.0,1773.375,462.0,0.9525715,1.04978996,9,4,5
17dqSxc4KP2PB65Aq4vEsU1a8S,12,7,5,27.83817849,22.84614668,3.97688264,4.56922934,7.93742074,6.66775821,0,12,5,5,60.0,1.0,1335.27272727,11.0,1.21850651,0.82067678,12,7,5
17gVxpHHWUNnCwr9LSwgSatNq8,41,23,18,513.87855532,411.3298779,4.8479109,5.07814664,10.07450135,3.28236012,0,40,9,11,60.0,1.0,426.45,0.0,1.24931006,0.8004418,41,23,18
17hVe8643RMywm5s94tV4LghU5,11,7,4,5.05344482,4.35795156,0.72192069,1.08948789,1.3545519,0.13780428,0,11,4,3,60.0,1.0,8031.8,78.0,1.15959178,0.86237244,11,7,4
17pKWRzB2VEHWbXysqFoPL8JuM,47,28,19,548.55540755,392.75633017,4.68850776,4.73200398,12.23501026,4.52059238,0,46,9,12,60.0,1.0,377.45652174,1.0,1.39668126,0.71598297,47,28,19
17rH7AXCPeC7hCdhcPRVm9H4QQ,36,21,15,525.04736021,338.90141605,4.68792286,4.70696411,8.01785951,2.6054736,0,34,9,11,60.0,1.0,480.65714286,2.0,1.54926281,0.64546828,36,21,15
17rhfXFjVLu8bpgWA5yqoNyJ3R,11,6,5,7.1312334,2.81863671,1.1885389,0.56372734,1.4764158,0.16385806,0,11,3,4,60.0,1.0,8530.7,900.0,2.53002928,0.39525234,11,6,5
17xSUzGEwpaA99w9J33MFxe9Cj,17,2,15,37.79444334,167.66487416,18.89722167,2.89077369,19.99795034,10.88286449,0,16,7,9,60.0,1.0,1062.8125,164.0,0.22541658,4.43623081,17,2,15
1814vrF9DuSQkhi6eeHu525Dzi,4,3,1,2.7742681,0.88868722,0.92475603,0.88868722,1.43563125,0.2648515,0,4,2,2,60.0,1.0,15027.0,6209.0,3.12175987,0.32033213,4,3,1
1817wat5ZbyhgTgzgi8EAqwxhe,8,3,5,9.30156745,23.14288319,3.10052248,4.62857664,7.57381998,3.1345113,0,8,4,6,60.0,1.0,1753.57142857,18.0,0.40191913,2.48806272,8,3,5
1868YijZF2eddXJmp7seCRXimU,6,2,4,2.62973899,2.68293455,1.31486949,0.67073364,1.33923347,0.1883027,0,6,3,4,60.0,1.0,5731.6,589.0,0.98017262,1.02022846,6,2,4
18EtXKVuCYudFeChAkTonZgJxd,29,14,15,309.85677253,350.1139009,4.69479958,5.14873384,8.63330303,2.75372404,0,29,8,10,60.0,1.0,623.82142857,0.0,0.88501705,1.12992173,29,14,15
18JAqTBmQcBVGe397swhgRrB2y,16,5,11,3.97886942,8.07885535,0.79577388,0.7344414,1.48617347,0.20846096,0,16,3,6,60.0,1.0,5897.6,384.0,0.4925041,2.03043993,16,5,11
18KwBTMA1z8vBun27VLy3A4gzZ,4,1,3,5.31908917,8.74151129,5.31908917,2.9138371,5.31908917,2.01605675,0,4,3,4,60.0,1.0,3462.33333333,2511.0,0.60848622,1.64342259,4,1,3
18MPgfUxX9MUrCCwC8f1NGEhij,15,2,13,11.55871159,157.87664285,5.77935579,3.58810552,6.7817301,2.44076116,0,15,7,7,60.0,1.0,1615.28571429,98.0,0.07321356,13.65867135,15,2,13
18P6ExKCvBpZuJdzjeEe1ardCT,5,4,1,1.76976208,0.90654601,0.44244052,0.90654601,0.90654601,0.07443936,0,5,1,2,60.0,1.0,18857.5,294.0,1.95220326,0.51224174,5,4,1
18PDwNcutoyxFEnaVZieQsg6oz,37,17,20,395.05555429,390.21422099,4.70304231,4.10751812,9.87908434,2.89699312,0,36,9,12,60.0,1.0,467.55555556,2.0,1.01240686,0.98774518,37,17,20
18QdeAYfHEWUFZ9YzKex3EE8BB,9,3,6,10.31879755,35.25346929,3.43959918,5.87557821,7.2719461,3.19554954,0,9,5,4,60.0,1.0,1320.75,446.0,0.29270304,3.41643192,9,3,6
18QuEEWJvtDMSW29hiVYBZrW5M,7,4,3,10.82020493,15.53984993,2.70505123,5.17994998,7.49989691,7.11792596,0,7,3,3,60.0,1.0,1988.66666667,19.0,0.69628761,1.43618813,7,4,3
18RCo5ciDkGqkuFephwv5pfBdR,4,3,1,7.63354186,6.68104579,2.54451395,6.68104579,6.68104579,6.13055258,0,4,2,1,60.0,1.0,4558.33333333,2547.0,1.14256691,0.87522226,4,3,1
18RusTndLa6mwh4155BnEFm28T,31,17,14,397.70116187,302.3359939,4.85001417,4.31908563,10.43048518,3.64859415,0,30,9,12,60.0,1.0,535.06666667,15.0,1.31542777,0.76020898,31,17,14
18T85LSHHRni67ewZG4qdWQtLC,6,1,5,5.89474815,12.69557954,5.89474815,2.53911591,5.89474815,5.34519936,0,6,4,5,60.0,1.0,1126.4,543.0,0.46431501,2.15371025,6,1,5
18YWXqJnzJACA7wCkL9i7tnsev,40,21,19,482.79433453,398.77639543,4.87671045,4.0280444,9.41073644,3.56911535,0,40,9,12,60.0,1.0,439.41025641,2.0,1.21068935,0.82597571,40,21,19
18ZWWr1FGBMWr4mKjKFsq2WG9L,7,5,2,19.1369805,6.06169462,3.8273961,3.03084731,6.8694429,2.5113709,0,7,1,2,60.0,1.0,2003.66666667,441.0,3.15703474,0.31675293,7,5,2
18a7gQxqbZFWrhjEJ4D8sAkwXY,10,4,6,2.86277546,4.55916073,0.71569386,0.75986012,1.48044963,0.13971493,0,10,5,4,60.0,1.0,7100.88888889,1084.0,0.6279172,1.59256665,10,4,6
18ajJea1Lyt9MGxXtEDjXXXE7C,13,8,5,6.13264849,3.28321703,0.76658106,0.65664341,1.41658189,0.10169322,0,13,5,5,60.0,1.0,7556.41666667,823.0,1.86787789,0.5353669,13,8,5
18cU4vi5b6z8jo9xjnirFxkgwf,6,3,3,14.27675946,10.34533479,4.75891982,3.44844493,7.98124043,5.27876011,0,6,3,4,60.0,1.0,2880.4,84.0,1.38001909,0.72462766,6,3,3
18czDTRVW8fpRTTU519MpSGJCt,21,4,17,60.91721433,237.37201474,15.22930358,3.54286589,21.52230359,13.66337533,0,21,9,10,60.0,1.0,1043.4,11.0,0.25663183,3.89663279,21,4,17
18eHMNpZTZtv6ipsWvoFJ8bczk,10,6,4,23.66719696,24.15138285,3.94453283,6.03784571,7.80759826,5.29615683,0,10,2,5,60.0,1.0,1396.33333333,43.0,0.97995204,1.0204581,10,6,4
18hWgVJmgYDM2A4b2C7KJ9nVo1,6,4,2,3.42386447,1.89162305,0.85596612,0.94581152,1.40231285,0.14179422,0,6,3,3,60.0,1.0,16766.0,4738.0,1.81001414,0.55248187,6,4,2
18jAV7q39yRXRXBr2emuQVedCV,7,3,4,3.51923607,2.75062528,1.17307869,0.68765632,1.43195025,0.22250308,0,6,4,5,60.0,1.0,11561.33333333,194.0,1.2794313,0.78159726,7,3,4
18oSiYtMfpfkG325FyHxh6Lx3P,8,0,8,0.0,34.9387259,0.0,4.36734074,10.14982703,6.19912569,0,8,1,1,60.0,1.0,1407.14285714,162.0,0.0,34938725900.0,8,0,8
18xWs6M32sYU16mvxWPq8npby1,4,0,4,0.0,20.5089433,0.0,5.12723582,6.60084624,1.36435512,0,4,1,1,60.0,1.0,1236.0,68.0,0.0,20508943299.999996,4,0,4
192vueDmwQPoRvs5tppi1tEnjd,6,4,2,2.88682538,2.34685496,0.72170634,1.17342748,1.42444478,0.15676507,0,6,3,3,60.0,1.0,13351.4,3220.0,1.23008257,0.81295356,6,4,2
192zwzFhnEcc75B1qdgUSwXUFV,5,0,5,0.0,35.23407741,0.0,7.04681548,10.12187996,9.56421217,0,5,1,1,60.0,1.0,1463.0,354.0,0.0,35234077409.99999,5,0,5
1938ooEQhqyqLvkUAm5vzBXR1B,8,4,4,1.88569167,3.29595298,0.47142292,0.82398825,1.33538893,0.20886437,0,8,5,3,60.0,1.0,13975.85714286,318.0,0.57212335,1.74787482,8,4,4
195Ya8Vsq2LCnGx9YwMabc6x6b,38,19,19,404.68347375,418.80276488,4.59867584,4.55220397,7.96345909,2.53928496,0,36,9,12,60.0,1.0,431.37837838,0.0,0.96628654,1.03488972,38,19,19
1973TQ5x3t2KvS151hK8D8GNQN,4,2,2,13.00988057,5.66109163,6.50494028,2.83054582,7.22559871,6.14161322,0,4,2,3,60.0,1.0,1282.66666667,52.0,2.29812224,0.43513786,4,2,2
198NAeH7YtU887ywLZFBHqn3fS,25,12,13,300.89398624,313.21684561,4.62913825,4.8187207,10.86060037,3.42635562,0,25,8,9,60.0,1.0,636.54166667,79.0,0.9606571,1.04095416,25,12,13
19C2qggJfdgFfFFk2P6mrX9Zwf,6,1,5,0.7962198,3.65313545,0.7962198,0.73062709,1.19240569,0.09711547,0,6,5,4,60.0,1.0,9724.2,493.0,0.21795518,4.58809923,6,1,5
19C38go3V9oNjpaqVGDgpoE3Kd,16,7,9,4.82494325,8.26167791,0.68927761,0.91796421,1.49248698,0.14696242,0,16,5,4,60.0,1.0,5320.13333333,611.0,0.58401493,1.71228499,16,7,9
19D1JAtuEGuFmaahqG7jdR1rAM,4,0,4,0.0,27.33170213,0.0,6.83292553,9.10861778,4.44506184,0,4,1,1,60.0,1.0,2626.33333333,1929.0,0.0,27331702130.0,4,0,4
19GLsNoGEPRTZtB9rqafoqTuQr,40,17,23,467.53586893,491.50314971,5.25321201,4.31143114,9.41073644,3.50992837,0,39,9,12,60.0,1.0,464.43589744,0.0,0.95123677,1.05126298,40,17,23
19Hz3YnVcKbmYDdCbPMoWJxvfx,7,3,4,2.64865203,3.39251474,0.88288401,0.84812868,1.16035345,0.06370765,0,7,5,4,60.0,1.0,14271.16666667,2171.0,0.78073413,1.28084577,7,3,4
19JpkkJrYnfunBreWpnMd6nwJv,5,0,5,0.0,33.39512756,0.0,6.67902551,11.55933146,10.61782191,0,4,1,1,60.0,1.0,1958.5,130.0,0.0,33395127559.999996,5,0,5
19MFZzi4xisTD7gm1NzEyYvzRf,3,0,3,0.0,17.09811665,0.0,5.69937222,10.09073035,10.5919144,0,3,1,1,60.0,1.0,4200.5,2187.0,0.0,17098116650.0,3,0,3
19R1YVqB5HDzhhHmaRydjsRsvN,5,1,4,6.83260706,26.34068792,6.83260706,6.58517198,7.70587565,0.96848476,0,5,4,4,60.0,1.0,1119.25,118.0,0.25939365,3.85514456,5,1,4
19SKEnanP11dMFWCDJU6VuUjAw,19,5,14,49.2899554,233.48345338,9.85799108,4.09620094,24.55088502,11.69978094,0,19,7,9,60.0,1.0,1087.16666667,7.0,0.21110685,4.73693781,19,5,14
19TyMRJhWnX7u6Nac9yoo5vaxW,6,3,3,16.46699848,20.95414703,5.48899949,6.98471568,7.77406453,2.05700936,0,6,3,4,60.0,1.0,2144.0,1138.0,0.78585869,1.27249341,6,3,3
19WcoXUhrBhR1yCyENUK2keF1g,8,4,4,111.5378812,78.30807512,27.8844703,19.57701878,38.4413287,118.88251782,0,8,3,3,60.0,1.0,733.57142857,0.0,1.42434712,0.70207605,8,4,4
19YUFEH9AbPmSBrraFW9zsvwuF,7,4,3,16.18595502,19.50762464,4.04648876,6.50254155,7.21409083,4.51746373,0,7,4,4,60.0,1.0,2032.0,27.0,0.82972455,1.20521925,7,4,3
19br5zVYNt79FeQqdYZ7NQHARw,14,3,11,31.37540165,141.14984363,10.45846722,2.88060905,13.73452601,5.29932831,0,14,6,8,60.0,1.0,1385.76923077,194.0,0.22228435,4.49874221,14,3,11
19erRtxqwvTN7LHkHsZRNWJD2z,7,4,3,80.33509684,44.05420847,20.08377421,14.68473616,37.61720502,110.60628979,0,7,2,3,60.0,1.0,1684.33333333,452.0,1.82355102,0.5483806,7,4,3
19kkQtthjnHzh7s8pj4zqxQPpT,41,24,17,509.34418989,389.55702853,4.71614991,4.58302387,9.76230463,3.33293556,0,41,9,12,60.0,1.0,431.65,2.0,1.30749583,0.7648208,41,24,17
19nYxkggwvYmskrPBS8MaWagnw,5,0,5,0.0,18.67431252,0.0,3.7348625,9.546305,8.77082112,0,5,1,1,60.0,1.0,1050.5,215.0,0.0,18674312520.0,5,0,5
19oj6AL5DdGqnUzgSWbdiWS3da,14,2,12,17.80962445,156.51865103,8.90481223,3.47819225,10.20771746,3.92983736,0,14,6,9,60.0,1.0,1444.23076923,42.0,0.11378596,8.78843074,14,2,12
19tDvbjqfaR9APiyHUiZpTCdTz,5,0,5,0.0,18.92177818,0.0,3.78435564,6.5326583,3.34001302,0,5,1,1,60.0,1.0,1727.75,356.0,0.0,18921778180.0,5,0,5
19uC3UYwvE9tsFmh6aAgV5Uohb,7,4,3,3.45198373,2.10343676,0.86299593,0.70114559,1.23693484,0.13610506,0,7,4,4,60.0,1.0,10783.66666667,5765.0,1.641116,0.60934145,7,4,3
19yMkEvLZjMoCunfVqgdEnHfwT,10,4,6,101.69954529,172.86617921,25.42488632,28.81102987,38.37162702,90.08191311,0,10,4,5,60.0,1.0,1068.0,75.0,0.58831372,1.69977337,10,4,6
19z4kGShzXp4AWoM811yPzpwvk,8,3,5,12.34709705,25.59746684,4.11569902,5.11949337,7.74022301,7.45035317,0,8,3,3,60.0,1.0,1113.42857143,98.0,0.48235621,2.07315669,8,3,5
1A19aKQrYTNB7EAZFvDszcgmva,10,6,4,3.84793602,2.0650753,0.64132267,0.51626883,1.27093943,0.17313176,0,9,4,4,60.0,1.0,7275.55555556,1077.0,1.86333933,0.5366709,10,6,4
1A1A2S6mEgth91G7raTVUvosuW,40,17,23,378.23189132,465.52469521,4.72789864,4.39174241,9.7287495,4.10110667,0,38,9,12,60.0,1.0,441.35897436,8.0,0.81248513,1.23079176,40,17,23
1A1T2FbPhvmy1N1qjRwpoL7EaG,5,2,3,2.4843054,2.02344708,1.2421527,0.67448236,1.46703729,0.19199904,0,5,3,4,60.0,1.0,15511.25,1175.0,1.22775902,0.81449208,5,2,3
1A2MrmrcTdN1XDC7oLoqUHmtJe,8,5,3,3.55370971,2.49839274,0.71074194,0.83279758,1.34688266,0.20735367,0,8,3,4,60.0,1.0,8893.85714286,486.0,1.42239835,0.70303794,8,5,3
1A364ey8A7V9Ao5KrNmMeGnXUT,8,6,2,4.40923987,1.95755385,0.73487331,0.97877693,1.3812344,0.14088654,0,8,3,2,60.0,1.0,11935.85714286,82.0,2.25242328,0.44396629,8,6,2
1A657WNHydHKdNXiKBqu6hcbnL,4,3,1,11.09131107,7.31124284,3.69710369,7.31124284,7.31124284,5.00796163,0,4,2,2,60.0,1.0,2916.66666667,1524.0,1.51702129,0.65918653,4,3,1
1A7vCs5QpKZjy8nQbAxUbTbYSL,18,6,12,98.80275403,105.13958704,16.46712567,2.69588685,21.16345636,28.37245708,0,18,7,10,60.0,1.0,1166.58823529,12.0,0.93972933,1.0641362,18,6,12
1A9HQyeGFHtL6dSdEo5oMsXCYu,3,2,1,0.59736537,0.8356541,0.29868269,0.8356541,0.8356541,0.07343091,0,3,2,2,60.0,1.0,17792.0,4266.0,0.71484765,1.39889947,3,2,1
1AAfGgjHyUkdnxzhLEyipJTm1T,6,2,4,1.12886995,3.88080506,0.56443498,0.97020127,1.16285395,0.08857765,0,6,5,4,60.0,1.0,13724.8,1625.0,0.29088551,3.43777869,6,2,4
1ADFQVkT6Xnvpz4VyFv8yVLJxP,16,3,13,37.17253363,178.34026076,12.39084454,3.02271628,17.32058409,8.43481227,0,16,7,8,60.0,1.0,1453.0,31.0,0.20843602,4.79763533,16,3,13
1AGH9TxmYvZstWx3nDyukCEhub,9,5,4,18.61508168,21.03923067,3.72301634,5.25980767,7.84578732,6.62742917,0,8,4,4,60.0,1.0,1840.25,86.0,0.88477958,1.130225,9,5,4
1AGN3YtuhfvnhgGXbYFohQ98ef,8,4,4,83.43649585,63.33268659,20.85912396,15.83317165,36.2087438,113.34915903,0,8,3,4,60.0,1.0,884.28571429,132.0,1.31743181,0.75905257,8,4,4
1ANdhtffdxSRES5bRDX7NdVhzL,7,5,2,3.22000088,1.579821,0.64400018,0.7899105,1.44688804,0.21878545,0,7,2,2,60.0,1.0,7317.16666667,764.0,2.03820615,0.49062751,7,5,2
1APZ1rkG4kvNUfp1UXKKY6qUGg,9,3,6,2.20169204,5.24900398,0.73389735,0.874834,1.31818504,0.14608645,0,9,6,5,60.0,1.0,6870.125,1293.0,0.41944949,2.38407728,9,3,6
1AQbBsGbUcV31uWvgKiB14XJfH,17,11,6,5.97081263,4.51980365,0.54280115,0.75330061,1.44134615,0.15805987,0,17,6,4,60.0,1.0,6354.125,209.0,1.32103363,0.756983,17,11,6
1ARnshApRMQ761LVQqJ796CUVc,9,3,6,1.29934781,3.85270451,0.43311594,0.64211742,1.30440222,0.16584001,0,9,4,6,60.0,1.0,10214.75,346.0,0.33725603,2.9651064,9,3,6
1AU64TZgTQPxwpE9RqHYJx7inH,31,18,13,438.20010912,299.05872363,5.03678286,5.24664427,8.52507457,2.53720419,0,29,9,11,60.0,1.0,462.96666667,7.0,1.46526443,0.68247067,31,18,13
1AVTFwhLRu27g6NG1QYopthEoL,24,6,18,72.74755799,243.58945156,12.124593,3.20512436,21.7818436,11.70435717,0,24,8,10,60.0,1.0,855.30434783,16.0,0.29864823,3.34842101,24,6,18
1AXSfrDtymxJsqYYfUT4wMHZvz,6,0,6,0.0,34.27178485,0.0,5.71196414,9.59985662,8.50475065,0,6,1,1,60.0,1.0,2083.8,295.0,0.0,34271784850.0,6,0,6
1AYxM8skTHao1Vvw9hVhe73EpD,8,7,1,4.72802521,0.54777641,0.67543217,0.54777641,1.38502315,0.18257202,0,8,2,2,60.0,1.0,8174.0,675.0,8.6313049,0.11585734,8,7,1
1Aat1MGVTqL9QNt2XcxUcahVbS,7,1,6,17.59516203,87.92314481,17.59516203,3.82274543,17.59516203,11.41600024,0,7,5,5,60.0,1.0,2057.0,383.0,0.2001198,4.99700683,7,1,6
1AbwVagY7QozDPtzfiTLYBTajL,3,0,3,0.0,24.8779272,0.0,8.2926424,10.2957035,6.41497901,0,3,1,1,60.0,1.0,1204.5,654.0,0.0,24877927200.0,3,0,3
1Ad6txD8TY1Z4QScyQvTvSWqyz,6,4,2,1.6198644,1.06771284,0.4049661,0.53385642,0.83915058,0.06822986,0,6,2,3,60.0,1.0,14123.2,1209.0,1.51713489,0.65913717,6,4,2
1AhRsseq1wcdtRJreRRTjta5z8,9,3,6,16.26265538,21.62408613,5.42088513,3.60401435,7.03631839,5.34434158,0,9,4,5,60.0,1.0,1702.0,43.0,0.75206209,1.32967745,9,3,6
1AjxNge21nsxhCZKB9Jq7Y3n8b,44,22,22,472.61643584,445.71427881,4.92308787,4.05194799,8.84264316,3.36634174,0,43,9,12,60.0,1.0,392.58139535,3.0,1.0603574,0.94307824,44,22,22
1Ajzq4KYHsvL9k7VvQTFdHe1Hu,35,17,18,370.27936626,371.56310549,4.5713502,4.4233703,9.94017562,3.43371455,0,35,9,12,60.0,1.0,473.23529412,39.0,0.99654503,1.00346695,35,17,18
1AtpAXt1CTY9zwhaboMsYLHcwd,12,7,5,5.50112677,4.2825428,0.78587525,0.85650856,1.49304274,0.22074392,0,12,6,5,60.0,1.0,8622.72727273,1719.0,1.28454683,0.77848466,12,7,5
1Atx1ZAwGH7urS1fkg2dWPYnab,39,19,20,397.81491734,449.7610663,4.46983053,4.58939864,9.94101524,3.06561068,0,38,9,12,60.0,1.0,429.44736842,16.0,0.88450279,1.13057869,39,19,20
1AvhpHW2VdAS9Qjzs7nXKD8kSr,6,4,2,15.85313135,11.31722177,3.96328284,5.65861088,6.89396533,2.95748308,0,6,2,3,60.0,1.0,996.0,123.0,1.40079709,0.71387927,6,4,2
1Ax9ZMMRqhjS2ZqKY2jnmTc53D,9,6,3,2.18762524,1.87872848,0.36460421,0.62624283,0.91711633,0.08309766,0,9,4,3,60.0,1.0,12395.5,1296.0,1.16441799,0.85879814,9,6,3
1AzX6YCWCuxCDdYoCiK2LByCuS,12,6,6,5.54348562,4.41098397,0.92391427,0.735164,1.47199321,0.18637227,0,12,5,7,60.0,1.0,6513.72727273,9.0,1.25674581,0.79570586,12,6,6
1B4tpGh2AQ92fHNBmDrWqQdWmf,18,9,9,125.283645,157.93266007,13.920405,4.38701834,24.68462608,29.20975151,0,18,6,7,60.0,1.0,1119.58823529,36.0,0.79327256,1.26060078,18,9,9
1B7wEELQdynPcChgQSPSB5eBfo,40,19,21,464.4211226,497.39980965,5.1602347,5.34838505,12.19885678,5.68306149,0,39,9,12,60.0,1.0,378.35897436,2.0,0.93369783,1.07101031,40,19,21
1B8Gy5X3zz6gnzMcSTEerdj9bt,17,2,15,27.24390309,212.84671532,13.62195154,3.48929042,14.23899454,6.33560104,0,17,8,9,60.0,1.0,1117.6875,69.0,0.12799776,7.81263663,17,2,15
1BADDnnZMK1GzDTeefN9cNkr3o,6,4,2,24.70545698,8.93692532,6.17636425,4.46846266,7.47016805,4.26814864,0,6,3,3,60.0,1.0,3203.8,666.0,2.76442469,0.36173892,6,4,2
1BBPdA2T6ySPb6Atf92iQdoBAe,24,9,15,107.26881727,198.40002545,11.91875747,3.42069009,18.40090523,12.05420639,0,23,8,9,60.0,1.0,917.34782609,69.0,0.54066937,1.84955918,24,9,15
1BCCxP1q7bCPosjhSBqyLVCcTD,23,4,19,42.69142775,209.37061221,10.67285694,3.07897959,15.8312221,8.94284649,0,22,7,10,60.0,1.0,970.27272727,19.0,0.20390363,4.90427759,23,4,19
1BCvmrgtzBoV3TQkoGVgKqpsVF,5,1,4,0.56062651,2.84576093,0.56062651,0.71144023,1.08252464,0.05896661,0,5,3,5,60.0,1.0,19117.25,6829.0,0.19700408,5.07603704,5,1,4
1BDF3Tq1JTFpjDqE5CVxgYmMxW,14,11,3,9.30922458,2.21395188,0.84629314,0.73798396,1.42203175,0.1855639,0,13,4,4,60.0,1.0,7727.69230769,873.0,4.20479987,0.23782345,14,11,3
1BEr3b1KMvEDHyE2HgubC2sWw3,31,14,17,384.5787229,352.5870234,5.19700977,4.40733779,7.999776,3.12870703,0,30,9,12,60.0,1.0,485.3,2.0,1.09073419,0.91681365,31,14,17
1BGcyRMTCT31c1Qeb2jx8xarcZ,29,11,18,274.90675892,395.11306272,4.99830471,5.00143117,9.62417608,3.85469876,0,29,9,11,60.0,1.0,595.14285714,0.0,0.69576733,1.43726209,29,11,18
1BKeBiYbsNBwDKSoj6M5szB8qu,41,25,16,556.90787151,334.76814935,4.64089893,4.58586506,8.1265094,3.01639084,0,41,9,11,60.0,1.0,410.325,75.0,1.66356289,0.60111944,41,25,16
1BLvW66eFRw1m3T2aAWYj3MSJS,18,3,15,57.23451289,202.43398094,19.07817096,3.61489252,23.48786619,19.82655281,0,18,6,7,60.0,1.0,1337.11764706,50.0,0.28273175,3.53692153,18,3,15
1BQV4GqEFjAgsNkfKPCFw6Mhbt,15,2,13,38.2606752,200.48073337,19.1303376,4.09144354,24.89112711,14.28484055,0,14,7,7,60.0,1.0,1214.64285714,2.0,0.19084465,5.23986397,15,2,13
1BRNBn4vyk7oJZWT4gTVFVBQ34,35,16,19,370.9093352,408.88395416,4.63636669,4.75446458,11.61892607,3.89334401,0,35,8,11,60.0,1.0,519.14705882,8.0,0.90712617,1.10238248,35,16,19
1BSDP543vwtHRCuYWjSsnxMV9u,9,5,4,2.81561607,2.35712149,0.56312321,0.58928037,1.38236732,0.12582095,0,9,4,4,60.0,1.0,9995.25,3000.0,1.19451462,0.83716012,9,5,4
1BSRmrmv99QHfA3FTsfF4fq6nJ,19,4,15,48.04579541,238.97201671,12.01144885,3.73393776,18.25724082,8.50109521,0,19,7,11,60.0,1.0,1154.11111111,134.0,0.20105197,4.97383829,19,4,15
1BSkZzynrLm8hKQgFF9XAWpfQT,10,3,7,2.90927743,1.79441174,0.96975914,0.25634453,1.49127841,0.21775922,0,10,4,8,60.0,1.0,8281.22222222,3023.0,1.6212987,0.61678949,10,3,7
1BXhyBqtfMepbSVWXm4NQLaeen,3,0,3,0.0,17.23361504,0.0,5.74453835,7.98510769,3.65965469,0,3,1,1,60.0,1.0,2939.5,1953.0,0.0,17233615040.0,3,0,3
1BXqF11jwZUfSyR548vqRZD56j,12,6,6,3.4564143,5.20780078,0.57606905,0.8679668,1.28874441,0.16883203,0,12,5,6,60.0,1.0,6392.54545455,515.0,0.66369941,1.50670618,12,6,6
1BZpmbDXXKKj7eYQjJSRmt7WTu,6,4,2,1.95618395,1.46347851,0.48904599,0.73173926,1.38321614,0.18107158,0,6,2,3,60.0,1.0,10492.4,495.0,1.33666736,0.74812929,6,4,2
1Bcy2FMTaffm8kz2ciiQbYXW1z,35,21,14,492.20324003,306.88478056,5.02248204,4.44760552,10.69352107,3.20941537,0,34,9,12,60.0,1.0,472.64705882,8.0,1.60386983,0.623492,35,21,14
1Bd46pKcYtx1UkZo9XYZkkybm8,7,3,4,1.51964656,2.77144732,0.50654885,0.69286183,1.15363271,0.17454178,0,7,3,3,60.0,1.0,7716.66666667,4223.0,0.54832237,1.82374467,7,3,4
1BdCNHrqSkaSAzVCcavL3VTUH9,25,2,23,21.05471719,309.73568813,10.52735859,3.33049127,18.40083227,4.43471351,0,24,8,11,60.0,1.0,957.95833333,79.0,0.0679764,14.71098782,25,2,23
1Be9M284xMcXQAMvoRc2hUiMSC,9,4,5,3.66188806,5.19810519,0.91547201,1.03962104,1.49771423,0.14235354,0,9,6,5,60.0,1.0,11597.25,2631.0,0.70446594,1.41951504,9,4,5
1Bf6Tkyukp5XLRxf3xBepaE8s2,8,2,6,1.12340348,3.86638231,0.56170174,0.64439705,1.07241679,0.09142737,0,8,7,6,60.0,1.0,15473.28571429,1282.0,0.29055675,3.44166845,8,2,6
1Bfi1coJkvpagSMyFigHNy2GVt,9,4,5,6.57913228,11.82739083,1.64478307,2.36547817,3.82555484,1.39744145,0,9,4,6,60.0,1.0,1835.25,54.0,0.55626236,1.79771288,9,4,5
1Bg88TJqYigCzHjRKCefyZVCHV,12,6,6,23.77033156,14.52377582,3.96172193,2.4206293,7.27369911,4.65731296,0,12,6,6,60.0,1.0,1289.72727273,53.0,1.63664958,0.61100434,12,6,6
1BiXWmSxjpfoYLgugQmkmkStL6,9,4,5,2.43384281,5.95903082,0.6084607,1.19180616,1.35832827,0.15953058,0,9,4,5,60.0,1.0,12650.625,2571.0,0.4084293,2.44840414,9,4,5
1BjDXjJ8TYcYtkn9MqqrySZopv,13,5,8,4.95962665,6.35479678,0.99192533,0.7943496,1.33636664,0.09569851,0,13,5,5,60.0,1.0,6879.33333333,266.0,0.78045401,1.28130547,13,5,8
1Bjt9K4yQ4VuyoTvHjybWor7vX,17,3,14,36.13422425,218.53208749,12.04474142,3.83389627,19.31751275,7.78761522,0,17,7,9,60.0,1.0,1192.0,231.0,0.16534974,6.04778688,17,3,14
1BpGqpHMenCDCtQma4pCKPMvY5,42,23,19,501.07547493,405.18367563,4.59702271,4.1771513,8.37526586,3.63289631,0,42,9,12,60.0,1.0,445.87804878,21.0,1.23666254,0.80862803,42,23,19
1Bpbd5L6Sm8v9ocJyUEgZtMykN,5,4,1,3.14528499,1.17652198,0.78632125,1.17652198,1.23072065,0.20440826,0,5,2,2,60.0,1.0,14019.75,1115.0,2.67337546,0.37405894,5,4,1
1BryiTrtgcEjviHLGxoUfmNxb3,19,5,14,78.44509147,209.59660152,15.68901829,3.95465286,22.91013485,15.69484364,0,18,8,9,60.0,1.0,1061.38888889,132.0,0.374267,2.67188931,19,5,14
1BsBGJ6KddCf1s1fmiTSBvmV39,16,4,12,38.55894526,179.75129729,9.63973632,4.60900762,20.36628595,12.47843407,0,15,6,8,60.0,1.0,1199.86666667,224.0,0.21451275,4.66172755,16,4,12
1BsVquX3Q3sbtXNN3MUBHKvub6,10,5,5,136.69174738,170.71484082,27.33834948,34.14296816,39.52025802,65.98338946,0,10,5,6,60.0,1.0,916.66666667,167.0,0.80070219,1.24890379,10,5,5
1Bt99eF6ViWZUNz1sGdiJkotwV,6,2,4,10.13272915,16.26813028,5.06636457,4.06703257,7.20879367,3.6790041,0,6,5,5,60.0,1.0,2058.4,427.0,0.62285763,1.60550332,6,2,4
1Btf2ZjHXgtvbo3o7i7W4pPrSJ,45,19,26,449.66217944,603.14798738,4.78364021,4.74919675,11.5777202,3.72792429,0,44,9,11,60.0,1.0,377.97727273,11.0,0.74552546,1.34133582,45,19,26
1BuyQLDjpJ6toCGx28nS4LgpaU,26,3,23,51.40666084,343.31386877,17.13555361,3.6522752,21.28572034,9.38372236,0,26,8,9,60.0,1.0,779.0,45.0,0.14973663,6.67839271,26,3,23
1C1EoeABRcwSZX2ikEXQQpsYbQ,11,6,5,174.15349524,82.48934614,29.02558254,16.49786923,37.11641532,108.17985852,0,11,4,4,60.0,1.0,1058.2,139.0,2.1112241,0.47365886,11,6,5
1C3HgfZ3teLivfuYSsfaYhFi5D,8,5,3,3.88937602,2.34338701,0.7778752,0.781129,1.45673547,0.24713163,0,8,4,3,60.0,1.0,12921.14285714,3224.0,1.65972415,0.60250976,8,5,3
1C4mNrQrGH1Ps2kavfrAXDdTp6,27,9,18,129.95316543,243.05526549,14.4392406,3.62769053,23.86617328,22.46299005,0,27,8,11,60.0,1.0,829.38461538,20.0,0.53466509,1.8703297,27,9,18
1C6NBd34vYK5tpRyRnmJE3cR2t,44,26,18,581.91650976,386.55993139,4.65533208,4.7141455,10.2084046,3.50629519,0,43,9,12,60.0,1.0,421.95348837,0.0,1.50537203,0.66428762,44,26,18
1C8jfY1kRK1UK6ADmspi5MJ3AL,7,4,3,127.70015052,52.30976634,31.92503763,17.43658878,39.05654535,184.92568078,0,6,3,4,60.0,1.0,849.33333333,166.0,2.44122961,0.40962964,7,4,3
1C8rEDRnafrR41ZDJWUkp59jZh,7,4,3,22.60811214,14.54132111,5.65202803,4.84710704,7.94415636,3.08932614,0,7,3,4,60.0,1.0,928.83333333,230.0,1.55474953,0.64319042,7,4,3
1C8vFNnHsRgnmBAjGdK1Yvx6qV,6,4,2,18.32720756,4.77783835,4.58180189,2.38891917,6.73776793,4.13960262,0,6,3,3,60.0,1.0,2650.8,1557.0,3.83587853,0.26069647,6,4,2
1C9DRJLdndstPk7wKGVj1pJDyk,43,20,23,448.87847238,473.13832955,4.7753029,4.15033622,7.99723382,3.07079603,0,39,8,11,60.0,1.0,384.21428571,12.0,0.94872566,1.05404549,43,20,23
1C9gLkSA8sjDhMKnss6PftY2gz,7,5,2,3.36669762,0.83192142,0.67333952,0.41596071,1.20190767,0.17457861,0,7,3,3,60.0,1.0,12429.66666667,5764.0,4.04689378,0.2471031,7,5,2
1CD4pCtqDHzxTVhg7xhB6K6R8J,8,5,3,3.91284787,4.17356357,0.78256957,1.39118786,1.47674399,0.10280306,0,8,3,3,60.0,1.0,6774.57142857,112.0,0.93753163,1.06663068,8,5,3
1CDBfY7sTYLGEc42PyHPkBCuxz,6,3,3,1.62407891,2.98803268,0.54135964,0.99601089,1.37758919,0.15117745,0,6,4,4,60.0,1.0,15072.0,6685.0,0.54352783,1.8398322,6,3,3
1CDHiHENatoJeyc68ajLxtUP7A,10,5,5,23.11779159,19.13257254,4.62355832,3.82651451,7.9045947,6.32206974,0,10,4,5,60.0,1.0,1678.44444444,1.0,1.20829499,0.82761247,10,5,5
1CELEw2tqSNybrYKKymbmacDgy,9,4,5,14.35767598,27.60569834,3.58941899,5.52113967,7.63129797,5.63855493,0,8,5,4,60.0,1.0,1989.375,538.0,0.52009827,1.92271356,9,4,5
1CMWjwD8U2fLFdms8rEqSathm6,23,4,19,57.16057238,272.97733491,14.2901431,3.95619326,16.95500195,10.8760278,0,23,9,8,60.0,1.0,980.09090909,131.0,0.20939677,4.77562284,23,4,19
1CRfkMALgg7q5jqarYsWDKjYYZ,9,4,5,4.94456471,4.11086641,1.23614118,0.82217328,1.45158758,0.18003478,0,9,4,4,60.0,1.0,8840.875,2608.0,1.20280355,0.83139096,9,4,5
1CSXv6hGrB19MGvqyHBGbUVt3u,14,7,7,25.67950583,16.25480005,3.66850083,2.32211429,6.173712,3.98918615,0,13,5,7,60.0,1.0,1203.38461538,107.0,1.57981063,0.63298726,14,7,7
1CUVxsyFxyQ5tAYCJMPFtGYvQk,9,0,9,0.0,97.93307687,0.0,3.15913151,7.03386062,3.93565445,0,9,5,6,60.0,1.0,1751.875,251.0,0.0,97933076869.99998,9,0,9
1CWWHQVkN4B7jtaayPC67KaLU3,1,0,1,0.0,10.81328234,0.0,10.81328234,10.81328234,0.0,0,1,1,1,60.0,1.0,0.0,0.0,0.0,10813282340.0,1,0,1
1CcAK1bJXMxAaDPfefL31J63oq,18,1,17,20.20401218,199.40018658,20.20401218,3.06769518,20.20401218,7.80247742,0,18,8,10,60.0,1.0,1109.23529412,100.0,0.10132394,9.86933609,18,1,17
1CdDxopV2rUyqBhhQxZWoER2a4,37,21,16,493.70679319,322.5361942,5.03782442,4.18878174,7.93708103,2.91125001,0,37,8,11,60.0,1.0,439.61111111,0.0,1.53070199,0.65329503,37,21,16
1CeSQWPrKAukqyYkbTQU6fHy9N,8,4,4,4.55199775,2.96837495,1.13799944,0.74209374,1.31485885,0.11330155,0,8,4,4,60.0,1.0,13001.0,2027.0,1.53349824,0.65210378,8,4,4
1ChDNjoV2xV5vGfaKcBAcM48k5,9,4,5,2.52350416,3.81152751,0.63087604,0.7623055,1.31446777,0.13913014,0,9,5,5,60.0,1.0,11094.0,2172.0,0.66207161,1.51041063,9,4,5
1CjDVjbQcHX5sjCeT8c3FDAL9p,8,6,2,4.93721617,1.69971041,0.82286936,0.84985521,1.42792003,0.2225959,0,8,3,3,60.0,1.0,9294.42857143,2934.0,2.90473962,0.34426494,8,6,2
1CkKJ1TE2sTj9JJWfshM7FF2nM,8,3,5,2.66603754,2.79275842,0.88867918,0.55855168,1.37141731,0.18064288,0,8,6,5,60.0,1.0,9303.14285714,812.0,0.95462519,1.04753154,8,3,5
1CnKuRPisqjTwxaKur5NKpTpDN,4,1,3,5.02043452,7.43998391,5.02043452,2.47999464,6.31122308,6.71489022,0,4,2,4,60.0,1.0,1104.33333333,249.0,0.67479105,1.48194023,4,1,3
1Ctn6ucz3QnvjBPXdMed4n2KuX,10,8,2,21.05621571,3.11476302,2.63202696,1.55738151,6.54506554,2.5216717,0,10,2,3,60.0,1.0,1570.55555556,44.0,6.7601341,0.14792606,10,8,2
1CupY18cP5x3TXdLdVzNsRXvov,8,3,5,2.47552113,4.79225542,0.82517371,0.95845108,1.43560883,0.09634585,0,8,5,4,60.0,1.0,7355.42857143,218.0,0.51656703,1.93585721,8,3,5
1Cv4q5SqBdkzy1XDteeCrvZvg6,8,2,6,21.80686533,92.61860076,10.90343267,4.2099364,16.82568353,10.69918671,0,8,5,5,60.0,1.0,2408.85714286,449.0,0.23544801,4.24722212,8,2,6
1CvrtuFKrArUSdc4Tgm2cXASh8,12,9,3,6.90314245,2.0689419,0.76701583,0.6896473,1.4125749,0.17921713,0,12,2,4,60.0,1.0,8419.18181818,163.0,3.33655694,0.29971016,12,9,3
1Cy125maRWUR832ZvhfjxctkXn,12,8,4,7.53570492,3.5660761,0.94196311,0.89151903,1.47529189,0.15648464,0,12,4,5,60.0,1.0,7671.18181818,25.0,2.11316436,0.47322396,12,8,4
1CzSRfEXwv1SF9uPq3E8vFeBZ3,20,5,15,83.01182493,190.87514641,16.60236499,3.23517197,20.51866543,16.24852772,0,20,8,8,60.0,1.0,1177.63157895,4.0,0.43490117,2.29937297,20,5,15
1D1gqH1WYwYbt1fyYGEejXWTV6,14,6,8,5.27118111,6.05806732,0.87853019,0.75725842,1.49264279,0.21020041,0,14,6,7,60.0,1.0,6477.46153846,959.0,0.87010937,1.14928081,14,6,8
1D4fWwLBYhLgFUSwkFMXnrodTV,22,4,18,71.11767923,309.10063242,17.77941981,4.35353003,22.53804249,12.21132261,0,22,7,10,60.0,1.0,970.57142857,41.0,0.23007937,4.3463262,22,4,18
1D5S8znnrEx7XVf1NGL3EckbFD,4,0,4,0.0,7.15747569,0.0,1.78936892,2.1840167,0.21521562,0,4,1,1,60.0,1.0,2391.33333333,57.0,0.0,7157475690.0,4,0,4
1D5kDPU8u7Vz1BYZKXDLLWvdsD,9,5,4,91.31477642,88.61361399,18.26295528,22.1534035,37.3566755,111.14006859,0,9,4,5,60.0,1.0,1067.25,6.0,1.03048248,0.97041922,9,5,4
1D6ibUV92XPe7JJvpQTU5gTtSo,48,21,27,402.41446776,547.74521163,4.28100498,4.11838505,12.19885678,3.88222183,0,47,9,12,60.0,1.0,337.91489362,11.0,0.73467455,1.36114692,48,21,27
1D6x4RTaLmhFFNUX4ZUi4L8JQJ,8,4,4,3.58439629,1.5492578,0.89609907,0.38731445,1.33698468,0.17571022,0,8,5,4,60.0,1.0,12545.0,2403.0,2.31362159,0.4322228,8,4,4
1D715X6mV8fseKMWpH3Nq8fjhd,3,0,3,0.0,24.68902121,0.0,8.22967374,10.57848129,9.21053599,0,3,1,1,60.0,1.0,4024.5,2138.0,0.0,24689021210.0,3,0,3
1DA23GXgwr5WTyhdDnmRYSGAim,7,2,5,1.80205653,4.39485363,0.90102826,0.87897073,1.20006214,0.08288484,0,7,6,5,60.0,1.0,10500.5,3149.0,0.41003789,2.43879898,7,2,5
1DAYh2DiJd8H7x2kP9RfhSDuTL,4,2,2,42.89165768,60.29997001,21.44582884,30.149985,37.29658865,67.7851195,0,4,2,3,60.0,1.0,1665.0,337.0,0.71130479,1.40586709,4,2,2
1DBNL5hh72XUt2ethNvHG7XGNv,3,1,2,1.21459914,1.84589052,1.21459914,0.92294526,1.39204292,0.16560441,0,3,3,3,60.0,1.0,44898.5,19406.0,0.65800172,1.51975286,3,1,2
1DC3y3HqcYftkyWaZZxdVPkEmp,4,3,1,3.54267765,1.14137236,1.18089255,1.14137236,1.20803502,0.00095597,0,4,2,2,60.0,1.0,29980.0,19767.0,3.10387545,0.32217788,4,3,1
1DEKCfvrgoP4bSWAoATjhUCb6z,6,1,5,23.24626915,118.48850976,23.24626915,23.69770195,38.79198816,179.53624479,0,6,3,3,60.0,1.0,1310.4,119.0,0.19619007,5.0970979,6,1,5
1DEL3mjCjgEYa7osGATXBVGGAy,1,0,1,0.0,11.16280108,0.0,11.16280108,11.16280108,0.0,0,1,1,1,60.0,1.0,0.0,0.0,0.0,11162801079.999998,1,0,1
1DHBWZpeEhvCawWrEAsrCtWrRU,43,20,23,461.86274309,547.837811,4.76147158,4.84812222,11.61132941,3.83849598,0,41,9,12,60.0,1.0,364.78571429,0.0,0.84306474,1.18614852,43,20,23
1DKytkJhkMJNwdPkTsU21F1w66,10,3,7,13.45178976,33.64063421,4.48392992,4.80580489,6.75744973,1.94433905,0,10,6,7,60.0,1.0,826.77777778,122.0,0.39986731,2.50082962,10,3,7
1DL65MqXrEirE4ge4s3in3dwJp,23,8,15,98.4070777,213.23886041,12.30088471,3.87707019,22.94007619,18.92471908,0,22,8,10,60.0,1.0,1023.18181818,6.0,0.46148754,2.16690573,23,8,15
1DNBHW66tVcZXkqrP1oQ8Exgpm,2,0,2,0.0,13.1465589,0.0,6.57327945,9.47734479,8.4335955,0,2,1,1,60.0,1.0,891.0,891.0,0.0,13146558900.0,2,0,2
1DPcQeFuPZ4mEjphNyiBZa2N2t,11,4,7,9.12516678,31.2148412,2.28129169,4.45926303,7.12420323,5.2319914,0,11,6,6,60.0,1.0,1518.1,434.0,0.29233424,3.42074199,11,4,7
1DQ3uiarHzsBKwEmpm8gbxFd9K,18,3,15,38.18036759,149.24889709,12.7267892,2.81601693,18.3743196,11.02777849,0,18,7,9,60.0,1.0,1039.58823529,126.0,0.25581675,3.9090482,18,3,15
1DTfEu8hc2RBy31sYhD29tHsCz,15,2,13,15.62545982,185.44761781,7.81272991,3.37177487,13.33778038,4.01587539,0,14,7,7,60.0,1.0,1337.21428571,69.0,0.08425808,11.86829827,15,2,13
1DTmcoobHjKLG74SdcvYA4Q1U6,9,5,4,2.76548315,2.16972291,0.55309663,0.54243073,1.35706428,0.12271012,0,9,4,4,60.0,1.0,10203.0,1501.0,1.27457895,0.78457282,9,5,4
1DUmB7isfojB5Pas8adYo1kQd7,5,4,1,2.54733771,0.79725322,0.63683443,0.79725322,1.48164983,0.24043663,0,5,2,2,60.0,1.0,22643.0,8447.0,3.19514258,0.31297508,5,4,1
1DWwUG4eXWFeiuZoGxUwRT2dYj,1,0,1,0.0,11.38291467,0.0,11.38291467,11.38291467,0.0,0,1,1,1,60.0,1.0,0.0,0.0,0.0,11382914670.0,1,0,1
1DYWHQfieaLk7mpEGYTZV1NmZr,6,5,1,20.60696721,4.81201208,4.12139344,4.81201208,7.49863537,4.11394426,0,6,1,2,60.0,1.0,2450.8,825.0,4.28240139,0.23351384,6,5,1
1Dbi25EjV3C2wdiycyw6vfL15x,40,14,26,325.07847631,533.98203388,4.85191756,4.17173464,7.7884219,1.98967246,0,38,9,12,60.0,1.0,409.84615385,0.0,0.60878167,1.64262501,40,14,26
1DfZpy9x5JrswTNsZJu1KoLvee,9,4,5,4.08432762,4.74140659,1.0210819,0.94828132,1.4629298,0.18901911,0,9,5,5,60.0,1.0,9606.0,2916.0,0.86141687,1.16087813,9,4,5
1Dg43vzLgUF3meRTSxVqvUCdR3,35,14,21,313.62669598,443.12356059,4.35592633,4.34434863,7.99036219,2.45923808,0,34,9,11,60.0,1.0,491.58823529,1.0,0.70776353,1.41290128,35,14,21
1Dh2gF9ggZ6fdoT2MgGBdhXk6Q,11,6,5,5.14597935,2.53247127,0.85766323,0.50649425,1.17866785,0.09710192,0,11,5,4,60.0,1.0,7609.0,608.0,2.0319991,0.4921262,11,6,5
1Djcb19YE1HAYTEU9wZx7HhHkJ,19,7,12,53.06345982,156.09054564,7.58049426,3.90226364,23.26310943,14.55852616,0,19,7,9,60.0,1.0,1022.44444444,9.0,0.33995307,2.94158252,19,7,12
1DmGDiy6EQkp5LiaMNps2W2ARH,8,5,3,21.65015195,9.42448135,4.33003039,3.14149378,7.94460739,5.85868154,0,8,4,3,60.0,1.0,2080.85714286,486.0,2.29722476,0.43530786,8,5,3
1DopPafrAdxaa4tbQbFmaBQB7k,7,4,3,2.56133512,1.45827033,0.64033378,0.48609011,0.94463481,0.09223602,0,7,3,4,60.0,1.0,10835.66666667,1916.0,1.75641996,0.56933992,7,4,3
1Dq9sTxVqDd9h2Runs2J9xeKAg,28,11,17,282.79832328,380.80755035,5.04997006,4.37709828,8.69658434,2.86764248,0,28,9,10,60.0,1.0,619.88888889,6.0,0.74262793,1.34656934,28,11,17
1DrHvaDPnTKB3cYEmXNG11j68v,5,2,3,1.31654716,1.84386645,0.65827358,0.61462215,1.17860832,0.21498945,0,5,3,4,60.0,1.0,17038.25,3055.0,0.71401438,1.40053202,5,2,3
1Dths2PFCsrPUpCLkcbpwcimub,42,15,27,350.23524517,517.73525136,4.73290872,4.14188201,7.97745676,2.59634687,0,40,9,12,60.0,1.0,394.46341463,9.0,0.67647556,1.47825,42,15,27
1Du3Va78y5V7dnqUv43Jg2B6JK,22,6,16,83.13132109,253.71336326,13.85522018,3.84414187,24.04018339,15.36614917,0,22,7,11,60.0,1.0,1162.95238095,18.0,0.32765843,3.05195876,22,6,16
1DyGM3wNPXqGbNYFUc2m57dz9F,7,4,3,2.64554082,0.93068731,0.6613852,0.3102291,1.12856463,0.15732059,0,7,3,4,60.0,1.0,13311.16666667,864.0,2.84256677,0.35179473,7,4,3
1E2s1b3QSG3pZmAdBhHhc9ZWFv,2,1,1,1.15921913,4.86793001,1.15921913,4.86793001,4.86793001,3.4386341,0,2,2,2,60.0,1.0,1868.0,1868.0,0.23813389,4.19931822,2,1,1
1E5KULvLC6KGWiXZkxk2wQNjg9,34,14,20,275.90529248,447.35089484,4.37944909,4.81022468,8.49912437,3.07250024,0,34,9,12,60.0,1.0,524.48484848,0.0,0.61675364,1.62139295,34,14,20
1E6nAMAJCDNANupRv31aMpvavg,11,6,5,23.06722792,20.05800465,3.84453799,4.01160093,7.52500206,5.90645718,0,11,5,5,60.0,1.0,1338.7,360.0,1.15002605,0.86954552,11,6,5
1E7daMdRY5aFA7D1PK9jbhHisn,3,0,3,0.0,15.33163654,0.0,5.11054551,8.55541205,9.92672713,0,3,1,1,60.0,1.0,3517.0,3084.0,0.0,15331636539.999998,3,0,3
1EAeL2SGQXCHWSwEfcPXqAtSjm,11,5,6,125.46593026,98.60339335,25.09318605,16.43389889,34.81240499,128.76835567,0,11,5,6,60.0,1.0,630.4,184.0,1.27243015,0.78589776,11,5,6
1EBV7bthZVPaVuN4secx3j93YN,35,13,22,303.03159161,467.64638025,4.45634694,4.21303045,8.63829876,2.82321452,0,34,9,11,60.0,1.0,512.70588235,0.0,0.64799302,1.54322649,35,13,22
1EBqjm67Un2BMzRrJFoHjXzj8j,6,4,2,3.89504169,1.92810281,0.97376042,0.9640514,1.22936605,0.04260906,0,6,3,3,60.0,1.0,7914.6,1588.0,2.02014212,0.49501468,6,4,2
1EC1mJ7o4FhY9Zq54AqyfWCfNu,37,21,16,447.04901219,381.48459285,4.70577908,5.22581634,9.16702353,3.645201,0,37,9,12,60.0,1.0,466.41666667,1.0,1.17186649,0.85333953,37,21,16
1ECurk55HV8UPjS1mfLNRQELUg,9,5,4,4.17505209,3.80602909,0.83501042,0.95150727,1.42529591,0.12808166,0,9,4,5,60.0,1.0,9637.875,857.0,1.09695748,0.91161236,9,5,4
1EDkd1QuQ2LzLZux8mYiWTTPPv,10,7,3,3.83449054,2.7813311,0.54778436,0.92711037,1.47092976,0.25813937,0,10,4,4,60.0,1.0,7712.22222222,251.0,1.37865303,0.72534567,10,7,3
1EDobQSeDCof8GTfRLpa3mJtr2,5,3,2,12.09667297,8.07306616,4.03222432,4.03653308,7.27623734,4.27459611,0,5,3,2,60.0,1.0,3930.5,751.0,1.49839884,0.66737905,5,3,2
1ELcoFafFMjjfQiGza9jzcq2vu,9,4,5,3.27266674,4.61659135,0.81816669,0.92331827,1.46770764,0.25303792,0,9,4,5,60.0,1.0,9533.25,1674.0,0.70889245,1.41065123,9,4,5
1EMC1wUBCtR4kdE5RpJ9qRSvFF,6,0,6,0.0,20.94111388,0.0,3.49018565,5.58711575,1.39243497,0,6,1,1,60.0,1.0,1693.0,171.0,0.0,20941113880.0,6,0,6
1EMiUoDknKF5mV5fkh5zRFtDqP,30,10,20,204.97505847,366.27104656,4.76686182,3.8965005,9.10016216,3.38340353,0,29,9,10,60.0,1.0,583.44827586,70.0,0.5596267,1.78690544,30,10,20
1EN7sKf9ZuTD9Ym4AE7WHhz39a,35,19,16,458.6057686,336.24950145,5.09561965,4.73590847,10.42922965,4.57092786,0,35,9,11,60.0,1.0,525.79411765,9.0,1.36388535,0.73319946,35,19,16
1ETY1LhBNhLkgUg8f9aKNoQtmx,7,4,3,2.02942007,2.79699296,0.50735502,0.93233099,1.05970043,0.07531835,0,7,4,3,60.0,1.0,10439.16666667,245.0,0.72557211,1.37822277,7,4,3
1EV5zjbKLHe4oBxeM4AxSKZ3u7,12,7,5,5.38719213,4.61311142,0.76959888,0.92262228,1.37078639,0.14998782,0,12,4,5,60.0,1.0,7145.09090909,820.0,1.16780013,0.85631091,12,7,5
1EWYN3JKsat2SiGhCHJckgScHT,40,21,19,478.02432598,370.30722074,4.78024326,3.81760021,7.89641356,2.40893399,0,38,9,12,60.0,1.0,435.02564103,2.0,1.29088578,0.77466188,40,21,19
1EXEgwLg69iMbu5dFzUReKxDUL,5,0,5,0.0,30.05475597,0.0,6.01095119,9.54985006,14.97768002,0,5,1,1,60.0,1.0,1539.75,500.0,0.0,30054755970.0,5,0,5
1EXjRvWnGq7R9Mq9SrMzKukoxU,13,5,8,3.65947691,4.64760934,0.73189538,0.58095117,1.48203032,0.16719975,0,13,6,7,60.0,1.0,8108.58333333,144.0,0.78738909,1.27002013,13,5,8
1EanhqvK84dS1r2pURu8Tytkx5,40,17,23,362.2410196,501.34718055,4.47211135,4.91516844,10.15005033,3.59263572,0,40,9,12,60.0,1.0,415.12820513,6.0,0.72253527,1.38401549,40,17,23
1EeYHgpheQ2Vo1ZwbULu1TpYQq,21,4,17,25.33250557,271.08194931,6.33312639,4.67382671,12.12576905,10.12704583,0,21,9,10,60.0,1.0,1079.75,20.0,0.09344962,10.70095291,21,4,17
1EfESxj9XR7WTuJn2rjJ3JoRNj,6,4,2,22.51108021,11.56933607,5.62777005,5.78466804,7.8605733,3.16508089,0,6,3,3,60.0,1.0,2741.0,367.0,1.94575385,0.51393962,6,4,2
1EgEMmHEqFuhyWDos9nVaEfTrp,6,2,4,9.25049487,16.01074908,4.62524744,4.00268727,7.77677582,4.95277727,0,6,4,5,60.0,1.0,2281.6,318.0,0.57776777,1.7307992,6,2,4
1Ek8LoypyzaEtScWLWXowYH1W2,5,3,2,14.25854728,10.98749201,4.75284909,5.49374601,7.70813603,4.7547634,0,5,3,3,60.0,1.0,2278.25,508.0,1.29770718,0.77058986,5,3,2
1EkyMLdskLUnP6e1gZSw9wK4Qz,10,6,4,5.49794153,3.20208387,0.91632359,0.80052097,1.31748545,0.19290194,0,10,3,5,60.0,1.0,6860.11111111,628.0,1.71698861,0.58241505,10,6,4
1EoYUyVUfpJuMg7fRUDdPQzhu5,4,2,2,1.46963962,1.01034344,0.73481981,0.50517172,0.84957388,0.04228888,0,4,3,3,60.0,1.0,29294.66666667,7538.0,1.45459411,0.687477,4,2,2
1EpaQLKqMVkW2AgeBgPdUTq2qK,9,3,6,0.90676143,5.16368002,0.30225381,0.86061334,1.48974237,0.28756594,0,9,5,5,60.0,1.0,12799.25,525.0,0.17560372,5.69464012,9,3,6
1EqwpLupe2AErXLFCvUdxnCqrJ,6,0,6,0.0,35.64808581,0.0,5.94134763,10.53619181,9.95462906,0,6,1,1,60.0,1.0,1822.6,90.0,0.0,35648085809.99999,6,0,6
1Er9qHKM81YpUC9RbnFZcvjtP5,10,5,5,3.95283389,3.76408913,0.79056678,0.75281783,1.42038883,0.12133513,0,10,3,6,60.0,1.0,8899.66666667,1617.0,1.05014354,0.95225077,10,5,5
1ErP29yzV8vR2VxpwpER4VVSDE,5,2,3,1.369134,1.75742901,0.684567,0.58580967,1.33554454,0.30376271,0,5,4,2,60.0,1.0,10148.25,2150.0,0.77905508,1.28360629,5,2,3
1EtpDpi1Qowd7kswARUkvB47PX,11,4,7,3.65480332,7.12972039,0.91370083,1.01853148,1.35085737,0.08098829,0,11,6,7,60.0,1.0,8250.8,51.0,0.51261524,1.95078087,11,4,7
1F14kpcZ9iqDawLjRvdg4qkkyn,9,3,6,17.6097922,22.00069492,5.86993073,3.66678249,7.35764202,2.92692567,0,9,5,7,60.0,1.0,1829.25,76.0,0.80041982,1.24934438,9,3,6
1F57U38PRwNGyydfQC67rphokM,55,30,25,662.00359557,531.72976051,4.69506096,4.74758715,9.01224229,3.52879397,0,53,9,12,60.0,1.0,329.7037037,0.0,1.24500008,0.8032128,55,30,25
1F8cFYHNsPr3rycJzAwmxZfj7n,5,2,3,2.40218539,2.89521089,1.2010927,0.9650703,1.43546555,0.21366666,0,5,3,4,60.0,1.0,17430.5,1428.0,0.82970999,1.2052404,5,2,3
1FCwcyEyxZgzRksyEEuXTzp6ZN,21,4,17,38.04363223,144.87448145,9.51090806,2.16230569,24.20554873,9.0871589,0,20,6,9,60.0,1.0,1035.55,67.0,0.26259719,3.80811381,21,4,17
1FDsZtf2U9GwsQHtSyRs9whCrT,9,6,3,4.72522734,2.06810505,0.78753789,0.68936835,1.38455163,0.10516702,0,9,3,4,60.0,1.0,8071.625,15.0,2.28481012,0.43767313,9,6,3
1FFFjjaLjdoTmNQBFd7Xrk2uEo,26,7,19,76.20745228,239.04650156,10.8867789,3.36685213,17.6800799,12.22674824,0,26,9,10,60.0,1.0,890.2,7.0,0.31879761,3.13678642,26,7,19
1FHVE7WM73jCeQbGocM1ZpEGBX,28,12,16,307.60386611,296.91502526,4.88260105,4.01236521,8.63829876,3.44318184,0,28,8,11,60.0,1.0,534.11111111,10.0,1.03599966,0.96525128,28,12,16
1FJLCKT9xjpxX79DgFGy4rqTNG,3,0,3,0.0,18.51153775,0.0,6.17051258,10.13915547,13.9974599,0,3,1,1,60.0,1.0,2691.0,298.0,0.0,18511537750.0,3,0,3
1FLEFAJfros8iDPYWdh1vpwuss,5,3,2,1.70151824,2.11956382,0.56717275,1.05978191,1.39717678,0.23133394,0,5,3,3,60.0,1.0,14870.5,1460.0,0.80276811,1.24568974,5,3,2
1FNkesKZxxZtCo5aaJetTb2SSH,13,2,11,27.4280559,148.10644189,13.71402795,3.3660555,20.9708971,10.61499428,0,13,5,8,60.0,1.0,1843.41666667,33.0,0.18519151,5.39981552,13,2,11
1FPih6NVq7aH2yf4c4kQ7B1a11,6,4,2,3.22230781,0.45040906,0.80557695,0.22520453,1.26914798,0.20932946,0,6,3,3,60.0,1.0,9699.8,2605.0,7.15418071,0.13977841,6,4,2
1FVPqCPVoLtLktuabAwM9oTivf,2,0,2,0.0,13.51917168,0.0,6.75958584,8.83063381,4.28923969,0,2,1,1,60.0,1.0,5416.0,5416.0,0.0,13519171679.999998,2,0,2
1FVfuESRU4KLbqSspW88ba5T5a,38,18,20,469.40806642,448.5942727,4.94113754,4.92960739,7.99736778,2.8622986,0,37,9,12,60.0,1.0,394.32432432,6.0,1.04639781,0.95565949,38,18,20
1FbR87N886nUCxoXw7HEqQgDH8,29,12,17,248.93556009,367.5034687,4.52610109,4.71158293,8.95677464,3.12596703,0,29,9,10,60.0,1.0,602.25,27.0,0.67736928,1.4762996,29,12,17
1Fd2bzFvknNB7n6bfTjaKzKBiK,26,4,22,39.93269207,293.78861811,9.98317302,3.8154366,17.33221725,10.5547927,0,26,9,9,60.0,1.0,827.6,27.0,0.13592321,7.35709522,26,4,22
1FrQenZ1KDEG8tqQkTeTH2846L,6,0,6,0.0,54.34398278,0.0,9.05733046,11.94380537,8.53164494,0,6,1,1,60.0,1.0,1519.4,894.0,0.0,54343982779.99999,6,0,6
1FuVGS1U45ttJbuzbT2Zxosrhs,12,6,6,4.13870465,2.12472874,0.68978411,0.35412146,1.48661508,0.16101104,0,12,5,6,60.0,1.0,8058.45454545,383.0,1.94787437,0.51338013,12,6,6
1Fv1q2LWkobUbRuFGWPAJDyoq8,2,1,1,0.75328488,0.79901987,0.75328488,0.79901987,0.79901987,0.00052292,0,2,1,2,60.0,1.0,19965.0,19965.0,0.94276114,1.06071407,2,1,1
1FyUUT2pmpBn141PDpBbNDbSDx,13,1,12,12.67229585,163.7842991,12.67229585,3.63965109,12.67229585,4.8969511,0,13,8,7,60.0,1.0,1476.75,48.0,0.07737186,12.92459559,13,1,12
1G1YjMFwcLr8icMA1yj5FrRCSj,14,4,10,52.20393664,130.88460493,13.05098416,3.35601551,20.45657444,17.53023639,0,14,8,8,60.0,1.0,1708.38461538,16.0,0.39885468,2.50717883,14,4,10
1G2Vfie8tPJtsv4tCkWEB28Axh,12,10,2,36.07318129,9.58225488,3.60731813,4.79112744,7.63376932,5.76342806,0,12,3,3,60.0,1.0,1113.90909091,138.0,3.76458169,0.26563376,12,10,2
1G2dNHxHdtrYgno8CzVfuwxeV1,14,6,8,4.34586874,4.29780239,0.72431146,0.5372253,1.43104788,0.15506296,0,14,5,6,60.0,1.0,8167.92307692,128.0,1.01118394,0.98893976,14,6,8
1G39FzK3QRpWVww7CQ6jQadp3u,23,4,19,54.61731545,264.42748836,13.65432886,3.77753555,21.78359078,11.6143684,0,23,9,10,60.0,1.0,870.27272727,40.0,0.20654931,4.84145891,23,4,19
1G3FFCHesTpvooVNqYzHxN8r1L,20,3,17,44.97916926,203.10388722,14.99305642,3.12467519,24.42698787,14.07376427,0,20,9,10,60.0,1.0,1220.73684211,50.0,0.22145893,4.51550997,20,3,17
1G3Low21xMkmJxTa26tmrD8uxz,34,15,19,335.12085736,406.18474476,4.52866023,4.32111431,10.15005033,3.7666325,0,34,9,12,60.0,1.0,449.90909091,8.0,0.82504541,1.2120545,34,15,19
1G51dvuTAqCXp9pamLXToNVsim,8,3,5,2.15122682,3.46598699,0.71707561,0.6931974,1.29150753,0.16468496,0,8,4,4,60.0,1.0,10871.0,319.0,0.62066789,1.61116762,8,3,5
1G6jFvkBugbcxzW6soqxBEpB2E,9,1,8,4.32907277,53.66596912,4.32907277,6.70824614,7.40334202,0.9102777,0,9,4,7,60.0,1.0,1702.75,30.0,0.080667,12.39664288,9,1,8
1G7n8qWCuCSL5HYxNTds1y1h5a,16,5,11,52.11553637,135.12008366,10.42310727,2.81500174,13.57091431,8.15373475,0,16,7,7,60.0,1.0,1541.73333333,3.0,0.38569793,2.59270254,16,5,11
1G82PC1cdcD5cWF2jtdQ4XgEvF,11,7,4,39.87375252,14.84327735,5.69625036,3.71081934,7.89598981,4.45521702,0,11,4,5,60.0,1.0,1550.8,54.0,2.68631729,0.37225685,11,7,4
1GA74KRxgTGxzBuMdoMDqBYZWY,3,2,1,2.30969456,0.10819533,1.15484728,0.10819533,1.1936643,0.24444458,0,3,2,1,60.0,1.0,19368.0,8088.0,21.3474515,0.046844,3,2,1
1GCFcoitDRZL7KGLKSzBCtZ2pY,39,11,28,237.63461067,607.78042989,4.65950217,4.7114762,11.91435754,4.55494448,0,38,9,12,60.0,1.0,393.05263158,0.0,0.3909876,2.55762588,39,11,28
1GDKdvvS4N17hwnUTwYpefocK3,5,2,3,1.92803338,1.95092209,0.96401669,0.65030736,1.22558873,0.14211024,0,5,3,4,60.0,1.0,8587.5,97.0,0.98826775,1.01187153,5,2,3
1GHNQFcpaCZXB1HVSXURRn3b9b,9,5,4,25.09491019,22.30528722,5.01898204,5.57632181,7.74236938,3.46447327,0,9,3,4,60.0,1.0,1732.375,122.0,1.12506555,0.8888371,9,5,4
1GKCa6RtHH5unkT53z7gmWMhzE,21,2,19,41.92514593,229.94649261,20.96257296,2.94803196,23.13748844,10.84485395,0,21,9,10,60.0,1.0,1146.25,34.0,0.18232566,5.48469153,21,2,19
1GLjeQXcaPUpcNPmWJLHF8oDM8,10,8,2,4.0863658,2.15987761,0.51079573,1.07993881,1.44376012,0.18768295,0,10,2,2,60.0,1.0,7462.44444444,1493.0,1.89194322,0.52855709,10,8,2
1GQkmqgdZfZyreVzAz86V2ovbZ,8,3,5,2.32698893,3.04061707,0.77566298,0.60812341,1.24833125,0.19130284,0,8,6,4,60.0,1.0,7688.0,2415.0,0.76530154,1.30667449,8,3,5
1GRK5YiTMmd92vuQdLbhEsS2zd,40,19,21,461.98995742,472.56514616,4.91478678,5.08134566,11.87631885,5.06079507,0,37,9,12,60.0,1.0,410.0,0.0,0.97762173,1.02289052,40,19,21
1GSVbMm3ZgzcyfYuYHsYrwQgJk,21,4,17,53.19517211,217.27144993,13.29879303,3.06016127,17.12505958,8.54691566,0,19,8,8,60.0,1.0,853.15,64.0,0.24483278,4.08442047,21,4,17
1GUpGVHojEWGb35E5aHDK5DPxk,34,20,14,492.31552509,235.20442461,4.82662279,3.5105138,7.97299113,3.03225519,0,33,9,11,60.0,1.0,534.57575758,7.0,2.09313888,0.47775139,34,20,14
1GWck6Xqn2LcnoFsRHha76mToN,9,4,5,16.82920061,16.46134192,4.20730015,3.29226838,7.77683722,3.43356871,0,9,4,6,60.0,1.0,1562.625,101.0,1.02234682,0.97814164,9,4,5
1GWgBzCFJ71GjLUexfwRVEF7w6,7,5,2,3.66901944,0.25419573,0.73380389,0.12709787,1.48057689,0.20490051,0,7,3,3,60.0,1.0,10981.0,1896.0,14.43383585,0.06928165,7,5,2
1Gaf28AvJvaKsKXfGUosjPT8y5,14,7,7,28.35307562,29.5635946,4.05043937,4.22337066,7.28584053,2.83858393,0,14,5,7,60.0,1.0,1224.07692308,109.0,0.95905373,1.04269445,14,7,7
1GeMLVdH4nRHopQE7ktMmWe4Mo,14,3,11,45.67557772,148.49713948,15.22519257,3.22819868,22.89121413,12.77667929,0,14,6,9,60.0,1.0,1544.30769231,79.0,0.30758557,3.25112778,14,3,11
1GeierqZBKBRSjA7WzrmXNc35k,14,1,13,20.56020433,127.74731457,20.56020433,2.97086778,20.56020433,8.3654579,0,14,9,8,60.0,1.0,1729.23076923,55.0,0.16094432,6.21332904,14,1,13
1GieVbgzMEWX45BJdEyv8UpJPk,6,4,2,10.10947586,11.89298045,2.52736896,5.94649022,6.04495443,3.55877934,0,6,2,3,60.0,1.0,2203.4,807.0,0.8500372,1.1764191,6,4,2
1Gjj2Php2vUUV7HbNFFjDr8Yq6,4,0,4,0.0,21.94222403,0.0,5.48555601,11.54598614,13.05271971,0,4,1,1,60.0,1.0,2822.0,354.0,0.0,21942224029.999996,4,0,4
1Gjrihyi9JRcY9Cz4FWEFYncrJ,10,3,7,11.85596604,18.41296557,3.95198868,2.63042365,7.41638512,4.71480859,0,10,6,6,60.0,1.0,1798.77777778,184.0,0.64389226,1.55305485,10,3,7
1Gkqfxs6aVanQ5d84vczZDdbAB,9,5,4,3.19235182,3.25454383,0.63847036,0.81363596,1.3692382,0.13671573,0,9,3,4,60.0,1.0,6429.875,1663.0,0.98089071,1.01948157,9,5,4
1GksqikgQ6aUgnMTt6FjLJ4wcb,7,4,3,11.79122444,13.85597414,2.94780611,4.61865805,7.72716139,3.90967754,0,7,2,4,60.0,1.0,2122.83333333,765.0,0.85098488,1.17510902,7,4,3
1GpmXwXto6bHGw1ti7dCB2fQUY,19,7,12,103.07489692,197.80799978,14.72498527,4.49563636,22.86137873,21.15742316,0,19,7,8,60.0,1.0,1141.16666667,64.0,0.52108558,1.91907056,19,7,12
1GqNrWkWzex2X8H5RhsFkmFtMT,8,3,5,2.58114853,3.91006853,0.86038284,0.78201371,1.44587675,0.17587296,0,8,4,5,60.0,1.0,8883.57142857,2489.0,0.66012872,1.51485607,8,3,5
1GsFnpiUJvQ9koNyXWVPrLYc7C,5,1,4,0.45808854,3.85238435,0.45808854,0.96309609,1.39731541,0.21965635,0,5,4,5,60.0,1.0,18174.5,3504.0,0.11891039,8.40969379,5,1,4
1GszBTu8LrMyLEnt4VdTFjrWF7,21,5,16,84.34003562,231.20737676,16.86800712,3.45085637,23.50425709,17.64697011,0,21,9,10,60.0,1.0,1134.6,77.0,0.3647809,2.74137158,21,5,16
1Gt6CTUTPSw3CFDS6zTPNZ2TqA,8,4,4,24.99678408,12.13527496,6.24919602,3.03381874,7.39189203,3.75841002,0,8,4,5,60.0,1.0,1912.85714286,186.0,2.05984489,0.48547345,8,4,4
1GuYDsS3P4Xtvjnqve7wa6jiMa,10,4,6,3.27526078,3.71623482,0.81881519,0.61937247,1.41434298,0.26068947,0,10,7,6,60.0,1.0,6776.33333333,396.0,0.88133849,1.13463784,10,4,6
1GvtXNKZB6JQnqTQhjGAqqaTsF,4,3,1,2.94192081,0.3924692,0.98064027,0.3924692,1.08816687,0.07084418,0,4,2,2,60.0,1.0,15542.0,7864.0,7.49592786,0.13340577,4,3,1
1Gx5Vtxwc74ibv16qwGBTYXExS,8,2,6,0.69185454,3.95879599,0.34592727,0.65979933,1.23163707,0.11844415,0,8,6,5,60.0,1.0,10914.71428571,374.0,0.17476388,5.72200623,8,2,6
1Gy9oKWCyQj4QbGFGHDu3tmG56,12,5,7,56.14644713,94.64631551,11.22928943,3.50541909,20.25690779,22.32338101,0,12,6,6,60.0,1.0,1541.36363636,489.0,0.5932238,1.68570445,12,5,7
1GyazGcn1PcmBTvtgBjrdrg44V,12,2,10,25.00033229,106.00853995,12.50016614,2.6502135,20.33419407,9.09232036,0,12,8,6,60.0,1.0,1951.63636364,555.0,0.23583319,4.24028524,12,2,10
1GzXH8QiZW5gngKAN4xjNd9jws,5,0,5,0.0,42.86057993,0.0,8.57211599,11.03422736,5.93295992,0,5,1,1,60.0,1.0,2130.75,386.0,0.0,42860579930.0,5,0,5
1H1p8fCepAjVQtCHsmGYCtax3N,7,2,5,2.53640231,3.24669343,1.26820116,0.64933869,1.49109083,0.18935798,0,7,4,4,60.0,1.0,14481.83333333,870.0,0.7812263,1.28003882,7,2,5
1H21m5CkVUpmyB9DueanLYLCuy,15,3,12,37.86790027,155.64600752,12.62263342,3.11292015,18.56517066,7.49662339,0,15,6,8,60.0,1.0,1084.92857143,39.0,0.24329503,4.11023602,15,3,12
1H3mpwoK9abTp3vQh2rsNGYSUU,7,4,3,2.62291594,3.13044281,0.65572898,1.04348094,1.39741229,0.1093143,0,7,3,4,60.0,1.0,17573.0,3737.0,0.83787378,1.19349719,7,4,3
1H8RP9xWByS6cyd71dPF732zu5,39,20,19,477.3734262,429.96030555,4.97263986,4.88591256,9.0171394,3.66254692,0,39,9,10,60.0,1.0,455.26315789,0.0,1.11027325,0.90067918,39,20,19
1H9RYFt9mnnnXCCzA7tMPGAM4r,32,15,17,327.28291495,401.09051596,4.67547021,4.61023582,10.07450135,3.02273147,0,32,9,9,60.0,1.0,512.51612903,0.0,0.81598268,1.22551621,32,15,17
1H9tVm9eHETh63sg2daBHM4ia8,48,25,23,565.41079159,479.46391317,4.75135119,4.61022993,9.35659547,3.68885168,0,45,9,12,60.0,1.0,348.80851064,9.0,1.1792562,0.84799215,48,25,23
1HLb9Bq8VyyPaZpFdVZQV1bC4t,9,5,4,3.77077145,1.6892142,0.75415429,0.42230355,1.34579848,0.18116839,0,9,4,4,60.0,1.0,12295.75,1432.0,2.23226365,0.44797576,9,5,4
1HMpD52oZ69HSLzGpXbhkuRBLE,8,2,6,9.34347829,21.91593369,4.67173915,3.65265562,6.8394279,3.74052706,0,8,5,5,60.0,1.0,2063.42857143,21.0,0.42633266,2.34558619,8,2,6
1HN2dgdcUECHQqGMAVpe77z86m,6,3,3,14.05091776,8.4371267,4.68363925,2.81237557,7.04700975,3.57254665,0,6,4,4,60.0,1.0,2356.4,212.0,1.66536764,0.60046802,6,3,3
1HNJyfmyJc1aD6GoTYcqGmXinY,8,4,4,4.84205764,3.1604242,1.21051441,0.79010605,1.48813889,0.16530742,0,8,5,5,60.0,1.0,7832.57142857,536.0,1.53209105,0.65270272,8,4,4
1HQJRopm6QkXKevDAP68HmseWa,17,2,15,23.48546447,205.34247747,11.74273224,3.87438637,13.29236757,6.09974493,0,17,7,9,60.0,1.0,1438.4375,125.0,0.11437217,8.74338584,17,2,15
1HUMm4CqYMZU4GhLppzPRDmGwE,3,0,3,0.0,29.62111977,0.0,9.87370659,10.88474854,1.09554291,0,3,1,1,60.0,1.0,4046.5,3894.0,0.0,29621119770.0,3,0,3
1Hh54K4JG5PSRzZN5kEvNDahi7,24,3,21,46.43801922,223.22795407,15.47933974,2.65747564,18.5840427,11.61255389,0,24,8,11,60.0,1.0,909.60869565,16.0,0.20802959,4.80700852,24,3,21
1HhoHwiCcXYyGaDRnqDai5SJGA,5,4,1,4.14826223,1.39488337,1.03706556,1.39488337,1.41764989,0.14093976,0,5,2,2,60.0,1.0,17939.0,11922.0,2.97391332,0.33625728,5,4,1
1Hm7JxjatLpS25dy7GzKHtGqjc,7,4,3,3.2595126,1.99884291,0.81487815,0.66628097,1.49004605,0.14221717,0,7,3,3,60.0,1.0,12741.66666667,3298.0,1.63069973,0.61323368,7,4,3
1HrKn6PcvxGjipwEm55Y4E1jEW,5,2,3,0.39216144,1.2590687,0.19608072,0.41968957,0.58504286,0.02797057,0,5,4,4,60.0,1.0,7918.5,3977.0,0.31146945,3.21058771,5,2,3
1HtQRVk2ajuidFdnFzxmiP3JTB,42,20,22,446.69780305,586.0063506,4.65310212,5.86006351,10.29360008,3.40028678,0,40,9,12,60.0,1.0,392.09756098,15.0,0.76227468,1.31186307,42,20,22
1HwnYPNtVzQqBBM28DeLZmicKq,7,2,5,2.47716333,3.63580696,1.23858166,0.72716139,1.25586231,0.074135,0,7,5,4,60.0,1.0,13269.66666667,192.0,0.68132422,1.46773001,7,2,5
1HyVqK5GJ18g9oemETy1mNfUCm,10,6,4,22.1272197,18.84390681,3.68786995,4.7109767,7.84058262,7.30642965,0,10,5,4,60.0,1.0,1516.66666667,126.0,1.17423738,0.85161656,10,6,4
1HzZ8gNtxmHDPrpo87z49RgEdM,10,4,6,19.26084769,30.35755285,4.81521192,5.05959214,7.38365177,3.73639937,0,10,6,5,60.0,1.0,1707.44444444,72.0,0.63446641,1.57612756,10,4,6
1J3PtVwwW49Qp2m6QQKHgK3hvs,1,0,1,0.0,9.47025788,0.0,9.47025788,9.47025788,0.0,0,1,1,1,60.0,1.0,0.0,0.0,0.0,9470257880.0,1,0,1
1J4WBEu9JwxXCZBcgMyoysJ146,5,0,5,0.0,2.81426526,0.0,0.56285305,0.96283525,0.04515829,0,5,4,4,60.0,1.0,16046.25,5960.0,0.0,2814265260.0,5,0,5
1J5PUwvvrRkG3QoVzBYQUAtyzx,8,5,3,132.08117319,40.05872999,26.41623464,13.35291,36.24606169,103.88947448,0,8,4,3,60.0,1.0,870.28571429,132.0,3.29718823,0.30328872,8,5,3
1J7y2mLcUTX6aTHJAU9rKLuY4m,8,3,5,14.98377698,24.57273989,4.99459233,4.91454798,7.93931869,2.30086478,0,7,5,5,60.0,1.0,1472.14285714,46.0,0.60977233,1.63995633,8,3,5
1JAouTLJw2HWicDrkqBqYfuUTG,5,2,3,11.86980588,12.20611132,5.93490294,4.06870377,7.47551586,3.73794848,0,5,4,4,60.0,1.0,2085.25,814.0,0.97244778,1.02833285,5,2,3
1JNGhzvkE4CFUL7wCAKqXH2hdb,16,4,12,37.84745179,206.25916104,9.46186295,3.89168228,12.072863,5.5116672,0,16,9,9,60.0,1.0,1239.93333333,123.0,0.18349465,5.44975028,16,4,12
1JQ14H7gQ6j6Dh3E2VrRwR5X1R,13,6,7,145.28999393,215.05646307,24.21499899,30.72235187,39.69644809,88.10189738,0,13,5,4,60.0,1.0,570.83333333,71.0,0.67558999,1.48018771,13,6,7
1JR9TDiytaGhtbs2RsnPXbsYPd,6,3,3,2.9511419,1.82721632,0.98371397,0.60907211,1.4944316,0.18915311,0,6,4,2,60.0,1.0,15344.8,7692.0,1.61510264,0.6191557,6,3,3
1JVTHxe4YbQm8MbUXkGJysAQXn,10,5,5,5.87746281,2.95859696,1.17549256,0.59171939,1.39571004,0.13509063,0,10,4,4,60.0,1.0,6934.33333333,474.0,1.98657096,0.50337995,10,5,5
1JXgNQCYUETmqQQwSJVCd9dkFu,13,10,3,9.81387198,3.52657041,0.9813872,1.17552347,1.47864713,0.11912533,0,13,4,4,60.0,1.0,5700.41666667,1435.0,2.78283739,0.35934547,13,10,3
1JYhCNZXZKiLHxbGNJkcZLhV8q,13,8,5,8.66497759,3.93195837,1.0831222,0.78639167,1.37659893,0.10122668,0,13,4,4,60.0,1.0,5135.0,48.0,2.20373076,0.45377594,13,8,5
1JbSbmZFg3yU9HSXAqaVfd5U2g,7,4,3,2.77790977,2.13406582,0.69447744,0.71135527,1.32642619,0.16019522,0,7,4,4,60.0,1.0,12082.0,1134.0,1.30169826,0.76822719,7,4,3
1JdSp27X3dAs7VULN5zXxWqt39,8,3,5,16.47997853,22.15664039,5.49332618,4.43132808,7.31044437,3.90353169,0,7,5,6,60.0,1.0,1222.85714286,27.0,0.74379411,1.34445809,8,3,5
1JeRLu64JwgRY2xRRV3FERCjUb,7,4,3,3.11172006,2.7895255,0.77793002,0.92984183,1.43748641,0.12826706,0,7,3,4,60.0,1.0,12461.5,3752.0,1.11550156,0.89645773,7,4,3
1JfiSJyVrxQpeaVTBCw29oGjHp,11,9,2,8.07015729,2.48948772,0.89668414,1.24474386,1.42562171,0.17635037,0,11,2,3,60.0,1.0,5433.5,120.0,3.24169395,0.30848069,11,9,2
1Jgeb35zEoVUcFzTYPgp27XxVg,24,4,20,49.40299571,277.58123307,12.35074893,3.11889026,22.77397926,9.35942209,0,23,8,10,60.0,1.0,853.52173913,11.0,0.17797671,5.61871257,24,4,20
1JqbspELrjfBXRTc4dharHUim4,26,5,21,42.59073939,279.94536767,8.51814788,3.54361225,12.87561044,5.32406694,0,26,8,9,60.0,1.0,876.52,18.0,0.15213947,6.57291636,26,5,21
1JqsBKkHAv4msKEqb3PuV7gxkp,3,3,0,2.68764026,0.0,0.89588009,0.0,1.47954914,0.21944483,0,3,1,1,60.0,1.0,21379.0,18311.0,2687640260.0,0.0,3,3,0
1JrUmzjrrMHBr5Jr4RRN4HuHCV,7,3,4,2.09060132,1.76603983,0.69686711,0.44150996,1.22544603,0.10342232,0,7,3,4,60.0,1.0,14030.33333333,1858.0,1.18377926,0.84475209,7,3,4
1JsEUYqxBaSa76CoEh2EaZNqUw,19,7,12,102.91166378,147.61334363,14.70166625,3.14070944,23.4344684,21.3070948,0,19,7,10,60.0,1.0,1258.16666667,53.0,0.69717047,1.43436942,19,7,12
1JvHDSHyESJKHEuBprdtsTe6HA,9,5,4,22.55180968,18.47605595,4.51036194,4.61901399,7.82841562,5.3838115,0,9,5,4,60.0,1.0,1756.125,426.0,1.22059652,0.81927154,9,5,4
1Jxi9mx9GAnMvGqvkSYAdhJhTR,6,3,3,2.7662256,3.00360777,0.9220752,1.00120259,1.38216995,0.17170293,0,6,2,3,60.0,1.0,13603.0,406.0,0.92096765,1.08581447,6,3,3
1JzVf4LUoLKfH4rPktb5N7fqFg,40,15,25,354.13799548,542.26560709,4.65971047,5.06790287,11.36715417,4.6801626,0,40,9,12,60.0,1.0,406.07692308,0.0,0.6530711,1.53122685,40,15,25
1JzgcM5VCHrsJHxY9FhCAxgi4F,14,7,7,4.48815243,5.81342076,0.64116463,0.83048868,1.41284586,0.12131238,0,14,6,6,60.0,1.0,6555.15384615,106.0,0.77203296,1.29528149,14,7,7
1K1nCL9iBiBpwJ7mgaysvoFtt4,21,8,13,131.29840452,181.47338438,16.41230056,3.78069551,22.40260612,32.81402063,0,20,7,10,60.0,1.0,1075.9,42.0,0.72351329,1.38214463,21,8,13
1K2MH75NByRBo5cz6NfgzXn2Ui,8,5,3,4.2725081,3.79384065,0.85450162,1.26461355,1.46109627,0.12614444,0,8,3,3,60.0,1.0,11198.85714286,2969.0,1.12616962,0.8879657,8,5,3
1K792nu1YHh3JpQ5NUefvEEtrA,3,0,3,0.0,22.56773924,0.0,7.52257975,8.62883111,2.38070253,0,3,1,1,60.0,1.0,2748.0,954.0,0.0,22567739240.0,3,0,3
1K8FsN2DDKS1nXLeTwhZVMVLip,9,4,5,105.36141794,129.22547595,26.34035449,25.84509519,38.40421364,37.50413816,0,9,4,5,60.0,1.0,1176.25,124.0,0.81533008,1.22649712,9,4,5
1K8Y4sU1BCQBNMDjj6DHp6VTCC,44,23,21,608.12625479,441.77328633,5.1976603,4.24782006,9.56940242,3.68469196,0,44,9,12,60.0,1.0,407.74418605,3.0,1.37655733,0.72644995,44,23,21
1K9JJM1CPvwRYh4A8XtaCgNsec,31,19,12,475.91123747,257.09871845,5.00959197,4.59104854,9.05948831,3.35356336,0,30,9,11,60.0,1.0,564.73333333,3.0,1.85108366,0.5402241,31,19,12
1KAULE4CgwX3b5FsYACecA82gr,3,1,2,1.238772,7.61485776,1.238772,3.80742888,4.20871845,1.57357736,0,3,3,3,60.0,1.0,6247.5,3471.0,0.16267828,6.14710194,3,1,2
1KAjmXXN7MFSjVs94meVxpP3uR,37,18,19,400.04318271,428.76573917,4.5981975,4.61038429,8.19820834,3.07324528,0,37,9,12,60.0,1.0,428.05555556,12.0,0.93301107,1.07179864,37,18,19
1KB5JdQP65CnrWHXHqyVi98dY3,8,6,2,2.088306,1.6248473,0.348051,0.81242365,1.46919768,0.19777857,0,8,3,3,60.0,1.0,6732.57142857,3316.0,1.28523216,0.77806955,8,6,2
1KBgybQ8KJvcSdcF3QC7vUe1Ee,23,3,20,38.86237119,272.83305317,12.95412373,3.68693315,15.07398003,6.28779091,0,23,9,9,60.0,1.0,908.59090909,14.0,0.14244011,7.02049424,23,3,20
1KFDpBUuatsD6e2hj7E3t9z1Qr,11,3,8,1.07283699,5.91119183,0.35761233,0.73889898,0.93385412,0.0639696,0,11,5,8,60.0,1.0,5022.3,16.0,0.1814925,5.50986952,11,3,8
1KHGgVGQekiW61X9xMmSkEnRnU,9,5,4,4.71196549,1.94483534,0.9423931,0.48620884,1.42871869,0.22753178,0,9,5,5,60.0,1.0,11418.625,1111.0,2.42280948,0.41274397,9,5,4
1KJUT6yfjfNH8W631xvTQTvASS,12,7,5,193.13997413,147.08017837,27.59142488,29.41603567,39.31074146,57.21244273,0,12,5,4,60.0,1.0,618.81818182,2.0,1.31316114,0.76152117,12,7,5
1KJyjHLvzsTkG1zT312AsQvuau,9,6,3,5.41437751,2.03554548,0.90239625,0.67851516,1.3349715,0.15212019,0,9,4,3,60.0,1.0,10330.625,1833.0,2.65991478,0.37595189,9,6,3
1KLnBdhLXnVkKAptm9AfKwRHhF,2,0,2,0.0,1.30087394,0.0,0.65043697,0.84750721,0.03883668,0,2,2,2,60.0,1.0,27831.0,27831.0,0.0,1300873940.0,2,0,2
1KQnrS38W2DfuR725WPgk2jw3q,14,4,10,79.74288295,148.15354009,19.93572074,3.44543116,24.11364551,23.86768414,0,14,6,8,60.0,1.0,1786.46153846,127.0,0.53824487,1.85789044,14,4,10
1KR39DrpQGyNhseSZBZe17sJ4b,4,2,2,48.78068137,18.81733003,24.39034068,9.40866502,30.35490905,78.15611734,0,4,3,2,60.0,1.0,1450.0,167.0,2.59232746,0.38575373,4,2,2
1KRG2NgLj6pPUY85WVMEecvros,1,0,1,0.0,9.88599087,0.0,9.88599087,9.88599087,0.0,0,1,1,1,60.0,1.0,0.0,0.0,0.0,9885990870.0,1,0,1
1KSrQoGFTDqG1MXnrQmLDWmx41,11,4,7,16.81902161,22.60421103,4.2047554,3.229173,7.28080728,5.45047513,0,11,6,5,60.0,1.0,1471.2,258.0,0.74406586,1.34396706,11,4,7
1KTpViVajs5aqdasUEnTp6xFxd,2,0,2,0.0,11.9536617,0.0,5.97683085,8.75632112,7.72556616,0,2,1,1,60.0,1.0,8515.0,8515.0,0.0,11953661700.0,2,0,2
1KV2VfijZrSEC83Rt7pxEDqdpp,11,6,5,4.29150332,3.79425803,0.71525055,0.75885161,1.26129395,0.19001865,0,11,5,3,60.0,1.0,7564.1,518.0,1.13105205,0.88413261,11,6,5
1KVwtbvpY7QiNpFDE5iVdrF5sj,5,0,5,0.0,51.46026371,0.0,10.29205274,11.8603037,1.73929494,0,5,1,1,60.0,1.0,1819.25,1136.0,0.0,51460263710.0,5,0,5
1KXyGPxfvLUcdNDhWKCNCMWVRb,35,13,22,324.56033847,503.41012237,5.1517514,4.7491521,11.2839424,3.83575885,0,34,9,12,60.0,1.0,490.94117647,3.0,0.6447235,1.55105249,35,13,22
1KZduaZ2rFo7QGcmZaCvJNo9Wg,9,5,4,2.89249432,3.37318299,0.57849886,0.84329575,1.36782821,0.17472633,0,9,3,3,60.0,1.0,11083.0,4440.0,0.85749701,1.16618483,9,5,4
1KagwcvdqNgSPKTjUGLNqHxzKp,19,8,11,108.50361733,154.74635732,13.56295217,4.18233398,24.4219773,27.30127359,0,19,7,9,60.0,1.0,1142.22222222,31.0,0.70117074,1.42618616,19,8,11
1Kb9hvF9jA4H6JJYJiEo9pxap8,6,4,2,3.79865748,1.58053086,0.94966437,0.79026543,1.33754231,0.1402059,0,6,3,3,60.0,1.0,16600.6,2002.0,2.40340608,0.41607617,6,4,2
1KggRVBmVnSDEdTZ23V87gxKYM,24,13,11,275.84904095,215.98271174,4.67540747,4.31965423,8.90782432,3.14324036,0,23,9,11,60.0,1.0,687.0,24.0,1.27718112,0.78297431,24,13,11
1KjmiD2a7ZDTGBmqdjEhgxkuVn,2,0,2,0.0,6.69095197,0.0,3.34547599,3.65414411,0.09527601,0,2,1,1,60.0,1.0,3699.0,3699.0,0.0,6690951970.0,2,0,2
1KmEQgyhUdaM2yJMq2iNsTTwnd,20,3,17,43.48003705,284.32444033,14.49334568,4.18124177,21.56050037,6.95752756,0,19,8,10,60.0,1.0,1095.26315789,73.0,0.15292402,6.53919499,20,3,17
1Kn7Mh8puLLuZXUB7zTKcGpHj9,3,2,1,12.2434505,0.60302589,6.12172525,0.60302589,6.62344483,6.9358245,0,3,2,2,60.0,1.0,5138.5,3241.0,20.30335795,0.04925294,3,2,1
1KrbQpFRvq9Tcd3JmWCDaUonJ5,13,2,11,48.0889838,149.01208327,24.0444919,4.25748809,24.37210895,26.31850049,0,13,7,7,60.0,1.0,1785.66666667,61.0,0.32271869,3.09867399,13,2,11
1KsKUqpvQrJUrWWA3P5V72WE4u,19,4,15,50.55332422,217.77670265,12.63833106,3.62961171,19.28834506,10.3827718,0,19,8,9,60.0,1.0,1107.33333333,2.0,0.23213376,4.30786117,19,4,15
1KvFYkWAfKApjwtum3fMLZm8Jw,5,2,3,1.36006755,1.87478101,0.68003377,0.624927,1.48564053,0.25332299,0,5,4,4,60.0,1.0,7912.5,933.0,0.72545409,1.37844698,5,2,3
1L1Z78prJHt6QVCb8nLnEmRz55,5,2,3,10.60988373,13.75760107,5.30494186,4.58586702,7.0400696,5.55742273,0,5,3,4,60.0,1.0,3401.0,460.0,0.77120158,1.29667784,5,2,3
1L4DuoQkwGCo6sBpKyK1pmCeDr,8,2,6,12.43146903,28.29690744,6.21573451,4.71615124,7.20674251,3.04772852,0,8,5,6,60.0,1.0,2013.57142857,50.0,0.43932253,2.27623199,8,2,6
1L4RnKCJ9dMTFvDJyDCKHmVH6Y,8,3,5,1.86294463,2.77557054,0.62098154,0.55511411,1.22606824,0.14669964,0,8,3,6,60.0,1.0,10693.42857143,1092.0,0.6711934,1.48988354,8,3,5
1LDDKdkWn7rfV9h1J4vxdkECKA,28,13,15,264.67762492,298.76246255,4.72638616,4.03733058,10.07450135,4.83655137,0,27,9,12,60.0,1.0,600.03703704,45.0,0.88591325,1.12877869,28,13,15
1LDhyNxLgzWaYBfxRQX8NzSqnw,17,3,14,60.35607402,183.5741634,20.11869134,3.46366346,23.84119355,17.59654565,0,17,9,9,60.0,1.0,1235.9375,153.0,0.32878305,3.04151929,17,3,14
1LEeZqaz5ZYEcXVipPZFoFESKq,15,2,13,29.99426953,174.32132147,14.99713477,3.41806513,18.52505944,10.14325471,0,15,7,8,60.0,1.0,1574.28571429,191.0,0.17206311,5.81182086,15,2,13
1LExyBVhMytriTs3Jx6urYXpTv,7,5,2,5.1128229,2.21522789,1.02256458,1.10761394,1.40068588,0.10096379,0,7,2,2,60.0,1.0,9930.66666667,1656.0,2.30803473,0.43326904,7,5,2
1LHEAK22iiqT6QWrAVhRcBfVqM,7,3,4,1.9997676,2.96165569,0.6665892,0.74041392,1.41789959,0.19478747,0,7,3,4,60.0,1.0,11384.83333333,2871.0,0.67521947,1.48099994,7,3,4
1LLq9vvk13sRCdZYVhaXGvMaMr,20,5,15,63.29836606,253.75272842,12.65967321,4.45180225,19.36290052,13.59864132,0,19,6,9,60.0,1.0,905.73684211,5.0,0.24944901,4.00883537,20,5,15
1LQ3F5vvx8b3mARkRhet8Hs8fq,15,4,11,70.81642798,138.06683181,17.704107,3.63333768,21.55279468,21.14680335,0,15,7,6,60.0,1.0,1149.92857143,29.0,0.51291412,1.94964411,15,4,11
1LQaovYt38F7pu85VP8YGjEQcD,42,17,25,396.33294433,575.97872072,4.55555108,4.76015472,8.39775634,2.9429767,0,41,9,12,60.0,1.0,411.63414634,3.0,0.68810345,1.45326986,42,17,25
1LR7SE1DtsrKGaFrj422e6KFMB,21,2,19,36.75817069,245.92753456,18.37908535,3.4156602,22.71308786,12.07161961,0,19,8,9,60.0,1.0,1116.9,71.0,0.14946749,6.69041821,21,2,19
1LTkB4gMC2n4LR7MATzMHRuz84,6,2,4,1.37871919,3.17166453,0.68935959,0.79291613,1.38910665,0.25058078,0,6,5,4,60.0,1.0,14409.8,4459.0,0.43469893,2.30044272,6,2,4
1LTxUDe3GBtx6HG4D6bmDduzGG,6,4,2,17.35184038,10.30719712,4.33796009,5.15359856,7.98508438,9.89142798,0,6,2,3,60.0,1.0,3020.2,819.0,1.68346837,0.59401175,6,4,2
1LUKt44U1RdbxZ9RLbU9pjWQtQ,6,2,4,6.41291138,14.87246578,3.20645569,3.71811645,6.62060601,5.61591212,0,6,3,4,60.0,1.0,2037.0,36.0,0.43119355,2.31914413,6,2,4
1LWpdfbxJS2qkMZUkVgJdrsRDy,18,4,14,63.64412708,139.65580281,15.91103177,2.53919641,22.70271806,14.96971593,0,18,8,10,60.0,1.0,1310.47058824,171.0,0.45572132,2.19432349,18,4,14
1LYLVxGEcev6HWopZNBHWLxLu9,18,3,15,37.6928499,219.85974085,12.5642833,4.148297,16.0767971,9.02810848,0,18,6,10,60.0,1.0,1058.64705882,113.0,0.17144044,5.83292963,18,3,15
1LYwihTp7KFWZaHJEW4SoR6bqV,20,4,16,28.886565,217.18528649,7.22164125,3.50298849,13.14472469,6.28747193,0,19,5,10,60.0,1.0,1117.68421053,61.0,0.13300424,7.51855703,20,4,16
1LZPw6jKiA4AQfuGSLQ3wkAcCs,17,6,11,82.37998235,152.19253537,13.72999706,3.30853338,20.37786394,18.82166328,0,17,6,9,60.0,1.0,1272.25,116.0,0.54128793,1.84744559,17,6,11
1LaXdquZhfTpD6dUF4PBYh4HnE,11,8,3,20.33877421,14.42978221,2.54234678,4.8099274,7.92582372,6.1670491,0,11,4,3,60.0,1.0,1551.9,204.0,1.40949974,0.70947158,11,8,3
1Lc15vwNxFVpGQsyaSSpY7PMHJ,27,7,20,65.43469758,247.12141558,9.34781394,3.05088167,24.79977516,12.58135082,0,26,9,10,60.0,1.0,893.57692308,35.0,0.26478764,3.77661126,27,7,20
1Lc661M2u8yqJYTHrAYZutesUw,22,5,17,71.64108665,215.8476701,14.32821733,3.04010803,24.91451845,15.32920613,0,22,9,12,60.0,1.0,1090.0952381,7.0,0.33190577,3.01290335,22,5,17
1LfopR6b4RxZSBZucRqppamaXg,6,4,2,15.03563035,13.74402591,3.75890759,6.87201295,7.92131343,5.49975809,0,6,2,3,60.0,1.0,1711.8,759.0,1.0939757,0.91409709,6,4,2
1LgmteeCRhSPEoRn8pgXivWG7W,16,2,14,29.08136093,179.46401216,14.54068047,3.451231,23.42767612,12.81928723,0,16,8,9,60.0,1.0,1297.86666667,210.0,0.16204564,6.17110088,16,2,14
1LhLbk6Gbja8d487qwJuNmTYsm,6,4,2,17.36418625,4.36132861,4.34104656,2.18066431,6.23314448,3.45296823,0,6,2,2,60.0,1.0,1588.0,271.0,3.98139829,0.25116804,6,4,2
1Lk3YvmE4Vij7tkvWWR7ykhxDM,9,5,4,23.46539538,14.49505918,4.69307908,3.6237648,6.98819142,4.76658854,0,9,5,5,60.0,1.0,1808.375,586.0,1.61885475,0.61772065,9,5,4
1LkinrWXFFAxzgHQSCmjNsxyMW,8,5,3,2.21713128,2.00648953,0.44342626,0.66882984,1.13489656,0.08688943,0,8,3,3,60.0,1.0,11017.42857143,320.0,1.10498024,0.90499356,8,5,3
1LmtdWDHKwzfE3NFYZb2FD8aET,18,3,15,45.08556473,200.55527539,15.02852158,3.39924196,20.27715998,10.51552931,0,17,8,8,60.0,1.0,1034.35294118,31.0,0.22480368,4.44832568,18,3,15
1LnuyTbunfnBX4okJWCDrkkGHh,13,6,7,24.548389,31.18674041,4.09139817,4.45524863,7.5505166,3.37619954,0,11,7,6,60.0,1.0,1262.0,71.0,0.78714186,1.27041902,13,6,7
1LqjRQ4bnjTMmTgdUmpFbYsJKX,8,3,5,71.7803645,80.29915072,23.92678817,16.05983014,36.0513223,73.05855462,0,8,5,6,60.0,1.0,1005.85714286,430.0,0.89391188,1.1186785,8,3,5
1Lv5UwiLFm6iitRyX2JoizM3Aw,6,5,1,2.49990609,0.11262096,0.49998122,0.11262096,0.98698442,0.07102994,0,6,2,2,60.0,1.0,9467.0,4168.0,22.19752069,0.04505008,6,5,1
1LvYGGJmFQiviwfXGUqfX37jUZ,3,0,3,0.0,16.83885035,0.0,5.61295012,11.66390089,18.93030755,0,3,1,1,60.0,1.0,3342.5,2884.0,0.0,16838850350.0,3,0,3
1LvaMa6yfvEBhvJnAvUcVYmsHk,8,3,5,3.18490725,2.88311622,1.06163575,0.57662324,1.40027768,0.20766043,0,8,4,6,60.0,1.0,12961.0,1655.0,1.10467529,0.90524339,8,3,5
1LvwcJFDYfoYUUwBYj4P75MnXf,6,2,4,2.93784426,3.27174471,1.46892213,0.81793618,1.49873774,0.2096672,0,6,3,4,60.0,1.0,12794.4,1589.0,0.89794422,1.11365492,6,2,4
1LyT6jNJp4957e17zX3XtQSb7H,6,3,3,1.36271077,2.05780105,0.45423692,0.68593368,1.09446425,0.13498874,0,6,4,3,60.0,1.0,13556.6,1446.0,0.66221697,1.5100791,6,3,3
1Lz17zb7isLKJBKqcxwJAjj2Bm,29,5,24,100.73232262,283.19108691,20.14646452,2.91949574,24.89468941,17.52868115,0,29,9,11,60.0,1.0,808.14285714,15.0,0.35570442,2.81132292,29,5,24
1M1hHmxYCMPE8wm3YDYz5CA1VA,40,22,18,533.5390818,397.73211726,4.94017668,4.85039167,10.35495844,3.16832535,0,40,9,11,60.0,1.0,423.56410256,9.0,1.34145335,0.74546014,40,22,18
1M4fiDeaFsrJD26bwVkj6ZSDYM,9,4,5,3.95892912,3.71923294,0.98973228,0.74384659,1.49607078,0.18531834,0,9,6,5,60.0,1.0,10025.875,2898.0,1.06444775,0.93945429,9,4,5
1M77jyh5GiE472XNDQqk3CxHSd,2,0,2,0.0,16.57352297,0.0,8.28676148,10.46013184,4.7235387,0,2,1,1,60.0,1.0,1837.0,1837.0,0.0,16573522969.999998,2,0,2
1M7tufFoPnmicuFWJdv4WgVYeU,8,4,4,3.82571849,2.97291592,0.95642962,0.74322898,1.43188542,0.1275024,0,8,3,5,60.0,1.0,10487.71428571,20.0,1.28685728,0.77708695,8,4,4
1M86TTZAdYhyrDzCyW1B8THqcn,2,2,0,1.77071289,0.0,0.88535644,0.0,1.21088356,0.1059679,0,2,1,1,60.0,1.0,3810.0,3810.0,1770712889.9999998,0.0,2,2,0
1MAknFAJGHmA7pEdPtpXsdyUMU,39,21,18,438.83298797,427.93374281,4.61929461,4.86288344,8.09195939,3.05842433,0,38,9,12,60.0,1.0,432.26315789,0.0,1.02546947,0.97516311,39,21,18
1MBDrSsBwBgjBMaXifsTroJFHX,10,3,7,2.07366502,5.10465385,0.69122167,0.72923626,1.41069734,0.24780286,0,10,7,7,60.0,1.0,9677.44444444,2996.0,0.40623029,2.46165789,10,3,7
1MDnS1rh7XKFm2H4BPRs43K8Dz,1,0,1,0.0,9.9292031,0.0,9.9292031,9.9292031,0.0,0,1,1,1,60.0,1.0,0.0,0.0,0.0,9929203100.0,1,0,1
1MGHjmYKDf9Y1a7B4Wb3qun2EY,31,17,14,410.96399357,298.54141253,4.83487051,4.08960839,7.99036219,2.6790173,0,30,8,11,60.0,1.0,548.73333333,0.0,1.37657282,0.72644177,31,17,14
1MJFkbmptNWb7ch4XWgntJgo7t,7,3,4,73.3763711,114.46477679,24.45879037,28.6161942,38.92291933,94.03548361,0,7,3,5,60.0,1.0,962.33333333,107.0,0.64103887,1.55996781,7,3,4
1MJwooF9Th5KFLx4mjzzvrvEX5,36,18,18,430.27953581,392.87820661,4.72834655,4.79119764,8.15813612,3.47632696,0,36,9,12,60.0,1.0,484.02857143,50.0,1.09519828,0.91307667,36,18,18
1MP2HmXxtRqbr7UmegyPkY2R3Y,9,6,3,6.66874776,2.66550452,1.11145796,0.88850151,1.49749931,0.19886086,0,9,4,4,60.0,1.0,8686.5,676.0,2.50187074,0.39970091,9,6,3
1MQVAwLYqWB6sFrdTwDiSA2ne5,7,4,3,80.3937935,75.13732958,20.09844838,25.04577653,34.50042866,95.77106964,0,7,3,3,60.0,1.0,1137.66666667,304.0,1.06995809,0.93461605,7,4,3
1MRdffHKeynJxSUVAn474c9Jyi,14,5,9,54.7021908,90.15691046,10.94043816,2.43667326,18.01827362,14.13675976,0,14,5,8,60.0,1.0,1455.0,114.0,0.60674429,1.64814076,14,5,9
1MSgpdfbaiyns3a7VWuy3yGabS,7,3,4,2.46518297,3.71663429,0.82172766,0.92915857,1.45733621,0.25682733,0,7,3,3,60.0,1.0,10124.5,92.0,0.66328371,1.50765048,7,3,4
1MUZp2LJWD7HidXRKU6FTcJXKm,6,3,3,1.91091278,1.81825178,0.63697093,0.60608393,0.99760654,0.07997708,0,6,3,3,60.0,1.0,11303.6,4791.0,1.05096159,0.95150956,6,3,3
1MYXdXjufibwvERVU2XLoh73Qe,15,7,8,33.80224087,36.60534116,4.82889155,4.57566765,7.8600406,1.71061212,0,15,8,6,60.0,1.0,1069.14285714,8.0,0.92342374,1.08292646,15,7,8
1Mc96BRCTHEfQSXiZJKpS1Vcgr,14,2,12,12.85123796,140.86989404,6.42561898,2.8748958,9.4597817,3.80750256,0,14,6,7,60.0,1.0,1191.30769231,197.0,0.09122771,10.96158164,14,2,12
1Md9VHQCEcn3jMPAQVbBbL82SY,7,5,2,3.91107305,1.5432543,0.78221461,0.77162715,1.37276306,0.13784397,0,7,2,3,60.0,1.0,10389.83333333,8.0,2.53430238,0.39458591,7,5,2
1MgEZ3SBpM4AG3ZxdievkRJStf,10,2,8,5.96043452,33.97759467,2.98021726,4.24719933,7.12674522,4.64191795,0,10,5,6,60.0,1.0,1578.22222222,50.0,0.1754225,5.7005231,10,2,8
1MmFxzMhzXsJcNdsNmDz9MshdF,7,7,0,4.16481233,0.0,0.59497319,0.0,0.90754937,0.07268401,0,7,1,1,60.0,1.0,11744.83333333,10036.0,4164812330.0,0.0,7,7,0
1MmJmFmdpxCKNEfoS1wK9H2b6W,9,6,3,183.91505301,92.54354035,30.65250884,30.84784678,39.32256137,44.40857313,0,9,4,3,60.0,1.0,1057.0,89.0,1.98733539,0.50318633,9,6,3
1MmTR1GtT7tTv9LbU2V1KVxhAq,16,6,10,62.78836661,146.94419938,10.46472777,3.58400486,23.63599352,14.96171255,0,16,8,7,60.0,1.0,1477.6,9.0,0.42729394,2.34030932,16,6,10
1MnPrAsyuzbDhEXBkbtXnPxSjY,9,2,7,11.43672635,23.60787181,5.71836318,3.37255312,7.80156161,7.44493132,0,9,5,6,60.0,1.0,1610.625,52.0,0.48444546,2.06421585,9,2,7
1MobZvAJgzFNwFyL13wxmshp7Z,5,4,1,2.75468137,1.00553979,0.68867034,1.00553979,1.00553979,0.102465,0,5,2,2,60.0,1.0,15418.0,4113.0,2.73950509,0.36502944,5,4,1
1MpUXzGsFbxP5MWUKpTY3iQ4jT,5,0,5,0.0,29.16084406,0.0,5.83216881,10.55451239,10.69313605,0,5,1,1,60.0,1.0,1971.25,351.0,0.0,29160844059.999996,5,0,5
1Mq51Wgd75bEZH9Py5yGQKBVvb,14,7,7,5.72206251,7.5091506,0.8174375,1.0727358,1.42383067,0.13107133,0,13,5,7,60.0,1.0,4429.23076923,304.0,0.76201195,1.31231537,14,7,7
1MrzN7VtJ5vfmpCMcyy5hpvzvH,14,2,12,35.93700092,148.39300378,17.96850046,3.09152091,24.13684285,13.22077733,0,14,7,8,60.0,1.0,1134.84615385,162.0,0.2421745,4.12925397,14,2,12
1MwfqavK5kJzB4AyKaLDqP4YJQ,9,4,5,9.1782886,24.25967827,2.29457215,4.85193565,7.23940254,7.15170577,0,9,4,5,60.0,1.0,1975.25,67.0,0.37833513,2.64315923,9,4,5
1MywcM4b6hHDCvCndZxXzUTnEC,6,2,4,9.1311654,18.83048532,4.5655827,4.70762133,7.62173895,4.82279713,0,6,4,5,60.0,1.0,2958.4,21.0,0.48491397,2.06222147,6,2,4
1N1SUUypiaShjr3SiWFLYTX6xL,9,4,5,20.4379973,18.90162904,5.10949932,3.78032581,7.05248604,3.77654014,0,9,4,5,60.0,1.0,1509.375,62.0,1.08128232,0.92482785,9,4,5
1N1U5wrJV6Pe177zBM19oD6T31,12,7,5,33.21044921,23.1597391,4.74434989,4.63194782,7.95323018,5.64058241,0,12,4,4,60.0,1.0,1009.18181818,124.0,1.43397337,0.69736302,12,7,5
1N4VJQ74iRoUDKDSCfJafYaU7k,7,4,3,3.06925189,3.76548385,0.76731297,1.25516128,1.48285431,0.13974187,0,7,4,3,60.0,1.0,10991.83333333,2864.0,0.81510159,1.22684093,7,4,3
1NAiAJWSpXQ89NncDXqhde24ot,9,6,3,30.13061226,13.7995208,5.02176871,4.59984027,7.92725333,4.43187221,0,9,2,4,60.0,1.0,1865.5,485.0,2.18345352,0.45799006,9,6,3
1NDijx5n77iBZq6WYsf2tEhSUR,10,3,7,16.05094932,29.75480483,5.35031644,4.2506864,7.25983314,5.05720136,0,10,5,5,60.0,1.0,1726.22222222,1.0,0.53944058,1.85377227,10,3,7
1NFCkcnzFx5PjD2X2Wzft7g3sK,25,11,14,265.20341264,285.84795928,4.82188023,4.08354228,7.93123238,2.62293758,0,24,9,11,60.0,1.0,634.66666667,7.0,0.92777788,1.0778442,25,11,14
1NFNrB5Zh8aZDzrPPouiuAG7AH,11,7,4,7.56493008,2.77680069,1.0807043,0.69420017,1.42032264,0.13591464,0,11,3,3,60.0,1.0,8095.8,468.0,2.72433312,0.36706231,11,7,4
1NGXPfjtfnpt31HZgRLSjQ9zc3,2,1,1,0.50728357,0.72710786,0.50728357,0.72710786,0.72710786,0.01208068,0,2,2,2,60.0,1.0,38960.0,38960.0,0.69767307,1.43333611,2,1,1
1NMt1HSv7U8KnFbwozJ4FfxW9w,36,17,19,403.20719517,448.98341087,4.80008566,4.72614117,7.97334722,3.04932566,0,36,9,10,60.0,1.0,507.14285714,2.0,0.89804475,1.11353026,36,17,19
1NNKTafosmkFesVzWi3K77TXcb,5,4,1,20.16938314,2.15958935,5.04234579,2.15958935,6.89770514,4.09819257,0,5,2,2,60.0,1.0,2620.5,559.0,9.33945296,0.10707265,5,4,1
1NQBmGmB9jsc4MZvcDWiVhLGPJ,10,7,3,35.59471762,10.82651653,5.08495966,3.60883884,7.84918265,4.67792149,0,10,4,3,60.0,1.0,1811.33333333,35.0,3.28773503,0.30416076,10,7,3
1NRnFNiaoujUttee3hC7rG57Tm,3,0,3,0.0,20.19234032,0.0,6.73078011,9.16917247,2.98528052,0,3,1,1,60.0,1.0,2385.5,0.0,0.0,20192340320.0,3,0,3
1NSCEuVbicUm5XFtt9tVWT2nTq,38,18,20,461.57480216,396.82253768,5.3054575,4.22151636,11.25869622,4.03441864,0,37,9,10,60.0,1.0,439.72972973,18.0,1.16317688,0.85971447,38,18,20
1NUTEhsGfEkP3aAKDo9R9MGkb6,6,1,5,6.51177935,27.2864753,6.51177935,5.45729506,7.15923478,2.76780619,0,6,4,5,60.0,1.0,2744.2,448.0,0.23864494,4.19032554,6,1,5
1NUeLLFcYycX5W5FMkyfEPzmjZ,42,25,17,575.25859865,415.06524327,4.75420329,4.82634004,10.24114705,3.1060735,0,42,8,12,60.0,1.0,358.0,5.0,1.38594741,0.7215281,42,25,17
1NZ5Jcbwpbx6t4VdaGGHtpCmiw,6,4,2,2.16162182,1.16278541,0.54040546,0.58139271,1.06028472,0.09433421,0,6,3,3,60.0,1.0,18363.8,9558.0,1.85900322,0.53792268,6,4,2
1NZT9foXoEdjubiryaewJ7GB71,19,3,16,55.28277711,133.57469166,18.42759237,1.9643337,23.77363918,12.89019953,0,19,7,9,60.0,1.0,1218.83333333,11.0,0.41387164,2.41620806,19,3,16
1NbhQMt85UvEtfiV6KfB2zsWNv,19,4,15,69.2704964,194.87258931,17.3176241,3.24787649,24.89925295,16.5454744,0,17,8,8,60.0,1.0,1098.16666667,131.0,0.35546557,2.81321197,19,4,15
1NcqbRWMxDmGdRFwrT3MpXntRR,10,6,4,4.36453055,3.40960963,0.72742176,0.85240241,1.45496836,0.28229999,0,10,4,4,60.0,1.0,9650.22222222,881.0,1.28006752,0.78120879,10,6,4
1NeNhkvX1cUt6dgE5HnQcLDHmM,16,6,10,76.22271401,184.00488946,12.70378567,4.3810688,22.70861326,19.78696934,0,16,6,8,60.0,1.0,1326.86666667,0.0,0.41424287,2.41404274,16,6,10
1Nevhqc39jU1BngHJAixtw3tF6,19,2,17,26.27310063,267.02588309,13.13655031,4.85501606,17.54448483,11.93200891,0,19,8,9,60.0,1.0,850.83333333,64.0,0.09839159,10.1634705,19,2,17
1NfK1DcdPMspKTQUrjiQD5X4ZY,9,6,3,23.77676335,14.70842651,3.96279389,4.90280884,6.21930572,2.8081872,0,9,3,3,60.0,1.0,1790.625,338.0,1.61654024,0.61860508,9,6,3
1NgtyqW37p4bCBs2YZ85zGoVee,6,3,3,2.18909813,2.16813297,0.72969938,0.72271099,0.96041527,0.02436686,0,6,3,4,60.0,1.0,4901.6,1035.0,1.00966968,0.99042292,6,3,3
1NhkHfKzUyf92cQTJdnv48xDAH,16,4,12,51.07723936,171.83508067,12.76930984,3.73554523,18.42070264,12.61142325,0,16,6,9,60.0,1.0,1182.6,0.0,0.2972457,3.3642202,16,4,12
1NiHWWwFrKgHGj5uzjHmbX9CPQ,17,4,13,45.4976171,226.10844943,11.37440427,4.26619716,18.43525717,9.0536041,0,16,6,10,60.0,1.0,1083.625,107.0,0.20122033,4.96967674,17,4,13
1NrAszf1JwA9bHtC8jx291PssG,10,4,6,2.6182112,3.92692136,0.6545528,0.65448689,1.25315226,0.12505646,0,10,5,5,60.0,1.0,8198.77777778,184.0,0.6667338,1.49984897,10,4,6
1NsGtW31Y4v271Aq99o8BmScvE,32,16,16,351.91213938,366.53585599,4.63042289,5.16247684,8.88195454,3.06654427,0,30,9,11,60.0,1.0,573.41935484,38.0,0.9601029,1.04155502,32,16,16
1NtXaWAfzZ9MgMBSgpvLeNZvZb,7,4,3,2.72197047,3.28995446,0.68049262,1.09665149,1.39335416,0.16847762,0,7,4,4,60.0,1.0,15812.83333333,494.0,0.8273581,1.20866648,7,4,3
1Nu4SG3SSGUv1Q39oayi6ihUJv,17,2,15,36.83187408,194.14870917,18.41593704,3.34739154,23.79561613,12.08484112,0,17,7,9,60.0,1.0,1078.9375,103.0,0.1897096,5.27121451,17,2,15
1Nu8FVjZjTryCTZHygV3KAH5To,3,0,3,0.0,24.16618889,0.0,8.0553963,8.84489207,0.48770795,0,3,1,1,60.0,1.0,3079.0,840.0,0.0,24166188890.0,3,0,3
1NvF3VyTcx7zz1CtKc1koncQsP,18,3,15,59.26015462,249.89423684,19.75338487,4.16490395,24.56071007,16.56895745,0,18,8,10,60.0,1.0,1121.47058824,88.0,0.23714094,4.21690153,18,3,15
1NvNCUmB49fkJrcYHXZ88CcBSe,14,6,8,25.6090471,39.43230945,4.26817452,4.92903868,7.85435724,6.12239441,0,14,5,6,60.0,1.0,785.23076923,133.0,0.64944325,1.53978043,14,6,8
1NxTtdCAo1veJrgwz4YSmGLx8P,30,6,24,82.55874285,296.73419674,13.75979048,3.49099055,21.86604058,14.0009727,0,29,8,10,60.0,1.0,712.20689655,70.0,0.27822457,3.59421893,30,6,24
1P4FT6qdqjC3AmNvgpvefo5eDa,14,6,8,106.75208209,127.28903577,17.79201368,3.97778237,24.52022645,34.88709294,0,14,5,5,60.0,1.0,1859.46153846,237.0,0.8386589,1.19237989,14,6,8
1P4KKah5ZDrhCq7fqBbMxMuwkt,5,1,4,0.93298773,3.68065194,0.93298773,0.92016298,1.20035494,0.06269762,0,5,5,4,60.0,1.0,15764.5,2803.0,0.25348437,3.94501645,5,1,4
1P71PyoCSP17UYD6aZzAT8Y1Ar,8,3,5,1.38701251,5.10458952,0.4623375,1.0209179,1.38709684,0.14293428,0,8,6,4,60.0,1.0,12169.42857143,4202.0,0.27171872,3.68027648,8,3,5
1P89cfTCCjs3TbziBKDBFDkrG4,15,4,11,64.00272775,132.70969428,16.00068194,3.15975463,18.54398134,18.58363068,0,15,7,8,60.0,1.0,1383.42857143,101.0,0.48227621,2.0735006,15,4,11
1PCGzbSVRXDbrjC2gVJRr5g5oh,11,5,6,2.94022004,5.94045447,0.58804401,0.99007574,1.37945119,0.18466821,0,11,5,6,60.0,1.0,11884.3,3631.0,0.49494867,2.02041153,11,5,6
1PDhxudSVEWgHbV8pJirZNNzCH,3,0,3,0.0,3.51015252,0.0,1.17005084,1.4504854,0.0415277,0,3,3,2,60.0,1.0,26004.0,23898.0,0.0,3510152520.0,3,0,3
1PH7H9BTuFh9Tpp98KHMDX7Ni3,8,4,4,91.34815834,111.50595208,22.83703958,27.87648802,39.9030316,134.21329015,0,8,4,4,60.0,1.0,1220.71428571,320.0,0.81922226,1.22066995,8,4,4
1PHM7ACzHxLH5rZegXK1AtwvDD,15,5,10,88.37261239,131.4065919,17.67452248,3.05596725,24.34363057,28.36705277,0,15,7,8,60.0,1.0,1314.28571429,71.0,0.67251278,1.48696059,15,5,10
1PJDN93md4J98wWWTBqNFyKfBs,9,5,4,2.94049039,4.30208113,0.58809808,1.07552028,1.46742757,0.11326344,0,9,4,5,60.0,1.0,11108.125,1023.0,0.68350417,1.46304887,9,5,4
1PKB8KJYVFyBKHfq7FjJA7EcvZ,3,2,1,1.74509401,0.57657702,0.87254701,0.57657702,1.26794596,0.12369316,0,3,2,2,60.0,1.0,20654.5,6438.0,3.0266451,0.33039883,3,2,1
1PLBWbCq2VtgWedmUoSXvGHoQf,10,6,4,2.95569957,4.30676744,0.4926166,1.07669186,1.46336174,0.17931584,0,10,3,5,60.0,1.0,6285.88888889,670.0,0.68629189,1.45710595,10,6,4
1PSJGnKzFRfyX2kdGim5Vnt2Rd,4,3,1,2.37603349,1.48817765,0.79201116,1.48817765,1.48817765,0.26588961,0,4,2,2,60.0,1.0,14226.66666667,5364.0,1.59660608,0.62632857,4,3,1
1PWmZuRSx4W4CuxN2WoRUU3Rdi,27,17,10,450.32552596,248.08972886,5.05983737,5.16853602,9.72027058,3.76390695,0,26,9,11,60.0,1.0,683.11538462,0.0,1.81517199,0.55091198,27,17,10
1PZmXzCJBjCXwkziKyomeSUPnj,4,0,4,0.0,33.36232205,0.0,8.34058051,11.11493349,7.14298289,0,4,1,1,60.0,1.0,2854.33333333,1752.0,0.0,33362322050.0,4,0,4
1PdF9jthhhPY9q9chW4nDBA23i,19,3,16,35.78010076,215.86177134,11.92670025,3.78704862,24.29852855,13.79749718,0,18,9,9,60.0,1.0,1211.27777778,45.0,0.16575469,6.03301183,19,3,16
1PeA5x9RuhaoKiZQTFY66KwAfL,17,4,13,70.00834453,202.60000197,17.50208613,4.22083337,23.37472852,19.68591065,0,16,7,7,60.0,1.0,1260.9375,137.0,0.34554957,2.89394076,17,4,13
1PicUhBwTvYEUSvLaMGA2xjtWX,18,1,17,21.15741978,225.30735852,21.15741978,3.21867655,21.15741978,8.34794263,0,18,8,8,60.0,1.0,1239.82352941,8.0,0.0939047,10.64909431,18,1,17
1Pm6eyQZzvBSEAb1hpgKJcQZRB,10,5,5,2.56924065,4.3245907,0.51384813,0.86491814,1.34474648,0.11125591,0,10,6,6,60.0,1.0,9766.33333333,1799.0,0.5941003,1.68321745,10,5,5
1Pmz68jpZUj5NTJ1gtdK7LYPDg,9,1,8,4.47792948,105.54979502,4.47792948,3.29843109,6.0212631,1.66655306,0,9,5,7,60.0,1.0,2417.25,39.0,0.04242481,23.57111596,9,1,8
1PnpekQi2Fjqv541SKkgELro1E,9,8,1,4.61862687,0.83363151,0.57732836,0.83363151,0.91121175,0.07377582,0,9,2,2,60.0,1.0,14214.25,4241.0,5.54036983,0.18049337,9,8,1
1PqKSZDMqSoP9mk7NTzpZ7ZtrA,9,1,8,1.05855943,6.48087355,1.05855943,0.81010919,1.17319695,0.12354633,0,9,7,6,60.0,1.0,8332.625,1927.0,0.16333592,6.1223521,9,1,8
1PqYuGnJTUdvLHYsEmFbVrcy4p,6,2,4,7.94300092,12.69560855,3.97150046,3.17390214,6.93264871,4.13461767,0,6,5,4,60.0,1.0,2788.2,1277.0,0.62564948,1.59833905,6,2,4
1PtpksbcfywSXe9H1kZnAj9ARd,10,5,5,5.44842867,5.47146708,1.08968573,1.09429342,1.46465423,0.11423167,0,10,4,6,60.0,1.0,7881.22222222,116.0,0.99578935,1.00422845,10,5,5
1PumPebP8R3977dj8Mbev6BtUb,8,2,6,13.61593106,63.10611594,6.80796553,2.1035372,7.36112376,2.12460813,0,8,7,6,60.0,1.0,2570.14285714,379.0,0.21576246,4.63472646,8,2,6
1PxJ3tmoozhvsRCpYZizzg2Zbp,9,0,9,0.0,45.50654338,0.0,5.0562826,11.4582922,8.79612056,0,9,1,1,60.0,1.0,1249.0,54.0,0.0,45506543380.0,9,0,9
1PzTngYJ6E9vaFLpcE8QousA3G,16,7,9,4.27027587,6.87133102,0.61003941,0.76348122,1.43819773,0.21254449,0,15,7,6,60.0,1.0,6675.46666667,741.0,0.62146269,1.60910705,16,7,9
1Q2iYaHRwcM2gMqYrkKuHF1DLh,7,2,5,1.79605028,4.3002725,0.89802514,0.8600545,1.46142722,0.13093391,0,7,3,5,60.0,1.0,14264.5,616.0,0.41765964,2.39429405,7,2,5
1Q5ZkD1APZQDJzTrMbu6PEgarb,16,2,14,10.26145365,160.02633731,5.13072682,3.01936485,7.94842551,4.8581411,0,16,8,8,60.0,1.0,1450.8,135.0,0.06412353,15.59489939,16,2,14
1Q7toumcwW1Dk9B7oiVWNgg49P,34,15,19,325.81122105,413.41211922,4.65444601,4.86367199,10.36710459,3.1958344,0,34,9,12,60.0,1.0,475.21212121,7.0,0.78810273,1.26887011,34,15,19
1QBVCpQgYbFDUvWJsm4zakd7Bk,2,0,2,0.0,20.49755056,0.0,10.24877528,11.51762242,1.60997306,0,2,1,1,60.0,1.0,3224.0,3224.0,0.0,20497550560.0,2,0,2
1QBanvMpfnxfJWMjXmUEzqzYmq,11,7,4,24.10338325,12.86449321,3.44334046,3.2161233,7.89073028,4.16193102,0,11,3,4,60.0,1.0,1345.6,252.0,1.87363644,0.53372147,11,7,4
1QF3jEasQRXWy33iM7nahvJvpH,11,4,7,3.68236337,6.60041341,0.92059084,0.9429162,1.44671183,0.17624921,0,11,3,5,60.0,1.0,8117.7,1851.0,0.5578989,1.79243946,11,4,7
1QFoS9UwJXMAjwZhSHR7zzAm2y,17,2,15,13.66411168,169.31830068,6.83205584,2.9704965,11.44032786,3.68254499,0,17,8,9,60.0,1.0,1222.3125,22.0,0.08070074,12.39146054,17,2,15
1QHtnt5s1xAriAMARVossXu58d,5,3,2,2.11901353,1.10728278,0.70633784,0.55364139,1.48237401,0.19061686,0,5,2,3,60.0,1.0,16516.25,558.0,1.91370585,0.52254635,5,3,2
1QHvABH8BMqs1nEwakEJq7CKX9,39,18,21,425.78419285,432.30316208,4.83845674,4.69894741,8.19820834,3.20713701,0,37,9,12,60.0,1.0,422.05263158,4.0,0.98492038,1.0153105,39,18,21
1QKYot5nWebfngJaaPURfKZdfF,13,4,9,43.47301252,142.40510357,10.86825313,3.84878658,18.07924557,9.87531141,0,13,6,5,60.0,1.0,1725.0,47.0,0.30527707,3.2757128,13,4,9
1QLJNoAXcT54fNHWuiBcXJz4WM,32,18,14,446.29265539,321.13570473,4.74779421,4.9405493,12.23501026,4.78009838,0,32,9,11,60.0,1.0,460.38709677,15.0,1.38973228,0.71956305,32,18,14
1QNTEcoG13w2qa7ZSsY3BKL2Fh,10,5,5,4.54004864,4.54545392,0.90800973,0.90909078,1.37480708,0.158411,0,10,4,4,60.0,1.0,10612.88888889,631.0,0.99881084,1.00119058,10,5,5
1QNcc6oeyMdpWmXBnm7Rca3n4q,8,3,5,2.21026663,1.6697637,0.73675554,0.33395274,0.92818779,0.0758441,0,8,5,5,60.0,1.0,11992.57142857,1365.0,1.32370025,0.75545804,8,3,5
1QQWU7ahUXXt3UUY9m6foBtuCc,3,0,3,0.0,12.95357389,0.0,4.31785796,6.80817453,4.9155964,0,3,1,1,60.0,1.0,2911.0,1376.0,0.0,12953573889.999998,3,0,3
1QRACw3ctnpiTFMGToMJu5dQ8Z,9,3,6,3.15588093,6.61952539,1.05196031,1.10325423,1.49662659,0.11591035,0,9,3,7,60.0,1.0,12320.625,478.0,0.47675335,2.09752064,9,3,6
1QRs6K4oGzcKMiGi6eZq4sXJTs,11,5,6,4.71574538,4.36108751,0.94314908,0.72684792,1.41133287,0.16354002,0,11,4,6,60.0,1.0,6095.7,1674.0,1.08132326,0.92479283,11,5,6
1QUzCbtJ7VjvVB9PpU1PyxnD8D,6,5,1,2.20489199,0.07370101,0.4409784,0.07370101,1.23949034,0.17531893,0,6,2,2,60.0,1.0,12543.4,100.0,29.91671335,0.03342613,6,5,1
1QXddd6QrwvapHFHkPzRP8iArF,5,0,5,0.0,42.71716226,0.0,8.54343245,11.06114137,3.64922754,0,5,1,1,60.0,1.0,1856.25,267.0,0.0,42717162259.99999,5,0,5
1QYH3L2rQBpjmYhmWs2DQHWURu,36,25,11,556.84642069,226.48374522,4.88461773,4.19414343,7.95158172,3.11105855,0,36,9,12,60.0,1.0,460.71428571,47.0,2.45865954,0.40672569,36,25,11
1QYfVCxXecPPBvzHpvm6K2R4Bw,10,3,7,2.03146246,4.99706803,0.67715415,0.71386686,1.49553809,0.23736965,0,10,6,5,60.0,1.0,6990.11111111,121.0,0.40653088,2.45983774,10,3,7
1QYgtbeUf54ALw8dZvujCXqBJK,43,26,17,607.73976767,323.19533914,4.71116099,4.19734207,8.35600503,3.07384511,0,42,9,12,60.0,1.0,397.04761905,16.0,1.88041006,0.5317989,43,26,17
1QbVCafsihKSWyjESE5SDG2wcK,2,0,2,0.0,16.27628926,0.0,8.13814463,10.78426076,7.00193057,0,2,1,1,60.0,1.0,4236.0,4236.0,0.0,16276289259.999998,2,0,2
1QiLHQFHNo5JRiUzcbjuTPxZDj,15,4,11,45.69092226,155.40990273,11.42273057,3.79048543,17.23865378,9.40941164,0,15,7,8,60.0,1.0,1156.71428571,38.0,0.29400264,3.40132996,15,4,11
1Qio2hS9RjECVSCHnjxqyD9UNV,7,0,7,0.0,59.1436998,0.0,8.44909997,11.67694805,7.44857826,0,7,1,1,60.0,1.0,1434.83333333,365.0,0.0,59143699800.0,7,0,7
1QkpkHeRuhQ7kFX2gycMgFi5hu,13,6,7,5.17674563,5.12396165,0.86279094,0.73199452,1.48149683,0.23048097,0,13,4,7,60.0,1.0,7972.0,305.0,1.0103014,0.98980364,13,6,7
1Qooy6JkhoFPwx7X9iDjRZQ3Ho,35,14,21,349.64980165,486.14343229,4.60065528,4.91053972,9.9264303,2.78800241,0,33,9,12,60.0,1.0,448.55882353,0.0,0.71923177,1.3903724,35,14,21
1QrQVRWCfg58nNKe2pKhHDz6aw,19,6,13,56.74872895,182.47306939,9.45812149,3.31769217,18.39872351,8.27753121,0,19,8,8,60.0,1.0,1131.0,1.0,0.31099783,3.2154565,19,6,13
1QtuJdYV2rMFSLJtGuHdiNK797,38,19,19,494.65854506,424.27972986,4.89760936,4.46610242,9.56940242,3.88682666,0,37,9,12,60.0,1.0,438.75675676,1.0,1.16587834,0.85772243,38,19,19
1QuNdLTgcev2TAG9WoAFiX8VgZ,16,2,14,22.34078587,192.89953177,11.17039294,3.78234376,11.92909711,6.21714528,0,16,7,9,60.0,1.0,1271.26666667,9.0,0.11581566,8.6344112,16,2,14
1QvukT5iUyKA2MfsQNTziQXKg2,3,0,3,0.0,2.73849762,0.0,0.91283254,1.47830759,0.20515411,0,3,2,3,60.0,1.0,29664.0,10183.0,0.0,2738497620.0,3,0,3
1Qym84FJKLH9ff3SXJjNUczSuQ,18,5,13,102.3413566,143.18868252,20.46827132,2.75362851,24.90431026,32.34530453,0,18,7,8,60.0,1.0,1386.88235294,65.0,0.71473077,1.39912824,18,5,13
1R1eL3iizjgV3P9WyoWJ1BPZwx,8,4,4,1.98717163,5.08801347,0.49679291,1.27200337,1.37992254,0.17994763,0,8,4,4,60.0,1.0,11519.57142857,28.0,0.39055943,2.56042981,8,4,4
1R5gmxTcByBPabNjauJjD8Ehnq,4,1,3,6.68694981,81.05815338,6.68694981,27.01938446,37.76262379,144.28205479,0,4,4,4,60.0,1.0,1196.0,198.0,0.08249571,12.12184265,4,1,3
1R7TZHKJReTKQqiZfzqCHkL6jb,2,0,2,0.0,11.37450266,0.0,5.68725133,6.43811915,0.56380248,0,2,1,1,60.0,1.0,5155.0,5155.0,0.0,11374502660.0,2,0,2
1R7vJsGGxV34sJoe6oxjYLzKDR,8,4,4,13.31296786,17.83904043,3.32824197,4.45976011,6.14102795,3.24115016,0,7,5,5,60.0,1.0,2050.0,399.0,0.74628273,1.33997472,8,4,4
1RBetSe5LFEuS9efdHyRhsUHzN,16,4,12,70.54840758,180.44427114,17.6371019,3.60888542,24.32770258,17.31080241,0,16,8,7,60.0,1.0,1390.06666667,0.0,0.39097061,2.55773698,16,4,12
1RDzXRR3mkJmRNQtZwsUTnN9Po,5,3,2,3.54837598,2.383596,1.18279199,1.191798,1.39336744,0.06162178,0,5,3,3,60.0,1.0,22173.25,15966.0,1.48866502,0.6717428,5,3,2
1RFR7s8CaoyLeutY7aPmdxKcJf,3,3,0,1.54160212,0.0,0.51386737,0.0,0.98027897,0.11135461,0,3,1,1,60.0,1.0,25849.0,16792.0,1541602119.9999998,0.0,3,3,0
1RGVg3PrcJcBc8VDgEEqwgpSgh,32,13,19,346.2817478,393.48765988,5.09237864,4.42120966,8.93161384,3.45811207,0,32,9,11,60.0,1.0,500.74193548,6.0,0.88003204,1.13632226,32,13,19
1RKfDnAxaydswnZ39Ys6LvkcxW,11,5,6,4.59926563,5.03000833,0.91985313,0.83833472,1.49514964,0.21620915,0,11,6,5,60.0,1.0,9495.5,177.0,0.91436541,1.09365467,11,5,6
1RKhRBPqQqKxx3CSsFokQNbkCK,10,6,4,3.44474163,2.56145543,0.57412361,0.64036386,1.40751417,0.15455135,0,10,5,4,60.0,1.0,12671.88888889,3545.0,1.34483762,0.74358419,10,6,4
1RNSdKAViThDc1vhaCRxDBxStV,39,24,15,556.3789594,319.60512563,4.92370761,4.43896008,8.06264474,2.77838461,0,37,9,11,60.0,1.0,482.02631579,11.0,1.7408324,0.57443784,39,24,15
1RS4AV7SceCWazhccJxWZrksW6,6,4,2,56.04209242,49.76058062,14.01052311,24.88029031,33.19100224,100.13928493,0,6,3,2,60.0,1.0,616.2,30.0,1.1262347,0.8879144,6,4,2
1RT1rUVtPi8J8HaFP5NS2dP8Jo,32,14,18,291.98803334,334.90336988,4.49212359,3.76295921,12.73254429,4.6856514,0,31,9,11,60.0,1.0,500.38709677,2.0,0.87185756,1.14697635,32,14,18
1RTS5WdeTCDzPRgeyfjuAepfso,22,3,19,60.50965295,192.52474403,20.16988432,2.50032135,22.94510895,14.44064132,0,21,8,9,60.0,1.0,1018.47619048,16.0,0.31429546,3.18171952,22,3,19
1RXxvuveKvEmDwTJJyY4BRDAYS,10,6,4,28.71837417,11.16764051,4.7863957,2.79191013,7.99911433,6.07799486,0,9,5,5,60.0,1.0,1373.0,160.0,2.57157044,0.38886744,10,6,4
1Rd8GTAtJZFMQj4QLuBsdRo3cn,7,6,1,3.3904895,0.41806315,0.56508158,0.41806315,1.24713563,0.08626925,0,7,2,2,60.0,1.0,10994.0,2007.0,8.10999367,0.12330466,7,6,1
1RdqphAuG9kYDWpvekbrdoWpng,9,3,6,35.27826505,79.06060768,11.75942168,3.76479084,20.50240601,16.42091796,0,8,5,6,60.0,1.0,1825.375,920.0,0.44621798,2.24105714,9,3,6
1RgDCQjfTtAWUmB9GTbG6tCXNF,5,0,5,0.0,34.75584675,0.0,6.95116935,11.94988313,15.58895294,0,5,1,1,60.0,1.0,2291.5,683.0,0.0,34755846749.99999,5,0,5
1RhRiJjFk8Nyiaexqqz47RiwHy,15,1,14,18.65404682,197.01012975,18.65404682,3.58200236,18.65404682,8.1684944,0,14,7,10,60.0,1.0,1721.57142857,141.0,0.09468572,10.56125417,15,1,14
1RiCNjP5Q6XtqexqVmQ5xeDXya,2,0,2,0.0,5.22568398,0.0,2.61284199,3.60758548,0.98951461,0,2,1,1,60.0,1.0,4944.0,4944.0,0.0,5225683980.0,2,0,2
1RiYdfX3CJSAgfkmS3SyyNmG4p,7,4,3,2.36365427,2.33483616,0.59091357,0.77827872,1.10459476,0.07922272,0,7,4,3,60.0,1.0,16254.66666667,1891.0,1.01234267,0.98780782,7,4,3
1RihWWsbr5KNRKVoKvGV1sp8gK,19,4,15,70.07096515,177.46183703,17.51774129,3.16896138,24.90134855,19.19950063,0,19,6,9,60.0,1.0,1150.72222222,26.0,0.39485089,2.53260158,19,4,15
1RjCmd7Sm3GyxBJyhbKj5moozE,12,6,6,4.75929217,3.27978037,0.79321536,0.54663006,1.43027388,0.27168962,0,12,6,6,60.0,1.0,10700.54545455,251.0,1.45110088,0.68913197,12,6,6
1RjJjwjQx72KxyiRFRZn7zMYxf,9,6,3,4.49035321,2.75754344,0.7483922,0.91918115,1.49324205,0.14570047,0,9,3,3,60.0,1.0,6434.25,341.0,1.62838893,0.6141039,9,6,3
1RkdhPgg88imCdwLTzH3G57bAc,4,0,4,0.0,20.46619115,0.0,5.11654779,9.3729579,13.88469032,0,4,1,1,60.0,1.0,2385.33333333,741.0,0.0,20466191150.0,4,0,4
1RkuX3HTCBSkav7Wt6Pko7ixSt,10,4,6,2.16611662,5.10263377,0.54152915,0.85043896,1.24231888,0.05922187,0,10,6,6,60.0,1.0,11101.44444444,97.0,0.42450952,2.35565977,10,4,6
1RrVGp3DWpr7ajEXRkLMBho3pc,7,6,1,5.68911879,0.14303342,0.94818647,0.14303342,1.17132841,0.14541059,0,7,2,2,60.0,1.0,8911.83333333,1164.0,39.77475187,0.02514158,7,6,1
1RtN4iF4yM9H77JqB3oVTQw7tF,5,3,2,49.06534253,34.83499223,16.35511418,17.41749611,23.69250849,24.67456432,0,5,3,3,60.0,1.0,1604.75,350.0,1.40850735,0.70997145,5,3,2
1RxvLZs5hTqqGaiKdGqpTxcx4j,19,5,14,62.59079627,228.26753165,12.51815925,4.85675599,18.46473051,11.28382186,0,19,7,10,60.0,1.0,1129.44444444,6.0,0.2741993,3.64698239,19,5,14
1S3ptZg5puY33QA9f6aJPWzvir,7,1,6,2.44616047,20.93711122,2.44616047,3.48951854,5.52359642,3.44646191,0,7,6,7,60.0,1.0,2130.33333333,86.0,0.11683371,8.55917323,7,1,6
1S5f7kufruRMYij46Eu9yezqht,5,5,0,3.27528294,0.0,0.65505659,0.0,1.17590651,0.12085512,0,5,1,1,60.0,1.0,8607.0,5073.0,3275282939.9999995,0.0,5,5,0
1S5yWxKrwLM6cW1QDKdsLpgGWQ,13,7,6,4.09575265,2.49695714,0.58510752,0.41615952,1.13533504,0.13798668,0,13,5,4,60.0,1.0,6174.25,30.0,1.64029754,0.60964549,13,7,6
1S64cW3ZCRfYs8qZtBvwDR371Y,12,4,8,21.81598048,137.50389605,5.45399512,4.91085343,12.3377308,12.85716817,0,12,6,5,60.0,1.0,1652.0,227.0,0.15865718,6.30289783,12,4,8
1S8JK2gBEGrwP5WLwSQUyL9xtR,16,4,12,55.17109053,148.79752347,13.79277263,2.97595047,22.90761665,15.32243199,0,16,6,8,60.0,1.0,1409.53333333,6.0,0.37077963,2.6970198,16,4,12
1S9qkuekzr2UCcpqZ6MomoTS4j,29,14,15,327.63655711,286.57442243,4.68052224,4.09392032,8.28250689,3.28484114,0,29,9,11,60.0,1.0,560.35714286,0.0,1.14328611,0.87467169,29,14,15
1SBP3vNPDBUVgfAJxvihLkrmZG,3,0,3,0.0,25.58875891,0.0,8.5295863,9.80737936,1.63246452,0,3,1,1,60.0,1.0,2383.5,185.0,0.0,25588758909.999996,3,0,3
1SCnfzehvmmVgPLNuDnqjtb6qq,8,2,6,2.47117991,3.96025257,1.23558996,0.66004209,1.49450622,0.27985762,0,8,4,6,60.0,1.0,9128.71428571,2628.0,0.62399553,1.60257558,8,2,6
1SD9PuugKChGh9kbpdwJsSvxFx,11,3,8,3.15919557,6.44206707,1.05306519,0.80525838,1.43199777,0.18685033,0,11,6,7,60.0,1.0,7200.1,824.0,0.49040091,2.03914792,11,3,8
1SDgiSv4tdU9hRoCSzMaBUF7nt,10,5,5,4.27266523,4.63559423,0.85453305,0.92711885,1.41562845,0.06904297,0,10,3,5,60.0,1.0,5889.0,246.0,0.9217082,1.08494206,10,5,5
1SHLJzf4JFseKpjnzySn5UiA9m,24,17,7,421.99936841,168.39953144,5.08432974,5.26248536,10.05585234,3.75475791,0,24,9,11,60.0,1.0,671.43478261,29.0,2.50594146,0.39905162,24,17,7
1SKRzaTzXWM9oL15HncjLEogf5,5,4,1,2.98399286,1.30228614,0.74599821,1.30228614,1.36250887,0.18741561,0,5,1,2,60.0,1.0,18124.75,7734.0,2.29134963,0.43642401,5,4,1
1SQot19aNft5NzUmqyMc8Vig7j,3,2,1,7.73008675,6.52088209,3.86504337,6.52088209,6.52088209,6.02456082,0,3,2,2,60.0,1.0,3497.0,1832.0,1.18543575,0.84357166,3,2,1
1SSJbu1BGU9b4x8xfFZavmpgix,5,0,5,0.0,33.35473676,0.0,6.67094735,8.60124138,4.05288492,0,5,1,1,60.0,1.0,2344.75,893.0,0.0,33354736760.0,5,0,5
1SU3nbt8wCEe9YacKrJYhg3ecR,18,5,13,64.10325191,171.06845752,12.82065038,3.35428348,19.85994442,12.92031989,0,18,7,7,60.0,1.0,1311.11764706,74.0,0.3747228,2.6686393,18,5,13
1SVZ88tUWsvpbTp9f1CM7NDZSx,10,5,5,14.06935439,15.12479161,2.81387088,3.02495832,7.87363341,5.1023664,0,10,5,4,60.0,1.0,1227.44444444,405.0,0.93021807,1.07501675,10,5,5
1SWJiUJmszSxUp3GEww9zYDusd,8,5,3,21.26549911,7.29726826,4.25309982,2.43242275,7.07437647,4.4542817,0,8,3,4,60.0,1.0,1432.0,273.0,2.91417259,0.34315058,8,5,3
1SWqf3cebrkJGUgfbKsbx2B9z3,8,0,8,0.0,5.47403986,0.0,0.68425498,1.3494776,0.21023845,0,8,6,5,60.0,1.0,12774.42857143,5498.0,0.0,5474039859.999999,8,0,8
1SXb7AzWpsYjZBC51vBh6yYzue,7,3,4,3.36477208,4.39165699,1.12159069,1.09791425,1.25566657,0.01954576,0,7,5,3,60.0,1.0,13473.0,1565.0,0.7661737,1.30518706,7,3,4
1SZNjBbfVPzMcMwQTqhUuoMfGd,6,4,2,2.57570191,1.96725941,0.64392548,0.98362971,1.41765966,0.24534367,0,6,2,2,60.0,1.0,16550.2,3806.0,1.30928433,0.76377604,6,4,2
1Sc18uBTfUBN3wMq4XpFn9Jpf5,5,0,5,0.0,34.15917405,0.0,6.83183481,10.78746417,7.41860724,0,5,1,1,60.0,1.0,1466.75,24.0,0.0,34159174049.999996,5,0,5
1ScMwJaWx1smgeasT8TAAdeeq7,13,6,7,1.72780181,7.1030106,0.28796697,1.0147158,1.46515068,0.25071158,0,13,7,6,60.0,1.0,6359.16666667,96.0,0.24324922,4.11101005,13,6,7
1SepDJXTe5t9ivsEYYfsGhgct1,9,4,5,21.92043823,22.75729066,5.48010956,4.55145813,7.84546842,3.91689021,0,9,5,6,60.0,1.0,1473.25,70.0,0.96322706,1.03817681,9,4,5
1SfNC8Cu7kPR3uGZV51ab3ENxL,8,4,4,13.98520724,17.76774395,3.49630181,4.44193599,7.34109759,2.83433036,0,8,5,4,60.0,1.0,1821.0,206.0,0.78711216,1.27046698,8,4,4
1SftGaNdyYWWd3p6KiyWPmvnsL,6,2,4,1.31766817,3.04573537,0.65883409,0.76143384,1.20287518,0.1100738,0,6,5,5,60.0,1.0,13830.2,3769.0,0.43262727,2.31145856,6,2,4
1ShR1dkK1LHWyQ27WtM1NTkvSP,38,19,19,407.84371579,399.93292992,4.6878588,4.39486736,8.18636052,2.54566222,0,38,8,12,60.0,1.0,431.32432432,2.0,1.01978028,0.98060339,38,19,19
1SkR23YUvWTC1dz3j5ryJnKoXD,8,4,4,1.99215451,2.66287678,0.49803863,0.66571919,1.3854687,0.14514411,0,8,5,5,60.0,1.0,11895.57142857,271.0,0.74812118,1.33668185,8,4,4
1SnCT9M53LvvdJR8YG3yzQj5to,31,12,19,275.396573,467.77334479,4.74821678,5.31560619,10.21735185,4.09819094,0,31,9,11,60.0,1.0,535.13333333,0.0,0.58873935,1.69854454,31,12,19
1SnZhiVUs87AwHqueqs8oBQTjN,11,8,3,9.34369686,1.25731694,1.16796211,0.41910565,1.47707034,0.24692978,0,11,4,3,60.0,1.0,10577.1,143.0,7.43145707,0.13456311,11,8,3
1SopQMhL9WeGDjedX498yyLjR5,33,18,15,329.54109331,341.22955411,4.11926367,4.37473787,7.94390775,2.44950748,0,33,9,9,60.0,1.0,547.6875,0.0,0.96574605,1.0354689,33,18,15
1Spv9WoEC4nCCiAX77q5vWvQiy,18,1,17,4.73784693,225.32131563,4.73784693,3.36300471,5.81092453,2.51934826,0,18,9,11,60.0,1.0,1154.35294118,1.0,0.02102707,47.55774489,18,1,17
1Sq4mg6e8fDzQBRvH9NdjigE8V,7,0,7,0.0,40.15571916,0.0,5.73653131,10.13728717,9.74394246,0,7,1,1,60.0,1.0,1754.33333333,79.0,0.0,40155719160.0,7,0,7
1SsBiTSeDGvP5FJ9zS8opekAEV,11,8,3,6.36971829,1.99241273,0.79621479,0.66413758,1.49365953,0.24368314,0,11,3,4,60.0,1.0,8016.5,503.0,3.19698735,0.31279448,11,8,3
1SteVhn7HoYjeYottumGK8cPnM,16,2,14,26.75932783,173.44343268,13.37966392,3.15351696,16.24417647,6.03711301,0,15,7,7,60.0,1.0,1184.6,149.0,0.15428274,6.48160648,16,2,14
1SumJvyzZbA8PxndVYGaQJnSTA,15,3,12,50.81850825,191.27580513,16.93950275,3.98491261,21.97534787,15.5790113,0,15,7,8,60.0,1.0,1198.28571429,120.0,0.26568184,3.76390043,15,3,12
1Suny2vwRdHnFk1SgPi9DNVbyS,12,6,6,42.08820671,87.64189633,7.01470112,4.38209482,15.92380817,7.97344965,0,12,5,5,60.0,1.0,2023.18181818,48.0,0.4802293,2.08233857,12,6,6
1SvsxNRf1LJZjzHpjUYpFECnCg,8,0,8,0.0,41.09843937,0.0,5.13730492,7.91056768,7.64104854,0,8,7,5,60.0,1.0,2071.14285714,376.0,0.0,41098439370.0,8,0,8
1Sw5FRxWj6PWWibzuW76Co7SrU,9,3,6,2.12456628,4.26783097,0.70818876,0.71130516,1.24638286,0.14581631,0,9,4,5,60.0,1.0,8015.25,1237.0,0.49780938,2.00880105,9,3,6
1SxeYxspnn9BDBKC3HG24SGm5d,36,20,16,508.23464301,400.49758089,4.98269258,4.76782834,8.51709013,3.26574801,0,34,9,12,60.0,1.0,517.97142857,9.0,1.26900802,0.78801708,36,20,16
1SyLruKWBUKg4mazAWviV6oZ8C,5,3,2,1.21461816,2.25692012,0.40487272,1.12846006,1.28338585,0.15601481,0,5,3,3,60.0,1.0,23378.75,937.0,0.53817508,1.85813138,5,3,2
1SykmcxLopMP1uJzagAmSViEyb,3,3,0,1.79171946,0.0,0.59723982,0.0,0.7921623,0.03861682,0,3,1,1,60.0,1.0,30115.5,19791.0,1791719459.9999998,0.0,3,3,0
1T4AuFqLKwsz9CQA6iS1ANCEeJ,19,7,12,104.9487445,192.49340339,14.99267779,4.37485008,24.10045495,19.23711424,0,18,7,9,60.0,1.0,1130.16666667,12.0,0.54520697,1.83416585,19,7,12
1T58XWTwzbV9wfth1LXXzzH9Mj,5,3,2,1.55927596,1.82526235,0.51975865,0.91263118,1.19435295,0.17767302,0,5,3,2,60.0,1.0,20470.0,478.0,0.85427498,1.17058327,5,3,2
1T9xTCGMmqdR1QF19pR5pbL29Q,20,5,15,71.82991841,198.84925327,14.36598368,3.37032633,21.00727116,12.20168526,0,19,8,9,60.0,1.0,1093.89473684,20.0,0.361228,2.76833467,20,5,15
1TBdbNpvYsokfVFqUxuFxubGy8,7,3,4,2.69855151,2.87986727,0.89951717,0.71996682,1.33330976,0.14288698,0,7,3,4,60.0,1.0,7088.33333333,988.0,0.93704024,1.06719003,7,3,4
1TLXs5QHGohYfgDW79L1SNvgRt,11,3,8,2.25522426,7.59399746,0.75174142,0.94924968,1.47020319,0.19454333,0,11,6,6,60.0,1.0,8181.0,1565.0,0.29697459,3.36729149,11,3,8
1TLstYQWms3N6vqA4JrS5bXCDz,4,1,3,0.11012112,1.87309046,0.11012112,0.62436349,0.92252445,0.11610415,0,4,3,3,60.0,1.0,15146.66666667,3196.0,0.05879114,17.00936623,4,1,3
1TR7AEYK4YXdJGFvCqMUCEpmZj,8,2,6,0.83639412,5.19764922,0.41819706,0.86627487,1.45183224,0.21126045,0,8,6,5,60.0,1.0,6831.0,776.0,0.16091777,6.21435409,8,2,6
1TVapKQm9WzGmGihh7havtza7M,32,14,18,346.64685845,421.71556719,5.25222513,4.58386486,7.99036219,2.77348796,0,30,9,12,60.0,1.0,547.29032258,3.0,0.82199209,1.21655673,32,14,18
1TYPhyYBxvoqySTZHnufy1kNFS,3,0,3,0.0,16.89170945,0.0,5.63056982,8.53276926,4.22008664,0,3,1,1,60.0,1.0,2990.5,704.0,0.0,16891709450.0,3,0,3
1Tdt3TYSHmqxjxfhm1dCCZbqwJ,20,8,12,98.26062311,148.81520158,12.28257789,3.03704493,20.20225572,16.81471275,0,19,7,8,60.0,1.0,1239.89473684,70.0,0.66028619,1.51449479,20,8,12
1TeLszoxmh2fXHisredFo4eXBa,7,2,5,2.48145145,3.28710845,1.24072572,0.65742169,1.27256498,0.12809449,0,7,5,6,60.0,1.0,10354.5,100.0,0.75490404,1.32467168,7,2,5
1ThVpvUKqXm9oCoreuZ6Az1eeQ,6,1,5,0.17849338,4.47981254,0.17849338,0.89596251,1.4348303,0.29471035,0,6,5,5,60.0,1.0,11450.0,4736.0,0.03984394,25.09791982,6,1,5
1Ti9y9ve2y67toxDcR1JXveJjq,10,2,8,24.92176458,96.5538074,12.46088229,3.01730648,22.76667068,13.00782778,0,10,5,6,60.0,1.0,2089.55555556,100.0,0.25811271,3.87427652,10,2,8
1TjjXU7bGrWRApfQ1XTiXmv5hT,19,5,14,86.54806121,198.76535628,17.30961224,3.48711151,24.11056659,22.8089012,0,18,6,8,60.0,1.0,1017.5,24.0,0.4354283,2.29658936,19,5,14
1TmtQYLa5tKpMBM9nyZqZbjtSL,29,13,16,325.24635216,360.53581114,5.16264051,4.87210556,10.57594164,3.51111074,0,28,8,12,60.0,1.0,643.60714286,5.0,0.90211941,1.10850071,29,13,16
1TwDdof4HkuT32aCmpuGSdRoju,7,6,1,27.78318227,6.27805759,4.63053038,6.27805759,7.52535458,5.09321338,0,7,2,2,60.0,1.0,2609.83333333,379.0,4.4254424,0.22596611,7,6,1
1TzUFQ96NATXDuiV851Vq1SbTa,46,22,24,496.0321248,515.92901868,4.63581425,4.56574353,7.93890068,2.92761535,0,46,9,12,60.0,1.0,359.28888889,2.0,0.96143482,1.04011211,46,22,24
1TztJaUpXnJ7SFYr693SF7WNPy,9,6,3,18.53610015,18.21517164,3.08935002,6.07172388,7.80523054,6.24264962,0,9,3,4,60.0,1.0,1130.75,17.0,1.01761875,0.9826863,9,6,3
1U1aa4yksHz5Zkg3qj9KKStnCc,41,23,18,532.83847612,427.14529664,4.67402172,5.27339872,9.94017562,3.88812134,0,38,8,12,60.0,1.0,423.25,2.0,1.24744081,0.80164124,41,23,18
1U6UHPFJQHXBBFweiafatDw3RQ,7,3,4,2.29749655,2.66989042,0.76583218,0.66747261,1.43224688,0.22031315,0,7,4,4,60.0,1.0,13456.33333333,2185.0,0.86052092,1.1620868,7,3,4
1U6py3pQFuxsV4ud9D33W5tUeM,3,2,1,2.10684929,0.17975176,1.05342464,0.17975176,1.05755638,0.16963456,0,3,2,2,60.0,1.0,47677.0,14657.0,11.72088268,0.08531781,3,2,1
1U7ppQt9c4eccNj8TPxjqUxo4K,5,3,2,3.949483,2.57335499,1.31649433,1.28667749,1.39852091,0.00657423,0,5,3,3,60.0,1.0,18905.0,1531.0,1.53476027,0.65156756,5,3,2
1UAhoSG38GSYLmfCipRrmsjj6r,6,1,5,1.00296515,4.14749065,1.00296515,0.82949813,1.30577435,0.11705325,0,6,5,5,60.0,1.0,14457.2,545.0,0.24182457,4.13522908,6,1,5
1UBgD5gq7iRyVcyhVMpmcRmHYH,35,14,21,349.59631385,434.67642872,5.06661324,4.4812003,8.20449824,2.92237787,0,35,9,10,60.0,1.0,466.5,21.0,0.80426794,1.24336674,35,14,21
1UH9G189XKSenr18YRE7qf6duZ,10,5,5,20.3342348,20.91951345,4.06684696,4.18390269,7.57422343,7.32125433,0,10,5,6,60.0,1.0,1807.77777778,336.0,0.97202236,1.02878292,10,5,5
1UNCEC97LpbgLJr6DgtrddQi6V,9,4,5,96.6847885,181.97668073,24.17119712,36.39533615,38.42855771,72.33411077,0,9,3,5,60.0,1.0,1078.375,442.0,0.53130318,1.88216454,9,4,5
1UP4xCkJAzEradDPJpHwv1W5t5,6,0,6,0.0,41.14818072,0.0,6.85803012,11.3161287,7.6507434,0,6,1,1,60.0,1.0,1858.2,922.0,0.0,41148180720.0,6,0,6
1UPKy5UptjbejEeCYwUqoqnnFe,10,3,7,12.0053099,22.12905399,4.00176997,3.16129343,7.43835411,3.29446094,0,10,5,7,60.0,1.0,1545.0,616.0,0.54251347,1.8432722,10,3,7
1UPrW4E6p16B9h5GFiqmaYPsEi,2,1,1,25.86416559,38.91385807,25.86416559,38.91385807,38.91385807,42.57361846,0,2,2,2,60.0,1.0,608.0,608.0,0.66465179,1.50454721,2,1,1
1UQrXK5mTecHiFyTSnGkGXpvvQ,39,24,15,519.14668458,290.73255744,4.47540245,3.68015895,7.87829696,2.80919597,0,38,9,12,60.0,1.0,427.21052632,0.0,1.78565032,0.56002006,39,24,15
1UTxKwRhu3etU5Kfs3dw614f7U,5,0,5,0.0,13.88190507,0.0,2.77638101,7.46706597,6.17124819,0,5,1,1,60.0,1.0,1555.75,567.0,0.0,13881905070.0,5,0,5
1UUVZvmZ1dmmDViS6SuMBCcifk,15,4,11,66.91164024,151.41864293,16.72791006,3.60520578,21.84197921,16.69753638,0,15,7,9,60.0,1.0,1460.07142857,169.0,0.4418983,2.26296415,15,4,11
1UUzjRUJ651ziSQLx6n6nvzFK1,9,4,5,2.83651142,1.6338791,0.70912785,0.32677582,1.17120786,0.11448682,0,9,6,4,60.0,1.0,9843.25,446.0,1.73605955,0.57601711,9,4,5
1UVDecFnHzLbZDcLCMtFRthwLS,9,4,5,2.44028997,6.42784851,0.61007249,1.2855697,1.42261071,0.15476996,0,9,4,5,60.0,1.0,11823.625,937.0,0.37964335,2.63405111,9,4,5
1UaxQv8YeWDUXdovfy46uy19iu,6,2,4,4.6446464,20.30662854,2.3223232,5.07665713,7.73634458,4.33729646,0,6,4,5,60.0,1.0,2046.6,586.0,0.22872563,4.37205048,6,2,4
1UcLr715DAjZsBDzFnfA7kbwZo,20,7,13,98.29001155,161.95584255,14.04143022,2.74501428,23.4618674,19.81467953,0,19,8,10,60.0,1.0,1176.78947368,32.0,0.60689389,1.6477345,20,7,13
1UdMuXBPBj3BFptrQZgEWWr8BQ,7,4,3,19.00423169,4.2559384,4.75105792,1.41864613,6.04698222,4.33988057,0,7,4,4,60.0,1.0,2388.66666667,572.0,4.46534463,0.22394688,7,4,3
1UdSnhTK8S2MBtgWvmQ6Uw7GUe,7,7,0,6.41370014,0.0,0.91624288,0.0,1.39900241,0.12060232,0,7,1,1,60.0,1.0,11938.83333333,1149.0,6413700140.0,0.0,7,7,0
1UeEFusQ6hvjMpZbq2qoWp1rvj,16,3,13,38.70533155,181.80212934,12.90177718,3.43022886,20.55188828,10.83834449,0,16,7,9,60.0,1.0,1558.33333333,23.0,0.21289812,4.69708234,16,3,13
1Uftt5u1MwF3A7Q5RXoQqtncRm,13,6,7,87.27164207,94.30788795,14.54527368,3.36813886,24.5847618,32.55082732,0,13,6,6,60.0,1.0,1714.25,57.0,0.9253907,1.08062465,13,6,7
1Uggr48pQBEvi3z9ffjgSRDF2f,5,2,3,10.9187545,8.47944545,5.45937725,2.82648182,5.53050988,2.76692576,0,5,4,4,60.0,1.0,3800.75,2467.0,1.28767318,0.77659457,5,2,3
1UjjDrgys9trmKDkkQnbcMEtWe,9,6,3,5.62610268,2.89480521,0.93768378,0.96493507,1.44827188,0.12220786,0,9,4,4,60.0,1.0,12817.25,141.0,1.94351684,0.51453117,9,6,3
1UqbwbK5QYX6m9pf5aJCmhiQ5o,4,0,4,0.0,24.26392767,0.0,6.06598192,8.29179311,5.42505235,0,4,1,1,60.0,1.0,1899.33333333,162.0,0.0,24263927670.0,4,0,4
1UqxJesM1U3rMiuK77myEXi7Fi,3,0,3,0.0,16.61805344,0.0,5.53935115,11.99152188,21.57353863,0,3,1,1,60.0,1.0,2412.5,2054.0,0.0,16618053440.0,3,0,3
1UsefiMWVVkEZXszspBj6KZjhg,7,3,4,2.24797567,1.36024071,0.74932522,0.34006018,1.46651246,0.22318545,0,7,4,4,60.0,1.0,9640.83333333,800.0,1.65263078,0.60509583,7,3,4
1UshYiMCncmygsPFjeuCRLomK9,15,10,5,7.7892951,3.68426387,0.77892951,0.73685277,1.39871219,0.13659831,0,15,4,5,60.0,1.0,6000.35714286,619.0,2.11420663,0.47299067,15,10,5
1UsyZkT9EWR41ZaJLWH2ZpFVuj,22,2,20,20.78943686,260.42526392,10.39471843,3.51926032,17.60212378,9.36546175,0,19,9,10,60.0,1.0,769.47619048,52.0,0.0798288,12.52680704,22,2,20
1UtR2WELKsRwXnHRCo8PphdPbK,19,4,15,55.69025626,232.14285945,13.92256406,4.1454082,17.83085213,9.66635879,0,19,8,8,60.0,1.0,1262.44444444,162.0,0.23989649,4.16846456,19,4,15
1UwmEsHfKCg3uJyUt5XMwN7ZcV,24,5,19,73.50695589,248.84746353,14.70139118,3.71414125,24.89966909,16.83003414,0,24,8,10,60.0,1.0,842.30434783,43.0,0.29538961,3.38535939,24,5,19
1UygNZsZx8ehwKqRbVhnWqKekA,5,0,5,0.0,35.45461659,0.0,7.09092332,11.23723179,14.99547188,0,5,1,1,60.0,1.0,1481.25,675.0,0.0,35454616590.0,5,0,5
1UzBG2tDfn55r7JusCb8rWcqQo,6,4,2,2.24680741,1.60293687,0.56170185,0.80146844,1.28788728,0.18774422,0,6,3,3,60.0,1.0,10715.6,3492.0,1.40168178,0.71342869,6,4,2
1V1N1BzB5Zj7Sdc5ivKz7FsqLv,23,5,18,54.62902421,259.29568346,10.92580484,3.75790846,21.09988612,10.3274225,0,22,8,10,60.0,1.0,1016.31818182,40.0,0.21068235,4.74648206,23,5,18
1V3hiA7sW1vpJV48uCNnmxgBcz,8,2,6,8.67785413,32.04653287,4.33892707,5.34108881,7.98475809,6.26951242,0,8,6,5,60.0,1.0,1775.57142857,170.0,0.27078917,3.69290984,8,2,6
1VAENYZKqQsXhA3a2AK82sK6Q4,1,0,1,0.0,9.13296771,0.0,9.13296771,9.13296771,0.0,0,1,1,1,60.0,1.0,0.0,0.0,0.0,9132967710.0,1,0,1
1VC54xqM7GGJR47bLBA17GbjcB,21,4,17,80.78535612,193.97236816,20.19633903,2.93897528,24.8126692,20.93447023,0,21,8,9,60.0,1.0,1067.85,54.0,0.41647868,2.40108328,21,4,17
1VCk5CCpZ8R3UJcH9BewH1NWnA,7,2,5,1.63475366,3.54825744,0.81737683,0.70965149,1.30036661,0.10137848,0,7,5,5,60.0,1.0,14072.16666667,1203.0,0.46072014,2.17051506,7,2,5
1VDfG5SHof1epNJUzcibYpGnj4,4,0,4,0.0,22.31201838,0.0,5.57800459,9.26397993,6.12492549,0,4,1,1,60.0,1.0,2746.0,1504.0,0.0,22312018379.999996,4,0,4
1VHYSWnWQyEW9T4GAzh7KQ4PWR,9,4,5,4.57139146,3.62730792,1.14284787,0.72546158,1.37336707,0.14501079,0,9,5,4,60.0,1.0,8799.25,1356.0,1.26027113,0.79348005,9,4,5
1VJbe2G2HPtzbztZ1nqeX8vbU5,8,5,3,15.4162165,8.24534065,3.0832433,2.74844688,7.3416106,6.11187931,0,8,3,3,60.0,1.0,2314.0,859.0,1.86968825,0.53484852,8,5,3
1VLQTHAL11auqw9PKXb1mYqXL1,4,2,2,1.84579155,1.30761634,0.92289577,0.65380817,1.40917997,0.2203667,0,4,1,3,60.0,1.0,20176.66666667,3732.0,1.41156966,0.70843121,4,2,2
1VNSmLHFexq3eM5hfvNSySE24i,1,0,1,0.0,4.37861441,0.0,4.37861441,4.37861441,0.0,0,1,1,1,60.0,1.0,0.0,0.0,0.0,4378614410.0,1,0,1
1VPfGdmsQMWj6KtC6sp6TkCC3v,6,1,5,3.01448362,19.40268396,3.01448362,3.88053679,7.10032962,3.72249789,0,5,5,5,60.0,1.0,2912.2,1284.0,0.15536426,6.43648678,6,1,5
1VRjb6Vi13Ub5zHFUQdXAjFfpi,1,0,1,0.0,7.44387853,0.0,7.44387853,7.44387853,0.0,0,1,1,1,60.0,1.0,0.0,0.0,0.0,7443878530.0,1,0,1
1VVKTR98fgmYZjMvUNh9MzNjwL,12,0,12,0.0,87.47651906,0.0,7.28970992,11.43251439,8.60935752,0,12,1,1,60.0,1.0,968.90909091,130.0,0.0,87476519060.0,12,0,12
1VVS1o3Kf2a9yL1LFEwM2rumuJ,9,3,6,4.08261442,3.13308485,1.36087147,0.52218081,1.44793079,0.25444402,0,9,5,7,60.0,1.0,11871.375,2116.0,1.30306539,0.7674212,9,3,6
1VZxBVWj9MxDoA4gPheimCbJad,8,6,2,28.56140499,7.96700167,4.76023416,3.98350084,6.81809163,4.00261297,0,7,3,2,60.0,1.0,1090.71428571,299.0,3.58496285,0.27894292,8,6,2
1Va7qqTrVUSGpyJyvt9p1bFLZm,5,3,2,4.31202445,7.99995772,1.43734148,3.99997886,5.13452616,2.32674087,0,5,3,3,60.0,1.0,2748.5,1515.0,0.5390059,1.85526724,5,3,2
1Vajk68ASSme7pzB5QDNDfwS8F,12,2,10,1.71372758,7.93026908,0.85686379,0.79302691,1.48176785,0.12944711,0,12,6,5,60.0,1.0,8534.90909091,591.0,0.21609955,4.62749691,12,2,10
1Vb1JV1K3XheDRP5tZvVQSseCU,7,5,2,23.79046949,6.51012938,4.7580939,3.25506469,5.69986909,1.8369685,0,7,2,3,60.0,1.0,2269.5,41.0,3.65437737,0.27364443,7,5,2
1VddiTMJTqRAZgYmDP7aftRBAN,15,5,10,77.29362653,160.53579304,15.45872531,3.82228079,24.01423222,18.77003278,0,15,6,7,60.0,1.0,1328.5,65.0,0.48147285,2.07696029,15,5,10
1VeEmvrgLF6Lzdn8HB5PHLoxx3,38,21,17,502.41506574,390.79919484,5.12668434,4.82468142,11.61892607,3.90041917,0,38,9,11,60.0,1.0,406.2972973,23.0,1.28560927,0.77784131,38,21,17
1VfAF9SY5JpjbNZn7ghW17Q3o7,14,2,12,11.86647502,167.23535981,5.93323751,3.48407,8.90378775,4.97008699,0,14,5,7,60.0,1.0,1725.0,131.0,0.07095673,14.093095,14,2,12
1VfDo7LxiLHifJtst8endRjJMk,42,20,22,434.78342782,473.91593845,4.3917518,4.47090508,10.61850108,4.92387494,0,40,9,12,60.0,1.0,405.6097561,51.0,0.91742732,1.0900046,42,20,22
1VhDJxsX6QSRBXVUZgpUqAusX2,6,1,5,1.45523272,4.02801821,1.45523272,0.80560364,1.45523272,0.21146016,0,6,5,4,60.0,1.0,6574.8,75.0,0.36127759,2.76795467,6,1,5
1VipRRgHuehHVp6PPvhtpGJwVH,11,6,5,26.62609918,25.03450838,4.4376832,5.00690168,7.42030749,3.99882483,0,11,3,5,60.0,1.0,1540.3,14.0,1.06357588,0.94022441,11,6,5
1Vj6tjMxZz82t9tq7G5CQ5AdtG,7,4,3,4.65311422,1.97277715,1.16327855,0.65759238,1.37911256,0.10614644,0,7,4,4,60.0,1.0,14292.16666667,1355.0,2.35866186,0.42396921,7,4,3
1VjVAxoM6tgjgTRFzSNb3jyVpJ,5,3,2,1.02521293,1.75123341,0.34173764,0.8756167,1.37432672,0.22817754,0,5,3,3,60.0,1.0,13425.5,997.0,0.58542335,1.70816555,5,3,2
1VpWsHyux2qsGXRWTcXK2HxA2x,11,2,9,24.90510016,141.40705253,12.45255008,4.41897039,22.19477566,11.90160431,0,11,6,6,60.0,1.0,2082.1,107.0,0.17612347,5.67783513,11,2,9
1VqDKhUSUR6Y2Y7McXgRLYsrKr,6,3,3,3.53757345,3.23610691,1.17919115,1.0787023,1.29238279,0.00801335,0,6,4,4,60.0,1.0,9954.2,252.0,1.09315716,0.91478155,6,3,3
1VvbLJnfbcsrtGb1DVhJiVyptF,4,0,4,0.0,20.48213385,0.0,5.12053346,11.45908529,15.03353812,0,4,1,1,60.0,1.0,2707.66666667,2410.0,0.0,20482133850.0,4,0,4
1W1jADyCLL6CGwEU6oGAkcwrQ1,7,4,3,2.94993857,2.01520263,0.73748464,0.67173421,1.38529813,0.15190263,0,7,4,3,60.0,1.0,9515.33333333,1024.0,1.46384216,0.68313376,7,4,3
1W4BdUuoSY2RkUCPECJJVyA3gg,13,4,9,2.7394567,6.96150337,0.68486417,0.77350037,1.41473987,0.16392529,0,13,8,10,60.0,1.0,7741.91666667,513.0,0.3935151,2.54119854,13,4,9
1W6R8japjRrBnmZhReWpHXTotC,8,0,8,0.0,66.28384622,0.0,8.28548078,11.77373751,8.61138029,0,8,1,1,60.0,1.0,1518.28571429,309.0,0.0,66283846220.0,8,0,8
1W6Y93k8MFGF21DxCNRdtTJVqH,9,7,2,210.80770392,38.49831416,30.11538627,19.24915708,36.49078019,91.2534452,0,9,3,2,60.0,1.0,1145.875,35.0,5.47576455,0.1826229,9,7,2
1W96MnaUAH8M39YxvJpQUKzyHg,5,3,2,3.11970199,1.98233052,1.03990066,0.99116526,1.34754275,0.04809528,0,5,2,3,60.0,1.0,14351.75,505.0,1.57375471,0.63542304,5,3,2
1WBgfyDEhoNmXzkh2BmzH2zugG,1,0,1,0.0,5.69346481,0.0,5.69346481,5.69346481,0.0,0,1,1,1,60.0,1.0,0.0,0.0,0.0,5693464810.0,1,0,1
1WCYNb4tJPtAgvzCUVxvUgZaig,11,7,4,29.00147831,18.46704074,4.14306833,4.61676019,7.36563423,3.78424974,0,11,3,5,60.0,1.0,1383.2,12.0,1.57044535,0.63676205,11,7,4
1WD9wBR9Uyv86KAHEsTj9vpNic,21,4,17,29.60803853,204.59441281,7.40200963,3.05364795,13.29812722,5.99776543,0,21,9,10,60.0,1.0,1065.0,55.0,0.14471577,6.91009682,21,4,17
1WFb8yNCAfsuEC9dWjkCrMH38K,5,0,5,0.0,23.04896678,0.0,4.60979336,8.07509121,4.4231018,0,5,1,1,60.0,1.0,1936.5,960.0,0.0,23048966780.0,5,0,5
1WGEeP44KYfyvikXKb1w7U9yHo,7,3,4,2.22166249,2.68881832,0.74055416,0.67220458,1.43491055,0.28966393,0,7,4,5,60.0,1.0,10970.83333333,246.0,0.8262598,1.21027309,7,3,4
1WMwAidSSpLX5k6Z6Ez9j1WADp,38,15,23,389.58584132,468.71292777,5.19447788,4.46393265,9.63365304,3.69547908,0,36,9,11,60.0,1.0,409.13513514,6.0,0.8311822,1.20310565,38,15,23
1WN74gWfB5PhcyFPh1DJKuxUeo,9,7,2,6.71432092,2.07667277,0.9591887,1.03833639,1.46452206,0.19689807,0,9,3,2,60.0,1.0,8434.125,481.0,3.23321084,0.30929007,9,7,2
1WNcrgfXnjQnV87qjF1NPvhtKc,5,3,2,1.18839912,1.19546446,0.39613304,0.59773223,0.86434669,0.06957041,0,5,3,3,60.0,1.0,15301.5,7087.0,0.99408988,1.00594526,5,3,2
1WNtEd8UrdAwc2xf8xTnSF8Uvz,7,4,3,21.61399907,14.01765166,5.40349977,4.67255055,7.8541525,6.96754219,0,7,3,3,60.0,1.0,1674.0,875.0,1.54191298,0.64854503,7,4,3
1WPgvN1yBKAHir9TEGQCF8jWhM,41,19,22,442.58126666,463.2555563,4.70831135,4.21141415,10.57594164,3.95105982,0,40,9,12,60.0,1.0,394.225,7.0,0.95537174,1.04671298,41,19,22
1WRga8meaXc4fov9qX1JQ9GwZa,13,6,7,4.37736098,6.19147757,0.72956016,0.8844968,1.26325144,0.10727012,0,13,6,5,60.0,1.0,7123.75,786.0,0.70699779,1.41443157,13,6,7
1WUsJY5qrxLCHkiFB675uhe49U,13,6,7,125.22222281,113.1603371,20.87037047,16.16576244,36.47345826,76.94681927,0,13,6,5,60.0,1.0,745.16666667,120.0,1.10659111,0.90367616,13,6,7
1WZZ6SQZ1jGwtgkBqZ9VBCddjx,7,5,2,3.20969609,1.32365999,0.64193922,0.66182999,1.4764103,0.18938596,0,7,3,2,60.0,1.0,14071.83333333,1561.0,2.42486448,0.41239418,7,5,2
1WaL8FbjG8CWU3YbrGDPfKbChx,34,21,13,505.15669326,298.72703913,4.8572759,5.15046619,9.28941524,4.4507375,0,34,8,12,60.0,1.0,488.93939394,10.0,1.69103103,0.5913552,34,21,13
1Wb6W1EwzBk76fB1R8FqUGuZjM,8,4,4,3.26110087,2.88912817,0.81527522,0.72228204,1.32070768,0.10378637,0,8,5,4,60.0,1.0,14611.57142857,2891.0,1.12874912,0.88593646,8,4,4
1WbiPLHQZyYW7toXqvMEQMT3dx,10,5,5,2.75824261,2.53448151,0.55164852,0.5068963,1.25656041,0.13453457,0,10,4,5,60.0,1.0,7312.11111111,118.0,1.08828674,0.91887548,10,5,5
1We4cWXtmFXEh7TtdsAVPgBYLT,40,14,26,362.85033785,593.51561159,4.97055257,4.4625234,11.36715417,3.80765595,0,38,8,12,60.0,1.0,445.79487179,3.0,0.6113577,1.63570362,40,14,26
1WfHrkkkkFuFqYgwvqND6tooz7,15,5,10,95.90789659,169.66557818,19.18157932,4.24163945,24.48355973,28.86995226,0,15,8,6,60.0,1.0,1201.07142857,144.0,0.5652761,1.76904702,15,5,10
1WgfWkkaxEkE6mQ2GB7fZQqeuk,5,3,2,14.26760425,6.27033946,4.75586808,3.13516973,6.20847612,1.8952788,0,5,3,3,60.0,1.0,2713.5,409.0,2.27541178,0.43948089,5,3,2
1WiS7oa9oqt1f7RR28u1qvi39G,10,4,6,3.76614033,4.0797132,0.94153508,0.6799522,1.49518849,0.17545306,0,10,6,5,60.0,1.0,7104.66666667,1697.0,0.9231385,1.08326107,10,4,6
1WkAvfJB1TyxX4c2NpapPcAJk1,28,17,11,433.07534075,241.82015695,4.81194823,4.7415717,7.95325651,3.13206471,0,27,9,12,60.0,1.0,572.25925926,4.0,1.79089844,0.55837896,28,17,11
1WkAzaG7q18cPok4ab4bXMSpLu,4,0,4,0.0,35.30719964,0.0,8.82679991,11.27270612,2.69470155,0,4,1,1,60.0,1.0,2184.0,70.0,0.0,35307199640.0,4,0,4
1WkEDVsnoEdieCv2MCCAddgEpT,4,1,3,1.4066877,3.80409831,1.4066877,1.26803277,1.4066877,0.00446824,0,4,4,3,60.0,1.0,26019.0,19500.0,0.36978216,2.70429486,4,1,3
1WpJytoaThXDQb8c9o8YoYHZVK,4,2,2,5.14419482,9.24421898,2.57209741,4.62210949,5.58524215,2.21836019,0,4,3,2,60.0,1.0,3359.0,496.0,0.55647695,1.79701961,4,2,2
1Wrs86u893Y27amj2mNhardDqQ,7,2,5,53.81894893,128.69401068,26.90947447,25.73880214,32.88383949,17.34994194,0,7,6,5,60.0,1.0,1444.5,120.0,0.41819311,2.39123976,7,2,5
1Wss6xZdvp8v7uettg9oMwRjkf,21,4,17,54.35812315,195.92387804,13.58953079,3.21186685,19.29234885,13.3654572,0,21,8,10,60.0,1.0,1145.35,69.0,0.27744512,3.60431646,21,4,17
1Ww4xuYKm3thFfAP7eggHmPCfM,18,3,15,27.49588376,188.27648346,9.16529459,3.19112684,18.66968943,7.6436409,0,18,7,8,60.0,1.0,958.17647059,81.0,0.14603993,6.84744252,18,3,15
1WwBKrPfd9Z7Suns7Mci5sLbWS,9,2,7,1.48299576,5.63064476,0.74149788,0.80437782,1.36490336,0.13180867,0,9,6,6,60.0,1.0,8453.0,761.0,0.26337939,3.79680435,9,2,7
1WytE8hpks2yXC186oGWxyemcJ,6,5,1,5.26965041,0.5250983,1.05393008,0.5250983,1.46123918,0.09361243,0,6,2,2,60.0,1.0,15140.4,1509.0,10.03555032,0.09964576,6,5,1
1WznYqGqHNKmVNsVmHdJf3q9Aa,9,6,3,5.38607316,2.15396278,0.89767886,0.71798759,1.37640765,0.12557222,0,9,4,4,60.0,1.0,11781.375,1056.0,2.50054143,0.39991339,9,6,3
1X1aPcyVaEXgB8F8UupcC9Ri4a,7,0,7,0.0,37.94887265,0.0,5.42126752,10.33262801,10.06303832,0,7,1,1,60.0,1.0,1692.33333333,616.0,0.0,37948872649.99999,7,0,7
1X2Sxzdgk3iRLfsLgGNUiPpmwz,3,0,3,0.0,16.94594649,0.0,5.64864883,8.13087908,8.01255303,0,3,1,1,60.0,1.0,1841.0,1242.0,0.0,16945946490.0,3,0,3
1X3NSRAF2wso4vQS1eiLJhSx7Q,2,1,1,19.39847332,34.38143921,19.39847332,34.38143921,34.38143921,56.12231672,0,2,2,2,60.0,1.0,4690.0,4690.0,0.56421353,1.77237861,2,1,1
1X3uQhnk2mjiAHfWkAHGfejvB1,10,0,10,0.0,10.65550084,0.0,1.06555008,1.3727801,0.09496648,0,10,7,7,60.0,1.0,7847.11111111,1002.0,0.0,10655500840.0,10,0,10
1X6d7ZedtFcvw7gbXyf97TN17w,9,5,4,95.63449179,58.15791844,19.12689836,14.53947961,31.51971247,60.34050997,0,9,3,5,60.0,1.0,932.25,124.0,1.64439331,0.60812702,9,5,4
1X7JvVk9HRF3t6xofbpRnHCJ9z,6,3,3,1.68581948,2.7152421,0.56193983,0.9050807,1.3516524,0.16188425,0,6,3,4,60.0,1.0,12275.6,3275.0,0.62087262,1.61063633,6,3,3
1X8r2P9dZkVY1ViKPwfpgvo6Qx,13,2,11,28.95752283,173.57294552,14.47876142,4.69116069,22.78704919,13.90899896,0,13,8,7,60.0,1.0,1381.83333333,19.0,0.16683201,5.99405365,13,2,11
1XB4DavnNeGJs36vQESL6MKW7M,13,7,6,5.45820284,3.85452042,0.77974326,0.64242007,1.39617837,0.21172237,0,13,5,6,60.0,1.0,7382.58333333,455.0,1.41605239,0.70618856,13,7,6
1XD7beEfYLd1eUxz8oyVriDeth,3,0,3,0.0,2.8935815,0.0,0.96452717,1.22660827,0.03636464,0,3,3,3,60.0,1.0,15843.5,12209.0,0.0,2893581499.9999995,3,0,3
1XD9cLAHraXijBdb4jB2zAg5iW,40,16,24,384.63349455,537.53071047,4.86877841,4.79938134,11.2839424,4.02189674,0,40,9,12,60.0,1.0,450.30769231,0.0,0.71555632,1.39751404,40,16,24
1XDyJ6pLaN4zrBkmWjQfhvzm2a,4,3,1,12.83634103,4.38609763,4.27878034,4.38609763,6.952154,3.3049934,0,4,2,2,60.0,1.0,4933.33333333,568.0,2.9265972,0.34169376,4,3,1
1XF6tfrC9ViRkq2WNmdabgXibT,21,3,18,51.77108075,270.14847397,17.25702692,3.65065505,20.25551939,9.5018233,0,21,9,8,60.0,1.0,1093.9,142.0,0.19163936,5.21813472,21,3,18
1XFw7PwcQ8qJdFtUwcruggkic2,7,5,2,3.88939919,1.19794838,0.77787984,0.59897419,1.30116631,0.10339584,0,7,2,3,60.0,1.0,13901.16666667,1526.0,3.24671685,0.30800345,7,5,2
1XGNxFvGwLz1RhB4w7TUDGJr48,8,4,4,15.47431519,19.47670898,3.8685788,4.86917724,7.09396921,4.32362833,0,8,4,4,60.0,1.0,1943.42857143,492.0,0.79450359,1.25864756,8,4,4
1XLfNKQ1aejkA4GZuvcw4UPDDh,9,4,5,2.67065864,2.4610807,0.66766466,0.49221614,1.39706261,0.20822346,0,9,3,6,60.0,1.0,12792.875,1689.0,1.08515687,0.92152575,9,4,5
1XMzPksnNfhBZmgYJbnWJ6k5nh,16,4,12,57.23659258,208.54832756,14.30914814,5.08654457,22.54031534,14.51528648,0,16,8,9,60.0,1.0,1192.8,72.0,0.27445242,3.64361885,16,4,12
1XNiEG8V49jwPzEGYfX1bR4Lzi,11,5,6,122.47248196,142.26213975,24.49449639,23.71035663,37.59883801,128.17764616,0,11,4,5,60.0,1.0,842.5,196.0,0.86089301,1.16158452,11,5,6
1XPLmQ9uVyfaqNCnL2pu8F9wmA,16,7,9,4.48274684,6.31092015,0.64039241,0.70121335,1.42009135,0.16007293,0,16,8,6,60.0,1.0,5273.06666667,1043.0,0.71031589,1.40782435,16,7,9
1XPX7VomVM5L3tn82wNi7ktBpG,5,3,2,2.31099584,2.06125037,0.77033195,1.03062518,1.36230717,0.10998942,0,5,2,3,60.0,1.0,10976.75,1204.0,1.12116212,0.89193167,5,3,2
1XSHVJWUpe8jpy6U6CC8tN3qGo,5,1,4,3.63751887,21.06797424,3.63751887,5.26699356,6.43973729,0.85915399,0,5,2,5,60.0,1.0,2557.25,1412.0,0.17265632,5.79185291,5,1,4
1XZgspwiGVfaYYjNBmiDgegUvv,6,0,6,0.0,36.96138918,0.0,6.16023153,10.92198203,7.31437834,0,6,1,1,60.0,1.0,1447.0,74.0,0.0,36961389179.99999,6,0,6
1XbmsBmUPmdRu1cszfD5ojegAM,7,1,6,1.02474334,1.96952298,1.02474334,0.32825383,1.02474334,0.10027288,0,7,4,4,60.0,1.0,16035.66666667,3442.0,0.52030027,1.92196709,7,1,6
1XeqhCgJdkqwUMyBEsgSYHkxed,11,5,6,19.95338407,21.33982102,3.99067681,3.55663684,7.59155934,4.83588763,0,11,6,5,60.0,1.0,1113.6,131.0,0.93503053,1.0694838,11,5,6
1XhmYHoKuf8oT1ygkESQgsP9y4,6,2,4,1.76756692,5.16230233,0.88378346,1.29057558,1.45052144,0.08459585,0,6,4,4,60.0,1.0,15561.4,2393.0,0.34239895,2.92056967,6,2,4
1Xhpjj5khbteLg4zNbr1XWZzXd,6,2,4,0.76408666,4.25826081,0.38204333,1.0645652,1.23701405,0.1223478,0,6,4,5,60.0,1.0,16128.6,1165.0,0.17943632,5.57300766,6,2,4
1XkBfPpKQarNZFNmTzuxGkfecq,16,3,13,25.18854664,178.3074689,8.39618221,3.56614938,12.10997776,6.21703845,0,16,6,10,60.0,1.0,1408.0,50.0,0.14126467,7.07891056,16,3,13
1Xm7U67QaRUtaU86ddXuvRVPep,14,5,9,50.34661543,111.14013608,10.06932309,3.00378746,15.61113451,13.79438427,0,14,7,8,60.0,1.0,1656.69230769,461.0,0.4530012,2.20749965,14,5,9
1XmcUYdSddfdEja7di8yzhdKcu,7,2,5,17.26508032,84.57762841,8.63254016,16.91552568,24.25990056,36.43531865,0,6,6,6,60.0,1.0,1455.66666667,274.0,0.20413294,4.89876831,7,2,5
1XoxaLrMArx7uak9Eo3WRnxa81,10,2,8,1.05572835,4.99158716,0.52786417,0.62394839,1.49708909,0.18401066,0,10,5,7,60.0,1.0,9014.88888889,864.0,0.21150154,4.72809806,10,2,8
1Xr8Tvo6gsoZAXDtLtb6Ezror5,8,5,3,3.14447326,1.74272617,0.62889465,0.58090872,0.88590369,0.06177295,0,8,4,4,60.0,1.0,11621.71428571,1511.0,1.80434156,0.55421879,8,5,3
1XsXXWpq88yqZK9M9moXiZRD1r,19,7,12,117.83780869,175.36655436,16.83397267,3.50733109,24.63826023,23.0484354,0,19,6,8,60.0,1.0,1237.44444444,0.0,0.67195144,1.48820278,19,7,12
1XwnBt7zkZjsZWjWt5koUde7RM,2,0,2,0.0,13.13678519,0.0,6.5683926,7.70677068,1.29590466,0,2,1,1,60.0,1.0,1931.0,1931.0,0.0,13136785190.0,2,0,2
1Xx3o5V2GTD3ygLtJAEZiT4C3t,14,3,11,52.7593941,129.19890923,17.5864647,2.93633885,22.09997982,15.553419,0,14,7,7,60.0,1.0,1791.46153846,16.0,0.40835789,2.44883232,14,3,11
1XxaN5eqR61ThJTCcWndq9DCvR,7,1,6,0.93903474,4.8054962,0.93903474,0.80091603,1.47201217,0.28395431,0,7,5,6,60.0,1.0,9491.33333333,3072.0,0.19540849,5.117485,7,1,6
1Y3CG8cfUXC3v8CgPf2zwG7jrW,8,4,4,14.13993454,20.14500654,3.53498363,5.03625164,6.77279968,3.7302604,0,8,4,4,60.0,1.0,2052.14285714,374.0,0.70190767,1.42468881,8,4,4
1Y4ZAdA94eAuM6qmEg21CemP35,19,9,10,184.79080497,191.32301757,4.5070928,3.75143172,7.96763757,3.0607556,0,19,8,11,60.0,1.0,859.61111111,101.0,0.96585768,1.03534923,19,9,10
1Y7AbrUEgi7VnH7355doHrV2zY,10,4,6,2.0496299,7.09726993,0.51240748,1.18287832,1.47990912,0.288974,0,10,5,7,60.0,1.0,9806.33333333,336.0,0.28879131,3.46270804,10,4,6
1Y8d6dTedDEQGk3Eh5GqcXcE3M,4,4,0,18.92737219,0.0,4.73184305,0.0,6.83110165,4.15881009,0,4,1,1,60.0,1.0,5194.66666667,68.0,18927372190.0,0.0,4,4,0
1YAkXSQDt5KuQ8mhDJ7Yhu44NK,8,6,2,28.6332391,12.44623293,4.77220652,6.22311647,7.9146215,4.94277531,0,8,3,2,60.0,1.0,1877.28571429,306.0,2.30055465,0.43467778,8,6,2
1YBEncWP2bBrXSan6jWCsCzPXW,10,4,6,2.74136183,3.42139651,0.68534046,0.57023275,1.18216525,0.13329593,0,10,6,6,60.0,1.0,11350.66666667,591.0,0.80124061,1.24806455,10,4,6
1YBu1ohc8kjxKVAhDWEPTK2WaF,12,3,9,45.64901114,117.31013603,15.21633705,3.08710884,20.05131187,13.80360066,0,12,7,8,60.0,1.0,1751.81818182,114.0,0.38913101,2.56982864,12,3,9
1YD5E6wgrtWzKdG8GM9nspYkUt,6,4,2,116.08296678,50.30524559,29.02074169,25.15262279,38.11024214,74.77177805,0,6,2,3,60.0,1.0,2216.2,13.0,2.30757181,0.43335596,6,4,2
1YDVAaCiRzPfzvDjEmZ3K7ng5X,7,2,5,11.88034732,10.48313648,5.94017366,2.0966273,7.91255361,5.04229116,0,7,4,4,60.0,1.0,2313.83333333,789.0,1.13328176,0.8823931,7,2,5
1YERMH9zSCK7WbHCe4hCjdmrAF,8,2,6,0.66246603,4.48849137,0.33123302,0.74808189,1.49462988,0.12458574,0,8,5,4,60.0,1.0,12636.14285714,356.0,0.14759214,6.77542873,8,2,6
1YF4fbN2FuKvHRnP5xxBK5bdGw,8,2,6,0.77956745,5.58558095,0.38978373,0.93093016,1.48172669,0.24240879,0,8,6,4,60.0,1.0,7874.0,521.0,0.13956784,7.16497456,8,2,6
1YG1ywNkDe2w3GqJhoqhECpgBy,34,15,19,317.44306223,397.33034976,4.88373942,4.36626758,7.97831518,2.53710049,0,34,8,11,60.0,1.0,511.96969697,3.0,0.79893988,1.25165863,34,15,19
1YJ3jUBH9R84nGGAJcmXYDRP7a,8,4,4,113.0593593,88.7355702,28.26483982,22.18389255,37.77548715,81.15547327,0,8,4,4,60.0,1.0,1021.0,192.0,1.27411543,0.78485824,8,4,4
1YJic4cLDYi6nLvreBTAXFhQ1i,3,0,3,0.0,29.43082888,0.0,9.81027629,10.58906403,0.62361655,0,3,1,1,60.0,1.0,3812.0,3084.0,0.0,29430828880.0,3,0,3
1YLUg88Wh4znmcV19XAbCz3wH4,10,4,6,15.18347719,30.61966982,3.7958693,5.1032783,7.91785257,5.9171614,0,10,6,6,60.0,1.0,1737.0,478.0,0.49587332,2.01664411,10,4,6
1YMMDea5uyxbbgk3vVpEWZ5Pe5,19,7,12,97.74832082,143.79388082,13.96404583,3.34404374,22.05762991,22.90446024,0,18,6,6,60.0,1.0,1222.0,0.0,0.67978081,1.47106241,19,7,12
1YMWZgTxasoxFDNPmV1tYVGp7r,17,3,14,48.79989994,154.0904493,16.26663331,3.34979238,19.78887292,14.5139361,0,17,7,9,60.0,1.0,1322.0,94.0,0.31669646,3.15759765,17,3,14
1YQZ7iTS3AszarHhh8rDTBGEpp,24,2,22,40.12475757,235.51005698,20.06237878,2.83747057,21.86106256,13.66227844,0,23,9,10,60.0,1.0,948.43478261,36.0,0.17037386,5.86944498,24,2,22
1YTbBBMq7pk9uWjCSV1ZSwTntR,21,8,13,73.99737424,217.02099727,9.24967178,4.42899994,20.76882734,14.80986969,0,21,6,8,60.0,1.0,1066.35,65.0,0.34096873,2.93282025,21,8,13
1YUPNHVS5V9VPXFNMLc7KW7CRT,9,3,6,14.81086914,22.73323778,4.93695638,3.78887296,7.38453415,3.50516688,0,9,6,6,60.0,1.0,1847.875,371.0,0.65150725,1.53490235,9,3,6
1YUTnUN4PCjXizqT592sdBc6um,13,2,11,18.85567109,130.83536633,9.42783555,2.7837312,12.84859478,6.34261376,0,13,7,8,60.0,1.0,1550.25,60.0,0.14411754,6.93878068,13,2,11
1YVM8Ypi27ST3cc1u6sfghLyZc,13,5,8,4.10859674,7.08840929,0.82171935,0.88605116,1.49266308,0.27464144,0,13,6,7,60.0,1.0,8257.5,265.0,0.57962183,1.72526284,13,5,8
1YauPBA86QocV6cJMBEQujJpzC,23,7,16,79.47441561,236.55587068,11.35348794,3.75485509,20.02231392,11.53415136,0,22,8,9,60.0,1.0,1007.31818182,13.0,0.33596467,2.97650343,23,7,16
1Yiad2BwWUHQ8D1kr4Mhs4zw8z,1,0,1,0.0,1.61587263,0.0,1.61587263,1.61587263,0.0,0,1,1,1,60.0,1.0,0.0,0.0,0.0,1615872629.9999998,1,0,1
1YijSUr4LUHph8fttVZQrXnNwb,10,5,5,4.43297455,4.06112063,0.88659491,0.81222413,1.47378055,0.23189095,0,10,3,6,60.0,1.0,12269.88888889,1887.0,1.09156436,0.91611639,10,5,5
1YjcDtkYTNd5yNzEa9377rJjx2,19,3,16,38.46922001,210.34139421,12.82307334,3.00487706,17.65918851,6.84649181,0,18,7,8,60.0,1.0,1241.33333333,63.0,0.18288944,5.46778422,19,3,16
1YtUptLzkf9Pj7vQZDYVyRXJdf,13,7,6,5.7542473,2.82249494,0.82203533,0.47041582,1.22742405,0.13821317,0,12,7,6,60.0,1.0,7784.75,1165.0,2.03870952,0.49050637,13,7,6
1YwUisNdw7za3FEzxmydXJ35kJ,9,6,3,2.88115913,2.76119204,0.48019319,0.92039735,1.33365032,0.13742972,0,9,2,3,60.0,1.0,10204.25,2911.0,1.04344757,0.95836152,9,6,3
1Ywmk7xF9LpVruMJoTfi6DVEuT,10,6,4,4.99062869,4.92843097,0.83177145,1.23210774,1.4316743,0.13793093,0,10,5,5,60.0,1.0,7627.88888889,1771.0,1.01262019,0.9875371,10,6,4
1YyaQd9mgJNZFT5bktZmDVKLby,43,20,23,476.28827713,527.85908078,4.53607883,4.97980265,10.63393009,3.74089865,0,41,9,11,60.0,1.0,390.80952381,10.0,0.90230195,1.10827645,43,20,23
1Z2kNA4Ecuiib7meEVvoUZLr7b,20,4,16,32.63961707,207.20557527,8.15990427,3.23758711,10.39316263,5.66193304,0,20,6,8,60.0,1.0,1027.57894737,43.0,0.15752287,6.3482845,20,4,16
1Z3aUnVkvMp99T9Lfs6N9kagFB,2,2,0,36.83979618,0.0,18.41989809,0.0,21.13493189,7.37140854,0,2,1,1,60.0,1.0,2613.0,2613.0,36839796180.0,0.0,2,2,0
1Z5iGBTwMeZJN1DDkYg4nCjjfJ,9,4,5,17.43626067,19.79545334,4.35906517,3.95909067,7.20329261,2.53259088,0,9,5,6,60.0,1.0,1491.5,274.0,0.88082149,1.13530382,9,4,5
1Z682P19nxt9bnfB3XriKkhNeP,9,5,4,20.91737114,16.29488039,4.18347423,4.0737201,7.31020084,4.40642589,0,9,5,5,60.0,1.0,1818.0,412.0,1.28367749,0.77901187,9,5,4
1Z6TNy4THSD1ku4PnsfFvVWWPS,5,1,4,0.65179339,1.60105066,0.65179339,0.40026267,0.78193112,0.09206352,0,5,5,3,60.0,1.0,17779.75,3892.0,0.40710354,2.45637756,5,1,4
1Z7qif29EB17RP7facf1Sp2vf8,31,16,15,356.67599426,355.01179186,5.02360555,4.73349056,9.7287495,4.12149837,0,30,8,12,60.0,1.0,559.83333333,31.0,1.00468774,0.99533413,31,16,15
1Z8o4vQHhZP84qi8VLdp1WNGtp,10,5,5,4.70742415,2.55108336,0.94148483,0.51021667,1.37279145,0.19940296,0,10,4,4,60.0,1.0,6916.11111111,2320.0,1.84526473,0.54192766,10,5,5
1ZAvU6FuVyP2T4SZQGR6QF2M7v,9,4,5,2.93401775,6.76913407,0.73350444,1.35382681,1.45455462,0.17571752,0,9,4,6,60.0,1.0,9049.125,5627.0,0.43344063,2.30712104,9,4,5
1ZB8FdaTMJUCAnw1B5BDpoYkpA,16,4,12,47.05831827,152.43199558,11.76457957,3.04863991,20.63162919,8.40215211,0,16,7,7,60.0,1.0,862.13333333,36.0,0.3087168,3.23921468,16,4,12
1ZEusNKkrqNqsWKdZanhFgUyaD,4,3,1,68.91186578,28.1943133,22.97062193,28.1943133,36.29930776,74.81282511,0,4,2,2,60.0,1.0,1686.66666667,971.0,2.44417607,0.40913583,4,3,1
1ZHa8ZsiVSB1eg4UdF6fvUG2sw,17,5,12,65.68889328,155.98752063,13.13777866,2.99976001,21.13287917,15.16242023,0,17,8,7,60.0,1.0,1231.75,0.0,0.42111634,2.37464072,17,5,12
1ZJaz2YMzB4iGmLHVUN3JpqjWj,7,5,2,4.23033127,2.31585181,0.84606625,1.1579259,1.46604349,0.19587513,0,7,3,2,60.0,1.0,6360.83333333,201.0,1.82668479,0.54743982,7,5,2
1ZL5oXqaWS1AZYLf1XBTmkHaZ5,49,27,22,606.12384711,467.65409867,4.73534256,4.37059905,8.89415244,3.46433378,0,47,9,12,60.0,1.0,353.89583333,0.0,1.29609438,0.77154875,49,27,22
1ZMyHQtqJ43kUHLiQKiWNpAxDw,9,6,3,3.40858658,2.56930528,0.56809776,0.85643509,1.38567113,0.21512146,0,9,4,4,60.0,1.0,7919.625,1448.0,1.3266569,0.75377439,9,6,3
1ZS9rwayd2CDyvDv4G3W4QnDJQ,9,3,6,2.12114294,4.90156565,0.70704765,0.81692761,1.48862252,0.25078568,0,9,6,6,60.0,1.0,10443.0,1923.0,0.43274804,2.31081346,9,3,6
1ZVS48LSXCuGvwbHugkVwjg8UA,7,1,6,1.26634359,4.20688437,1.26634359,0.7011474,1.28806028,0.15169089,0,7,6,4,60.0,1.0,11673.66666667,5720.0,0.30101697,3.32207183,7,1,6
1ZYrpVy6RgKWhAxBhtNThgdSw5,10,4,6,2.42720956,3.39405676,0.60680239,0.56567613,0.96729881,0.04865922,0,10,4,5,60.0,1.0,9477.77777778,234.0,0.71513523,1.39833693,10,4,6
1ZcX3xwX5PNDLZB17ApncJ42ZE,11,3,8,2.23028844,5.36508638,0.74342948,0.6706358,1.4752391,0.17496095,0,11,4,8,60.0,1.0,7000.7,316.0,0.41570411,2.40555718,11,3,8
1ZdzatdkgA8qVCBEtD93U6kUDu,6,4,2,3.61510225,1.06716233,0.90377556,0.53358116,1.38616704,0.17259372,0,6,3,3,60.0,1.0,14156.4,1853.0,3.3875842,0.29519561,6,4,2
1Zire5mSurSYVk2gxkQA5ZvNkZ,30,14,16,264.60944288,362.39389624,4.48490581,4.70641424,11.25869622,3.87041502,0,30,9,11,60.0,1.0,556.72413793,1.0,0.7301708,1.36954257,30,14,16
1Zn83KM4y9LEnWES5zNmssaYER,22,3,19,27.65351155,233.3496478,9.21783718,3.03051491,14.63757943,4.87556732,0,22,7,11,60.0,1.0,984.38095238,22.0,0.11850676,8.43833693,22,3,19
1ZnqhtFGJtM5CfaAfipHPJq6ZE,37,15,22,277.3538724,450.64592387,4.40244242,3.98801703,11.33478785,3.07466149,0,36,9,11,60.0,1.0,491.61111111,23.0,0.61545852,1.62480487,37,15,22
1ZpacemdFVQSWrkemZAP2X7KT6,8,5,3,4.80619239,1.37454135,0.96123848,0.45818045,1.48483741,0.14543908,0,8,3,4,60.0,1.0,10999.85714286,1630.0,3.49657898,0.28599383,8,5,3
1Zr1GEmySLf4ZutKsyjYKd6h6U,5,0,5,0.0,34.92766429,0.0,6.98553286,11.88404202,11.00834334,0,5,1,1,60.0,1.0,1348.0,317.0,0.0,34927664290.0,5,0,5
1ZsAzSko5niqRH8V21NDxY5iaU,10,7,3,21.85827497,12.04557034,3.12261071,4.01519011,6.17496155,3.04627805,0,10,3,4,60.0,1.0,1301.22222222,206.0,1.8146318,0.55107598,10,7,3
1ZwTrcoxaz11CEu2t2e7NrT8c9,7,4,3,2.58684958,0.33200455,0.64671239,0.11066818,0.96541584,0.11539605,0,7,3,4,60.0,1.0,10293.66666667,4425.0,7.79160882,0.1283432,7,4,3
1ZyvTA1F2FURAPiKFykRkynuz8,7,2,5,2.06514285,1.86919689,1.03257142,0.37383938,1.38462416,0.17417163,0,6,3,5,60.0,1.0,9464.0,2753.0,1.10482896,0.90511748,7,2,5
1a3Snmjs1nGqTGBFkQp8cMxBAf,39,22,17,502.49320064,312.4948115,4.83166539,4.05837418,8.32272644,3.47243645,0,39,9,12,60.0,1.0,420.10526316,5.0,1.60800494,0.62188864,39,22,17
1a4giJ6Khf5wpM4WTrCxhaDxeV,5,3,2,2.94317539,1.46237455,0.98105846,0.73118728,1.43316873,0.16400363,0,5,3,2,60.0,1.0,9381.75,4582.0,2.01260025,0.49686966,5,3,2
1aDyUBvUHmLZbjyReLoTqyox67,13,8,5,7.72521889,2.55569833,0.96565236,0.51113967,1.42501458,0.18501849,0,13,4,6,60.0,1.0,7560.33333333,106.0,3.02274286,0.33082536,13,8,5
1aGi8JSQ1vs2FdHrhzQxvQZnko,32,15,17,347.99969529,369.44987284,4.70269858,4.67658067,11.14614274,4.51823833,0,32,9,11,60.0,1.0,562.48387097,34.0,0.94194022,1.0616385,32,15,17
1aHRFaSPuxPYsXyf1Zy9VBF5Zi,11,7,4,7.68711296,3.83892137,1.09815899,0.95973034,1.40467906,0.17394301,0,11,4,5,60.0,1.0,5295.8,308.0,2.0024148,0.49939703,11,7,4
1aHZMBcKTYV4FsYZHUVgY4o1ci,5,4,1,21.5064272,6.94520344,5.3766068,6.94520344,6.94520344,0.93529048,0,5,2,2,60.0,1.0,1356.5,234.0,3.09658707,0.32293618,5,4,1
1aJ1og6DJ5hYZ51g1Y8dQXi7jL,10,3,7,39.22949923,147.56663012,13.07649974,21.08094716,39.51122682,127.37640133,0,9,4,7,60.0,1.0,933.33333333,96.0,0.26584262,3.76162411,10,3,7
1aKoemM6xxTNXu4zVeKDAx7naF,7,3,4,16.71582146,15.89571223,5.57194049,3.97392806,7.3588859,7.14085371,0,7,3,5,60.0,1.0,1793.83333333,38.0,1.05159311,0.95093814,7,3,4
1aMpgZvJHJy3ccjdzMpeE2DCh3,6,4,2,8.97248488,7.93198429,2.24312122,3.96599214,7.20586633,5.78612374,0,6,3,3,60.0,1.0,2856.4,136.0,1.13117784,0.88403429,6,4,2
1aNJ3V14cHq6Ndn69KATdpMXyM,11,9,2,36.85560979,9.87475944,4.09506775,4.93737972,7.85564887,5.89285221,0,11,2,3,60.0,1.0,1504.1,47.0,3.73230457,0.26793097,11,9,2
1aPneXE49rWFphju9BcPutV2Ln,8,6,2,17.9117981,13.06568151,2.98529968,6.53284076,7.84405015,7.18831826,0,8,3,2,60.0,1.0,2150.42857143,80.0,1.37090423,0.72944556,8,6,2
1aRteXJk9m7iworVpxtERtaFbQ,12,6,6,18.55785399,24.04302514,3.09297567,4.00717086,7.68108459,4.92857506,0,12,7,6,60.0,1.0,1446.54545455,126.0,0.77186019,1.29557141,12,6,6
1aUrWukY8FnEDxusJKpYR9UwEf,3,2,1,0.90627011,0.72372676,0.45313506,0.72372676,0.72372676,0.05035843,0,3,2,2,60.0,1.0,12166.5,5064.0,1.25222689,0.79857732,3,2,1
1aXMnqpm2SzXYR7i3UqhoQueB1,17,3,14,49.33652136,245.60156752,16.44550712,4.09335946,24.41884167,12.78687303,0,17,6,9,60.0,1.0,1480.0625,29.0,0.20088032,4.97808846,17,3,14
1aYg9jxm54xyJST9xWMip2r7PB,22,7,15,67.83334216,189.22338121,9.69047745,3.05199002,16.33066637,8.61929465,0,22,8,10,60.0,1.0,912.52380952,28.0,0.35848288,2.78953351,22,7,15
1aZjGVghFfibNzhdFq4rczAsCs,28,16,12,350.73421431,255.0393341,4.80457828,4.18097269,7.80115972,2.8641682,0,27,8,12,60.0,1.0,629.92592593,18.0,1.37521616,0.72715841,28,16,12
1aaPaVtLZpfkkPzixQV8G8thgb,4,0,4,0.0,28.7735297,0.0,7.19338242,10.87289914,5.38443921,0,4,1,1,60.0,1.0,1518.0,502.0,0.0,28773529699.999996,4,0,4
1acr8e9XYccoqN8gt3svhMGLbu,7,5,2,3.34093521,1.28070537,0.66818704,0.64035268,1.46587852,0.20268346,0,7,3,2,60.0,1.0,14204.66666667,4386.0,2.60866807,0.38333739,7,5,2
1adyaZbPik263QQsqcDf667QvE,8,6,2,18.85194042,9.93422513,3.14199007,4.96711256,7.24059157,3.83545808,0,8,2,3,60.0,1.0,2209.14285714,412.0,1.89767598,0.52696035,8,6,2
1ahZqoTnnqUqteFB3Ytvsqn3dy,4,2,2,13.96769583,10.61474461,6.98384792,5.30737231,7.97341408,1.22668277,0,4,2,3,60.0,1.0,4535.33333333,857.0,1.31587677,0.75994958,4,2,2
1ajveraHYy6Gf8rtMNvepRtppG,5,2,3,1.87004223,2.94351646,0.93502111,0.98117215,1.42680626,0.08247986,0,5,4,4,60.0,1.0,16203.75,8145.0,0.63530891,1.57403743,5,2,3
1aqGz4twttfSjMk9o2iYKHTSRp,2,2,0,2.02239102,0.0,1.01119551,0.0,1.29844283,0.08251102,0,2,1,1,60.0,1.0,45198.0,45198.0,2022391019.9999995,0.0,2,2,0
1arXaUFd6L8bmGMe3pozgKg4kK,47,21,26,536.06502019,557.93024687,5.15447135,4.49943747,10.75508196,4.30375313,0,47,9,12,60.0,1.0,359.2173913,6.0,0.96081011,1.04078839,47,21,26
1ariNjdXJVVUPRrMez3X2QMLog,13,4,9,80.50512182,131.2749402,20.12628045,4.10234188,23.96059428,30.69129611,0,13,6,7,60.0,1.0,1815.58333333,101.0,0.61325583,1.63064085,13,4,9
1arjpL2dqLhzEMDDKJbMrVj8JA,13,11,2,9.66881151,0.46381795,0.87898286,0.23190897,1.48918361,0.26182526,0,13,3,3,60.0,1.0,6956.75,1671.0,20.8461348,0.04797052,13,11,2
1asNhkNp8d2Ao3L5wriz5MnLbZ,9,6,3,27.94639749,14.61858603,4.65773291,4.87286201,7.78418543,3.40031751,0,9,4,4,60.0,1.0,1809.125,219.0,1.91170319,0.52309376,9,6,3
1auPTVphkAtZQp3B6yyPMoywsi,15,3,12,23.35653257,160.90743612,7.78551086,3.42356247,14.15085957,5.07717188,0,14,7,7,60.0,1.0,1370.78571429,100.0,0.14515509,6.88918339,15,3,12
1augSe71ZjvvQciffKLk7X5NJh,6,3,3,3.64246526,1.97056388,1.21415509,0.65685463,1.49405823,0.28058299,0,6,4,4,60.0,1.0,11656.4,309.0,1.84843805,0.5409973,6,3,3
1axU1KtVRkMak37bhPwUgiwJNJ,5,3,2,1.11787142,0.63286643,0.37262381,0.31643321,0.58029132,0.01634789,0,5,3,3,60.0,1.0,12395.25,1007.0,1.76636233,0.56613526,5,3,2
1azmQhb7TX3JUcmU556HyjPXSZ,7,4,3,2.78724896,3.83523067,0.69681224,1.27841022,1.47822884,0.18706034,0,7,4,3,60.0,1.0,12183.16666667,296.0,0.72674871,1.37599143,7,4,3
1b6PR2wNwKBX4WfrwezQuenyLt,19,8,11,66.04373423,140.09408493,8.25546678,3.25800198,19.87897119,12.4964099,0,19,8,9,60.0,1.0,1109.77777778,71.0,0.47142415,2.12123204,19,8,11
1b81iPhfQM6nycHo9TzgKM4hu1,5,2,3,1.60748879,2.39777193,0.8037444,0.79925731,1.27147617,0.19078559,0,5,2,3,60.0,1.0,24932.0,7240.0,0.67040938,1.49162591,5,2,3
1bAMkRz3m8fgpe8rupU9HxUfLh,6,1,5,5.58827559,27.22642012,5.58827559,5.44528402,7.63286017,1.740396,0,6,4,6,60.0,1.0,2967.6,203.0,0.20525194,4.8720611,6,1,5
1bDNDkNHLpurkwJDnf9wqnpbH1,9,3,6,1.75501925,5.50868887,0.58500642,0.91811481,1.47558752,0.19146724,0,9,5,5,60.0,1.0,9505.375,1924.0,0.3185911,3.13881963,9,3,6
1bEEbaqHcXgoAmmj2Rezja3HB4,10,8,2,5.22913727,1.84592837,0.65364216,0.92296419,1.48281067,0.14649691,0,10,3,3,60.0,1.0,9058.66666667,321.0,2.83279533,0.35300821,10,8,2
1bETc6qSctkB8K3VFXD4akW6Jq,3,0,3,0.0,13.26240471,0.0,4.42080157,9.49459983,12.87624225,0,3,1,1,60.0,1.0,4800.5,3529.0,0.0,13262404710.0,3,0,3
1bJCKPT2VMLh3f8Po3bpSGC6b7,9,7,2,4.72205282,1.27714743,0.67457897,0.63857372,1.27277254,0.09501597,0,9,3,3,60.0,1.0,7598.5,1275.0,3.69734356,0.27046445,9,7,2
1bZr1bKCYL2RBZBZMs1VBPMFC1,5,0,5,0.0,32.79991117,0.0,6.55998223,11.22675862,10.55469123,0,5,1,1,60.0,1.0,1937.0,784.0,0.0,32799911170.0,5,0,5
1bcQ4yEKyCDvTBjp93wGDLWKCH,13,3,10,34.4506958,115.64995386,11.48356527,3.21249872,16.8646426,8.8839535,0,11,7,6,60.0,1.0,1849.25,78.0,0.29788767,3.35697005,13,3,10
1bgn7x4Mj1KkqMfqRhw7giVziJ,43,22,21,503.23282354,448.0347836,4.88575557,4.61891529,8.53102745,3.29616527,0,43,9,12,60.0,1.0,391.66666667,5.0,1.12320035,0.89031312,43,22,21
1bigpk185C4qDqSYCgki5pSgth,26,11,15,234.92612504,297.64837897,4.79441072,3.86556336,9.28941524,3.31146081,0,26,8,10,60.0,1.0,545.96,3.0,0.78927399,1.26698714,26,11,15
1bjkBHjGN4ievYd7nFNFqBfMR8,27,16,11,388.72677414,210.37866527,4.68345511,4.12507187,9.59872119,3.68933581,0,27,9,10,60.0,1.0,622.65384615,0.0,1.84774808,0.54119932,27,16,11
1brwGLeBnyRDcerzhubYiiJgMP,40,21,19,464.70483494,421.59448564,4.89162984,4.90226146,7.87690463,3.07758671,0,38,9,12,60.0,1.0,426.61538462,0.0,1.10225549,0.90723068,40,21,19
1bs1CgMPjgedYWrFoWsdDfvPYw,9,4,5,16.90465895,19.233246,4.22616474,3.8466492,6.6266223,2.57044074,0,9,3,5,60.0,1.0,1572.625,280.0,0.87892907,1.13774824,9,4,5
1bw7TWDGVHR7v9w6jMvXQUooqx,15,5,10,66.31485833,144.54440851,13.26297167,3.52547338,21.51237655,14.68935198,0,15,5,7,60.0,1.0,1442.35714286,8.0,0.45878536,2.17966851,15,5,10
1c2hc8ncfRPhPaEKyvwKqNSSBx,17,6,11,85.33479469,143.34331123,14.22246578,2.98631898,23.65180732,21.12411665,0,17,7,7,60.0,1.0,1198.75,1.0,0.59531759,1.67977566,17,6,11
1c79kngKhiNVS5ppG3wJxrdLcK,6,4,2,17.58103328,3.7872973,4.39525832,1.89364865,7.82178372,8.7359428,0,6,3,3,60.0,1.0,2242.2,1089.0,4.64210541,0.21541949,6,4,2
1cF821nvSsKGEkACrqUhorA9YV,20,1,19,9.51319548,214.33512243,9.51319548,3.01880454,9.51319548,3.9378352,0,20,8,8,60.0,1.0,1098.21052632,44.0,0.04438468,22.5302973,20,1,19
1cFeF15nh4F5z3xN5ZGJjYEb9o,7,2,5,0.62832461,3.63875681,0.3141623,0.72775136,1.41824634,0.17457476,0,7,6,6,60.0,1.0,12354.16666667,463.0,0.17267563,5.7912053,7,2,5
1cGw8W9tWjacfMqzVguozZUvcV,12,6,6,3.04511518,4.69497273,0.5075192,0.78249545,1.28716136,0.15711036,0,12,4,5,60.0,1.0,8288.54545455,2027.0,0.6485906,1.54180465,12,6,6
1cHkZExUrqa8UVBDbSUNjT3SXX,3,0,3,0.0,19.49630796,0.0,6.49876932,8.30371996,1.95617723,0,3,1,1,60.0,1.0,4444.5,2590.0,0.0,19496307960.0,3,0,3
1cQcPoNpC251k8hmzmtkQkLLrL,36,21,15,455.55396726,315.39548116,4.55553967,4.2621011,7.94390775,2.6427001,0,35,9,11,60.0,1.0,484.02857143,24.0,1.44438965,0.69233396,36,21,15
1cRfAZeXzCtZJNyLx4j7Z9BoqX,8,5,3,2.96114921,3.31009672,0.59222984,1.10336557,1.47869638,0.23235968,0,8,4,3,60.0,1.0,12512.85714286,3418.0,0.89458087,1.11784192,8,5,3
1cTxQv4SWforeTJxN57Qei1Mg9,34,19,15,418.26048769,285.18552125,4.69955604,4.07407887,7.88377167,2.76778516,0,34,9,12,60.0,1.0,523.48484848,26.0,1.46662596,0.68183711,34,19,15
1cUSGBnpiRvRFH6UhGaqtgtmkJ,8,3,5,2.72612174,4.30732343,0.90870725,0.86146469,1.49088431,0.22032265,0,8,5,4,60.0,1.0,8977.14285714,1689.0,0.63290389,1.58001874,8,3,5
1cUveXZrCmeCou97RjffyMZyRT,11,6,5,4.39243702,3.46605727,0.73207284,0.69321145,1.43993649,0.15565906,0,11,5,6,60.0,1.0,8249.5,398.0,1.26727191,0.78909663,11,6,5
1cVtM839dEiB6cHwq368ZLQbBU,9,4,5,3.18325383,2.43671234,0.79581346,0.48734247,1.38772413,0.2122264,0,9,4,5,60.0,1.0,7985.75,558.0,1.30637243,0.76547849,9,4,5
1ccAGzBMiQmGsdwzbEMcLJT8Yo,5,2,3,0.80883645,1.75316156,0.40441823,0.58438719,0.98738566,0.10650731,0,5,4,3,60.0,1.0,17952.25,1034.0,0.46135876,2.16751058,5,2,3
1cffofKrm2wwjyLEafZDpSKi4s,6,2,4,0.97935527,2.63283231,0.48967763,0.65820808,1.28672506,0.16540868,0,6,4,4,60.0,1.0,14489.0,588.0,0.37197784,2.6883322,6,2,4
1cjBLYK5tK1W3EKue84YL1UPjv,3,1,2,1.34176478,1.96247411,1.34176478,0.98123706,1.34176478,0.04411292,0,3,3,3,60.0,1.0,13306.0,11991.0,0.68371082,1.46260666,3,1,2
1ckbdXXcwBZ4SHYeRgkPrKM42e,6,4,2,3.16815336,1.4662006,0.79203834,0.7331003,1.37540156,0.19925418,0,6,3,2,60.0,1.0,14935.2,1872.0,2.1607912,0.46279344,6,4,2
1cmPGj1HQQMtNeN49TEnNU1YYY,9,4,5,17.95102427,15.12874588,4.48775607,3.02574918,7.76765141,4.71184248,0,9,5,6,60.0,1.0,1824.0,1.0,1.18655072,0.84277898,9,4,5
1coumE7VAFqUyxhSY4Lnym5X61,10,7,3,29.43901983,16.7688213,4.20557426,5.5896071,7.3237099,4.77464067,0,10,4,4,60.0,1.0,1706.88888889,26.0,1.75558075,0.56961208,10,7,3
1csPZ1PPbp6opt7MzvVHJntgSj,18,6,12,106.14682747,167.58113546,17.69113791,3.72402523,23.98916404,33.14586165,0,18,8,7,60.0,1.0,1185.17647059,31.0,0.63340559,1.57876726,18,6,12
1csYbYMiGMWnXZcwpo67Um5R9q,5,2,3,1.40855841,2.4368471,0.7042792,0.81228237,1.38794832,0.15620853,0,5,2,3,60.0,1.0,15725.25,1133.0,0.57802494,1.73002914,5,2,3
1d5EL82EatdYMAzhvbX93egbUi,25,5,20,72.07302755,217.11816352,14.41460551,2.68047115,20.57858832,12.83596169,0,24,9,9,60.0,1.0,872.16666667,13.0,0.33195301,3.01247458,25,5,20
1d5vHssJUPLaH1413yK32KnTHw,3,0,3,0.0,25.33985042,0.0,8.44661681,10.51934526,4.3382213,0,3,1,1,60.0,1.0,2403.5,580.0,0.0,25339850419.999996,3,0,3
1d78qGQeknzfTuSnp3PisVwWdx,12,9,3,8.1028852,1.45530844,0.90032058,0.48510281,1.48992519,0.16771814,0,12,2,4,60.0,1.0,7363.90909091,248.0,5.56781296,0.17960373,12,9,3
1dA4BHCaSfdh2yoojuK6EVfXxX,8,6,2,4.19500369,1.97287284,0.69916728,0.98643642,1.44821981,0.22075333,0,8,3,2,60.0,1.0,13707.28571429,2375.0,2.12634266,0.47029109,8,6,2
1dC2hN7KTt2oWwzHPukPPGJVs4,6,1,5,0.62206445,4.02092602,0.62206445,0.8041852,1.3636945,0.13810816,0,6,5,5,60.0,1.0,9821.2,1321.0,0.15470676,6.46384152,6,1,5
1dCucEdm2MDW28pFiXnSmp2jWC,8,1,7,16.8860607,116.96778112,16.8860607,16.70968302,34.6950532,82.69295635,0,8,4,5,60.0,1.0,1078.57142857,79.0,0.14436506,6.92688385,8,1,7
1dD6zVQT2tYF1C7nmwVEWEGvfX,5,0,5,0.0,38.00605115,0.0,7.60121023,11.83749406,9.79328577,0,5,1,1,60.0,1.0,1772.75,667.0,0.0,38006051149.99999,5,0,5
1dG1riCcK4QA5ZP4MRx4cDp7d7,6,3,3,74.01387511,81.62540892,24.6712917,27.20846964,33.15887978,43.023755,0,6,4,3,60.0,1.0,689.8,116.0,0.90675044,1.10283928,6,3,3
1dMH2TFaMwTzW194pWh5rPDWcj,14,5,9,16.74204901,41.36904586,3.3484098,4.59656065,7.58878259,2.82417467,0,14,5,7,60.0,1.0,1057.23076923,122.0,0.40469991,2.47096672,14,5,9
1dSytPbxSxpDRw49rQGxRZYDAt,3,0,3,0.0,9.11833469,0.0,3.0394449,5.40077564,2.79717968,0,3,1,1,60.0,1.0,1531.5,1166.0,0.0,9118334689.999998,3,0,3
1dUwLR5AogFd4u2AzpxP79r8Eo,22,7,15,101.35571974,222.30152793,14.47938853,3.76782251,24.46909186,19.82110555,0,20,8,9,60.0,1.0,984.95238095,1.0,0.45593803,2.19328054,22,7,15
1dXSLyVQKkpPTNWAZdsWABRkdE,17,2,15,37.31305177,189.33661625,18.65652589,3.20909519,23.5235153,13.46391796,0,17,8,10,60.0,1.0,1189.625,129.0,0.19707256,5.07427314,17,2,15
1dZtSQQ4LeKrqsHLi3VUSDkLfr,30,2,28,43.96800644,385.42902748,21.98400322,3.74202939,23.21465305,12.39065949,0,30,8,12,60.0,1.0,720.4137931,14.0,0.11407549,8.7661247,30,2,28
1desqPpziRzghNPeqBhCYkVRwy,16,3,13,38.21685344,186.07753452,12.73895115,3.95909648,24.22653409,15.06858878,0,16,8,9,60.0,1.0,1269.2,30.0,0.20538134,4.8689915,16,3,13
1dfeGqfGvnwHJeVKFdyJyTH2aq,10,5,5,65.83986374,74.4557911,13.16797275,4.13643284,22.95999279,34.828958,0,10,4,3,60.0,1.0,2119.66666667,770.0,0.8842813,1.13086186,10,5,5
1dg4gp7qEhEHj6BGCc5B1TVmfX,5,2,3,0.79947549,3.00727921,0.39973775,1.0024264,1.42073121,0.24153456,0,5,3,4,60.0,1.0,19317.75,11482.0,0.26584678,3.76156524,5,2,3
1dh3xSHu7fgqRMcpK3AmdGWTHM,26,11,15,271.73379373,307.31611166,4.76725954,4.39023017,10.35495844,4.35106143,0,26,8,11,60.0,1.0,645.96,21.0,0.8842159,1.1309455,26,11,15
1dh4yUUhYpHXXih9q4n76jx4K1,4,0,4,0.0,32.57421732,0.0,8.14355433,11.20790255,4.7869721,0,4,1,1,60.0,1.0,3219.0,513.0,0.0,32574217320.0,4,0,4
1dmmuotwSaiNqhCVsuUZwC2d7c,10,6,4,115.93378997,67.70439422,19.32229833,16.92609855,33.73167776,83.9378722,0,10,4,5,60.0,1.0,758.66666667,293.0,1.71235252,0.5839919,10,6,4
1doha6XomfsnKUfwMHadgP9gdY,10,7,3,6.18142998,2.19248373,0.88306143,0.73082791,1.35505298,0.1279366,0,10,3,4,60.0,1.0,5422.66666667,298.0,2.81937325,0.35468876,10,7,3
1dp654pGuLeqjQuT56fmqfZdep,17,2,15,9.27507815,170.08882085,4.63753908,2.83481368,12.39937606,6.11036618,0,17,9,8,60.0,1.0,1296.25,120.0,0.05453079,18.33826283,17,2,15
1dsC2SjmJtKiu6r87jngYrDbc6,10,2,8,21.84712756,90.39311558,10.92356378,2.82478486,18.92427939,9.68084224,0,10,6,6,60.0,1.0,1847.77777778,32.0,0.24169017,4.13752862,10,2,8
1dsMzFc5RKfEaE7cJnfytxj5dz,8,3,5,2.38977041,2.66468467,0.79659014,0.53293693,1.22142744,0.09496072,0,8,5,3,60.0,1.0,4945.71428571,297.0,0.89683047,1.11503794,8,3,5
1dsc17yJCkSJYv54Ub2x5VWyyq,17,1,16,15.21575738,212.53845599,15.21575738,3.17221576,15.21575738,6.14692828,0,17,8,11,60.0,1.0,1168.8125,133.0,0.07159061,13.96831263,17,1,16
1dtyZTArbkeMx1g4nqPe8r5g5a,7,3,4,1.70592824,4.40390595,0.56864275,1.10097649,1.43999626,0.18132875,0,6,5,4,60.0,1.0,9534.83333333,2020.0,0.38736709,2.5815306,7,3,4
1dvm6dW686Co6CMeh2rBs1EhQW,10,4,6,1.80029108,6.68332026,0.45007277,1.11388671,1.46122876,0.23764608,0,10,6,4,60.0,1.0,11649.44444444,1114.0,0.26937076,3.71235537,10,4,6
1dyzRpHnsQttHUQQzGMbP5m9Mx,7,3,4,1.12363481,2.82505202,0.37454494,0.70626301,1.3962066,0.27304031,0,7,3,4,60.0,1.0,14432.33333333,3066.0,0.39773951,2.51420835,7,3,4
1e27fEtMZnrpZsenPERve3joAR,8,4,4,3.82171448,3.42683896,0.95542862,0.85670974,1.3484061,0.21535216,0,8,5,5,60.0,1.0,5381.57142857,1598.0,1.11523025,0.89667582,8,4,4
1e2q5s84VeYjW8H32piHeGbrc5,6,3,3,2.15876546,0.89459092,0.71958849,0.29819697,1.14863962,0.11744243,0,6,3,3,60.0,1.0,13654.4,1925.0,2.41313142,0.41439931,6,3,3
1e2yFtoFShWxoMheqoJrYf6v2u,40,17,23,382.57598889,522.00450134,4.84273404,4.78903212,11.87631885,4.29711553,0,36,9,11,60.0,1.0,414.51282051,26.0,0.73289787,1.36444658,40,17,23
1e63g1uDsBzSuY7JeKgva5vgK9,6,3,3,2.37488281,1.4360647,0.7916276,0.47868823,1.10517747,0.1069649,0,6,3,3,60.0,1.0,16068.2,4628.0,1.6537436,0.60468866,6,3,3
1e9p59HdwFyaosJDwk2mkbgHkc,11,7,4,5.09404644,3.29528542,0.72772092,0.82382135,1.49635622,0.24006931,0,11,4,4,60.0,1.0,9744.5,461.0,1.54585894,0.64688955,11,7,4
1eA7oEJCHd79taeirRNdrwefJt,10,6,4,5.4143257,4.15661214,0.90238762,1.03915304,1.45516608,0.15734581,0,10,4,3,60.0,1.0,10076.66666667,388.0,1.30258141,0.76770634,10,6,4
1eD287oyANh15iZSvh3YJBdq2S,18,6,12,68.08555166,153.00601255,11.34759194,3.06012025,17.26158901,9.272747,0,17,6,8,60.0,1.0,1281.58823529,64.0,0.44498612,2.24726111,18,6,12
1eEQEz5j62y8oMZLQSVvFy6uFX,5,0,5,0.0,30.02260978,0.0,6.00452196,7.61207768,2.74790933,0,5,1,1,60.0,1.0,1900.0,497.0,0.0,30022609779.999996,5,0,5
1eFLbqd6cznq3o4Db5uHxRDH9n,26,9,17,134.28037927,224.79648058,14.92004214,3.68518821,22.18024908,23.27580313,0,26,8,10,60.0,1.0,843.28,101.0,0.597342,1.67408285,26,9,17
1eGhPXajCyLvFyKjYYshSfPbXK,8,2,6,2.69065332,6.79328303,1.34532666,1.13221384,1.49809483,0.08996914,0,8,6,6,60.0,1.0,10871.85714286,2046.0,0.39607555,2.52477084,8,2,6
1eH57zp2t3sykB3bdRYSp3L4sT,44,17,27,344.91408261,563.90631842,4.79047337,4.51125055,7.97982524,2.59857968,0,42,9,12,60.0,1.0,402.88372093,2.0,0.61165139,1.63491822,44,17,27
1eMGurTeaoAGrC3VBhLuZT7xk6,41,21,20,538.55475942,435.82413985,4.80852464,4.89690045,10.3482406,3.87812216,0,40,9,10,60.0,1.0,422.35,7.0,1.23571576,0.80924759,41,21,20
1eMKGVYiUU7ZD4matQZ447ombX,13,1,12,3.661445,181.65366892,3.661445,3.86497168,11.26742534,4.40261262,0,13,7,8,60.0,1.0,1541.41666667,633.0,0.02015619,49.6125625,13,1,12
1eMvks731Dor2WvqSC1QuuJNpe,11,6,5,5.04547101,4.06425492,0.84091183,0.81285098,1.37250399,0.16036698,0,11,6,4,60.0,1.0,9103.4,1408.0,1.24142582,0.80552537,11,6,5
1eQJB51RCfrxJi6dEzVNgs7e9C,24,3,21,29.37573504,322.95446985,9.79191168,4.3060596,18.2080188,7.57413123,0,24,7,10,60.0,1.0,946.95652174,36.0,0.09095937,10.99391962,24,3,21
1eSVD4xxevusAK1XL6hvDNdhkT,28,13,15,306.83521814,363.3509641,4.72054182,5.11761921,9.59872119,3.72453159,0,28,9,10,60.0,1.0,549.7037037,40.0,0.84445962,1.18418924,28,13,15
1eW9mRZ9y77dNUiirpfSLU2YVD,6,4,2,11.53818017,6.95341832,2.88454504,3.47670916,5.84914808,3.83966334,0,6,3,3,60.0,1.0,1494.0,13.0,1.65935366,0.60264428,6,4,2
1eWApN5CiExHEqGMFUWQkVkXYV,5,0,5,0.0,43.75019918,0.0,8.75003984,9.64656656,1.57997124,0,5,1,1,60.0,1.0,1596.75,35.0,0.0,43750199180.0,5,0,5
1eWobfjzjwhv5u9LabDhfxVz6W,22,6,16,62.61993456,222.85353817,10.43665576,3.59441191,18.02460259,7.92809315,0,22,8,9,60.0,1.0,1046.85714286,31.0,0.28099143,3.55882739,22,6,16
1eXHi23NTHDNyq49EcuoNqjy4G,5,3,2,1.42205807,1.44786586,0.47401936,0.72393293,1.22271396,0.21572677,0,5,2,3,60.0,1.0,5916.25,3048.0,0.98217529,1.0181482,5,3,2
1eXvWJ1oUpxGGMUeFzeAdz1T33,6,3,3,1.1349358,0.71245666,0.37831193,0.23748555,0.49683625,0.01985339,0,6,3,3,60.0,1.0,10980.2,6587.0,1.59298925,0.62775063,6,3,3
1ebduE1d1J14GYuxTPcLvpzjdj,8,3,5,55.51047774,82.68877098,18.50349258,16.5377542,29.49461396,60.65496937,0,7,5,6,60.0,1.0,1359.71428571,55.0,0.67131821,1.48960655,8,3,5
1ecEGjK4ZDoutDXZESwh8PvhdC,35,19,16,398.69499998,358.57095937,4.63598837,4.37281658,10.21735185,3.17531917,0,34,9,12,60.0,1.0,444.23529412,25.0,1.11189986,0.89936157,35,19,16
1ecUP7Pxg4BNWnbjKUJ4yaNhZs,24,7,17,90.12929088,233.37419881,12.87561298,3.64647186,20.13366709,15.69973635,0,24,7,9,60.0,1.0,1046.39130435,152.0,0.38620075,2.58932692,24,7,17
1eh7LGjv4awVYeWh9HWf9QmpHx,25,6,19,125.24443702,262.70649055,20.87407284,3.64870126,24.66549952,24.96631812,0,23,9,10,60.0,1.0,805.95833333,4.0,0.47674664,2.09755017,25,6,19
1ehu5PAuzbE66rdWYZdP7USPw4,27,12,15,247.51523367,308.2340366,4.95030467,4.40334338,10.45503653,3.81777662,0,26,9,11,60.0,1.0,547.15384615,5.0,0.80301071,1.2453134,27,12,15
1ek8ofyzRw8BtXSS91c3a9v2Gg,7,1,6,15.02396762,93.85996451,15.02396762,3.91083185,15.02396762,11.53465362,0,7,5,6,60.0,1.0,3321.83333333,784.0,0.1600679,6.2473487,7,1,6
1ekyzhuVtEQHssuK9PCJnmXYYX,9,7,2,48.29649098,6.11572158,6.89949871,3.05786079,7.83762602,4.47165295,0,9,3,3,60.0,1.0,1898.5,174.0,7.89710427,0.12662869,9,7,2
1emrdkYpdvbnJvfs5HfnZU3epg,16,2,14,36.18894985,228.47309859,18.09447493,4.6627163,18.91715856,15.82083317,0,16,8,9,60.0,1.0,1335.93333333,36.0,0.1583948,6.31333873,16,2,14
1euBA3Pxuzw8EQSGwovdpjWtKo,7,5,2,29.76785075,12.89824605,5.95357015,6.44912303,7.92633048,1.28741676,0,7,3,3,60.0,1.0,2397.5,479.0,2.30789912,0.4332945,7,5,2
1ezBQrjjbjCxyBazBnbz1qq8aE,21,3,18,43.01136212,257.0373209,14.33712071,3.38207001,21.91016339,8.54467472,0,21,7,8,60.0,1.0,1000.9,3.0,0.16733509,5.97603303,21,3,18
1f4LjpjpC81n9m1BYPaasuoHBQ,6,4,2,3.52200579,2.27524967,0.88050145,1.13762484,1.41956218,0.12367035,0,6,3,2,60.0,1.0,16232.2,3359.0,1.54796453,0.64600963,6,4,2
1f4SGzGR49YD8oNUXvoBT5YprD,28,12,16,267.05949447,337.23980306,4.52643211,4.81771147,7.79904997,2.33495366,0,28,9,11,60.0,1.0,571.7037037,35.0,0.79189791,1.26278904,28,12,16
1f5kxGS8ydGef3g6TjedaMHEjn,9,5,4,3.73154865,2.8543208,0.74630973,0.7135802,1.17000832,0.05605475,0,9,4,5,60.0,1.0,9969.0,495.0,1.30733331,0.76491587,9,5,4
1f7kCc7Q47RHMHTRAQVF8AxPFT,3,0,3,0.0,17.0430161,0.0,5.68100537,11.01781687,15.77470831,0,3,1,1,60.0,1.0,1261.0,131.0,0.0,17043016100.000002,3,0,3
1f8AS4hAoA8EB8xkmWTWqj948f,9,6,3,5.21235903,0.67316424,0.86872651,0.22438808,1.13550831,0.14986593,0,9,4,3,60.0,1.0,7506.0,267.0,7.74307178,0.12914771,9,6,3
1f8LLMEGYmPvC27uQRg7JUk7Rk,8,5,3,69.25484822,67.71770734,13.85096964,22.57256911,36.31161865,93.12714712,0,8,4,4,60.0,1.0,805.28571429,130.0,1.02269925,0.97780457,8,5,3
1fBbURKwjmkUhKmgzw76tv76i2,4,2,2,2.6195363,0.95505473,1.30976815,0.47752736,1.37490842,0.18052023,0,4,3,3,60.0,1.0,10611.33333333,6285.0,2.74281276,0.36458923,4,2,2
1fFmK3SwNjBmXtVPZLKinuSTtG,12,8,4,6.17583307,3.18973455,0.77197913,0.79743364,1.47895184,0.19307271,0,12,3,3,60.0,1.0,8420.63636364,558.0,1.93615894,0.51648652,12,8,4
1fGWeHfwgdMwxBCMCgTqHHLkaJ,5,3,2,15.69877285,7.49967869,5.23292428,3.74983934,7.10421747,7.39980616,0,5,2,3,60.0,1.0,2777.25,432.0,2.09325939,0.47772388,5,3,2
1fLtWvRJoTpk5CkR6HgmhsfEjS,4,0,4,0.0,29.45525049,0.0,7.36381262,11.93960092,9.21611516,0,4,1,1,60.0,1.0,2116.0,1295.0,0.0,29455250490.0,4,0,4
1fN2m9i1fX1z1kCTczmnYqSb6s,9,3,6,1.62736657,3.31551382,0.54245552,0.55258564,1.2093257,0.0988328,0,9,5,6,60.0,1.0,11822.25,66.0,0.4908339,2.0373491,9,3,6
1fNbRXc1NNMPuVAWwpYEbmBkRH,7,6,1,2.60512994,0.47881558,0.43418832,0.47881558,0.6941474,0.03912651,0,7,2,2,60.0,1.0,13337.0,3142.0,5.44077939,0.1837972,7,6,1
1fSbpTEyTHX2vHRMRbdReZzX2E,18,3,15,56.98201645,223.30901398,18.99400548,3.85015541,21.73503542,14.49761794,0,16,7,8,60.0,1.0,1359.58823529,0.0,0.25517114,3.91893843,18,3,15
1fUGo1t4dEPpZuC4v8SsDv36qp,19,4,15,56.74745041,189.86056816,14.1868626,3.45201033,20.79263061,15.43834558,0,19,8,8,60.0,1.0,1137.94444444,50.0,0.29889013,3.34571098,19,4,15
1fUSCzymgf6VB7YKBf9v92L6TW,15,4,11,51.22703311,167.03394185,12.80675828,3.63117265,17.84471878,11.77358441,0,15,5,9,60.0,1.0,1251.71428571,3.0,0.30668637,3.26066008,15,4,11
1fWaHcx1ko8kybqJriN8KUBW1o,16,9,7,6.43342925,4.78939986,0.71482547,0.68419998,1.42130535,0.26756097,0,16,5,5,60.0,1.0,5030.13333333,73.0,1.34326417,0.7444552,16,9,7
1fYWnJKirKFFrnAemLPkWaUYmi,7,0,7,0.0,47.14930028,0.0,6.73561433,11.78581437,7.60030367,0,6,1,1,60.0,1.0,1713.16666667,188.0,0.0,47149300280.0,7,0,7
1fZ5WXQQ5AdkmJL7sLfrBNEk7U,22,4,18,56.06601447,245.05166347,14.01650362,3.26735551,20.17682027,8.76588782,0,22,9,7,60.0,1.0,952.04761905,12.0,0.22879263,4.37077017,22,4,18
1faBJFcZprJjsGt4mAsxmkup5W,20,2,18,37.17490583,251.35455569,18.58745292,3.4910355,18.74418407,11.87060974,0,20,9,9,60.0,1.0,1105.73684211,16.0,0.14789828,6.76140397,20,2,18
1fcUuQhiewrkaKSqshmo2vVqKN,27,11,16,249.92254769,301.54512166,4.62819533,3.63307375,9.88917778,2.61372953,0,26,9,10,60.0,1.0,616.11538462,0.0,0.82880647,1.20655429,27,11,16
1fcjRZtPjiTfVWy5LDkEmU2Z3p,16,3,13,60.49655738,186.11887399,20.16551913,3.57920912,20.77280433,18.7762706,0,16,9,6,60.0,1.0,1188.4,174.0,0.32504257,3.07652009,16,3,13
1fiFSoFmv6qPdCpArnf8jiBX4R,15,7,8,90.34699622,104.83179668,12.90671375,4.19327187,23.27490808,27.46413951,0,15,7,7,60.0,1.0,1476.0,106.0,0.86182818,1.1603241,15,7,8
1fiuVXK41fmW45ZE9QhkmsSRpx,34,20,14,416.96661317,291.03604596,4.90548957,4.61961978,8.84264316,3.1827035,0,33,9,12,60.0,1.0,536.39393939,22.0,1.43269749,0.69798405,34,20,14
1fjzvEfh8n86wf9RjqzidtCz8m,7,1,6,1.15458909,3.8652212,1.15458909,0.64420353,1.15458909,0.11279139,0,7,4,6,60.0,1.0,14909.66666667,6696.0,0.29871229,3.34770286,7,1,6
1fkC4wkrXQGmRym3P85X6Uko4F,5,1,4,0.35559178,2.42790911,0.35559178,0.60697728,1.10139291,0.15424339,0,5,4,5,60.0,1.0,13758.75,1103.0,0.14646009,6.82779875,5,1,4
1fknx4Gp3SVFbEqxr49ZKFuodM,6,3,3,2.7370939,2.32376338,0.91236463,0.77458779,1.28051796,0.13508454,0,6,3,3,60.0,1.0,10893.4,1677.0,1.17787117,0.84898928,6,3,3
1fmj13AK6QN8YwMaqSzEzVENED,8,4,4,80.35373413,73.31295756,20.08843353,18.32823939,24.632857,30.74316901,0,7,4,4,60.0,1.0,1498.42857143,132.0,1.09603727,0.91237773,8,4,4
1fqCZB1SvUkyWcnvHdZLnFUBJ6,2,2,0,1.51578003,0.0,0.75789001,0.0,1.43533065,0.45892581,0,2,1,1,60.0,1.0,40105.0,40105.0,1515780029.9999998,0.0,2,2,0
1frtKUmLNhJi4Dzo2o2Ai7wLFR,41,22,19,492.8444685,413.43061331,4.60602307,4.26217127,9.0257611,3.87051569,0,40,9,11,60.0,1.0,406.1,44.0,1.19208509,0.8388663,41,22,19
1frxJp5EJje1erUh5ufXfYxwuz,22,6,16,88.90028297,233.4292703,14.81671383,3.89048784,22.22388929,17.90385099,0,22,8,9,60.0,1.0,969.85714286,7.0,0.38084463,2.62574271,22,6,16
1fry3wxND1UYFy1ojbFt4FczaK,42,21,21,461.50368169,402.11777876,4.56934338,3.75811008,7.99066151,3.29235635,0,40,9,12,60.0,1.0,391.34146341,19.0,1.14768286,0.87132085,42,21,21
1fvj8uQRdkjzHf2Uy2waiCYU82,41,18,23,385.13019735,547.11053903,4.75469379,4.59756755,10.05585234,3.10831522,0,40,9,10,60.0,1.0,415.675,54.0,0.70393489,1.42058593,41,18,23
1fwgcWgPs2rgrhwaC954Jt48xS,6,4,2,1.98711408,0.7260904,0.49677852,0.3630452,1.4080943,0.20423767,0,6,3,3,60.0,1.0,10100.4,2917.0,2.73673096,0.36539945,6,4,2
1fxiBJqfXjCRMNqyW5DSKdvTXH,4,0,4,0.0,28.83616199,0.0,7.2090405,9.46723352,2.69232501,0,4,1,1,60.0,1.0,1484.33333333,1040.0,0.0,28836161990.0,4,0,4
1g4BPd7mA2noJRGWB8TCyoSSo2,6,4,2,15.96659598,9.08110538,3.991649,4.54055269,7.8053978,5.14334201,0,6,3,3,60.0,1.0,1803.4,35.0,1.75822164,0.56875651,6,4,2
1g6yo1FaNCLAwXRBA7MPdqSGkV,3,3,0,17.70624468,0.0,5.90208156,0.0,7.90715454,2.32492423,0,3,1,1,60.0,1.0,4645.5,808.0,17706244679.999996,0.0,3,3,0
1g9P5d938wcAcooP9GFnAdVv1v,19,7,12,89.8217666,143.11925215,12.83168094,2.86238504,23.76482015,18.13088603,0,19,7,9,60.0,1.0,1073.16666667,12.0,0.62760087,1.59336938,19,7,12
1gA4F5XhPg5HM1f3fi2iDgkQrX,29,15,14,368.9656416,347.96875729,5.05432386,5.3533655,9.79407153,4.31483408,0,29,9,12,60.0,1.0,584.07142857,13.0,1.06034129,0.94309258,29,15,14
1gCdf4WB9nTXgJ3Uj27MrH7FaB,2,0,2,0.0,12.87438231,0.0,6.43719115,10.16602088,13.90417112,0,2,1,1,60.0,1.0,841.0,841.0,0.0,12874382309.999998,2,0,2
1gDt9NnCtwxM42AenAr8waxQ5Q,4,2,2,1.71129858,1.76150069,0.85564929,0.88075035,1.27346299,0.07732887,0,4,3,3,60.0,1.0,24209.66666667,17040.0,0.97150037,1.02933568,4,2,2
1gK6CuhSL51vR2FBUqtVPF5mic,21,2,19,32.83445829,270.4867903,16.41722915,3.51281546,20.83114183,8.02108823,0,21,9,10,60.0,1.0,920.0,10.0,0.12139025,8.2378941,21,2,19
1gMUTn5iJZyrssmBmHiGTLbN5V,36,21,15,507.75002058,304.63258418,4.83571448,4.68665514,7.89717371,2.53163899,0,36,9,12,60.0,1.0,432.02857143,0.0,1.66676202,0.59996568,36,21,15
1gMezvVXNnCKL7tcBzyABT8bgT,7,4,3,2.61097286,3.04297999,0.65274321,1.01432666,1.42196098,0.23214091,0,7,3,4,60.0,1.0,12208.66666667,2167.0,0.85803156,1.1654583,7,4,3
1gMvcttwwKLLA1ABtHmcAHbbvS,12,4,8,74.75373384,96.52691777,18.68843346,3.57507103,24.56124089,32.51116193,0,12,7,8,60.0,1.0,2113.36363636,149.0,0.77443407,1.2912655,12,4,8
1gNqh44PiAmbs79YFMcsiqPtzV,10,6,4,4.90320306,3.69388775,0.81720051,0.92347194,1.42048383,0.20072884,0,10,3,5,60.0,1.0,7447.33333333,952.0,1.3273828,0.75336218,10,6,4
1gPPnAarSCo2fiCdohwYsGP9oQ,16,3,13,30.82470609,203.2081156,10.27490203,4.41756773,14.9324355,6.90117211,0,16,7,9,60.0,1.0,1257.33333333,364.0,0.15169033,6.59237804,16,3,13
1gQFMuJm6kC1z6j9CVzMsszdPx,8,4,4,3.32704464,2.81715482,0.83176116,0.70428871,1.23310001,0.09763576,0,8,4,4,60.0,1.0,11297.28571429,283.0,1.1809946,0.84674392,8,4,4
1gQtXmYzBvKbXYKWRGz4kbENV9,41,22,19,488.82486871,399.11909514,4.74587251,4.20125363,11.61892607,3.67000245,0,41,9,10,60.0,1.0,412.6,10.0,1.22475941,0.81648689,41,22,19
1gSPNRu8fCWUY6GVVokt8mqkZZ,20,3,17,30.37596892,245.74992031,10.12532297,3.90079239,13.9774325,7.08122964,0,20,8,11,60.0,1.0,946.63157895,93.0,0.1236052,8.09027429,20,3,17
1gTVk2TkycFENFf837R7BPsrd2,23,2,21,31.64675073,319.13841636,15.82337537,4.37175913,19.60175659,11.53399882,0,23,9,9,60.0,1.0,913.36363636,98.0,0.09916309,10.08439758,23,2,21
1gYgP3wob4srLmSTv1mhRFZnsu,44,24,20,534.53722272,452.68282246,4.77265377,4.61921247,10.69352107,3.39759858,0,41,9,12,60.0,1.0,389.0,1.0,1.18082065,0.84686866,44,24,20
1gd4nPQM9GXZDmg2HgYPXmrKMR,35,21,14,488.17007653,311.11557663,4.98132731,4.93834249,11.33478785,5.40382244,0,35,9,11,60.0,1.0,449.67647059,26.0,1.56909558,0.63730981,35,21,14
1gdL6XktNEiw2Kk1QsD5faJr54,10,5,5,24.92018385,26.76243009,4.98403677,5.35248602,6.91484475,1.84581958,0,10,4,5,60.0,1.0,1687.55555556,195.0,0.93116297,1.07392587,10,5,5
1gdzEwDjeVJPDyf5b3CFbKcVT6,41,20,21,472.49584018,453.61875961,4.67817664,4.77493431,9.61848723,3.74139796,0,40,8,12,60.0,1.0,428.075,0.0,1.04161442,0.96004816,41,20,21
1ggUYZEzuxLDPbmkjQge7xfWyr,38,18,20,375.49948043,437.06050648,4.63579605,4.24330589,8.05427124,3.15812689,0,37,9,11,60.0,1.0,454.86486486,0.0,0.85914759,1.16394437,38,18,20
1ggsWfV1E83c4aEHco1gbwPyoH,5,0,5,0.0,23.35075835,0.0,4.67015167,8.02580167,6.59206509,0,5,1,1,60.0,1.0,1197.75,284.0,0.0,23350758350.0,5,0,5
1gjNDZvhg7uoRzu9zLJ52TRhYb,4,0,4,0.0,34.30496325,0.0,8.57624081,11.01592837,2.49509277,0,4,1,1,60.0,1.0,895.66666667,322.0,0.0,34304963249.999996,4,0,4
1gkBUsvbf42gZwUk4hUua5zvKL,33,20,13,410.05745634,316.02847876,4.36231337,4.64747763,9.03489215,3.01575302,0,33,9,10,60.0,1.0,523.96875,7.0,1.29753324,0.77069316,33,20,13
1gmc4H6aHVAKAwUJxCFTLBa5Fx,9,5,4,3.82459985,2.65273798,0.76491997,0.66318449,1.32097873,0.1945659,0,9,4,5,60.0,1.0,14699.125,2283.0,1.4417556,0.69359883,9,5,4
1gnDkkoGnEdUGYe3C1jjyGbchV,16,7,9,32.24920064,31.67761949,4.60702866,3.5197355,7.74491207,4.80430097,0,16,7,7,60.0,1.0,882.73333333,59.0,1.01804369,0.98227611,16,7,9
1gnQafHXWENpow9BanvX1MTCAX,17,6,11,5.74892447,6.73256775,0.95815408,0.61205161,1.48415133,0.24965905,0,17,7,7,60.0,1.0,4640.1875,35.0,0.85389775,1.1711004,17,6,11
1gozfNvd3ux263irdHiErdTgh2,6,4,2,2.29813646,1.55142434,0.57453412,0.77571217,1.09231547,0.07563936,0,6,3,3,60.0,1.0,12172.4,371.0,1.48130747,0.67507929,6,4,2
1gueW1xYwopZEgsEk6G9gL3BkX,30,10,20,225.74378061,476.00802144,4.70299543,4.90729919,9.75140732,4.0521245,0,29,8,10,60.0,1.0,559.89655172,15.0,0.47424365,2.10862076,30,10,20
1gyEuTXowa7GtUVwM32gJwAmxi,11,4,7,3.94953389,5.15020697,0.98738347,0.73574385,1.46704924,0.15147612,0,11,6,6,60.0,1.0,7048.4,47.0,0.76686897,1.30400374,11,4,7
1gyUYwJpuShm9Y94hNpESmwsLg,21,3,18,32.74967562,254.01233097,10.91655854,3.84867168,21.38049032,8.30730502,0,20,8,10,60.0,1.0,1137.2,21.0,0.12892947,7.75617853,21,3,18
1gzyXQzgsfXJiWkmijxNhFxfUM,7,0,7,0.0,28.04303404,0.0,4.00614772,7.90266606,5.83554788,0,7,4,6,60.0,1.0,2202.0,429.0,0.0,28043034039.999996,7,0,7
1h7s5CSLhA7jZ6MHHrYcZeErWh,5,0,5,0.0,38.67636567,0.0,7.73527313,11.43736826,16.95103364,0,5,1,1,60.0,1.0,2080.25,541.0,0.0,38676365670.0,5,0,5
1hAAqJbW2eopcXApRHxdTECCQ6,15,3,12,40.37051156,189.17004522,13.45683719,3.70921657,19.19705837,11.80825992,0,14,7,9,60.0,1.0,1599.14285714,38.0,0.21340858,4.68584712,15,3,12
1hDgHkqorjkv9h7zhi3LsV3eQo,6,1,5,0.13662599,3.88870873,0.13662599,0.77774175,1.35307729,0.15885074,0,6,5,4,60.0,1.0,16236.8,4018.0,0.03513403,28.46243771,6,1,5
1hEYHJpcJPNoNnjiXRvqkTEGuN,4,0,4,0.0,30.37852715,0.0,7.59463179,9.63118232,1.78822739,0,4,1,1,60.0,1.0,1180.33333333,619.0,0.0,30378527150.0,4,0,4
1hK6Xw8LsSXYzjH6ibRCQyRQCV,3,3,0,1.5674358,0.0,0.5224786,0.0,0.65860718,0.01114231,0,3,1,1,60.0,1.0,31351.0,28839.0,1567435799.9999998,0.0,3,3,0
1hQ36nkjLdSz9cH2WtUkijetND,9,6,3,28.20658758,15.82220974,4.70109793,5.27406991,7.66708239,3.8132135,0,9,3,4,60.0,1.0,1058.125,65.0,1.78272113,0.56094023,9,6,3
1hQvHgM2s2N2yX3pxAT3bRqfoa,8,5,3,3.8702064,2.47970185,0.77404128,0.82656728,1.44887638,0.23520816,0,8,2,3,60.0,1.0,13716.42857143,0.0,1.56075473,0.64071566,8,5,3
1hRvAE5PGgJBc58PbWyoSN3dr5,30,12,18,256.75443157,383.01977586,4.93758522,4.67097288,12.23501026,4.2753069,0,30,9,11,60.0,1.0,584.10344828,0.0,0.67034249,1.49177474,30,12,18
1hWQPkbzssCTFB6afJtrrQy7o4,35,20,15,469.04367142,360.19593869,4.9373018,5.37605879,8.25611951,2.96596555,0,35,9,11,60.0,1.0,369.08823529,7.0,1.30219034,0.76793689,35,20,15
1hXsnLo49zYJ2kixUXsqQZBUWT,11,4,7,30.07013529,91.462656,7.51753382,3.15388469,16.42825492,7.94540401,0,11,6,8,60.0,1.0,1764.2,299.0,0.32876954,3.04164431,11,4,7
1hZqdGfVQgPNGSjLhBCk4weHV3,39,18,21,437.94429405,429.62987287,5.03384246,4.38397829,11.5777202,3.56893916,0,37,9,12,60.0,1.0,429.84210526,26.0,1.01935252,0.98101489,39,18,21
1hbbgAJ6L6ZEtAbMSehqviki5L,7,3,4,2.607985,4.30561758,0.86932833,1.07640439,1.46154624,0.0579077,0,7,4,5,60.0,1.0,12931.66666667,3059.0,0.60571682,1.65093648,7,3,4
1hfydXhkLFh2aYoc1vmEVaCirN,3,0,3,0.0,12.1828683,0.0,4.0609561,5.88630907,1.71421275,0,3,1,1,60.0,1.0,927.5,639.0,0.0,12182868300.0,3,0,3
1hhZzBML7YtTbdAmkA3Sb9diez,41,17,24,408.18535381,526.85185901,4.85934945,4.50300734,9.1747612,3.56016475,0,39,9,12,60.0,1.0,444.425,6.0,0.77476305,1.29071721,41,17,24
1hi6QbwN6vWqrKiDCc3RjDLmRz,7,5,2,3.67601335,1.54986487,0.73520267,0.77493243,1.47078824,0.254382,0,7,3,3,60.0,1.0,10509.33333333,2264.0,2.37182829,0.42161568,7,5,2
1hja8k6jtu2bt4AxGbcGySdkX1,36,15,21,343.80037722,452.70646904,4.58400503,4.52706469,11.91435754,4.48161179,0,36,8,12,60.0,1.0,451.88571429,20.0,0.75943332,1.3167713,36,15,21
1hq3TsKUzNvdLpf6jqwbTbiouv,10,5,5,115.46417058,149.66540084,23.09283412,29.93308017,37.42603207,98.67203155,0,10,3,4,60.0,1.0,801.0,50.0,0.77148205,1.29620643,10,5,5
1hqSoJgXAsxsptZEjrK7ds1TVh,2,0,2,0.0,13.05797456,0.0,6.52898728,7.60777404,1.16378087,0,2,1,1,60.0,1.0,1907.0,1907.0,0.0,13057974560.0,2,0,2
1hrxhPNjVfWht2oWfso4XzVi4v,36,18,18,408.26905304,340.06779114,4.69274774,4.14716818,8.06769995,3.70746474,0,36,9,12,60.0,1.0,465.2,19.0,1.20055196,0.8329502,36,18,18
1hs7PyYtMZNgDd7rbhMGjSo93Q,5,1,4,3.16371124,22.76529398,3.16371124,5.69132349,7.13781401,3.56483709,0,5,3,5,60.0,1.0,2707.5,103.0,0.13897081,7.19575595,5,1,4
1hsyv62RwnXFFEaCVRMuEqKbj4,26,11,15,238.87436414,298.36513971,4.77748728,3.68352024,7.81286171,2.10129681,0,26,9,10,60.0,1.0,589.2,3.0,0.80061084,1.2490463,26,11,15
1hwNp6cytb7AdisbaiRwisq7Zr,22,8,14,140.02903735,169.57559174,17.50362967,2.97501038,23.17478578,33.23771437,0,22,6,9,60.0,1.0,1098.95238095,14.0,0.82576175,1.21100305,22,8,14
1hxFNZxjKdfhvfkgvq5UePFPqi,27,14,13,331.25126558,267.98906452,4.73216094,4.54218753,11.14614274,4.13390917,0,27,9,12,60.0,1.0,517.0,9.0,1.23606262,0.8090205,27,14,13
1hzR3FoBjiGjXpv27Hko2ygPni,33,15,18,369.83780013,423.68755003,4.80308831,4.98455941,10.62642011,3.6420356,0,32,9,12,60.0,1.0,470.09375,0.0,0.87290221,1.14560369,33,15,18
1i2z77D4aMy9E7PSvybrByGKCb,2,2,0,12.87389913,0.0,6.43694956,0.0,6.54092279,0.01081043,0,2,1,1,60.0,1.0,1746.0,1746.0,12873899130.0,0.0,2,2,0
1i4YqfUripEEm2sCBP7WRUUvbg,32,18,14,415.56227858,300.98362324,4.51698129,4.23920596,7.88328031,2.90136329,0,32,8,11,60.0,1.0,589.70967742,0.0,1.3806807,0.72428042,32,18,14
1i7o4XuK4KFFUceQoVfRVmAiKT,5,3,2,6.53939913,6.32148124,2.17979971,3.16074062,5.30772212,3.259817,0,5,2,3,60.0,1.0,3061.0,1250.0,1.0344726,0.96667616,5,3,2
1i8J1M4p5c7GnwnR5Yy313JZuP,34,16,18,375.98288931,367.72071551,4.88289467,4.22667489,9.16702353,2.91794471,0,33,9,12,60.0,1.0,478.93939394,3.0,1.02246861,0.97802513,34,16,18
1iAPiodNWnws9JsqjLS5viXRXf,9,5,4,5.74261197,3.15669029,1.14852239,0.78917257,1.47029986,0.08772439,0,9,4,4,60.0,1.0,10442.625,805.0,1.81918764,0.54969591,9,5,4
1iB4Ar33fNrsGSztTo95dQDTbe,26,1,25,7.06238843,272.34578979,7.06238843,2.80768855,7.06238843,3.41875,0,24,9,10,60.0,1.0,859.92,12.0,0.0259317,38.56284492,26,1,25
1iBVPoEhpATgkVxE6z79q8eoRP,5,2,3,2.53292944,2.24858215,1.26646472,0.74952738,1.44201683,0.21956149,0,5,3,3,60.0,1.0,18155.5,173.0,1.12645626,0.88773975,5,2,3
1iFVDmxJvXRJBXFVz92rGiYRFc,4,3,1,0.74816447,0.18983193,0.24938816,0.18983193,0.43918648,0.01684829,0,4,2,2,60.0,1.0,13801.66666667,123.0,3.94119403,0.25373021,4,3,1
1iLNufWdcebCCtKNPmK2oiJA82,34,14,20,282.55028485,420.87062755,4.70917141,4.4773471,12.97185974,4.10430357,0,33,8,10,60.0,1.0,447.42424242,0.0,0.67134712,1.48954239,34,14,20
1iM87aj53v9Cx3D7YD73divRjY,6,3,3,1.43467089,2.61073561,0.47822363,0.8702452,1.36804592,0.14127421,0,6,4,4,60.0,1.0,11774.0,2827.0,0.54952745,1.8197453,6,3,3
1iPVW91JqJ524nmYmevnJ7dEBJ,15,2,13,18.48801745,182.28909658,9.24400873,3.79768951,14.74515608,7.30658583,0,15,8,9,60.0,1.0,1548.14285714,48.0,0.10142141,9.85985096,15,2,13
1iWAH9GpcbHpeUzeSQF9ZY6q4x,6,1,5,1.4804272,4.01223616,1.4804272,0.80244723,1.4804272,0.17508767,0,6,5,4,60.0,1.0,14142.2,5806.0,0.36897808,2.71018809,6,1,5
1iXJxYMCfJgVWPSQM7BZwrtZky,12,6,6,135.27100217,157.85518603,22.54516703,26.30919767,35.59358586,62.57637173,0,12,5,5,60.0,1.0,728.90909091,36.0,0.856931,1.1669551,12,6,6
1iYo8N67SdmkRtTRmX9wNC7LPC,5,1,4,0.50524886,2.13349269,0.50524886,0.53337317,0.70356015,0.01464805,0,5,4,5,60.0,1.0,18803.25,2149.0,0.23681771,4.22265711,5,1,4
1iciv1AxUuejDGto5QHCnpD1S3,28,7,21,103.14246014,297.36191424,14.73463716,3.76407486,22.82703854,16.63806784,0,28,8,10,60.0,1.0,637.7037037,23.0,0.34685834,2.88302135,28,7,21
1idNWarmpuUy2SdK1gvR21FMUA,7,3,4,3.15543004,3.07888319,1.05181001,0.7697208,1.41440258,0.10299739,0,7,4,4,60.0,1.0,15526.83333333,2133.0,1.02486189,0.97574123,7,3,4
1idmx7ht2XEon9BpuxkZGT1kay,11,5,6,4.94676047,3.42695451,0.98935209,0.57115909,1.35923769,0.19374446,0,10,5,6,60.0,1.0,7340.9,21.0,1.44348589,0.69276742,11,5,6
1ihjjeqbYhnzUnSXL4bmyzxYYx,7,5,2,24.92974026,9.69022133,4.98594805,4.84511066,7.78560066,6.48424822,0,7,3,3,60.0,1.0,2408.5,859.0,2.57266985,0.38870126,7,5,2
1iohYL7SbNyiQWEgjMAGxAbQQP,18,0,18,0.0,243.54937118,0.0,3.47927673,10.16521664,3.98852007,0,18,9,12,60.0,1.0,1148.64705882,113.0,0.0,243549371180.0,18,0,18
1ipMTV4pXZfyWYnNPHBUw5enx2,19,4,15,32.26683845,207.44100053,8.06670961,4.14882001,16.84527071,7.02535768,0,19,8,10,60.0,1.0,1294.77777778,44.0,0.15554706,6.4289224,19,4,15
1isBTuPtuirUNCdFjRXQRCWQqH,32,19,13,424.87376969,307.45946464,4.72081966,5.21117737,10.42922965,4.19274952,0,31,9,12,60.0,1.0,560.48387097,1.0,1.38188548,0.72364897,32,19,13
1isq3asTiuKq2FwoNNGEb4jGtk,6,3,3,2.77470469,3.15907783,0.92490156,1.05302594,1.41531151,0.05986361,0,6,3,3,60.0,1.0,11083.4,5397.0,0.87832742,1.13852759,6,3,3
1isw3BoR2pwCaiLwsTPoNeAz6n,40,15,25,332.2805444,478.66648321,4.55178828,3.86021357,10.21735185,3.3014083,0,40,9,12,60.0,1.0,454.38461538,15.0,0.69417968,1.44054923,40,15,25
1ixUsViGpqQuDcHj9MrU88vT7k,4,3,1,8.28805211,1.58513299,2.76268404,1.58513299,5.20515211,2.56415069,0,4,1,1,60.0,1.0,4367.33333333,1664.0,5.22861625,0.19125519,4,3,1
1iz7NMHxBuykhi1FmnxK3G482g,6,3,3,2.92202885,1.69572566,0.97400962,0.56524189,1.41200347,0.17665217,0,6,2,4,60.0,1.0,18903.8,2035.0,1.7231731,0.58032475,6,3,3
1j1HPno8kgg4Z6vZXFE42CYhuR,4,3,1,64.60685983,26.91008842,21.53561994,26.91008842,32.76282746,54.90026102,0,4,2,2,60.0,1.0,882.0,716.0,2.4008416,0.41652061,4,3,1
1j51LnieVf6H1XX5hzkhCxZ2sT,6,0,6,0.0,50.59745115,0.0,8.43290853,11.20285605,11.78479418,0,6,1,1,60.0,1.0,1741.6,983.0,0.0,50597451149.99999,6,0,6
1j5feaAyf1tkXNuMx6NvJmN9zR,15,4,11,58.96245555,144.57640032,14.74061389,3.14296522,23.06238539,14.17714454,0,15,6,6,60.0,1.0,1528.92857143,210.0,0.40782905,2.45200779,15,4,11
1j8j55HbEYnpuPzwFVnLQrcKxi,10,4,6,2.72773496,2.69368967,0.68193374,0.44894828,1.35363052,0.10062136,0,10,6,7,60.0,1.0,5007.22222222,168.0,1.01263891,0.98751884,10,4,6
1jA7FujgoznVHzGuoSfd1MuNcM,22,6,16,109.78591529,281.69701768,18.29765255,4.94205294,24.69210158,26.1418212,0,21,8,8,60.0,1.0,1014.0952381,58.0,0.38973048,2.56587575,22,6,16
1jAptWERjRFkpBPpRjsWEonuCB,9,7,2,16.12215397,9.97963973,2.30316485,4.98981986,5.34938328,2.22366682,0,9,3,2,60.0,1.0,1381.25,199.0,1.61550461,0.61900164,9,7,2
1jGT4q8NYshe86N3pm735SnvAT,12,2,10,42.83457865,130.81007957,21.41728932,3.3541046,24.9348719,20.85085967,0,12,7,9,60.0,1.0,1862.63636364,2.0,0.32745625,3.05384303,12,2,10
1jHgZ2ijcN7DEo7Fibqw33Jdbw,13,2,11,42.93350669,172.09155015,21.46675335,3.74112066,21.49778095,15.19891994,0,13,7,7,60.0,1.0,1619.0,149.0,0.24948062,4.00832737,13,2,11
1jHsitrf18LdjMvHwCVW2V1W3P,13,7,6,5.45572532,3.87787876,0.77938933,0.64631313,1.41243813,0.21333684,0,13,5,6,60.0,1.0,7179.41666667,2174.0,1.40688393,0.71079069,13,7,6
1jKv3NZFMMnz16YzBVBWifVGo9,6,3,3,14.0649875,8.47832936,4.68832917,2.82610979,5.47924835,1.22284283,0,6,3,3,60.0,1.0,2570.2,514.0,1.65893384,0.60279679,6,3,3
1jRDuaKP9SeTeKJGgwy8nTHifY,7,5,2,2.81380651,1.46343315,0.5627613,0.73171658,0.89860912,0.0752998,0,7,2,3,60.0,1.0,18196.0,4832.0,1.92274345,0.52009019,7,5,2
1jSTvjj45DuqZAoJ6CV3JfDmZT,9,3,6,3.3846699,4.9281209,1.1282233,0.82135348,1.33718491,0.11291875,0,9,4,6,60.0,1.0,7436.625,823.0,0.6868074,1.45601227,9,3,6
1jUEh9NZoxUiXVyNKSQcT8XBcj,3,0,3,0.0,11.99385474,0.0,3.99795158,5.81822242,1.74521091,0,3,2,3,60.0,1.0,3941.0,1360.0,0.0,11993854739.999998,3,0,3
1jVohBEdovP4iHqu84BWSXLXpq,9,4,5,4.35999097,5.56167935,1.08999774,1.11233587,1.49318428,0.11971263,0,9,5,4,60.0,1.0,9659.5,317.0,0.78393426,1.27561717,9,4,5
1jXcBHaxfUEbqomDnLSjiQVzaV,11,9,2,6.19938033,1.37822255,0.68882004,0.68911128,1.29813084,0.13747012,0,11,2,3,60.0,1.0,6842.3,271.0,4.49809817,0.22231618,11,9,2
1jaFTLJ4ceypChkUcY4PijRsaM,15,8,7,6.51672288,5.18386752,0.81459036,0.7405525,1.41980009,0.17789356,0,15,6,6,60.0,1.0,4619.64285714,621.0,1.25711602,0.79547153,15,8,7
1jbFuFJhhPuxqqhnQXGNzUCDi9,4,3,1,11.56262876,5.62044921,3.85420959,5.62044921,6.10652311,2.55413957,0,4,2,2,60.0,1.0,2238.33333333,548.0,2.05724282,0.48608749,4,3,1
1jbgtGmeSmgcVLZRdLmzx6MNeH,8,4,4,3.63844282,3.1127155,0.9096107,0.77817888,1.26254189,0.08890375,0,8,4,4,60.0,1.0,6750.28571429,19.0,1.16889668,0.8555076,8,4,4
1jd2Ts7SobAKdXehGgfqyqbsj5,22,4,18,60.77008715,214.36769173,15.19252179,3.29796449,20.30567822,13.10669168,0,22,8,8,60.0,1.0,934.95238095,234.0,0.28348529,3.5275199,22,4,18
1je47dGiGEQgFYfY6f414i2Cne,19,4,15,35.56395553,190.42788304,8.89098888,3.28323936,19.01123255,5.72275115,0,19,7,8,60.0,1.0,1088.77777778,52.0,0.18675813,5.35451921,19,4,15
1jf6hAXkoqs1vTM2VpS7zABxAb,10,7,3,24.88611481,9.70244349,3.55515926,3.23414783,7.15798001,4.73161086,0,10,2,3,60.0,1.0,1150.44444444,38.0,2.56493272,0.38987377,10,7,3
1jiwsvRcyAng2pQn9QSNfeQ2ai,22,4,18,57.07410793,223.05361301,14.26852698,3.09796685,24.68234323,13.39091522,0,22,9,9,60.0,1.0,1004.38095238,122.0,0.25587619,3.90814015,22,4,18
1jjALBjyQETf2e6AFWQG1CcJdV,21,5,16,50.15916404,218.16655328,10.03183281,3.51881538,17.39279063,7.71683589,0,21,9,9,60.0,1.0,1060.45,2.0,0.22991225,4.34948543,21,5,16
1jpgq3w58qEHbLEFd7DFiCQCaR,12,3,9,52.38992961,123.17362857,17.46330987,3.62275378,22.62723917,19.22049579,0,12,5,7,60.0,1.0,1969.63636364,207.0,0.42533398,2.35109361,12,3,9
1ju8WeNf9ycAruyBEG6CNRYY9P,4,0,4,0.0,26.33739568,0.0,6.58434892,11.6144784,15.55696973,0,4,1,1,60.0,1.0,2945.33333333,41.0,0.0,26337395680.0,4,0,4
1jvdhwkXVfUkD7fdKTV3dgRk4c,37,13,24,285.35407239,514.36297143,4.67793561,4.32237791,7.80693454,2.54613581,0,36,9,10,60.0,1.0,443.38888889,1.0,0.5547718,1.80254295,37,13,24
1jxgRtuNVmpQwDqiYsqRJtKN8B,33,19,14,407.94068893,271.59773835,4.33979456,4.05369759,7.8766296,2.76697536,0,32,8,12,60.0,1.0,531.9375,10.0,1.50200326,0.66577752,33,19,14
1k4gpF4HnFhVTU6GrTSBbi2Zst,18,1,17,20.79254316,219.5632317,20.79254316,3.59939724,20.79254316,11.40436169,0,17,5,9,60.0,1.0,1307.88235294,139.0,0.09469957,10.55971028,18,1,17
1k7YnV5z6MfA59JghecnMRfaKW,12,2,10,2.01891502,6.07748369,1.00945751,0.60774837,1.40806675,0.22356936,0,12,7,7,60.0,1.0,7091.18181818,14.0,0.33219588,3.01027217,12,2,10
1k8SQe7vMA26WvnjXWhJfj1N3i,5,2,3,1.8121489,2.960308,0.90607445,0.98676933,1.38985112,0.13126332,0,5,3,3,60.0,1.0,15602.25,8085.0,0.61214877,1.63358982,5,2,3
1k8b1iog5qpe3mw5PZ7KskLf6K,9,5,4,5.48714342,2.84961351,1.09742868,0.71240338,1.46026022,0.19566911,0,9,4,4,60.0,1.0,5727.5,319.0,1.92557461,0.5193255,9,5,4
1kAe76bVB9ZBJX8aD26b8VmerS,13,4,9,68.88621707,108.73408055,17.22155427,2.65205075,24.49271035,21.92709763,0,13,5,7,60.0,1.0,1363.75,39.0,0.63352922,1.57845916,13,4,9
1kD46ZUrKG9G6uHPmRuQ7Zs8BW,7,2,5,7.60823827,24.78544486,3.80411913,4.95708897,6.51879302,2.74369643,0,7,6,4,60.0,1.0,1896.16666667,286.0,0.30696396,3.25771144,7,2,5
1kDHXAYuCoYK9Dhy6awopE1U5Y,9,6,3,4.10703366,2.31869631,0.68450561,0.77289877,1.48818024,0.165198,0,8,3,4,60.0,1.0,8052.25,21.0,1.77126847,0.56456716,9,6,3
1kDqZx9UJw9ePx7ZNCxQQiWkTr,6,2,4,13.06920915,22.27001067,6.53460457,5.56750267,7.33841264,0.77214807,0,6,4,4,60.0,1.0,2296.4,514.0,0.5868524,1.70400599,6,2,4
1kKPfpJB62nLB2kZzKu6yZCbhT,33,19,14,511.33123475,271.19412524,4.96438092,4.37409879,8.94742814,3.77259508,0,31,9,11,60.0,1.0,503.90625,5.0,1.8854805,0.53036878,33,19,14
1kLunmf3EvwMA6nGPSZ4kLHuC2,10,5,5,3.4825672,3.71053485,0.69651344,0.74210697,1.14033806,0.13505482,0,10,5,4,60.0,1.0,9566.88888889,1081.0,0.93856205,1.06545966,10,5,5
1kNfwvnjW9yKonRTvkipQsXtwB,7,2,5,1.58010229,4.36720679,0.79005114,0.87344136,1.26767078,0.11995774,0,7,4,5,60.0,1.0,12930.0,683.0,0.36181073,2.763876,7,2,5
1kQbziP4SJD8wuW6jEihf24sNG,11,9,2,7.34980303,1.40034513,0.81664478,0.70017256,1.4476623,0.14373692,0,10,3,3,60.0,1.0,8567.9,833.0,5.24856542,0.19052825,11,9,2
1kVRn9BwcwA8xCskib98evEwwZ,11,6,5,28.23389662,20.97487965,4.70564944,4.19497593,7.8999646,4.04502109,0,11,3,5,60.0,1.0,1536.7,80.0,1.34608146,0.74289709,11,6,5
1kW6yh6nFyEtkiArnBZaofiarN,11,5,6,4.07288173,4.64305025,0.81457635,0.77384171,1.37471149,0.20719641,0,11,5,6,60.0,1.0,6658.1,1057.0,0.87719958,1.13999143,11,5,6
1kW7SvV6hJajdPWgANWbQmCDMA,39,19,20,441.94008527,454.82495166,5.0797711,4.99807639,12.73254429,4.22925853,0,38,9,12,60.0,1.0,434.76315789,2.0,0.97167071,1.02915523,39,19,20
1kcdZzWkuD4YrDB7TSQurzSdy7,6,0,6,0.0,39.33821561,0.0,6.55636927,10.94238195,14.60962982,0,6,1,1,60.0,1.0,1594.6,365.0,0.0,39338215610.0,6,0,6
1kdR8pV4deZVE5Yu1eZ8ySTbc7,5,0,5,0.0,32.69194382,0.0,6.53838876,11.37381975,7.26509939,0,5,1,1,60.0,1.0,1898.75,694.0,0.0,32691943819.999996,5,0,5
1kiKJQj3Vn9fSBgzorp2k62VgF,2,0,2,0.0,6.24573696,0.0,3.12286848,3.2256826,0.01057074,0,2,1,1,60.0,1.0,5964.0,5964.0,0.0,6245736960.0,2,0,2
1kiPoNqFkMJKqw3VqanekTWWmZ,5,1,4,5.73943956,22.51792226,5.73943956,5.62948056,7.58247946,2.82348801,0,5,4,5,60.0,1.0,3061.5,257.0,0.25488318,3.92336604,5,1,4
1kk9kFfPUqxmW9j6YRsr5natqf,7,4,3,13.42525558,13.04498002,3.35631389,4.34832667,5.8081261,1.94024158,0,7,3,4,60.0,1.0,2379.33333333,486.0,1.0291511,0.97167461,7,4,3
1kkwchLtdgh8eZmVA4CveZ65E1,9,6,3,97.47110077,32.50504487,16.24518346,10.83501496,26.49875993,34.99366685,0,9,3,4,60.0,1.0,843.25,39.0,2.99864532,0.33348392,9,6,3
1knHHfp298iTUStYt4va4ZQ2dU,9,4,5,2.36377328,4.40621164,0.59094332,0.88124233,1.20862549,0.11547846,0,9,5,5,60.0,1.0,4924.875,933.0,0.53646385,1.86405849,9,4,5
1knLvFZinmParxs12egteZUUzk,4,2,2,63.2556484,38.6142198,31.6278242,19.3071099,33.29454144,45.45014155,0,4,3,3,60.0,1.0,1636.0,1256.0,1.63814389,0.61044698,4,2,2
1ko5yqkRa8orhTFTv1Gbdkjk6i,18,3,15,46.46536439,221.68184707,15.4884548,3.69469745,21.32804773,14.05269323,0,18,9,10,60.0,1.0,1165.47058824,50.0,0.20960383,4.77090517,18,3,15
1koFsNvT68cZmqA1Gvb1kvUwuk,10,6,4,30.28623602,19.35834919,5.047706,4.8395873,7.55007418,4.90248408,0,10,4,4,60.0,1.0,1622.77777778,70.0,1.5645051,0.63917976,10,6,4
1koSVqfdZ6FUKsSA9N6Xdp4cSH,6,2,4,2.35654381,2.78147218,1.1782719,0.69536805,1.30423677,0.08123477,0,6,4,4,60.0,1.0,17055.8,2609.0,0.84722897,1.18031847,6,2,4
1kq714Jq1jes37Eas1RfaqJYXq,8,5,3,3.69470456,1.91089147,0.73894091,0.63696382,1.19403179,0.14466274,0,8,3,4,60.0,1.0,11735.0,6.0,1.93349786,0.51719737,8,5,3
1krGMLkhfm28KPrdgTV2RfC5gN,10,3,7,43.96891493,90.87179961,14.65630498,3.13351033,17.02327887,13.39408167,0,10,6,6,60.0,1.0,1976.88888889,38.0,0.48385654,2.06672827,10,3,7
1ktSoBvW9gb2Sedj26iU9xWC4H,11,9,2,5.97440151,1.02323251,0.66382239,0.51161626,1.24438099,0.11288213,0,11,2,3,60.0,1.0,7221.5,1017.0,5.83875263,0.17126946,11,9,2
1kvgh61TQVGytMw6XLNHRdErmn,15,3,12,23.26117413,132.77854365,7.75372471,2.8250754,14.5957026,5.43733728,0,15,8,8,60.0,1.0,1455.07142857,0.0,0.17518775,5.70816172,15,3,12
1kvhWyvXeqbAmxL3qA78UaAF6E,6,4,2,13.95658699,8.77310499,3.48914675,4.3865525,6.61454761,4.67080082,0,6,2,2,60.0,1.0,3022.2,977.0,1.59083779,0.6285996,6,4,2
1kyRqFSctzs5QjLym6aQuapfd3,18,3,15,28.51643806,196.42988374,9.50547935,3.32932006,14.03674149,6.37769014,0,18,8,10,60.0,1.0,1336.41176471,227.0,0.14517362,6.88830363,18,3,15
1m8D2VMTATmETZrgXxwpo4n9aE,8,4,4,2.70117297,1.76330057,0.67529324,0.44082514,0.98556211,0.05519887,0,8,4,3,60.0,1.0,12310.0,1204.0,1.53188459,0.65279069,8,4,4
1mAABnZ2h7qfKHAPcjwpdAnujk,19,3,16,16.41369593,240.90393983,5.47123198,4.46118407,12.30625655,7.0758717,0,19,8,11,60.0,1.0,1147.38888889,20.0,0.06813378,14.6770076,19,3,16
1mAEmkh1LTj7jaJgfm9Tvz7Zog,8,5,3,3.46581612,4.07048175,0.69316322,1.35682725,1.49622365,0.25450861,0,8,4,4,60.0,1.0,12378.71428571,4611.0,0.85145109,1.17446558,8,5,3
1mAZRTf9dRUCYhbmiCcBYK9CMv,12,7,5,6.3541806,5.37695408,0.90774009,1.07539082,1.46490692,0.09199551,0,12,4,5,60.0,1.0,7807.90909091,1287.0,1.18174351,0.84620731,12,7,5
1mB59ZxaRzUP9SmcGnK8NzuzNe,6,4,2,1.89561655,0.8255104,0.47390414,0.4127552,1.16485481,0.14607291,0,6,3,3,60.0,1.0,19035.4,8327.0,2.29629639,0.43548385,6,4,2
1mC3yBKcFVLJrJ5rYBFJPUrNsD,13,2,11,43.6610136,155.13422515,21.8305068,3.52577784,22.23150165,18.75218788,0,12,7,10,60.0,1.0,1754.91666667,317.0,0.28144024,3.55315217,13,2,11
1mCfhqeg3VS6e8qhZ8pzzLgybE,28,13,15,293.4715074,313.09298168,4.6582779,4.40976031,8.84264316,3.64814915,0,27,8,11,60.0,1.0,633.7037037,12.0,0.9373302,1.0668599,28,13,15
1mHE37zRNhvPUt9FZcYaZZVoyR,21,6,15,103.07022815,211.54197658,17.17837136,3.52569961,23.51228492,20.01547044,0,21,8,10,60.0,1.0,1092.35,21.0,0.48723298,2.05240621,21,6,15
1mLgHq5gnxX8NmYwqMPY8zSUtF,21,6,15,97.23018631,215.81849789,16.20503105,4.07204713,24.62054592,22.31065786,0,20,9,9,60.0,1.0,1062.25,25.0,0.45051832,2.21966558,21,6,15
1mMeePegvS532woBF7j7YkXMqF,7,3,4,2.72788869,3.9224736,0.90929623,0.9806184,1.13574259,0.01510569,0,7,5,3,60.0,1.0,13388.0,4524.0,0.69545113,1.43791556,7,3,4
1mMwZDdGLy3aFQJhuJvAkhXZaP,4,0,4,0.0,30.80586674,0.0,7.70146668,11.42480184,7.12643215,0,4,1,1,60.0,1.0,1087.33333333,88.0,0.0,30805866739.999996,4,0,4
1mNzSd1ZnrYXUSworts5bF1Rmu,9,6,3,3.76465457,1.69069467,0.62744243,0.56356489,1.44548122,0.13898421,0,9,4,4,60.0,1.0,10138.25,1188.0,2.22669098,0.44909689,9,6,3
1mZ6vqGsZKnWsNw5GpqHr3WkJg,31,11,20,229.52118687,416.78471987,4.68410585,4.00754538,7.98379389,3.60657937,0,30,9,10,60.0,1.0,470.53333333,0.0,0.55069482,1.81588779,31,11,20
1mZA9iFZVfrK1AzSA3aPZy5YHm,13,3,10,44.20545728,124.42977325,14.73515243,3.88843041,23.55538551,20.26192613,0,13,8,6,60.0,1.0,1646.25,343.0,0.35526431,2.8148057,13,3,10
1mfpLosdH4hXeBd4jKtpg2KY69,6,4,2,3.92601064,1.51495711,0.98150266,0.75747856,1.22372649,0.0767398,0,6,3,3,60.0,1.0,14632.2,2776.0,2.59149953,0.38587698,6,4,2
1mpX8JW3bAXAhEMd3frR4tQsUX,8,2,6,1.17987227,6.80587346,0.58993613,1.13431224,1.45514462,0.23430548,0,8,6,6,60.0,1.0,11623.0,758.0,0.17336089,5.76831377,8,2,6
1mqs852rXqU3D73sjZe4X8H35L,13,5,8,4.1834078,3.7520755,0.83668156,0.46900944,1.23578481,0.12445504,0,13,6,7,60.0,1.0,7375.33333333,152.0,1.11495832,0.89689451,13,5,8
1mvTGJiWLhrk6Z1uHyr93kABD1,35,15,20,386.17359554,438.10060684,5.2185621,4.42525865,7.99764634,3.305208,0,34,8,12,60.0,1.0,480.91176471,35.0,0.8814724,1.13446546,35,15,20
1mvWM8fRXesCydT2NaUPF6JksE,35,19,16,403.16522717,332.62582281,4.63408307,4.37665556,9.31280725,2.70964184,0,35,9,10,60.0,1.0,482.29411765,4.0,1.21206833,0.82503599,35,19,16
1mvxzf41pGS9jC6x5nrXGrhAhW,18,5,13,73.5526725,172.33100076,14.7105345,3.37903923,23.80584583,17.34300902,0,18,9,10,60.0,1.0,1189.76470588,17.0,0.42681045,2.34296042,18,5,13
1mwU3kG7T7FjL1pYeg9tkp6RyJ,12,2,10,12.67013316,45.10559074,6.33506658,4.51055907,7.96415714,2.37659705,0,12,6,8,60.0,1.0,1120.63636364,97.0,0.2808994,3.55999342,12,2,10
1mx5exi8p2N1wYy7eW3fPYKqLP,34,11,23,231.25043568,465.95678724,4.71939665,3.88297323,8.10995311,2.2851729,0,32,9,11,60.0,1.0,474.42424242,0.0,0.49629159,2.01494447,34,11,23
1mz9H4ZgsFhP6nmxyFDpq7PWdC,37,18,19,415.921697,374.28263024,4.95144877,4.20542281,10.36710459,3.68996811,0,37,9,12,60.0,1.0,373.47222222,2.0,1.11125033,0.89988725,37,18,19
1n5M8JeWVYTJd6GSo6TwPVTvP9,1000,1000,0,6578.5510609,0.0,6.57855106,0.0,11.99256054,10.22524917,0,551,1,1,60.0,1.0,12.4994995,0.0,6578551060900.0,0.0,1000,1000,0
1n7dvwBf3BCr5zQruLyuGg3JHb,23,6,17,100.18162542,279.1995671,16.69693757,4.29537796,23.46664806,18.54181035,0,23,7,10,60.0,1.0,772.77272727,0.0,0.35881727,2.78693389,23,6,17
1nBFobxNiA39GkC2d7Hm15UgDF,16,3,13,53.50605608,168.27092087,17.83535203,3.17492304,23.26082507,14.18641476,0,16,5,9,60.0,1.0,1291.46666667,277.0,0.31797565,3.14489486,16,3,13
1nDSt38mbSFdfHPH7uEorcHMF7,18,2,16,38.47357736,258.06979711,19.23678868,4.03234058,22.33979798,10.9142063,0,18,9,7,60.0,1.0,1283.29411765,15.0,0.14908206,6.70771513,18,2,16
1nFFYQ3JYznnfE1DuhS8xJdZYB,7,3,4,2.76328236,2.32411992,0.92109412,0.58102998,1.46243234,0.21654677,0,7,3,4,60.0,1.0,11075.16666667,2415.0,1.1889586,0.84107218,7,3,4
1nFdxevtazvuB8Mds21Wmu8Ex9,9,5,4,28.34339824,9.52319273,5.66867965,2.38079818,7.77907061,6.13141506,0,9,4,5,60.0,1.0,1105.625,22.0,2.97624957,0.33599333,9,5,4
1nJGJ1r61CSiQNWRmLWQTwiwrv,34,14,20,350.32637027,443.17123438,4.86564403,4.7145876,9.52540426,4.16099327,0,34,9,12,60.0,1.0,446.06060606,26.0,0.79049889,1.26502391,34,14,20
1nLqNWTAVxHMrxk76R1cdzwPad,5,2,3,11.75796361,12.87375026,5.87898181,4.29125009,7.7069582,4.35865516,0,5,4,4,60.0,1.0,3065.25,1768.0,0.91332855,1.09489625,5,2,3
1nM5nEYEdhg13REzm8K1zGjuvN,8,3,5,2.59953547,5.8474617,0.86651182,1.16949234,1.40402981,0.08325743,0,8,5,5,60.0,1.0,11137.42857143,123.0,0.44455793,2.24942563,8,3,5
1nQABuvK9kRknQDrWgDmC9v6e5,17,1,16,16.75852369,203.78396185,16.75852369,3.1841244,16.75852369,6.63792778,0,16,7,9,60.0,1.0,1425.0,30.0,0.08223672,12.16001872,17,1,16
1nQnPoRuAyZLfYQRsPoVbmFvtF,33,14,19,318.26547134,378.87959176,4.68037458,4.163512,7.68566854,2.44013343,0,33,9,11,60.0,1.0,535.53125,9.0,0.84001746,1.19045145,33,14,19
1nSDtZjPhwstSysHTo5KdVJMfY,19,4,15,66.78437702,193.74809511,16.69609425,3.58792769,23.26029466,18.59201935,0,18,8,10,60.0,1.0,1147.22222222,22.0,0.34469695,2.90109909,19,4,15
1nTLcQn6k3395ZAL5nH2b6V39a,9,4,5,4.74764701,33.15973847,1.18691175,6.63194769,7.23032981,7.44523972,0,9,3,5,60.0,1.0,1514.0,120.0,0.14317504,6.98445744,9,4,5
1nUm67eNNpF2fGYEo8vDHk4FYY,2,0,2,0.0,14.07492757,0.0,7.03746378,9.92048071,8.31178659,0,2,1,1,60.0,1.0,1114.0,1114.0,0.0,14074927569.999998,2,0,2
1nVHb1RS75mzCzTsp9o3iF4Rev,4,3,1,14.10448707,0.69999449,4.70149569,0.69999449,7.55434869,7.03253358,0,4,2,2,60.0,1.0,2801.66666667,821.0,20.14942585,0.04962921,4,3,1
1nVRBQAix3yB6F87UWdPoKBazp,7,3,4,11.76933765,17.38309914,3.92311255,4.34577478,5.40126815,1.03548878,0,7,4,4,60.0,1.0,2599.66666667,451.0,0.67705635,1.47698194,7,3,4
1nXEBHFYq3Dkxhg6dj3MTSqMkt,38,17,21,383.82056645,435.92457139,4.68073862,4.27377031,10.41403093,3.40384774,0,38,9,12,60.0,1.0,448.08108108,9.0,0.88047472,1.13575095,38,17,21
1ncNpVCFhNh46gJWEYYdU9SkDZ,4,0,4,0.0,25.54672684,0.0,6.38668171,10.62757048,6.03602115,0,4,1,1,60.0,1.0,3462.66666667,1688.0,0.0,25546726839.999996,4,0,4
1ne3cLPHasAR9VXzEF7xCNa79j,35,15,20,304.07767201,405.54815742,4.47173047,4.26892797,8.53783717,2.94520672,0,35,9,10,60.0,1.0,458.20588235,1.0,0.74979424,1.33369923,35,15,20
1ne5kZ4tLFZzLmG3reXdYNrRZn,45,27,18,636.49380565,343.00008379,4.82192277,3.81111204,9.39899672,3.75815668,0,45,9,10,60.0,1.0,359.81818182,24.0,1.85566662,0.5388899,45,27,18
1neS9UJCBAfXNZe5V4tnyyHooQ,6,4,2,2.64736497,2.29045125,0.66184124,1.14522563,1.29377516,0.15462589,0,6,2,3,60.0,1.0,18774.8,2411.0,1.15582681,0.86518152,6,4,2
1ngymJzLEcpa9RveVSdJ8GkRRY,37,16,21,359.78934812,466.63605041,4.73407037,4.4868851,12.99954584,3.84559345,0,37,9,12,60.0,1.0,407.75,0.0,0.77102776,1.29697017,37,16,21
1nm7RTGrRUCqAaJQvML5Kq1bhN,4,0,4,0.0,23.81288709,0.0,5.95322177,10.05328323,14.52170484,0,4,1,1,60.0,1.0,1859.66666667,130.0,0.0,23812887090.0,4,0,4
1nn81f6yAyeJHypFo7suJmit5J,9,6,3,21.87466609,9.55277797,3.64577768,3.18425932,7.33629323,4.30547975,0,9,3,4,60.0,1.0,600.5,74.0,2.28987486,0.43670509,9,6,3
1nqRYeAL7NX6BiWximTDphcFMJ,22,6,16,75.5216617,208.4996128,12.58694362,3.30951766,20.11195502,13.26674408,0,21,7,9,60.0,1.0,979.0,2.0,0.36221488,2.76079218,22,6,16
1nr3yTuYh4xGzfFERVwkYWHLw7,4,1,3,39.57152293,96.74747602,39.57152293,32.24915867,39.57152293,26.53627299,0,4,4,3,60.0,1.0,2948.33333333,342.0,0.40901866,2.44487624,4,1,3
1nrviq9wfkTsMVXxp9HCkeuMtK,5,1,4,0.11167731,1.80294273,0.11167731,0.45073568,0.78451996,0.08460291,0,5,3,4,60.0,1.0,15328.25,4208.0,0.06194168,16.14421703,5,1,4
1nsJEWzTE8aMQdSY2Yu8UqgvHH,1,0,1,0.0,1.11897372,0.0,1.11897372,1.11897372,0.0,0,1,1,1,60.0,1.0,0.0,0.0,0.0,1118973720.0,1,0,1
1nu8jFTtNo8XkXXEeBivT2G39d,4,2,2,0.7224936,0.88085083,0.3612468,0.44042541,0.71625851,0.04439866,0,4,3,3,60.0,1.0,33585.33333333,15771.0,0.82022242,1.2191815,4,2,2
1nuHByUwj92EW4ZWuzbwB76T4v,11,7,4,3.81967248,2.03407345,0.5456675,0.50851836,1.27272838,0.13809669,0,11,3,5,60.0,1.0,7157.2,2016.0,1.87784393,0.53252562,11,7,4
1nvPSoBMXmS954ohf3Aa2PWqxe,9,1,8,12.06611863,214.14592923,12.06611863,26.76824115,37.4025436,120.73019644,0,9,6,7,60.0,1.0,1204.25,11.0,0.05634531,17.74770627,9,1,8
1nwUQRQ1KPPLVxc6EoyVpTtVKB,6,2,4,1.0323087,2.70068495,0.51615435,0.67517124,1.29275298,0.1516197,0,6,3,3,60.0,1.0,10962.6,3375.0,0.38223959,2.61616021,6,2,4
1nxkarpdodFjxNaammg7UjoGXP,7,4,3,4.10118963,1.52515844,1.02529741,0.50838615,1.39745397,0.21259429,0,7,3,3,60.0,1.0,12835.33333333,4060.0,2.6890253,0.37188196,7,4,3
1nz1Wt7d59frtJGsmGW4CUQVa7,3,0,3,0.0,28.88720612,0.0,9.62906871,10.92924888,0.90464995,0,3,1,1,60.0,1.0,4214.0,3324.0,0.0,28887206120.0,3,0,3
1o2eZB8Qnis3RyhHrbg4f4j7iv,13,6,7,4.40205857,5.78526638,0.73367643,0.82646663,1.41056473,0.2117001,0,13,5,4,60.0,1.0,6240.5,265.0,0.76090854,1.3142184,13,6,7
1o3e4aufeG5cVa8o1tLwub3Cai,27,5,22,63.8890746,354.69698182,12.77781492,4.17290567,19.45323834,10.15425826,0,26,9,11,60.0,1.0,887.0,46.0,0.18012297,5.55176271,27,5,22
1o4rKwysXH7A1c7b1DUafEZhAP,1,0,1,0.0,10.07759678,0.0,10.07759678,10.07759678,0.0,0,1,1,1,60.0,1.0,0.0,0.0,0.0,10077596780.0,1,0,1
1o5zmVvdp3hs2xMDj59T2QMmwY,42,26,16,669.77252197,347.69667375,5.23259783,4.63595565,8.51709013,3.03107843,0,37,8,12,60.0,1.0,384.04878049,3.0,1.92631271,0.51912651,42,26,16
1oBENf2RAYk2rexnKuw3yok7JL,35,19,16,466.54664946,338.26282135,5.01663064,4.63373728,12.10193055,5.19457828,0,35,9,12,60.0,1.0,496.11764706,15.0,1.37924306,0.72503537,35,19,16
1oCdnCYUKw2MJvXkGgbUCA5H4P,14,3,11,37.5560975,161.28844674,12.51869917,3.84020111,20.85525925,13.99933613,0,14,6,7,60.0,1.0,1583.0,7.0,0.23285051,4.29460081,14,3,11
1oCtKwLJwVKcf1rJYU2VpbTx9r,16,4,12,48.10045957,168.09596988,12.02511489,3.50199937,24.15592539,11.82809338,0,16,9,8,60.0,1.0,1224.33333333,152.0,0.2861488,3.49468532,16,4,12
1oFbRDDajGdhCcpcTp7rhdPkWm,16,9,7,7.54788396,4.49690739,0.83865377,0.64241534,1.4401053,0.17143338,0,16,5,7,60.0,1.0,5438.13333333,676.0,1.67846106,0.59578385,16,9,7
1oG347XyaxJwS9ipxYoLxqimBt,2,0,2,0.0,18.11202373,0.0,9.05601187,9.58624449,0.28114664,0,2,1,1,60.0,1.0,4253.0,4253.0,0.0,18112023730.0,2,0,2
1oJ3sVQT3AGrx84oULr3VrfYBe,5,0,5,0.0,38.44955538,0.0,7.68991108,10.50669874,3.82511588,0,5,1,1,60.0,1.0,1466.25,100.0,0.0,38449555380.0,5,0,5
1oQZzvWvcmjoGjX54vmMDepmAP,5,0,5,0.0,21.45205635,0.0,4.29041127,6.82832786,2.40338597,0,5,1,1,60.0,1.0,2299.75,61.0,0.0,21452056350.0,5,0,5
1oRakgxhkFTGdAULfNVb9Ei9eb,5,3,2,3.31464149,1.77230244,1.1048805,0.88615122,1.37245167,0.12645106,0,5,3,3,60.0,1.0,4675.75,2149.0,1.87024597,0.53468903,5,3,2
1oTEqBeK1FvsZuo2LEYH6hBUgz,29,14,15,327.45891807,308.40592093,4.96149876,4.97428905,9.9566535,4.59909383,0,27,9,11,60.0,1.0,575.64285714,13.0,1.06177896,0.94181561,29,14,15
1oVJk655XkESW1EnaUAPSiWxU7,9,6,3,21.90980723,6.49660402,3.65163454,2.16553467,7.01417612,4.9371358,0,9,4,3,60.0,1.0,1684.375,224.0,3.37250157,0.2965158,9,6,3
1oYs24xz6MfLx5zTzQjjy6Svov,9,5,4,4.09763138,4.15444446,0.81952628,1.03861111,1.47834916,0.20226093,0,9,5,4,60.0,1.0,11422.125,15.0,0.98632475,1.01386486,9,5,4
1odfhVWAABAmULxRok6qMGG31A,4,1,3,10.4263982,71.55293359,10.4263982,23.85097786,34.81681541,140.92773664,0,4,3,3,60.0,1.0,1614.0,1268.0,0.14571587,6.86267033,4,1,3
1og4A9G5k8SXhckV2RhuXhUENG,12,3,9,36.30826052,123.57783934,12.10275351,3.86180748,16.04593218,12.13736166,0,12,7,10,60.0,1.0,1643.63636364,182.0,0.29380883,3.40357367,12,3,9
1ois8xQMTRjakJVjDwhAERPDxj,4,2,2,2.65987168,2.55460882,1.32993584,1.27730441,1.41088888,0.01012297,0,4,3,3,60.0,1.0,10447.66666667,3511.0,1.04120508,0.96042559,4,2,2
1oj94hXME5kvuEnRcQfD7Qrqn9,12,7,5,25.9754111,10.21562521,3.71077301,2.04312504,5.47477241,2.58433937,0,12,3,6,60.0,1.0,1251.18181818,3.0,2.54271379,0.3932806,12,7,5
1onn9Y559A7aBnG6qQPN6TNq5Y,5,3,2,1.74946719,2.8029447,0.58315573,1.40147235,1.43203349,0.33455427,0,5,2,3,60.0,1.0,14612.0,4039.0,0.6241533,1.60217049,5,3,2
1oqBm3QfsUHAQKfVb4RJFX6gvi,40,20,20,483.01273092,415.41247231,4.92870134,4.774856,9.34148098,3.17674148,0,39,9,11,60.0,1.0,378.0,4.0,1.16273045,0.86004456,40,20,20
1oyGbbwUNhN2rpy3nzew6mQfPo,2,0,2,0.0,17.47803326,0.0,8.73901663,10.98014193,5.02264261,0,2,1,1,60.0,1.0,4958.0,4958.0,0.0,17478033260.0,2,0,2
1oyPWmeX67Kxf6WfvKT5ixg4Re,3,1,2,7.7675382,34.38855999,7.7675382,17.19428,25.44437787,65.12351238,0,3,3,3,60.0,1.0,2338.5,2198.0,0.22587565,4.42721479,3,1,2
1oyRECtnHv2M73tpyATQaFxbVh,8,3,5,13.89693559,19.11552886,4.63231186,3.82310577,7.55369069,6.73235714,0,8,5,5,60.0,1.0,1573.57142857,64.0,0.72699718,1.37552115,8,3,5
1p1AbUYz6stmiA41XC39KvQkku,5,3,2,2.95697036,2.04799912,0.98565679,1.02399956,1.45371941,0.08111514,0,5,2,3,60.0,1.0,11199.25,10011.0,1.4438338,0.69260049,5,3,2
1p1rx2BeNswXDsa17yy25CwKtP,9,2,7,2.75025449,36.25384246,1.37512724,5.17912035,7.89821992,5.2988102,0,9,5,7,60.0,1.0,1707.75,78.0,0.07586105,13.18199555,9,2,7
1p3kkTxaXxR5sTHynb8nrfibn2,12,6,6,5.92424423,5.02436667,0.98737404,0.83739445,1.41864675,0.13278373,0,12,7,5,60.0,1.0,8293.18181818,255.0,1.17910268,0.84810256,12,6,6
1p5RzxE9xELUunjXBfdLeDZnkW,12,8,4,6.03854458,2.4260827,0.75481807,0.60652067,1.28589935,0.11868441,0,12,4,4,60.0,1.0,9790.18181818,2461.0,2.4890102,0.40176613,12,8,4
1p88dGse61Gwb9wdXL9ixMP8Go,20,1,19,21.18661637,232.1098589,21.18661637,3.31585513,21.18661637,8.94041502,0,20,9,9,60.0,1.0,1077.52631579,79.0,0.0912784,10.95549449,20,1,19
1pAVfr3jZrDrEoM3d1ANxHCPWD,6,2,4,2.42726678,2.79589129,1.21363339,0.69897282,1.46332929,0.1953951,0,6,5,5,60.0,1.0,19227.6,8562.0,0.86815492,1.15186815,6,2,4
1pCYaRc8HrHnVEgKmYD89w5VCz,7,3,4,3.0793352,3.60686339,1.02644507,0.90171585,1.46676493,0.0976959,0,7,4,4,60.0,1.0,10504.83333333,1453.0,0.85374323,1.17131236,7,3,4
1pDov5zz9aL4EFGeqeXW7bys4M,6,4,2,3.2911161,1.9417877,0.82277902,0.97089385,1.31726806,0.12762683,0,6,3,3,60.0,1.0,11637.0,976.0,1.69488977,0.59000887,6,4,2
1pGitavmzrhGHxv62UQrWuz9go,3,3,0,84.15160547,0.0,28.05053516,0.0,39.26099096,135.79123517,0,3,1,1,60.0,1.0,1657.5,776.0,84151605470.0,0.0,3,3,0
1pGkYgHPhWXzAWbyQFAKhoCRHy,16,8,8,4.72116528,6.44443532,0.59014566,0.80555442,1.37540008,0.12662281,0,16,5,4,60.0,1.0,5526.33333333,84.0,0.73259565,1.36500947,16,8,8
1pJGF9p7kpzb6eU326EFZf2cDn,3,1,2,0.48333589,1.15587648,0.48333589,0.57793824,0.98801604,0.114098,0,3,3,3,60.0,1.0,29785.5,5115.0,0.41815531,2.39145593,3,1,2
1pKoHNGatNijUQGNCDxk9TU3hk,24,4,20,44.51027221,222.11367933,11.12756805,2.74214419,18.7714417,7.76189374,0,23,8,9,60.0,1.0,770.30434783,0.0,0.20039411,4.99016673,24,4,20
1pLWorGSM13oDAfd2d3nh4ULvW,22,2,20,26.83093442,297.94739733,13.41546721,4.19644222,19.98725256,7.02899185,0,21,8,11,60.0,1.0,1107.0952381,83.0,0.09005259,11.10462247,22,2,20
1pLdWSgiXgepaVmCPSjeUirL55,35,20,15,486.48309852,311.37100239,4.81666434,3.99193593,7.9365396,2.94280619,0,35,9,12,60.0,1.0,433.88235294,0.0,1.56239051,0.64004485,35,20,15
1pMXswhhzuRn4iFSwVEER5JCHX,40,26,14,617.22980869,344.25065509,4.64082563,5.13806948,9.82459035,4.16846425,0,40,9,12,60.0,1.0,437.05128205,27.0,1.79296626,0.55773498,40,26,14
1pNVYpPbHjYHQW1uPLnNzarjwx,4,2,2,1.03772626,2.42456815,0.51886313,1.21228407,1.30662426,0.20178124,0,4,3,3,60.0,1.0,11364.0,7346.0,0.42800457,2.33642362,4,2,2
1pQRYLie5Ty38RdBDqUHrqoPZn,5,3,2,2.95841722,1.96118205,0.98613907,0.98059103,1.45215579,0.309384,0,5,2,3,60.0,1.0,9663.75,1057.0,1.50848679,0.66291598,5,3,2
1pSmL1BuY175rmTaTiKoUBCQCn,8,3,5,2.07747356,3.98398059,0.69249119,0.79679612,1.22158044,0.1453783,0,8,5,6,60.0,1.0,13178.28571429,270.0,0.52145675,1.91770459,8,3,5
1pSqvRrVbF2QQYEW7DbwwaXpKu,19,8,11,111.96148848,186.61815219,13.99518606,5.04373384,19.70324283,18.66100838,0,18,6,7,60.0,1.0,1323.05555556,100.0,0.59994961,1.66680664,19,8,11
1pSstwbKhALkysxoiQ1cxcA831,9,5,4,4.28237061,1.88687256,0.85647412,0.47171814,1.46661612,0.19283985,0,9,4,5,60.0,1.0,7257.625,110.0,2.26956007,0.44061403,9,5,4
1pTa8p5XVrQZe7VZFg3osxjaLW,6,3,3,3.22475357,2.58850724,1.07491786,0.86283575,1.23714159,0.04162241,0,6,4,3,60.0,1.0,16022.2,3462.0,1.24579662,0.80269924,6,3,3
1pVQx5EZXWj59sEfb6bdFgWiht,9,6,3,20.01427669,9.0247812,3.33571278,3.0082604,5.43525635,2.03331522,0,9,3,4,60.0,1.0,1610.75,529.0,2.21770215,0.45091718,9,6,3
1paRUzgHo3ZUrtQtKCKGocCRg9,19,3,16,71.23820933,217.01574023,23.74606978,3.67823289,24.26770485,26.55288278,0,19,8,7,60.0,1.0,1154.05555556,60.0,0.32826287,3.04633907,19,3,16
1peBRuzWXhPt2JS7ySiBjAkhZh,34,18,16,428.12654998,313.7769409,4.9782157,3.64856908,7.99398003,2.88331259,0,34,9,11,60.0,1.0,514.0,0.0,1.36442961,0.73290699,34,18,16
1peGG4jzaFhF47TNnX7kr91cBT,4,1,3,1.16947704,1.76448785,1.16947704,0.58816262,1.16947704,0.14015442,0,4,4,3,60.0,1.0,9498.33333333,3795.0,0.66278554,1.50878366,4,1,3
1pg6ycX9Jo373YZFiPUXLswyF2,9,4,5,4.67708908,3.63516505,1.16927227,0.72703301,1.4262844,0.15212838,0,9,4,5,60.0,1.0,8460.375,329.0,1.28662358,0.7772281,9,4,5
1pkmreLGkhfZaHJAWcdPAkGU6s,11,6,5,13.32071052,27.96172156,2.22011842,5.59234431,7.48487932,5.52644863,0,11,3,6,60.0,1.0,1270.0,447.0,0.47639093,2.09911637,11,6,5
1pmBxD5zg25V4mtRUuaRGuV97m,4,3,1,101.14487383,19.5247815,33.71495794,19.5247815,36.48216271,43.09925352,0,4,2,2,60.0,1.0,2390.0,348.0,5.1803332,0.19303778,4,3,1
1pmPe2nmPddAdDvtyYbLCY364F,6,0,6,0.0,3.69147186,0.0,0.61524531,1.10212462,0.11888331,0,6,3,5,60.0,1.0,11133.4,3856.0,0.0,3691471860.0,6,0,6
1pnMMHj4nKCiG8SgYfAonp4pUV,21,3,18,31.84369304,276.6292368,10.61456435,4.12879458,13.33192927,6.95556652,0,19,8,8,60.0,1.0,1212.7,2.0,0.11511326,8.68709658,21,3,18
1ppeR8o2RtxfhTGpVLf7ytAtws,8,2,6,5.04244542,23.9768525,2.52122271,3.99614208,7.41444577,3.90064012,0,7,5,5,60.0,1.0,1346.57142857,474.0,0.21030473,4.75500486,8,2,6
1pqyXNFUPmeoRxqb4WcPuhBQHZ,9,3,6,1.18134591,3.05728487,0.39378197,0.50954748,0.91014569,0.08387933,0,9,5,5,60.0,1.0,12215.5,472.0,0.38640361,2.58796754,9,3,6
1psQ4aTCwbTbMRKhELVR4kkaux,5,0,5,0.0,32.45023157,0.0,6.49004631,11.08189322,9.84329397,0,5,1,1,60.0,1.0,2740.75,378.0,0.0,32450231569.999996,5,0,5
1puN5cCXMPEzdJCpkDYpDGpGxH,7,1,6,1.15316313,4.07989199,1.15316313,0.679982,1.44130625,0.24043076,0,7,5,5,60.0,1.0,17419.33333333,856.0,0.2826455,3.53800073,7,1,6
1pwMthMw2wjhLd99v8mW4HiwcU,24,2,22,9.54018175,324.31172147,4.77009088,3.95502099,10.46283057,4.82638991,0,24,9,7,60.0,1.0,1035.91304348,7.0,0.0294167,33.99429172,24,2,22
1q3p3Wr9kj1J2rqgLYq58sCKS7,15,9,6,45.66980244,29.33996892,5.07442249,4.88999482,7.50600884,3.70409924,0,14,5,5,60.0,1.0,1083.5,168.0,1.55657297,0.64243696,15,9,6
1q4GTiDh1QRfNiiqTCMh3keRgL,42,20,22,445.99723182,506.48286176,4.6947077,5.27586314,10.45503653,4.07586009,0,40,9,11,60.0,1.0,396.46341463,0.0,0.88057714,1.13561885,42,20,22
1q583HbwNVcnTV8ARMtXmBcv5c,6,0,6,0.0,34.88177854,0.0,5.81362976,10.00783035,5.75951088,0,5,1,1,60.0,1.0,1405.2,235.0,0.0,34881778540.0,6,0,6
1q6A4QcscTdimLaPEm4WHaWc5t,39,21,18,437.98603911,386.26762176,4.33649544,4.43985772,8.94742814,3.08619117,0,38,8,12,60.0,1.0,420.39473684,0.0,1.13389271,0.88191766,39,21,18
1q6DFFJJEXjTvXjtEkJbs7K3ud,16,2,14,41.46182125,169.16784155,20.73091062,3.19184607,24.98213935,14.92543756,0,15,7,8,60.0,1.0,1436.6,74.0,0.24509281,4.08008709,16,2,14
1q6aoSuK8XR5hhhnFv2ADTHq8m,8,5,3,18.18996035,11.30120026,3.63799207,3.76706675,7.88343686,6.59645251,0,8,4,3,60.0,1.0,1964.85714286,148.0,1.60956004,0.62128779,8,5,3
1q8SuyyD6cwYD9a3XX78F3vRC6,7,2,5,1.18693177,5.77315045,0.59346589,1.15463009,1.49373309,0.26884803,0,7,5,3,60.0,1.0,11894.5,2566.0,0.20559516,4.86392781,7,2,5
1q8vpi8sggYUHNFJgTPsM5rPri,14,1,13,4.98643535,176.93985521,4.98643535,3.5387971,11.81092906,5.17314114,0,14,7,9,60.0,1.0,1428.46153846,45.0,0.02818153,35.48423729,14,1,13
1qAWMjXfJs4WoJ2FEwVHHghega,17,3,14,30.7984031,163.62640768,10.26613437,2.97502559,23.59242727,11.14739356,0,17,9,9,60.0,1.0,1189.75,47.0,0.18822392,5.31282116,17,3,14
1qJQVz36SMAVT6FTjc5Lezc49P,17,4,13,50.77486796,192.09983831,12.69371699,3.49272433,20.92643219,12.22318905,0,17,8,6,60.0,1.0,1134.0,165.0,0.264315,3.78336461,17,4,13
1qKZgs3MRX3ZUW23f41jHyGRPh,10,6,4,2.78592795,2.7063949,0.46432133,0.67659872,1.15541093,0.13449068,0,9,4,3,60.0,1.0,10286.66666667,760.0,1.02938708,0.97145186,10,6,4
1qPfLxp1dKBjdK5uCMdVggpue3,1,0,1,0.0,11.44285763,0.0,11.44285763,11.44285763,0.0,0,1,1,1,60.0,1.0,0.0,0.0,0.0,11442857630.0,1,0,1
1qQu7BubHsxcERwfMrsQevQbBY,49,24,25,539.4018167,544.96075653,4.90365288,4.86572104,10.35495844,3.89798819,0,46,9,11,60.0,1.0,347.1875,0.0,0.98979938,1.01030575,49,24,25
1qR5HxS26YjHr6fRL2zo44uoeA,22,13,9,270.8655462,186.85170935,4.51442577,4.79106947,11.5777202,3.94738552,0,22,9,9,60.0,1.0,678.33333333,21.0,1.44962841,0.68983196,22,13,9
1qWJDovAPyRtkXK2ussmNER9M6,5,2,3,10.8164687,10.07182621,5.40823435,3.3572754,7.55712351,5.44696564,0,5,3,4,60.0,1.0,2661.75,959.0,1.07393321,0.9311566,5,2,3
1qWN1wthhB2hgBCNC8CrruFc1C,42,19,23,449.52730646,525.74548861,4.83362695,4.53228869,7.9918546,2.66293901,0,42,9,12,60.0,1.0,385.31707317,24.0,0.85502837,1.16955184,42,19,23
1qcWqvSWWxjUw41RJFLMivnetn,14,2,12,31.40052921,149.35055054,15.70026461,3.31890112,22.75048773,11.78924181,0,14,7,7,60.0,1.0,1407.15384615,147.0,0.21024716,4.7563068,14,2,12
1qjmhapDq1uHEJABefxjvYbQE9,8,4,4,81.18905922,70.90137701,20.29726481,17.72534425,35.35176028,128.01505076,0,8,5,4,60.0,1.0,924.14285714,261.0,1.14509848,0.87328733,8,4,4
1qn9jAVVrNLVrvVhYYJQdxCQKy,12,6,6,22.31003245,30.17630284,3.71833874,5.02938381,7.04418021,2.99951553,0,12,4,6,60.0,1.0,1317.27272727,17.0,0.73932292,1.35258893,12,6,6
1qnh3qnvW8couAv7hwbB6tRj2y,40,24,16,501.47334341,364.6761961,4.51777787,4.73605449,7.98428273,2.80882024,0,40,9,11,60.0,1.0,433.38461538,35.0,1.37511949,0.72720953,40,24,16
1qooHwaetqMoGcBndKL5enq8HW,20,7,13,92.49277324,179.7951866,13.21325332,3.66928952,18.75461395,19.03137619,0,20,8,11,60.0,1.0,954.26315789,15.0,0.51443409,1.94388362,20,7,13
1qp6pC1BBKh7YNS5RZ3zfNUHjv,4,2,2,8.11848185,5.92231599,4.05924093,2.961158,5.8329533,3.51077307,0,4,3,3,60.0,1.0,5051.33333333,1629.0,1.37082889,0.72948565,4,2,2
1qqMVHhhJRQmECQkuMJK58a7tr,19,3,16,26.79765685,202.6643442,8.93255228,3.75304341,16.74004246,7.59713485,0,19,8,8,60.0,1.0,1136.5,22.0,0.1322268,7.56276362,19,3,16
1qtBmUNJAEqN76R7PwPfHt3oWb,7,3,4,3.13727212,3.10331809,1.04575737,0.77582952,1.3342196,0.12472767,0,7,5,4,60.0,1.0,10080.0,2245.0,1.0109412,0.98917721,7,3,4
1qtFJbi2iK9KXexT4h2o4dK1f5,22,3,19,58.03792894,274.96180402,19.34597631,3.87270147,24.75817855,14.17428173,0,21,7,10,60.0,1.0,1087.76190476,50.0,0.21107633,4.7376226,22,3,19
1qv7h1ZLaU63RorTp3pjs4CxRz,4,0,4,0.0,29.07796731,0.0,7.26949183,11.34145134,11.31009144,0,4,1,1,60.0,1.0,1185.33333333,54.0,0.0,29077967310.0,4,0,4
1qvvXVaMtJQEdpvi3oPVngbRR9,36,15,21,307.59134138,409.73729966,4.27210196,4.05680495,11.14614274,4.20892021,0,35,9,11,60.0,1.0,469.97142857,1.0,0.75070378,1.33208333,36,15,21
1qwVMd82hQwiUosEszoeijuTY3,6,0,6,0.0,37.09354202,0.0,6.182257,10.24178874,6.32036804,0,6,1,1,60.0,1.0,1721.6,499.0,0.0,37093542020.0,6,0,6
1r786kjYg1qwb3wXQgMYzyzdxJ,11,3,8,1.52413458,5.23870821,0.50804486,0.65483853,1.02290308,0.07535551,0,11,7,8,60.0,1.0,7713.9,658.0,0.2909371,3.43716905,11,3,8
1r8MF7GpTxDRzF5XeY4yUAEgWC,13,6,7,4.74096599,6.23122024,0.790161,0.89017432,1.37868247,0.12761879,0,12,5,5,60.0,1.0,7915.41666667,419.0,0.7608407,1.31433557,13,6,7
1r9hKNL9AHpfABKG2AFm9rm412,32,11,21,255.91620554,436.18701679,4.56993224,4.64028741,10.8000761,4.49672691,0,32,8,11,60.0,1.0,473.87096774,27.0,0.58671211,1.70441343,32,11,21
1r9wF2XAJzocYRH7CT7zEjxdQu,4,0,4,0.0,33.18622346,0.0,8.29655587,11.0959519,4.44213878,0,4,1,1,60.0,1.0,2460.33333333,52.0,0.0,33186223460.0,4,0,4
1rBdho9myWAuJD2pUYXYgaFjRW,27,18,9,403.69233534,184.63557274,4.80586113,3.84657443,7.8682068,2.90594972,0,27,7,10,60.0,1.0,599.76923077,5.0,2.18642773,0.45736705,27,18,9
1rHZFzRQTX1Wh7ehm1PSjwMYtK,1,0,1,0.0,11.94865423,0.0,11.94865423,11.94865423,0.0,0,1,1,1,60.0,1.0,0.0,0.0,0.0,11948654230.0,1,0,1
1rNJEuAYy8SiDo4yimoDGMzTwi,15,3,12,26.17577794,122.10902366,8.72525931,2.77520508,15.06302127,6.79466738,0,14,8,9,60.0,1.0,1326.85714286,129.0,0.21436399,4.66496254,15,3,12
1rRPMYUXmTfshN9tiGRTcYbbYb,9,6,3,4.50432375,1.62106401,0.75072063,0.54035467,1.34887029,0.1220258,0,9,4,4,60.0,1.0,8318.375,42.0,2.77862177,0.35989065,9,6,3
1rRR21ebsow1yxNYtbETif3mE2,10,2,8,8.031644,20.50538962,4.015822,2.5631737,5.33056895,1.63424757,0,10,5,7,60.0,1.0,1571.55555556,32.0,0.39168454,2.55307501,10,2,8
1rRR8HyBrrb3ftY1B1fqvWen1f,8,4,4,75.47887222,74.62166396,18.86971805,18.65541599,34.19176609,112.12055333,0,7,4,4,60.0,1.0,1502.14285714,11.0,1.01148739,0.98864307,8,4,4
1rSxZu1jxbWT4DaQgqYhVq4EJc,9,3,6,2.55701756,4.66825148,0.85233919,0.77804191,1.49624531,0.11831238,0,9,5,5,60.0,1.0,8352.25,3742.0,0.54774632,1.82566266,9,3,6
1rTEUemjwZNzs5RWypxTixQPgg,33,11,22,285.59535376,485.95113522,5.09991703,4.26272926,10.41403093,3.18926491,0,33,8,12,60.0,1.0,531.96875,10.0,0.58770385,1.70153726,33,11,22
1rTZ2ZiNcjZKHsrJEtvY9r8vDC,32,15,17,362.02452953,376.23874023,4.89222337,4.27544023,9.59772925,3.20484684,0,31,9,11,60.0,1.0,521.06451613,0.0,0.96222024,1.03926311,32,15,17
1rWxFdijky6hBvdZuiGtMaHKcz,34,19,15,362.45366456,295.94917312,4.4747366,3.69936466,7.91159482,2.69284501,0,34,8,11,60.0,1.0,476.66666667,11.0,1.22471592,0.81651588,34,19,15
1rY7s8Lccus7R4Qc25dYjsxNPY,3,0,3,0.0,22.86973007,0.0,7.62324336,10.51517934,4.20857653,0,3,1,1,60.0,1.0,1804.0,541.0,0.0,22869730069.999996,3,0,3
1rbwTVjnFmfX5b5f3PidVHUZsd,8,1,7,25.8424848,156.24438097,25.8424848,22.32062585,39.89009664,57.40469739,0,8,5,6,60.0,1.0,984.42857143,99.0,0.16539785,6.04602778,8,1,7
1rfZBZ7VeJYXdP1wt3DLNq9qA4,7,4,3,20.96161079,12.63367965,5.2404027,4.21122655,7.06470786,6.2428482,0,7,3,4,60.0,1.0,1997.83333333,233.0,1.65918492,0.60270557,7,4,3
1ri3QJSJWitNLvbfMLwXZYRqxv,8,3,5,1.16231411,4.12313021,0.38743804,0.82462604,1.30485341,0.17066175,0,8,4,5,60.0,1.0,12835.85714286,3929.0,0.2819009,3.54734591,8,3,5
1rnvJr42tfgkZ8BvoxgVn8se9j,33,15,18,373.16980921,371.08168017,4.72366847,4.31490326,10.36710459,4.12724093,0,33,8,11,60.0,1.0,463.53125,11.0,1.00562714,0.99440435,33,15,18
1rq8aCn4z1EjJ3gpGNpqZCXpk8,10,7,3,192.17333906,34.66635745,27.45333415,11.55545248,38.16004117,96.82318657,0,10,4,4,60.0,1.0,810.55555556,3.0,5.54351115,0.18039109,10,7,3
1ruvBGVuCqJSjJrMtS1KbqzyPx,26,13,13,247.75979419,293.85374178,4.19931855,4.45232942,9.11531195,3.58382261,0,26,9,12,60.0,1.0,617.4,55.0,0.84313983,1.18604289,26,13,13
1rvbURUZLW3tYiAR3pBWMXoZfT,3,0,3,0.0,19.88601613,0.0,6.62867204,10.32371774,13.98632691,0,3,1,1,60.0,1.0,3807.0,1390.0,0.0,19886016129.999996,3,0,3
1rwEVZQmqVW7kyW8C5dedDwmix,2,1,1,16.62065484,39.27854455,16.62065484,39.27854455,39.27854455,128.34499153,0,2,2,2,60.0,1.0,359.0,359.0,0.42314844,2.36323688,2,1,1
1rxBsqyePYspheLYJQ3c4hdiZg,2,0,2,0.0,10.20466206,0.0,5.10233103,6.02310171,0.84781865,0,2,1,1,60.0,1.0,280.0,280.0,0.0,10204662060.0,2,0,2
1rxVyVyWVfQW3qiEddzuTARFYW,14,5,9,29.60035844,116.98975267,5.92007169,3.34256436,9.95342484,4.86501031,0,14,6,7,60.0,1.0,1444.92307692,252.0,0.25301668,3.95230865,14,5,9
1s19C8Udpq2cnZWQsJZ1AxvfFD,12,0,12,0.0,165.17424914,0.0,3.44113019,6.94227432,2.6313898,0,11,7,8,60.0,1.0,1800.63636364,142.0,0.0,165174249140.0,12,0,12
1s2sijbvfM7CEW1aQ6q8yreq6g,22,4,18,83.52285212,193.42419739,20.88071303,2.93066966,23.21047807,21.57970836,0,22,8,8,60.0,1.0,934.95238095,16.0,0.43181181,2.31582366,22,4,18
1s6ibVXnXsgqPiFDxpKA9MEeFg,2,0,2,0.0,4.38153169,0.0,2.19076585,2.73351368,0.29457521,0,2,1,1,60.0,1.0,1663.0,1663.0,0.0,4381531690.0,2,0,2
1s6y3kiwBjeXX8ki7M2TAke8kW,23,6,17,101.70807654,223.16738165,16.95134609,3.38132396,23.09824611,18.25611482,0,21,8,11,60.0,1.0,826.0,43.0,0.45574795,2.19419528,23,6,17
1s7A8ijcY2SuBydECaxZ4ndcEB,9,5,4,3.33734841,2.5519344,0.66746968,0.6379836,1.17671252,0.15431078,0,9,5,5,60.0,1.0,7006.5,665.0,1.30777202,0.76465927,9,5,4
1s7n8GPj2uwrMDMrVABriae9u1,16,2,14,29.93117675,235.23858542,14.96558837,3.98709467,23.95957746,8.86485341,0,16,7,9,60.0,1.0,1458.53333333,49.0,0.12723753,7.8593163,16,2,14
1s7o14RVoTByTYyRPbR7vXsxdi,4,2,2,0.92376887,1.39664374,0.46188443,0.69832187,0.9712958,0.0583279,0,4,3,2,60.0,1.0,23295.0,7445.0,0.66142055,1.51189739,4,2,2
1sBHT6YyNA3y9GZfYJDoCT3r1h,8,4,4,2.88281405,1.50898904,0.72070351,0.37724726,1.07530247,0.06479462,0,8,4,4,60.0,1.0,12465.85714286,1465.0,1.91042743,0.52344307,8,4,4
1sEGrXnXXsG2kD7RYmcX7esBvT,17,1,16,24.27597549,255.86868099,24.27597549,3.99794814,24.27597549,10.20400314,0,17,9,8,60.0,1.0,1245.8125,38.0,0.0948767,10.53999585,17,1,16
1sHFXQKrw4APKWBgBnbKCCvnmz,4,1,3,0.05410556,3.30764447,0.05410556,1.10254816,1.46537715,0.25615455,0,4,4,4,60.0,1.0,17015.33333333,235.0,0.01635773,61.13317134,4,1,3
1sJqJ6Bye4VrNqfSMxgfg948AG,18,2,16,31.08229257,221.71401355,15.54114628,3.51927006,20.47800122,9.60526188,0,17,6,9,60.0,1.0,1275.52941176,3.0,0.14019092,7.13312935,18,2,16
1sKvm42GvEm3ysQw52mkutqfnx,6,3,3,15.5783756,12.0611839,5.19279187,4.02039463,7.43674221,5.86145513,0,6,4,4,60.0,1.0,2369.2,135.0,1.29161248,0.77422603,6,3,3
1sQUi2b97FWv88cnK9xPLVUc6x,11,5,6,3.73676428,5.53790696,0.74735286,0.92298449,1.34504407,0.16340745,0,11,6,4,60.0,1.0,8691.5,1075.0,0.67476112,1.48200597,11,5,6
1sQdRSLwVC8wG1WxJ9GQrne8JC,15,6,9,54.74810551,114.75337197,9.12468425,3.37509918,17.64512132,12.9514031,0,15,5,6,60.0,1.0,1085.28571429,28.0,0.47709365,2.09602453,15,6,9
1sRFjaQXJDFf7eMxZ2m12scL7S,30,14,16,253.74319976,307.63098244,4.69894814,3.70639738,7.9622657,2.80256204,0,28,9,12,60.0,1.0,517.03448276,53.0,0.82482979,1.21237134,30,14,16
1sRiS9upyJx655ZonqoT21pvbf,9,6,3,3.61506101,3.02673122,0.60251017,1.00891041,1.44240036,0.22633933,0,9,3,4,60.0,1.0,8318.125,845.0,1.19437794,0.83725592,9,6,3
1sZgBRcR3rBNdxjxABxACrn4TL,8,5,3,4.95696253,2.84549928,0.99139251,0.94849976,1.41024646,0.09230896,0,8,3,3,60.0,1.0,8017.28571429,248.0,1.74203612,0.57404091,8,5,3
1saVrDNLGXxjcpza9T3EFiQgo8,10,5,5,3.50830911,3.07383469,0.70166182,0.61476694,1.25336081,0.14236731,0,9,5,5,60.0,1.0,9818.44444444,2203.0,1.14134606,0.87615846,10,5,5
1sbyQaZJvBHuXtKpxNt8W5AqFx,12,4,8,4.33105418,3.68769367,1.08276354,0.46096171,1.42170467,0.21585007,0,12,8,7,60.0,1.0,5968.18181818,528.0,1.17446148,0.85145406,12,4,8
1scU5EvrL6YHf5ePFruc2cibtL,8,5,3,19.62080138,16.57991188,3.92416028,5.52663729,7.74081404,3.20574621,0,8,2,3,60.0,1.0,1742.0,123.0,1.18340806,0.84501706,8,5,3
1sfhFMSQGNBtJiGXrWqoeN3uVo,8,4,4,12.33480905,25.07501467,3.08370226,6.26875367,7.76382743,4.56314299,0,8,3,5,60.0,1.0,1327.14285714,3.0,0.49191632,2.03286606,8,4,4
1sjP3fPXdAZ5aJVoARSZ4SEpyf,6,0,6,0.0,41.82637987,0.0,6.97106331,11.61998977,13.92764116,0,6,1,1,60.0,1.0,1386.8,18.0,0.0,41826379870.0,6,0,6
1soJ8F24VZhbUYiPamsYMNkbN1,10,5,5,24.50182379,18.35095188,4.90036476,3.67019038,7.07895557,2.3428507,0,10,4,5,60.0,1.0,1549.66666667,16.0,1.33517999,0.74896269,10,5,5
1ssL9JihwAK1RUkCZpDJTDDtLk,12,1,11,5.53369891,145.25258811,5.53369891,3.54274605,11.82982434,6.78471824,0,11,7,8,60.0,1.0,1530.90909091,211.0,0.03809708,26.24873353,12,1,11
1stiSPXjfSYZJArW78HYYFh927,10,4,6,2.9537,4.37815218,0.738425,0.72969203,1.26686985,0.1519836,0,10,5,6,60.0,1.0,7807.77777778,2292.0,0.67464535,1.48226028,10,4,6
1su8jrp46uMU5T5weWDcHsHrpg,11,2,9,4.95682451,41.55691361,2.47841226,4.61743485,6.80140577,2.97613346,0,11,7,8,60.0,1.0,1346.2,65.0,0.11927798,8.38377746,11,2,9
1svDzd9hZHPTXogVCG9t349LeU,7,3,4,2.31535037,3.7273701,0.77178346,0.93184252,1.38367651,0.09931967,0,7,4,4,60.0,1.0,9230.0,305.0,0.62117533,1.60985143,7,3,4
1t43w5J7cbJ9s7pkUE3zjd418N,7,3,4,3.36669411,3.992572,1.12223137,0.998143,1.46134239,0.14910552,0,7,5,4,60.0,1.0,12916.66666667,1174.0,0.84323942,1.18590281,7,3,4
1t99TfmypZLvmcxMnpchEDEgnK,10,5,5,3.66747922,3.66456943,0.73349584,0.73291389,1.15576336,0.06574555,0,10,4,6,60.0,1.0,10835.44444444,1564.0,1.00079403,0.9992066,10,5,5
1tHwdXEVa3MGJwAP8d7wbW8U9w,4,0,4,0.0,28.47872872,0.0,7.11968218,11.86769376,10.46491022,0,4,1,1,60.0,1.0,2200.66666667,687.0,0.0,28478728719.999996,4,0,4
1tLK7PkCeaBz7YDfAgNWjcvRsV,7,4,3,3.35408523,2.21488127,0.83852131,0.73829376,1.38392796,0.18695494,0,7,3,4,60.0,1.0,13111.16666667,4337.0,1.51434087,0.66035331,7,4,3
1tMTQ7AUieHHwbUdQgJkSqETcs,14,6,8,3.83904627,6.26598322,0.63984104,0.7832479,1.46508703,0.14268618,0,14,7,7,60.0,1.0,5774.76923077,240.0,0.61268059,1.63217184,14,6,8
1tSC8nD22dUCPbxakPVUnUfHY2,8,4,4,4.17158489,3.16499449,1.04289622,0.79124862,1.38732612,0.09734052,0,8,5,5,60.0,1.0,13554.57142857,1628.0,1.31803859,0.75870312,8,4,4
1tUXb3ZPSxkrCW8maWMm11kERe,5,1,4,0.33808858,2.23633189,0.33808858,0.55908297,1.02444166,0.14452701,0,5,5,5,60.0,1.0,16173.5,6985.0,0.15117997,6.61463303,5,1,4
1tVwcqicRKPNvQ9T8M82V1pPjQ,4,0,4,0.0,22.35138327,0.0,5.58784582,8.40014504,5.76540639,0,4,1,1,60.0,1.0,1866.66666667,1039.0,0.0,22351383269.999996,4,0,4
1tWfrgaTKe59QeLduYwyjzC9p4,13,2,11,34.08187076,141.87519896,17.04093538,3.54687997,18.76364687,10.53221154,0,12,7,8,60.0,1.0,1593.83333333,163.0,0.2402243,4.16277616,13,2,11
1tXwrojRyDurvu7h3mzFruBmG8,3,0,3,0.0,21.39279143,0.0,7.13093048,8.11247783,0.96353956,0,3,1,1,60.0,1.0,4424.5,2249.0,0.0,21392791429.999996,3,0,3
1tbWEqtUvD6HdDm6a6DV9qAepD,30,17,13,383.10697777,318.89416708,4.61574672,5.14345431,11.33478785,4.55995086,0,30,8,11,60.0,1.0,550.62068966,21.0,1.20136088,0.83238935,30,17,13
1tecgDyQqHSLSEuebmfV17Kjhi,3,3,0,11.41896103,0.0,3.80632034,0.0,6.36889148,3.3843231,0,3,1,1,60.0,1.0,3803.0,2337.0,11418961030.0,0.0,3,3,0
1tgFhd7YANp5GPMBhy6unjhoyN,5,0,5,0.0,4.37129523,0.0,0.87425905,1.0252039,0.0105117,0,5,4,5,60.0,1.0,12849.75,3554.0,0.0,4371295229.999999,5,0,5
1tkSLW5m4BVTXWENfAMxnMoxPS,9,6,3,3.4845796,1.72518355,0.58076327,0.57506118,1.13402621,0.09070883,0,9,4,4,60.0,1.0,11554.625,1919.0,2.01983122,0.49509087,9,6,3
1tkdRAxLBTPWargqtUtEkNQZXV,9,4,5,16.65495681,28.22945728,4.1637392,5.64589146,7.25264766,5.18045565,0,9,4,5,60.0,1.0,1650.125,260.0,0.58998502,1.6949583,9,4,5
1tm5HtBtLdQtTCdu8XjdSLL8U1,19,3,16,28.21485293,196.08044268,9.40495098,3.21443349,13.12832002,4.90745783,0,19,8,7,60.0,1.0,1280.55555556,217.0,0.14389427,6.94954686,19,3,16
1tqxaWv464Jvi7Nf7uKdXmNx48,8,5,3,4.24374111,1.2636551,0.84874822,0.42121837,1.41671249,0.17453844,0,8,4,3,60.0,1.0,9589.0,593.0,3.35830648,0.29776913,8,5,3
1tsZ83E2tpsTcF7VSJq6YBUa3b,11,7,4,5.67732493,3.7678153,0.81104642,0.94195383,1.42948517,0.13606118,0,11,5,4,60.0,1.0,6946.1,111.0,1.50679491,0.66366032,11,7,4
1ttmu7VYG6cq1moTE9PKGi62Xj,6,3,3,3.98813585,1.86971985,1.32937862,0.62323995,1.44182864,0.13200025,0,5,3,3,60.0,1.0,8113.4,1467.0,2.13301252,0.4688205,6,3,3
1ttrUT4MxreZTsqVbVJLxB9YnN,10,3,7,1.41595314,4.14060944,0.47198438,0.59151563,1.22157722,0.0920735,0,10,7,7,60.0,1.0,7126.33333333,1357.0,0.34196733,2.92425598,10,3,7
1u2QEKdUoVa9vWK8nnw8VyUYH6,10,3,7,1.94067208,5.64039784,0.64689069,0.80577112,1.42624882,0.24364115,0,10,7,6,60.0,1.0,10087.22222222,1295.0,0.34406652,2.90641469,10,3,7
1u2ZZz4S9B4XAw9GxfvQdsJWGW,5,3,2,2.4382479,2.18957638,0.8127493,1.09478819,1.44367505,0.23403751,0,5,2,2,60.0,1.0,17079.25,3387.0,1.11357061,0.89801221,5,3,2
1u6oUkeeCk6iDMGLnWo4P1uXwi,12,6,6,29.90410429,25.48872415,4.98401738,4.24812069,7.98798691,7.14377139,0,12,5,5,60.0,1.0,1448.90909091,125.0,1.17322876,0.85234869,12,6,6
1u95qDJdPB93dxxrtH3j4uEXxk,6,2,4,10.34693859,15.63006188,5.1734693,3.90751547,7.43994188,3.88405721,0,6,4,5,60.0,1.0,2742.2,430.0,0.66198961,1.51059772,6,2,4
1uAXfU65HFQ6f3oRSgiaKnf4ru,7,4,3,2.58878724,2.18190866,0.64719681,0.72730289,1.40920259,0.22868776,0,7,3,3,60.0,1.0,7103.83333333,335.0,1.18647828,0.84283043,7,4,3
1uCnbtu7p9Dv59DfAyvi1hLg64,14,6,8,5.09398325,5.91124787,0.84899721,0.73890598,1.48837999,0.19281378,0,14,5,7,60.0,1.0,6339.92307692,83.0,0.86174415,1.16043724,14,6,8
1uDf7W9pextehzL1ESudHZwj6j,13,5,8,88.66288618,130.36565073,17.73257724,3.95047426,24.29892575,28.98414986,0,13,6,5,60.0,1.0,1681.83333333,100.0,0.68010926,1.47035199,13,5,8
1uGrzwhcbzLyoxTN5d3EnKcDs4,39,10,29,226.18684085,634.73913072,4.52373682,4.56646857,9.31280725,3.35196198,0,38,9,10,60.0,1.0,422.36842105,10.0,0.35634614,2.80626021,39,10,29
1uHXvh7VpNHQQcctHP2T8PxkfD,6,6,0,4.9575521,0.0,0.82625868,0.0,1.4507003,0.23869664,0,6,1,1,60.0,1.0,17993.4,2005.0,4957552100.0,0.0,6,6,0
1uHbQW1rhZRoCy2gwQrgGMo5jb,6,4,2,3.33318014,1.31069939,0.83329504,0.65534969,1.02906138,0.06117731,0,6,3,3,60.0,1.0,9074.4,1768.0,2.54305462,0.39322789,6,4,2
1uHhtkMmbs8eCp1LrbXY3UYhRv,16,5,11,55.92927753,132.86972648,11.18585551,3.01976651,23.39682114,13.20673162,0,16,7,7,60.0,1.0,1303.26666667,57.0,0.42093319,2.37567393,16,5,11
1uRufPRCvrtm18WQDV1Fp2qJkn,5,3,2,1.82006269,1.87145602,0.60668756,0.93572801,1.29698377,0.11537122,0,5,3,3,60.0,1.0,16843.75,3489.0,0.97253832,1.02823712,5,3,2
1uVJn4SQVgNP6QSBEdCou1f3bN,15,5,10,3.48703294,6.19844472,0.69740659,0.61984447,1.26823083,0.11163519,0,15,7,7,60.0,1.0,5506.57142857,727.0,0.56256579,1.77756988,15,5,10
1uZ9Ak6htYPhSBisRvgdrRA2aD,14,3,11,43.3137446,139.79596291,14.43791487,3.49489907,21.11805113,14.79973361,0,14,7,7,60.0,1.0,1648.53846154,61.0,0.30983545,3.22751968,14,3,11
1uZQ7sovYSdkRPnudQeTMsT13s,9,3,6,8.13342658,30.0185905,2.71114219,5.00309842,7.18368232,3.54477548,0,9,5,7,60.0,1.0,1495.0,382.0,0.27094632,3.69076799,9,3,6
1uc3Z7Bh8xEQBoKnVqZYox7AiQ,9,5,4,3.61663878,3.12937563,0.72332776,0.78234391,1.49099049,0.24302326,0,9,5,5,60.0,1.0,9219.375,596.0,1.15570619,0.86527182,9,5,4
1ud43nusqUMuJxtnbhhV4jycJt,16,3,13,22.26806897,167.56172446,7.42268966,3.64264618,13.15760727,8.44605354,0,15,4,8,60.0,1.0,1403.06666667,12.0,0.13289472,7.52475325,16,3,13
1ue6rRfrcDGni5YeEyRKiY2afn,11,4,7,23.76421201,19.52019287,5.941053,2.78859898,7.41649698,5.43335448,0,11,3,7,60.0,1.0,1237.3,105.0,1.21741687,0.82141132,11,4,7
1uhAL5KyhV8tZdzXxuSBw5qXsy,9,3,6,85.53168445,106.95580465,28.51056148,17.82596744,35.89725035,100.84526943,0,9,5,5,60.0,1.0,1048.25,41.0,0.79969184,1.25048168,9,3,6
1uk4xTr9qVyTnYCfFpMm2gVerE,19,7,12,68.74695836,161.13660044,9.82099405,3.42843831,17.4363827,10.72895001,0,19,9,8,60.0,1.0,898.11111111,39.0,0.42663776,2.3439088,19,7,12
1umbDXqhP2NwRsqU7tZrtSEBDg,8,4,4,2.55678324,2.64174699,0.63919581,0.66043675,1.45687386,0.20970818,0,8,4,5,60.0,1.0,11352.85714286,775.0,0.96783804,1.03323072,8,4,4
1umfY2CD5RKEFKja5W4Qa1BMxT,9,3,6,2.31661908,3.77816506,0.77220636,0.62969418,1.45866701,0.21805514,0,9,5,7,60.0,1.0,10345.5,791.0,0.61315984,1.63089612,9,3,6
1unyrFKppXpvuoqp56C49XE2vv,5,2,3,47.69120566,57.4054792,23.84560283,19.13515973,36.29055468,132.11810944,0,5,3,3,60.0,1.0,945.0,42.0,0.83077794,1.20369109,5,2,3
1uo9CFwB3cXsGaqMynxtX4rqqo,2,0,2,0.0,11.0566446,0.0,5.5283223,7.97989025,6.01018541,0,2,1,1,60.0,1.0,4294.0,4294.0,0.0,11056644600.0,2,0,2
1utVHvUySUuA6Pe5aGv9mwX234,9,2,7,2.01202081,5.77653582,1.00601041,0.8252194,1.45179917,0.23180539,0,9,5,6,60.0,1.0,10882.25,3676.0,0.34830924,2.87101197,9,2,7
1uu78YftgF5tDUNtvpkSM8kdb9,9,4,5,3.24286667,4.09203169,0.81071667,0.81840634,1.41204293,0.17148413,0,9,4,6,60.0,1.0,13109.875,2426.0,0.79248327,1.26185629,9,4,5
1v1DbjWB798rxtQh5d3hJzPosR,4,3,1,12.28003541,3.4638215,4.09334514,3.4638215,5.86736067,4.64092582,0,4,2,2,60.0,1.0,4634.66666667,1046.0,3.54522755,0.28206934,4,3,1
1v2dxPBqwchzatgQfJyXvhx1Gd,20,3,17,51.81967992,232.77850209,17.27322664,3.8796417,23.17101861,16.33993157,0,18,8,9,60.0,1.0,1038.68421053,34.0,0.22261368,4.49208684,20,3,17
1v43sRxHHayucNKbXrNG78ehqq,13,2,11,23.46640276,165.917658,11.73320138,4.04677215,14.5011338,7.64207357,0,12,6,8,60.0,1.0,1293.58333333,135.0,0.14143403,7.07043426,13,2,11
1v5qzb5oRdDsJoe81sRWUgazXv,37,25,12,578.69849101,296.35753773,4.70486578,5.48810255,9.88765357,3.78754282,0,37,8,12,60.0,1.0,464.30555556,24.0,1.9527038,0.51211044,37,25,12
1v8aALBBMnFPazKw6HDhcJ9hLg,9,3,6,2.69239306,3.41656778,0.89746435,0.56942796,1.25386839,0.12490341,0,9,6,6,60.0,1.0,9623.75,262.0,0.78804029,1.26897065,9,3,6
1vBCFhPMkB6SkxjQ1rNbV7kHSd,8,2,6,0.93050122,5.20778628,0.46525061,0.86796438,1.44249529,0.14589101,0,8,4,4,60.0,1.0,9392.14285714,1601.0,0.178675,5.59675384,8,2,6
1vCvDRd6LfS6qij6BZzYkueJsB,11,4,7,3.71705461,5.4673976,0.92926365,0.7810568,1.49277075,0.15805787,0,11,4,5,60.0,1.0,7462.8,1236.0,0.67985811,1.47089515,11,4,7
1vEG7z2bZSBG4uUorNseyHkv22,8,4,4,13.73676024,13.55262339,3.43419006,3.38815585,6.42529363,3.87190142,0,8,5,4,60.0,1.0,1999.71428571,24.0,1.0135868,0.98659532,8,4,4
1vJBCLSxHq4ReyHjpmZTq8roqY,5,0,5,0.0,36.96835087,0.0,7.39367017,11.27345141,12.56336445,0,5,1,1,60.0,1.0,1288.0,774.0,0.0,36968350870.0,5,0,5
1vKnz6HsHF1hu81tR6JKPAesxf,9,3,6,14.7823535,29.79454373,4.92745117,4.96575729,7.013959,3.09655737,0,9,5,4,60.0,1.0,1667.375,30.0,0.49614297,2.01554805,9,3,6
1vMRVqoa5J2bBbCKqvSLfivvst,42,27,15,547.02599924,331.78740093,4.48381967,4.95205076,9.67850332,3.54421658,0,40,9,12,60.0,1.0,390.46341463,10.0,1.64872445,0.60652949,42,27,15
1vQe6PpWzxdZpvpy6QNN6cLePn,32,13,19,313.20581297,433.26655953,5.3085731,4.76117098,10.2084046,3.20201584,0,32,9,11,60.0,1.0,515.35483871,17.0,0.72289404,1.3833286,32,13,19
1vSs26df6gckHc2aV1m8X1mZro,7,4,3,19.00203679,14.16888317,4.7505092,4.72296106,7.22365859,3.85479325,0,7,4,4,60.0,1.0,2053.5,571.0,1.34111042,0.74565076,7,4,3
1vTbGi2gzpQGo5pCBQBpxrSJeV,41,22,19,483.60532027,440.73034509,4.88490222,5.31000416,9.1747612,3.11277457,0,41,9,12,60.0,1.0,396.35,14.0,1.09728165,0.91134304,41,22,19
1vTkT6xTTcezL3dGTpGRHTh1Nd,6,2,4,11.1381594,7.82504412,5.5690797,1.95626103,6.19842747,4.07909761,0,6,4,3,60.0,1.0,1396.4,107.0,1.42339893,0.70254374,6,2,4
1vUgwM4HvEAiRy3Ne4HWFPEMvA,8,5,3,109.08176779,68.64308244,21.81635356,22.88102748,37.77964256,108.90026867,0,8,4,3,60.0,1.0,823.0,169.0,1.58911523,0.62928099,8,5,3
1vUp7wWRQh4A8t2t2s3BYaULjg,3,0,3,0.0,21.08795802,0.0,7.02931934,8.9791586,7.20892053,0,3,1,1,60.0,1.0,1513.5,890.0,0.0,21087958019.999996,3,0,3
1vVptGtgZV6ijKZKkMJLxD21Wi,30,16,14,308.94520437,278.57400637,4.29090562,4.28575394,9.63365304,3.48528723,0,30,9,10,60.0,1.0,525.27586207,7.0,1.1090238,0.9016939,30,16,14
1vXKaE7wVDm1RSCveEjik6Q6ta,17,4,13,49.89042879,197.38661921,12.4726072,4.48605953,18.23018325,15.17648045,0,17,6,9,60.0,1.0,1342.0,2.0,0.25275487,3.95640254,17,4,13
1vXmv9qnXVg1z62HEvAcofaU8r,8,4,4,3.89736316,2.89433875,0.97434079,0.72358469,1.34797156,0.19292381,0,8,5,5,60.0,1.0,11897.42857143,1619.0,1.346547,0.74264025,8,4,4
1vbCJbvHPa7rF1cybdcDxjt3NX,15,5,10,68.24577163,131.67261395,13.64915433,3.29181535,18.90543099,18.10289126,0,15,6,6,60.0,1.0,1365.0,57.0,0.51829891,1.9293886,15,5,10
1vcePPuJFfDWSd1HCTZ7c5ZKN8,7,3,4,1.55160201,2.10152259,0.51720067,0.52538065,1.09433313,0.12264894,0,7,5,4,60.0,1.0,17206.0,9979.0,0.73832278,1.35442116,7,3,4
1vdYCAawyMbvmAkQcNpJPMx8Eg,4,2,2,9.8613835,7.76795362,4.93069175,3.88397681,7.7888175,7.1121706,0,4,3,2,60.0,1.0,1616.66666667,211.0,1.26949567,0.78771438,4,2,2
1veBdcyi1AnaJiHq8ssT6kReEk,10,8,2,189.61211997,48.86907999,23.701515,24.43454,39.07361346,140.15080028,0,10,3,3,60.0,1.0,693.88888889,12.0,3.88000183,0.25773184,10,8,2
1vh9LvM6khg4ZuCRx5jzur52iD,15,0,15,0.0,198.17453036,0.0,3.30290884,6.33123138,2.62747604,0,15,8,9,60.0,1.0,1185.0,120.0,0.0,198174530360.0,15,0,15
1vic5GNGYRyJBgvyZFqgF1EgqP,4,0,4,0.0,27.81982904,0.0,6.95495726,10.3749626,9.60743691,0,4,1,1,60.0,1.0,2080.0,1382.0,0.0,27819829040.0,4,0,4
1vmgc18DFthWhS5sg5zQkWX17L,31,14,17,377.94643223,390.08013616,5.10738422,4.64381114,8.94742814,3.49713105,0,30,7,11,60.0,1.0,494.23333333,3.0,0.96889433,1.0321043,31,14,17
1vmzqDn1zsZt7YA5mLGqSLuEbh,5,3,2,1.3713568,1.7053056,0.45711893,0.8526528,1.2906292,0.15210569,0,5,3,2,60.0,1.0,16456.5,2346.0,0.8041707,1.24351708,5,3,2
1vnENEocSXTm9Pf9EzaUoZvXf4,18,3,15,33.65480024,206.04273278,11.21826675,3.37774972,20.90647981,8.14193207,0,18,9,9,60.0,1.0,1310.52941176,51.0,0.16333893,6.12223907,18,3,15
1vocqPpa2DF2aThHu7KcTiGv9e,1,0,1,0.0,8.51941431,0.0,8.51941431,8.51941431,0.0,0,1,1,1,60.0,1.0,0.0,0.0,0.0,8519414310.0,1,0,1
1vpjt4msjGHcRLhmQztk8bxGwV,5,3,2,1.45232119,1.21799543,0.48410706,0.60899772,0.9266033,0.06262682,0,5,3,3,60.0,1.0,19459.0,1696.0,1.1923864,0.83865431,5,3,2
1vtToLJMqPS6crMYg4SLmWYwi8,10,5,5,2.19958804,3.23349925,0.43991761,0.64669985,1.40429223,0.17315055,0,10,4,5,60.0,1.0,10362.55555556,5563.0,0.68025005,1.47004766,10,5,5
1vwbEKH4LdStFgp6nwe7eNJ5dt,4,2,2,0.51599738,2.13114057,0.25799869,1.06557029,1.47959312,0.2602959,0,4,3,3,60.0,1.0,18263.0,11701.0,0.24212264,4.13013835,4,2,2
1vydF22cighF6WDHmwB4SgUfHA,5,1,4,1.02782262,1.87130947,1.02782262,0.46782737,1.15643666,0.18654585,0,5,4,5,60.0,1.0,14276.0,4452.0,0.54925315,1.8206541,5,1,4
1vymikECT77bvg43DLRaU7mRE4,14,2,12,41.45252975,173.23574501,20.72626487,3.76599446,21.83803773,14.10859261,0,14,6,9,60.0,1.0,1648.15384615,87.0,0.23928393,4.17913565,14,2,12
1w2g4w1J1LVRodB74QEiDUpyQ5,10,4,6,1.80348415,3.90496222,0.45087104,0.65082704,1.49543359,0.219991,0,10,4,5,60.0,1.0,8105.33333333,1088.0,0.4618442,2.16523235,10,4,6
1w4NrA1hQozFNDr6Do8ZJQT2Ng,3,1,2,1.33059248,11.24563118,1.33059248,5.62281559,7.60536514,6.71437497,0,3,3,3,60.0,1.0,3993.0,1990.0,0.11832084,8.45159683,3,1,2
1wB7TeXtdkVCgRrPg2xkyvoz9X,10,7,3,5.96434786,1.42236565,0.85204969,0.47412188,1.42907096,0.20363247,0,9,3,3,60.0,1.0,9960.66666667,702.0,4.19325921,0.23847798,10,7,3
1wBZ8vUAkg6p4oZYFugAB7ecGS,23,7,16,103.8581447,217.09294376,14.83687781,3.14627455,20.23262379,17.32354328,0,22,9,8,60.0,1.0,991.77272727,46.0,0.47840406,2.09028328,23,7,16
1wDNmGqNC5P5YDkKsRTw2sUbod,4,2,2,37.70729324,55.22324747,18.85364662,27.61162374,36.80040899,74.67076076,0,4,2,3,60.0,1.0,2314.66666667,402.0,0.68281557,1.46452431,4,2,2
1wFd4GNtUp2x9aPrchTghRUn1w,10,4,6,13.58545687,26.43045758,3.39636422,4.40507626,6.67047468,3.66115358,0,10,5,5,60.0,1.0,1720.77777778,191.0,0.51400763,1.94549641,10,4,6
1wGRcoNCbiD1kU6NiGX279poHB,13,5,8,3.69921877,5.58629249,0.73984375,0.69828656,1.42610846,0.13448682,0,13,6,8,60.0,1.0,6872.41666667,328.0,0.66219568,1.51012763,13,5,8
1wKGEEEquPDvaHeMyn8SoFtAt7,5,3,2,2.55034181,2.07599518,0.85011394,1.03799759,1.28412163,0.16809954,0,5,3,2,60.0,1.0,18313.0,6777.0,1.2284912,0.81400664,5,3,2
1wKpettGXfXg32Y4nKxNzQfKcv,12,5,7,18.42861621,34.61574864,3.68572324,4.94510695,7.89624016,5.28156159,0,12,6,7,60.0,1.0,1296.63636364,277.0,0.53237665,1.87836939,12,5,7
1wLRvpHJX83R4sS4UWiGYWabyg,33,21,12,527.05917723,292.85059174,5.0678767,4.43713018,7.8766296,2.34956003,0,33,8,10,60.0,1.0,475.625,0.0,1.79975452,0.55563133,33,21,12
1wMRdp1L4ebDwRUMrQtks9ajfe,7,5,2,4.06546943,0.16264823,0.81309389,0.08132412,1.47259098,0.31038753,0,7,3,3,60.0,1.0,14879.83333333,3232.0,24.99547293,0.04000724,7,5,2
1wSxiBn4piSnGW4FzQNgPyyg7M,6,0,6,0.0,46.06042801,0.0,7.676738,11.9435582,6.56957134,0,6,1,1,60.0,1.0,1047.4,148.0,0.0,46060428010.0,6,0,6
1wYm2D3PTZV4zdL59HmR1N6SHb,11,2,9,19.33395778,73.77009355,9.66697889,2.10771696,11.87143411,4.89527966,0,11,6,9,60.0,1.0,2071.2,159.0,0.26208395,3.81557125,11,2,9
1wYsNzkq437hsvW28wBVW1UDm9,6,4,2,3.32849225,1.72764317,0.83212306,0.86382158,1.2876464,0.08582736,0,6,3,3,60.0,1.0,16302.6,4747.0,1.92660864,0.51904678,6,4,2
1wcGCD2CvH72vk9Risy8NELWGQ,6,2,4,0.85836086,1.23150853,0.42918043,0.30787713,0.88142584,0.11445163,0,6,4,4,60.0,1.0,14758.6,1914.0,0.69699952,1.43472121,6,2,4
1wdMCNXHXXXJGVhB6AFZJZWVQR,9,0,9,0.0,66.12580339,0.0,7.34731149,10.94225322,9.65577555,0,9,1,1,60.0,1.0,1305.375,408.0,0.0,66125803390.0,9,0,9
1wnGvvrNbpzW9wY8WJyD2iUtcc,14,7,7,96.52784226,116.08978874,13.78969175,5.04738212,20.4300355,27.42214729,0,13,4,7,60.0,1.0,1363.38461538,17.0,0.83149296,1.202656,14,7,7
1wqtKXkHfobJVLR1KCeGW7XocH,9,4,5,23.91613954,17.48107253,5.97903488,3.49621451,7.90285164,5.33745143,0,9,5,6,60.0,1.0,1650.125,53.0,1.36811626,0.73093203,9,4,5
1wqxbHzSGyseAipKcpvtZYc2iX,3,0,3,0.0,22.26948193,0.0,7.42316064,9.68853767,9.87729459,0,3,1,1,60.0,1.0,2420.5,70.0,0.0,22269481930.0,3,0,3
1wywYEgcjC7q9zNzMZbYXJu3zr,10,7,3,158.50589893,86.69679569,22.64369985,28.8989319,37.88868528,107.81462201,0,10,3,4,60.0,1.0,827.22222222,26.0,1.82827863,0.54696258,10,7,3
1x1jDyQtGL7YUmvPLT7tH77ire,25,17,8,389.90853282,165.16976134,4.53382015,4.12924403,8.90782432,3.75886952,0,25,8,11,60.0,1.0,679.95833333,0.0,2.36065324,0.42361156,25,17,8
1x5ghnC6LvQYKnKMA4tE3stj9X,10,6,4,26.87973028,13.88650908,4.47995505,3.47162727,7.63672942,4.98806761,0,10,4,5,60.0,1.0,1694.66666667,29.0,1.93567225,0.51661638,10,6,4
1x6CdfyPVsz1tJV9nTsHwBhtU5,18,8,10,4.90297556,8.29295676,0.61287194,0.82929568,1.49003417,0.20704998,0,18,7,6,60.0,1.0,4727.88235294,175.0,0.59122165,1.69141303,18,8,10
1xAdBMKwytSNuqnkJYRFt5Uf6L,35,20,15,483.95840441,352.89169463,4.83958404,4.8341328,9.0171394,2.69921861,0,35,9,11,60.0,1.0,440.85294118,3.0,1.37140775,0.72917774,35,20,15
1xBrqGUYbcEcnYDSydvhDAGb23,7,4,3,18.44583309,11.85421143,4.61145827,3.95140381,6.55548334,2.67157723,0,7,2,4,60.0,1.0,2340.16666667,413.0,1.55605737,0.64264983,7,4,3
1xCkSYf5q85uYZN8CPfnBkWCse,32,13,19,306.77946051,444.84900278,4.94805581,5.491963,10.57594164,4.24053944,0,31,9,10,60.0,1.0,563.4516129,25.0,0.68962605,1.45006123,32,13,19
1xDsSxXgZZktFUZUGThwvLjLoL,28,12,16,320.61684024,356.654921,5.08915619,4.63188209,7.99736778,2.95886795,0,28,9,11,60.0,1.0,589.11111111,2.0,0.89895532,1.11240233,28,12,16
1xGCXnDM9K5z2EdWWGkfVGsCWZ,7,5,2,5.62138321,1.4176863,1.12427664,0.70884315,1.3917355,0.11312905,0,7,2,2,60.0,1.0,14807.0,791.0,3.9651813,0.25219528,7,5,2
1xGdZ2m8GoZY6xqRAbFGPUcg4M,5,5,0,23.74770788,0.0,4.74954158,0.0,7.86885247,7.29905006,0,5,1,1,60.0,1.0,1903.0,132.0,23747707880.0,0.0,5,5,0
1xJg2LZqWpFPofYQJFvKsMGRvK,7,5,2,108.8194191,38.59945803,21.76388382,19.29972902,37.80858428,134.28111877,0,7,2,3,60.0,1.0,951.5,83.0,2.81919552,0.35471112,7,5,2
1xNhyMXpJC6SoJGMref2vt3erF,14,2,12,30.90986561,190.46901653,15.4549328,4.23264481,15.60693675,10.95682345,0,14,9,8,60.0,1.0,1446.46153846,39.0,0.16228291,6.16207844,14,2,12
1xQigPMdJBCda7jDGyiAK5gjgW,30,14,16,307.84314426,310.57348564,4.59467379,4.03342189,7.98838496,2.44017691,0,30,9,12,60.0,1.0,547.20689655,46.0,0.99120871,1.00886926,30,14,16
1xSHkMKDRYTZirXgUXjLRXhwCR,8,5,3,100.4651291,86.42942143,20.09302582,28.80980714,39.71420781,112.69974473,0,8,4,4,60.0,1.0,1288.85714286,56.0,1.16239502,0.86029274,8,5,3
1xUm9X5FR6ot77MQyL9Rruqx9i,10,3,7,2.50089709,5.58384596,0.83363236,0.79769228,1.4593306,0.2559931,0,10,5,6,60.0,1.0,10469.88888889,1866.0,0.44788075,2.2327372,10,3,7
1xVYcZt3rv6k8hPqf7ECUbLCDC,7,3,4,108.18885627,79.10507414,36.06295209,19.77626853,37.63068416,135.8145644,0,7,4,4,60.0,1.0,1086.16666667,33.0,1.36766013,0.73117581,7,3,4
1xVgVb4xyAFhLtrhJPUZKHTXdt,13,2,11,46.14455895,163.06238763,23.07227948,3.32780383,24.34692941,17.69959192,0,13,7,8,60.0,1.0,1660.91666667,182.0,0.28298714,3.53372947,13,2,11
1xW5kFHsshejtDU8bFiAJuA54B,10,5,5,5.2468045,4.72963884,1.0493609,0.94592777,1.47668591,0.12113995,0,10,5,4,60.0,1.0,9712.11111111,4147.0,1.1093457,0.90143226,10,5,5
1xXSN3HW8tcaD13qeteNJ9cZWE,23,3,20,24.39005123,231.05874404,8.13001708,2.92479423,10.7264672,4.75942179,0,23,8,10,60.0,1.0,968.09090909,98.0,0.10555779,9.47348334,23,3,20
1xXq3XMLzwaPDKhnsTQNXte9wr,18,6,12,84.4210015,159.75367449,14.07016692,3.19507349,19.18274758,14.82818945,0,18,8,7,60.0,1.0,1290.17647059,12.0,0.52844482,1.89234517,18,6,12
1xY5D4hAE96CecvsEGZ6UoWLBo,6,2,4,2.38582101,3.2054544,1.1929105,0.8013636,1.47298598,0.20925451,0,6,5,5,60.0,1.0,21210.0,5592.0,0.74430041,1.34354354,6,2,4
1xYahMfRgSe8PPwWgCukntLge6,7,2,5,0.90781544,4.94992685,0.45390772,0.98998537,1.48386764,0.18904658,0,7,3,5,60.0,1.0,12471.16666667,8175.0,0.18339977,5.45256958,7,2,5
1xd3MAg6ZurwjpWRzjcGo7S4cx,6,1,5,1.2651506,3.77344243,1.2651506,0.75468849,1.3092008,0.21418343,0,6,3,4,60.0,1.0,12823.2,3771.0,0.33527757,2.98260336,6,1,5
1xf2VJhXAqgTUeL5qVdgSY2c1c,17,4,13,56.95279549,164.00185591,14.23819887,3.48940119,16.9685112,15.14442387,0,17,7,7,60.0,1.0,1376.8125,98.0,0.34726921,2.87961029,17,4,13
1xfsjg1WRWsUygg7Niks2WaNeD,8,7,1,5.0744653,1.01411204,0.72492361,1.01411204,1.45490298,0.23238191,0,7,2,2,60.0,1.0,10694.85714286,2266.0,5.00385076,0.19984609,8,7,1
1xgUYDfVgZK97ce8pL9jUfFXTo,24,7,17,92.11578424,262.56313569,13.15939775,4.68862742,23.90817912,19.41748811,0,24,8,9,60.0,1.0,917.47826087,0.0,0.35083289,2.85035988,24,7,17
1xiVwW3Jqeg3dTWb5fLQusRxNd,3,0,3,0.0,14.23404864,0.0,4.74468288,6.60345085,3.66946669,0,3,1,1,60.0,1.0,1626.5,1202.0,0.0,14234048639.999998,3,0,3
1xjbwF9oCuf3hr24Me1MKPp8VF,5,0,5,0.0,29.45959686,0.0,5.89191937,10.8086033,9.0992486,0,5,1,1,60.0,1.0,2574.5,113.0,0.0,29459596859.999996,5,0,5
1xkDfQ3r768NrBuMMZkUvCWVnb,9,5,4,21.81721494,17.81052455,4.36344299,4.45263114,7.05640972,3.61378433,0,9,4,4,60.0,1.0,1749.875,180.0,1.22496195,0.81635189,9,5,4
1xktebkFZQVnydAaBStApf27Tt,2,0,2,0.0,6.2695844,0.0,3.1347922,4.55790343,2.02524557,0,2,1,1,60.0,1.0,157.0,157.0,0.0,6269584399.999999,2,0,2
1xoJeRu6gzTmihM6gSSBX6JPX4,6,2,4,45.29753269,117.07891738,22.64876634,29.26972935,31.51424191,37.87642557,0,6,4,5,60.0,1.0,1063.0,376.0,0.38689743,2.58466434,6,2,4
1xpXuW31mTCtYdNnjdNyn8LtCf,4,2,2,8.37121026,12.16745625,4.18560513,6.08372813,7.59531611,3.95044854,0,4,3,3,60.0,1.0,3607.0,596.0,0.68800003,1.45348831,4,2,2
1xpZrYeo94UsAF8sKujNfUcjmZ,7,4,3,16.70721527,6.55824122,4.17680382,2.18608041,7.23085155,4.82707922,0,7,4,4,60.0,1.0,1617.5,616.0,2.5475146,0.39253946,7,4,3
1xq5XZ5dBGhqTvhQFuHT4qU3xM,8,4,4,2.84027632,3.54471531,0.71006908,0.88617883,1.4068184,0.17990711,0,8,4,4,60.0,1.0,11637.85714286,810.0,0.80127064,1.24801777,8,4,4
1xqYh119BiVdxUrBpJLNCVZwKD,6,3,3,81.40598426,79.56446564,27.13532809,26.52148855,38.02544122,70.95247791,0,6,3,4,60.0,1.0,1252.6,455.0,1.02314499,0.97737858,6,3,3
1xr4xiNJ8tQUySpVzRNCYmYQta,7,5,2,4.03408731,2.20353939,0.80681746,1.10176969,1.46933023,0.24288962,0,7,3,3,60.0,1.0,8084.83333333,160.0,1.83073075,0.54622997,7,5,2
1xw96Tvw84Vhn4M7wbJwDigp2N,14,5,9,2.93702308,6.78130033,0.58740462,0.75347781,1.36413043,0.16311445,0,14,6,8,60.0,1.0,7504.38461538,689.0,0.43310618,2.30890264,14,5,9
1xwV7aW1oATxiA5XsHNgmSi6wN,7,3,4,1.88430473,4.02211155,0.62810158,1.00552789,1.49312571,0.23537765,0,7,5,5,60.0,1.0,13656.5,3319.0,0.46848644,2.13453349,7,3,4
1y1oAosgsQxgiRDM5trcwYPV4Q,40,17,23,393.88389009,470.70146849,4.80346207,4.20269168,9.15096619,3.39351263,0,40,9,12,60.0,1.0,448.1025641,11.0,0.83680191,1.19502595,40,17,23
1y2uUJ3Y3WaEqbkiLVaoJZDt1F,5,1,4,7.65316394,9.1399377,7.65316394,2.28498442,7.65316394,5.2023294,0,5,3,4,60.0,1.0,2326.5,72.0,0.83733218,1.19426916,5,1,4
1y45nG6NEN4TfjUjCR5TcHuPNB,21,8,13,99.77374318,167.57358418,12.4717179,3.28575655,23.85706607,20.30249403,0,20,7,8,60.0,1.0,1112.25,29.0,0.59540257,1.67953591,21,8,13
1y9H8y7pcAJKfEnNEkhwHZYHzw,8,5,3,4.92144887,2.4291863,0.98428977,0.80972877,1.4942107,0.15649863,0,8,3,4,60.0,1.0,12793.14285714,965.0,2.02596601,0.4935917,8,5,3
1y9gGooqGSodxZEAqL2kXCtZ6s,32,10,22,262.43780592,416.24175552,4.77159647,3.89010986,7.69593883,2.82509843,0,31,9,12,60.0,1.0,546.09677419,35.0,0.6304937,1.58605866,32,10,22
1y9sDDbRmQMfUhG3qgeDwbKsAM,11,6,5,4.68452706,4.63947566,0.78075451,0.92789513,1.40661793,0.21205079,0,10,5,5,60.0,1.0,8278.6,1003.0,1.00971045,0.99038294,11,6,5
1yBjRaUCV2mERdjCJpkdrAiSds,11,5,6,2.84408851,4.80222388,0.5688177,0.80037065,1.15469987,0.12245639,0,11,5,7,60.0,1.0,8115.9,529.0,0.59224405,1.68849312,11,5,6
1yEjDdwKLemQxF21SYWRqwwBNM,14,8,6,5.70516055,4.38245769,0.71314507,0.73040962,1.36355293,0.17241987,0,14,4,6,60.0,1.0,6471.53846154,163.0,1.3018176,0.76815677,14,8,6
1yGWzA7mbZQTpSTdNL6GBgXj5r,6,4,2,2.66414685,1.67070899,0.66603671,0.8353545,1.33794229,0.19030216,0,6,2,3,60.0,1.0,9878.6,284.0,1.59462053,0.62710845,6,4,2
1yHCeH37fUPosMUfZ8RzdDH3nU,10,8,2,5.99364407,0.66251723,0.74920551,0.33125861,1.28265618,0.15935622,0,9,3,3,60.0,1.0,7949.11111111,505.0,9.04677463,0.11053663,10,8,2
1yKBPM1wFQGGmppoCuo637BNLm,33,16,17,412.02660548,368.24213324,4.84737183,4.1845697,7.96191245,2.38881806,0,33,9,12,60.0,1.0,495.8125,6.0,1.11890131,0.89373387,33,16,17
1yKzUVvUrHAZ8AnkooPdaxDSrB,5,0,5,0.0,51.86531923,0.0,10.37306385,11.86624968,2.72691011,0,5,1,1,60.0,1.0,2106.75,496.0,0.0,51865319229.99999,5,0,5
1yLGZWtUXEciLG8rmhMptQTYUf,29,16,13,387.42652785,306.7891504,4.78304355,4.57894254,10.62642011,3.66155499,0,29,9,11,60.0,1.0,591.42857143,9.0,1.26284299,0.79186408,29,16,13
1yMZEpVsJSU5LoLXVU6ZiqiTZY,22,6,16,96.67312753,230.47647054,16.11218792,3.65835668,24.44152372,21.12567228,0,22,7,8,60.0,1.0,955.66666667,18.0,0.41944901,2.38408001,22,6,16
1yMte9krDH9TcDLL6LdhWbCRsy,7,2,5,1.83802257,5.68278995,0.91901129,1.13655799,1.4664684,0.16738342,0,7,4,4,60.0,1.0,13256.5,1316.0,0.32343665,3.09179552,7,2,5
1yPrmaFJiirJF29uegmjWznGcM,33,20,13,450.76159846,286.26088954,4.79533615,4.69280147,11.87631885,3.8394539,0,32,9,11,60.0,1.0,499.46875,7.0,1.5746531,0.63506051,33,20,13
1yR56afBSpp2sNNNnhJRPHCpSZ,11,6,5,27.07198035,18.06620512,4.51199673,3.61324102,7.52191947,6.2641081,0,11,4,4,60.0,1.0,1277.5,208.0,1.49848738,0.66733962,11,6,5
1yRJqvTHv6X2pb4PFi5ri3q2GD,10,4,6,3.82000177,3.39683177,0.95500044,0.56613863,1.47034192,0.23340739,0,10,6,7,60.0,1.0,10945.0,2717.0,1.12457785,0.88922256,10,4,6
1ySQVQQMXLaREhAc51kjYjpq1s,48,26,22,589.99793004,507.85945767,4.68252325,5.07859458,9.61715631,3.24993271,0,48,9,12,60.0,1.0,336.29787234,5.0,1.16173465,0.86078176,48,26,22
1yUYBhtaY9pxcTS1K8UKoykJaM,9,5,4,4.02130532,3.44987395,0.80426106,0.86246849,1.43134556,0.12879104,0,9,4,4,60.0,1.0,12525.875,3868.0,1.16563833,0.85789903,9,5,4
1ybi4a3vw5uj4q1T9vhF5nA1EZ,1,1,0,0.80312638,0.0,0.80312638,0.0,0.80312638,0.0,0,1,1,1,60.0,1.0,0.0,0.0,803126380.0,0.0,1,1,0
1ybwFS9vhPESTyTWoVVRWQNMjS,8,4,4,3.02218375,3.41929538,0.75554594,0.85482385,1.27212349,0.1166712,0,8,4,3,60.0,1.0,7665.71428571,419.0,0.88386156,1.1313989,8,4,4
1yfCrGQQNZu1gfqS5iF9YD3ELU,5,2,3,1.61018813,2.05163011,0.80509407,0.6838767,1.285231,0.18418391,0,5,3,4,60.0,1.0,21045.75,8617.0,0.78483354,1.27415553,5,2,3
1yh5o5z2wZh2ueeSreE3cHbzbX,11,4,7,2.45893207,7.18930938,0.61473302,1.0270442,1.46594566,0.15555089,0,11,5,5,60.0,1.0,9275.9,1521.0,0.34202619,2.92375274,11,4,7
1yjEsJrTvHkJt9edkoR8Ea4V5c,38,17,21,435.33488125,431.71156636,4.94698729,4.31711566,10.46406658,3.76902838,0,36,9,12,60.0,1.0,423.51351351,18.0,1.00839291,0.99167695,38,17,21
1yjzGdXb7QYGHt6xMet62kRrU1,3,0,3,0.0,28.67521241,0.0,9.55840414,11.46495944,2.84812395,0,3,1,1,60.0,1.0,2885.0,2877.0,0.0,28675212410.0,3,0,3
1yoZm3SSLoX2tV1EcQ4GRt3NgM,21,4,17,63.20785282,183.95912835,15.8019632,2.83014044,21.03338621,13.74199461,0,21,8,9,60.0,1.0,936.4,95.0,0.34359726,2.91038408,21,4,17
1yq3yAAjwTHAPgYj91NwNKbuBu,7,1,6,6.58072259,27.46839531,6.58072259,4.57806589,7.37800787,4.74089582,0,7,4,5,60.0,1.0,1846.5,16.0,0.23957434,4.17406978,7,1,6
1yqDk8hhbytZEbJQShr69QiYzc,8,1,7,1.89517614,32.41226528,1.89517614,4.63032361,7.64038313,3.98408323,0,8,5,5,60.0,1.0,1791.71428571,268.0,0.05847096,17.1025081,8,1,7
1yr3yNk13KeDECTvWCHJRdFw8x,16,3,13,40.8267548,203.82474937,13.60891827,4.07649499,23.6194918,13.1963012,0,16,8,10,60.0,1.0,1322.13333333,45.0,0.20030323,4.99243083,16,3,13
1yrSepwbxb26CjrBNqSt94bET7,1,0,1,0.0,10.42831107,0.0,10.42831107,10.42831107,0.0,0,1,1,1,60.0,1.0,0.0,0.0,0.0,10428311069.999998,1,0,1
1ysbEaP6tUFMYa5t8TKsrJnUTu,9,3,6,50.8874563,122.49648866,16.96248543,20.41608144,37.75992509,104.43327838,0,9,6,6,60.0,1.0,1285.5,212.0,0.41541971,2.40720401,9,3,6
1ysbZq86Xj9zfbu1zrkiUaTQx3,12,8,4,7.79164212,3.45092181,0.97395526,0.86273045,1.44565812,0.16104294,0,12,5,5,60.0,1.0,5614.09090909,479.0,2.25784372,0.44290045,12,8,4
1yvKz5cFgPBmM9pwjzQAt4Wzjr,10,5,5,20.30015116,28.43947993,4.06003023,5.68789599,7.9810578,4.91391806,0,10,4,5,60.0,1.0,1681.33333333,11.0,0.71380177,1.40094917,10,5,5
1yyvHEZ2L1EvCxNEYoRoMWSfqB,6,4,2,2.01105691,1.96417424,0.50276423,0.98208712,1.39858583,0.20321166,0,6,2,2,60.0,1.0,8620.4,1079.0,1.0238689,0.97668755,6,4,2
1z4tW2jTNgHa2xMF7R39n9VhLG,4,2,2,9.68868186,6.7709044,4.84434093,3.3854522,6.58291245,2.70048868,0,4,3,3,60.0,1.0,1761.33333333,837.0,1.43092876,0.69884681,4,2,2
1z7suRPCkjQ4ck8QdNf2LG7N2V,4,0,4,0.0,34.55980431,0.0,8.63995108,11.46324474,2.70837461,0,4,1,1,60.0,1.0,1674.66666667,259.0,0.0,34559804310.0,4,0,4
1zAMLT16czf6s8EtLpoFHtZnQX,6,3,3,10.80225234,14.43007702,3.60075078,4.81002567,6.22430931,2.81759869,0,6,3,3,60.0,1.0,2942.4,439.0,0.74859284,1.33583965,6,3,3
1zCgM4nbGucS3De4EUYKcUVwQy,33,16,17,376.04420696,368.61076455,5.15129051,4.78715279,9.88765357,4.13289615,0,32,9,11,60.0,1.0,480.5,29.0,1.0201661,0.98023253,33,16,17
1zERMTA4DpUEHLkKEhfHSZrfRp,17,2,15,43.48969156,185.8312183,21.74484578,3.09718697,23.20067515,18.60007556,0,16,7,11,60.0,1.0,1137.4375,87.0,0.23402791,4.27299463,17,2,15
1zL2KRCLXbUkoDsPvVqCETjBXF,10,3,7,37.224469,165.87734493,12.40815633,23.69676356,30.11803801,80.53110587,0,9,7,6,60.0,1.0,602.66666667,19.0,0.2244096,4.4561373,10,3,7
1zPXxnA5kP5oJdHzo2nfYUnq9S,10,2,8,2.40873878,5.56304484,1.20436939,0.6953806,1.49543102,0.22608397,0,10,5,6,60.0,1.0,9048.44444444,157.0,0.43298928,2.309526,10,2,8
1zRLbKksMQfFfUMB7wuuFbFM1Y,17,6,11,68.92950728,172.52635282,11.48825121,3.83391895,24.52175099,13.94865547,0,17,6,9,60.0,1.0,1296.5625,49.0,0.39953031,2.50293901,17,6,11
1zYRGMo7yxKZWHewXh6Mj79kfN,26,9,17,206.0662326,398.98038555,4.68332347,5.11513315,9.56940242,3.77244641,0,25,9,11,60.0,1.0,564.36,3.0,0.51648211,1.93617547,26,9,17
1zZVt4W9ZTWd4cWktLo2SHu1pE,7,4,3,5.01374336,2.32473323,1.25343584,0.77491108,1.40888353,0.13439771,0,7,4,4,60.0,1.0,12055.33333333,1200.0,2.15669622,0.46367216,7,4,3
1zcA4SDABmjavmpp26BTdc4zKH,5,3,2,8.47028931,13.72443648,2.82342977,6.86221824,7.85894303,6.35507099,0,5,3,3,60.0,1.0,1417.75,259.0,0.61716846,1.62030315,5,3,2
1zcSTqb3pjNc334nQcdjPymqEb,11,8,3,160.69391136,89.64727935,20.08673892,29.88242645,39.28533901,149.36995131,0,11,2,3,60.0,1.0,964.8,94.0,1.79251297,0.55787602,11,8,3
1zd8uRFPi4LrduU49vUnTVSiNu,19,3,16,58.98963185,225.1459085,19.66321062,3.46378321,20.93723967,16.05936601,0,19,8,10,60.0,1.0,1239.11111111,16.0,0.26200624,3.81670306,19,3,16
1zfWqaYo8EYnzuM9ecaG9A2tkq,9,6,3,5.76023787,2.37821519,0.96003965,0.7927384,1.38813276,0.19350194,0,9,3,4,60.0,1.0,11567.5,2356.0,2.42208438,0.41286753,9,6,3
1zhNR7UPPTP4jGGGiLe6m5xL8N,11,5,6,4.72988626,3.84612815,0.94597725,0.64102136,1.46275505,0.19864282,0,11,5,6,60.0,1.0,7541.0,245.0,1.22977864,0.81315447,11,5,6
1ziaspFJd8i6SKYTHeCoXDcmTc,33,18,15,428.10351544,307.92454551,4.97794785,4.21814446,10.29360008,3.59482035,0,32,9,11,60.0,1.0,505.53125,3.0,1.39028707,0.71927591,33,18,15
1ziiUF9GZ7DY1zpMXnjK53GXTB,5,5,0,99.70632801,0.0,19.9412656,0.0,37.43313122,87.07866998,0,5,1,1,60.0,1.0,2630.25,1933.0,99706328009.99998,0.0,5,5,0
1znZThRwKkvGtA2yE6Ym9ujTUQ,19,6,13,82.89643918,164.88849099,13.8160732,3.17093252,22.07867555,22.33049166,0,19,7,10,60.0,1.0,1014.94444444,30.0,0.50274242,1.98909015,19,6,13
1znrkRGEgf5AdhY7t1ArxLcxts,6,2,4,1.86761259,2.19395484,0.9338063,0.54848871,1.1628947,0.1781662,0,6,4,4,60.0,1.0,8226.2,2913.0,0.85125389,1.17473766,6,2,4
1zpo3gPXcujf2wFMmmM1b7dfqt,2,0,2,0.0,12.1664729,0.0,6.08323645,7.14892272,1.13568723,0,2,1,1,60.0,1.0,5663.0,5663.0,0.0,12166472899.999998,2,0,2
1zpxcgUUYT4MsUHB1usLMUxQYq,11,4,7,2.27887189,5.58853798,0.56971797,0.79836257,1.43573297,0.15450905,0,11,5,5,60.0,1.0,6348.7,76.0,0.40777604,2.45232652,11,4,7
1zpxkBoFsZXiFvP6bpkmqxTTLx,20,5,15,67.30124695,223.22723279,13.46024939,3.84874539,21.39196487,12.67761915,0,20,8,9,60.0,1.0,1036.89473684,29.0,0.3014921,3.31683651,20,5,15
1zqXfRV3U1QQci7XxFuMWf98yn,9,6,3,24.91793866,3.43611803,4.15298978,1.14537268,7.50233284,5.34883183,0,9,3,4,60.0,1.0,1868.5,185.0,7.25177029,0.13789736,9,6,3
1zrHuybq1LmUZaRmoyhgnchg3b,25,16,9,323.78370906,183.05950182,4.69251752,4.81735531,9.34148098,3.58150054,0,25,9,11,60.0,1.0,698.54166667,81.0,1.76873479,0.56537589,25,16,9
1zrtXfSajpNrg3ieUmjLQysebW,20,5,15,65.02738755,177.90652934,13.00547751,2.77978952,22.28157089,12.92751596,0,19,7,10,60.0,1.0,1068.57894737,11.0,0.36551434,2.73587078,20,5,15
1zsLg5QVekrPQKUvCGHXv79vtH,6,3,3,2.17056838,2.48269172,0.72352279,0.82756391,1.26781696,0.13270299,0,6,4,4,60.0,1.0,15156.8,2764.0,0.87428027,1.14379798,6,3,3
1zsZiDmW62G2YtEX9R4XmBrvr1,19,8,11,98.91143868,165.26183959,12.36392984,3.8432986,23.06535318,24.25875376,0,19,8,9,60.0,1.0,1007.11111111,14.0,0.59851348,1.67080615,19,8,11
1ztrJ4tXaPreFB7GjGJbusp4qF,12,3,9,2.94807828,9.29557795,0.98269276,1.03284199,1.42975105,0.09030479,0,12,6,7,60.0,1.0,8407.72727273,642.0,0.31714847,3.1530974,12,3,9
1zujEpT2gRKEfLQhwDiJzfYE94,37,19,18,435.954342,385.18995991,4.95402661,4.69743854,11.61132941,4.29719917,0,35,9,12,60.0,1.0,491.30555556,0.0,1.13179051,0.88355574,37,19,18
1zvBpU9RhrNKiFLrVvPd7mS2to,5,1,4,4.4257724,24.3526298,4.4257724,6.08815745,7.84036183,3.35039511,0,5,4,4,60.0,1.0,1200.25,491.0,0.18173694,5.50245869,5,1,4
312K9D6jb9m3qmwRa9t4Lax8sm,13,4,9,24.37437678,30.90151414,6.09359419,3.43350157,7.8869982,4.55880643,0,13,7,8,60.0,1.0,1137.25,3.0,0.78877613,1.26778684,13,4,9
312M6m3CaYLNk6A2AkBoniq16o,11,2,9,33.710749,141.95834844,16.8553745,4.43619839,21.36356068,15.85906051,0,11,5,8,60.0,1.0,1867.8,393.0,0.2374693,4.21107073,11,2,9
315DtHYWceuJZdTDJ4UhYf7XUR,14,9,5,6.62538304,5.12739011,0.73615367,1.02547802,1.24173159,0.1034845,0,14,5,4,60.0,1.0,6642.30769231,346.0,1.29215505,0.77390093,14,9,5
319qKGRM9wqzmL3PPFmqUHZq6m,29,8,21,127.07590848,293.16250846,15.88448856,3.18654901,24.89583795,17.45034118,0,28,9,11,60.0,1.0,828.57142857,59.0,0.43346576,2.30698731,29,8,21
31NgniA4aCFNvF2dYUUft7gHcz,16,3,13,34.5787444,144.18030724,11.52624813,2.77269822,15.76731087,7.115111,0,16,9,9,60.0,1.0,1180.06666667,17.0,0.23982987,4.1696224,16,3,13
31TfqwQGt5C7WsaurfLw1jkRgr,33,16,17,377.67691004,424.24560936,4.84201167,4.93308848,7.90753159,2.29405305,0,31,9,11,60.0,1.0,507.625,18.0,0.89023175,1.12330301,33,16,17
31V1tmmfJTMXWWrx4U6AzgZZfW,4,4,0,22.96155906,0.0,5.74038976,0.0,7.58467219,5.45535967,0,4,1,1,60.0,1.0,4200.33333333,9.0,22961559059.999996,0.0,4,4,0
31frosEJTkmWkPLh5bnoAGsUbZ,20,7,13,72.84904222,182.1287546,10.40700603,3.87507989,14.06842606,11.31895951,0,20,6,8,60.0,1.0,1189.15789474,0.0,0.3999865,2.50008441,20,7,13
321TnHwmMrMoa3zLsaBgzK3Xwk,33,16,17,386.23135359,409.35727779,4.88900448,4.9320154,9.39529844,2.68355423,0,33,9,10,60.0,1.0,501.6875,2.0,0.94350675,1.05987583,33,16,17
32GKBb75Ef1qLDcDh3GJ6dd3ds,6,3,3,3.08783942,1.92663424,1.02927981,0.64221141,1.21059888,0.10657533,0,6,2,4,60.0,1.0,9291.2,800.0,1.60271179,0.6239425,6,3,3
32JVZLA5V1AcN7RABPeqGuhTJb,4,1,3,1.23337681,2.26419779,1.23337681,0.7547326,1.23337681,0.05144561,0,4,3,4,60.0,1.0,21623.0,11001.0,0.54473015,1.83577133,4,1,3
32YMw6tB646ZK9RBj9RLviK7a2,7,2,5,9.44326631,24.03281941,4.72163316,4.80656388,7.39146516,4.19707125,0,7,5,5,60.0,1.0,2115.0,364.0,0.3929321,2.54496894,7,2,5
32bqJEykYUsyaNM2YZgRvVfEQA,6,2,4,1.79422656,2.88673425,0.89711328,0.72168356,1.25460847,0.11491741,0,6,5,3,60.0,1.0,16238.6,5017.0,0.62154199,1.60890175,6,2,4
32dzNEr1kVBXoX9ahnmrAXRdMk,3,0,3,0.0,22.85460724,0.0,7.61820241,11.48321364,15.81527538,0,3,1,1,60.0,1.0,2937.0,423.0,0.0,22854607240.0,3,0,3
32nCPggU78tKEMzZuD3Lx1hXXo,4,2,2,7.06068018,1.72245581,3.53034009,0.86122791,4.81916434,2.70218367,0,4,2,3,60.0,1.0,3620.66666667,1568.0,4.0991938,0.24395041,4,2,2
32x9sMRxhASQ1UsujzCAeCE72S,12,7,5,4.63897781,5.67232137,0.66271112,1.13446427,1.42707603,0.17766213,0,12,3,6,60.0,1.0,7183.18181818,286.0,0.81782704,1.22275243,12,7,5
32xsAuMHwLsufRMM3BnJpBzn6w,26,14,12,301.0640458,246.81455389,4.70412572,4.33007989,7.85245918,2.29392577,0,26,9,12,60.0,1.0,654.2,33.0,1.21979859,0.81980747,26,14,12
333T9bqidjCBDaHEQwWfgDbifM,6,2,4,20.04231872,83.41570956,10.02115936,20.85392739,33.27954905,84.51508239,0,6,4,4,60.0,1.0,1821.8,12.0,0.24027031,4.161979,6,2,4
334gnbU39xWPuYKjMHtJhe93MK,15,4,11,69.44544597,148.50315863,17.36136149,3.62202826,21.12494854,22.78790902,0,15,6,7,60.0,1.0,1288.14285714,172.0,0.46763615,2.13841464,15,4,11
33JT88VBfMeRGd2K2iswd1WK9v,7,3,4,1.52438554,1.67316877,0.50812851,0.41829219,0.67762835,0.0329741,0,7,5,4,60.0,1.0,11130.33333333,902.0,0.91107697,1.0976021,7,3,4
33SSmSiYU1snNP2ai2i3Nv4kf4,34,21,13,443.05475548,298.68858119,4.47530056,4.59520894,9.59872119,3.7354592,0,34,9,11,60.0,1.0,473.21212121,1.0,1.48333342,0.67415726,34,21,13
33aibPDCftcvWyGKnx266HgtfY,3,0,3,0.0,10.22391189,0.0,3.40797063,5.01935216,1.33704488,0,3,1,1,60.0,1.0,1601.5,725.0,0.0,10223911890.0,3,0,3
33mnHJh4du2xnXfhWYCXpxiqbt,7,1,6,0.30897673,4.03487612,0.30897673,0.67247935,1.24765233,0.18957794,0,7,5,6,60.0,1.0,11088.5,2018.0,0.07657651,13.05883495,7,1,6
33rWpm2P6tDw3TfTVC5r9b7MRc,3,0,3,0.0,9.35722889,0.0,3.1190763,7.28573981,8.69543216,0,3,1,1,60.0,1.0,2568.5,1693.0,0.0,9357228890.0,3,0,3
3474hNJbQVK8X9yp5MroTuAxAe,5,1,4,0.19982848,3.13461378,0.19982848,0.78365345,1.28247039,0.21615608,0,5,4,5,60.0,1.0,12710.5,2271.0,0.063749,15.68652166,5,1,4
348YDiBxiuk2maTsNypuAFzVWV,9,2,7,17.45216945,91.13953207,8.72608472,3.50536662,15.21903676,6.43996,0,9,5,4,60.0,1.0,2270.25,176.0,0.19148847,5.22224657,9,2,7
34MWcT5X2ThFy2Jcek7Gqcis9L,8,5,3,3.42114062,2.65493936,0.68422812,0.88497979,1.35084105,0.10442327,0,8,3,4,60.0,1.0,8051.42857143,184.0,1.28859464,0.77603924,8,5,3
34TShQxRUv4wvQ2Pg2vZwQiQmW,9,5,4,123.65308753,100.07888158,24.73061751,25.0197204,38.40980167,137.65632036,0,8,5,5,60.0,1.0,1118.375,238.0,1.23555625,0.80935206,9,5,4
34XbrNKpbtDD1dQZYAzGmcESbn,16,4,12,48.8801511,155.27972071,12.22003778,3.16897389,24.94822655,12.69929296,0,16,5,8,60.0,1.0,1134.13333333,26.0,0.31478773,3.17674388,16,4,12
34mneqZv3PQzUKLt5edpKr5w9H,48,24,24,530.1232983,517.87059608,4.27518789,4.75110639,8.7759797,3.30179549,0,45,9,12,60.0,1.0,338.78723404,0.0,1.02365978,0.97688707,48,24,24
34wMDKYyYkwH66T1BZQmdyPDnv,3,0,3,0.0,18.63563734,0.0,6.21187911,11.93660625,16.59284187,0,3,1,1,60.0,1.0,3217.5,414.0,0.0,18635637339.999996,3,0,3
354gH83wp5VqQfhv2CM7mVR9hd,7,6,1,5.74801888,0.17567655,0.95800315,0.17567655,1.48200743,0.21268068,0,7,2,2,60.0,1.0,11319.83333333,1433.0,32.71932924,0.03056297,7,6,1
35UYPDskmB8RFtmDT8tvG5Xgxa,22,7,15,81.93171995,228.43437536,11.70453142,3.4611269,18.78752956,11.85149635,0,22,6,9,60.0,1.0,1061.9047619,286.0,0.35866633,2.78810668,22,7,15
35VdybDiZWn6jGNPSUgUyGjEtv,7,4,3,16.06820328,10.35079891,4.01705082,3.4502663,7.31347528,3.42089434,0,7,3,4,60.0,1.0,2315.33333333,158.0,1.55236358,0.64417899,7,4,3
35X1b1iLgAfwEnBqvwcnswQ2Ym,9,6,3,18.81283786,15.29595438,3.13547298,5.09865146,7.43015947,4.10975382,0,9,3,4,60.0,1.0,1429.25,51.0,1.22992246,0.81305938,9,6,3
35grxMDskVYHgmzCSUhjEByfpM,17,4,13,87.55397874,172.77977405,21.88849469,4.11380414,24.89017614,30.50193251,0,17,8,9,60.0,1.0,1273.25,122.0,0.50673743,1.97340859,17,4,13
35wZrZaA9EVaibiX4NjbwK5Ra4,11,2,9,38.72208962,101.10722681,19.36104481,2.66071649,21.33601149,15.97542198,0,11,7,8,60.0,1.0,1434.4,29.0,0.38298043,2.61109945,11,2,9
36QjziB4ShLomqFUi6n71EX59e,7,4,3,1.95119646,2.79969655,0.48779912,0.93323218,1.20315327,0.09181329,0,7,4,3,60.0,1.0,10066.5,2796.0,0.69693141,1.43486143,7,4,3
36VivwbQRa7WRfVQ3Pf7YpGmrd,10,2,8,10.5818712,31.14082694,5.2909356,3.89260337,7.89348047,5.05572913,0,10,7,6,60.0,1.0,1151.33333333,106.0,0.33980701,2.94284691,10,2,8
36bZZPqVcVaCsyaw1kwdNXCoxv,33,15,18,313.30963857,332.5415482,4.41281181,3.69490609,7.97354941,2.26186666,0,33,9,11,60.0,1.0,489.625,3.0,0.9421669,1.06138308,33,15,18
36jfciQmHNZAqdtLA2DhHtwj15,14,5,9,48.12120675,156.85499747,9.62424135,4.35708326,21.07816901,16.04548804,0,14,5,7,60.0,1.0,1241.30769231,27.0,0.30678785,3.25958155,14,5,9
36vnRiB26VuAetMo8k9RivxS4y,27,16,11,350.15173925,271.46597578,4.93171464,5.42931952,12.99954584,4.98284754,0,27,9,11,60.0,1.0,612.61538462,51.0,1.28985497,0.77528096,27,16,11
372bxiworpE9qYjaSSawUbjfda,7,3,4,79.38652031,86.6484725,26.46217344,21.66211812,39.77872216,143.26728551,0,7,4,5,60.0,1.0,1104.5,9.0,0.91619065,1.09147588,7,3,4
379t4svRKRJoTvXRHWcuPRBNz4,27,11,16,241.62499023,444.11303028,4.64663443,5.92150707,9.15096619,3.28718052,0,27,8,10,60.0,1.0,575.84615385,26.0,0.54406193,1.83802607,27,11,16
37TfLfTEYcZ56dvzEawmneieye,12,8,4,107.97035764,46.27920022,13.49629471,3.30565716,24.09773356,45.01655477,0,12,4,5,60.0,1.0,1584.27272727,289.0,2.33302125,0.42862876,12,8,4
37U3zJCRu6HvrHV6zTN3wHHr7Q,4,0,4,0.0,29.32956213,0.0,7.33239053,10.97996773,11.29129854,0,4,1,1,60.0,1.0,1182.33333333,113.0,0.0,29329562129.999996,4,0,4
37bKFFSaXNv2e9qTDBuoBEffZA,9,4,5,4.33677461,3.58353685,1.08419365,0.71670737,1.40732852,0.11029479,0,9,5,6,60.0,1.0,8285.125,149.0,1.21019395,0.82631383,9,4,5
37h58evz2h92R1Y7GpSieE4s3Q,10,4,6,15.24420885,34.13466942,3.81105221,5.68911157,7.64976295,4.05570725,0,10,5,6,60.0,1.0,1681.55555556,294.0,0.4465902,2.2391893,10,4,6
37kvkyArDtaMdNq8HvDrJSbAGe,9,3,6,1.84363956,3.59573202,0.61454652,0.59928867,0.9857135,0.07107927,0,9,5,4,60.0,1.0,8352.375,187.0,0.51272997,1.95034436,9,3,6
37qKLbmch55Ax8w1G5rrsqJC8q,10,5,5,3.32530716,3.53749526,0.66506143,0.70749905,1.2253182,0.12320874,0,10,5,5,60.0,1.0,7773.55555556,730.0,0.94001742,1.06381008,10,5,5
37vdiMjJndju2yw9dLcwHerKDj,6,0,6,0.0,43.46406997,0.0,7.24401166,11.46717587,13.29048065,0,6,1,1,60.0,1.0,1809.4,111.0,0.0,43464069969.99999,6,0,6
38MiQaS1CSL9ESxCovLNtZboKn,36,19,17,451.92477614,367.4275354,4.8594062,4.4808236,11.61132941,3.62091212,0,36,9,11,60.0,1.0,429.48571429,34.0,1.22996981,0.81302809,36,19,17
38PLc6cM8FFux75uXZT4NVvVSv,6,0,6,0.0,42.49070433,0.0,7.08178405,10.69104665,17.09667185,0,6,1,1,60.0,1.0,2035.6,147.0,0.0,42490704330.0,6,0,6
38S29SfrnNXVQ9mUTcKc4Ejp7U,4,0,4,0.0,22.23407439,0.0,5.5585186,8.8810215,5.07652408,0,4,1,1,60.0,1.0,2389.0,672.0,0.0,22234074390.0,4,0,4
38ejuBT2q9vhjRspu58cUZxx2p,5,1,4,3.63581316,17.77967535,3.63581316,4.44491884,7.85822614,7.08684567,0,5,4,4,60.0,1.0,1733.75,356.0,0.20449266,4.890151,5,1,4
38pT9ww5jjxbjQznUGM91xr1WU,31,5,26,86.56605096,369.56349886,17.31321019,3.39049082,23.77789065,11.90787117,0,27,9,10,60.0,1.0,698.93333333,27.0,0.23423864,4.26915049,31,5,26
38rV7zrRNXceDd5u9exPxSPt6b,16,3,13,52.38712094,168.71511799,17.46237365,3.18330411,18.4961734,13.82410319,0,16,8,8,60.0,1.0,1515.4,12.0,0.31050638,3.22054572,16,3,13
38sFTWmKwR6U7Uu1MJGFVk2Xqj,36,17,19,379.22951519,415.25984218,4.51463709,4.66584092,8.43526432,2.94628133,0,35,9,12,60.0,1.0,511.57142857,0.0,0.91323426,1.09500929,36,17,19
38xKx2GUmeShMnRSRUbEjCX9Dc,8,4,4,4.42452426,3.91106916,1.10613107,0.97776729,1.37422105,0.07812318,0,8,3,4,60.0,1.0,10360.85714286,1311.0,1.13128254,0.88395247,8,4,4
38y34WfCF4HUT2469cGaAW626o,14,2,12,30.72884557,158.80060562,15.36442278,3.11373737,21.22158575,9.66141564,0,13,7,9,60.0,1.0,1349.46153846,280.0,0.19350585,5.16780252,14,2,12
395BjanbRUe3MvgJRenfaqLCbZ,9,5,4,15.56736587,21.6042309,3.11347317,5.40105773,7.90124582,7.28982751,0,9,3,4,60.0,1.0,1678.625,166.0,0.72057024,1.38778976,9,5,4
3978pZXLnei22JHe5u4jro4VBm,33,18,15,410.60889404,308.97416763,4.77452202,4.61155474,9.02809351,4.0311079,0,33,9,11,60.0,1.0,527.53125,13.0,1.32894247,0.75247802,33,18,15
39FzkhwALhLo1tYgmD851Afy8a,1,1,0,0.78700439,0.0,0.78700439,0.0,0.78700439,0.0,0,1,1,1,60.0,1.0,0.0,0.0,787004390.0,0.0,1,1,0
39JrMV4N5MxyxNoXwah9SDbb1u,11,0,11,0.0,70.78715998,0.0,6.43519636,10.55364805,11.57965629,0,11,1,1,60.0,1.0,940.5,54.0,0.0,70787159980.0,11,0,11
39Nu869fja3pxEqo64ARAFV2Q3,40,22,18,532.46828685,371.85604455,4.97633913,4.27420741,9.79407153,3.62681454,0,39,9,12,60.0,1.0,418.05128205,6.0,1.43192048,0.6983628,40,22,18
39UHnsEfEDw1LorQievUdBjq3z,10,6,4,19.46104819,14.42137448,3.24350803,3.60534362,6.97705316,2.66439179,0,10,5,5,60.0,1.0,1549.88888889,47.0,1.34945863,0.74103791,10,6,4
39v6pqmXvmmPwU9XNBZ118Tpyy,5,3,2,17.87684184,8.04377364,5.95894728,4.02188682,7.34924837,3.66997997,0,5,3,3,60.0,1.0,2075.5,567.0,2.22244467,0.44995496,5,3,2
39xhQrAxXN1QSzbZh4ZzJiyaCm,5,0,5,0.0,46.35083798,0.0,9.2701676,11.27794988,4.6400869,0,5,1,1,60.0,1.0,2067.25,936.0,0.0,46350837980.0,5,0,5
3ADSt84vb4dyAT6RS917TMPzMo,25,5,20,55.82038109,259.058972,11.16407622,3.36440223,19.18895033,9.99003351,0,23,9,10,60.0,1.0,922.91666667,41.0,0.21547365,4.64093879,25,5,20
3AeD4dtiR8Px4X8wv4US8Sf4FU,36,15,21,367.10246883,403.5393956,5.17045731,4.07615551,10.3482406,3.09662628,0,36,8,12,60.0,1.0,466.05714286,23.0,0.90970664,1.09925547,36,15,21
3AunEwotFmp4xrCwYoSLujwB2c,6,3,3,2.1263683,2.01345122,0.70878943,0.67115041,1.4658356,0.21685223,0,6,3,4,60.0,1.0,9693.0,1785.0,1.05608136,0.94689674,6,3,3
3AyP2WtLFaw93uDfPuk4int4VZ,26,13,13,297.70030198,286.76876748,4.9616717,4.48076199,9.63365304,4.43155393,0,26,9,10,60.0,1.0,678.2,41.0,1.03811968,0.96328007,26,13,13
3AzYB3hpKQ4mndc1UpvzEmkyyP,37,21,16,445.66259791,317.25280703,4.74109147,3.77681913,8.95752586,3.36048773,0,37,9,12,60.0,1.0,470.08333333,1.0,1.40475541,0.7118677,37,21,16
3B4gJZ3osDRemwQViPTCygHDDd,7,4,3,24.26811611,14.50100487,6.06702903,4.83366829,7.95483856,3.72465958,0,7,4,4,60.0,1.0,1469.33333333,221.0,1.6735472,0.59753319,7,4,3
3B5u3LKWoafaNUyk9NzYPqDBtS,7,4,3,2.7297195,2.56594958,0.68242987,0.85531653,1.48241922,0.19789206,0,7,4,3,60.0,1.0,10108.5,4073.0,1.06382429,0.94000485,7,4,3
3BLVtW78PVcWDXsb6NyT8vySB5,32,13,19,287.05596952,400.40616783,4.70583557,4.44895742,12.19885678,3.95073009,0,32,8,11,60.0,1.0,539.87096774,18.0,0.71691196,1.39487142,32,13,19
3BvEVBHUUVxRpw9BTmXR5YLiVe,30,12,18,264.20335083,349.73565861,4.80369729,4.11453716,7.96721925,3.08537112,0,29,9,11,60.0,1.0,567.62068966,40.0,0.75543727,1.32373665,30,12,18
3CPGkeHxo7ZQJNQJ5vbgBMbzay,8,0,8,0.0,57.25817096,0.0,7.15727137,10.56781613,10.14472806,0,8,1,1,60.0,1.0,1024.85714286,41.0,0.0,57258170960.0,8,0,8
3CQoxN9PWT6P2nnwyGDPxufthZ,11,6,5,108.30987382,103.0572519,18.05164564,20.61145038,39.31891053,117.45488366,0,11,5,5,60.0,1.0,887.8,37.0,1.050968,0.95150376,11,6,5
3CbqNoXCNRBdBSeFxmFNafskQ7,12,8,4,4.98722752,4.44410594,0.62340344,1.11102649,1.45960696,0.23289418,0,12,3,5,60.0,1.0,8064.27272727,610.0,1.12221166,0.89109749,12,8,4
3CcraSPpbv2yYjC2v4chj2PWt2,24,15,9,294.97233184,182.30858793,4.46927776,4.05130195,7.88293243,3.19998707,0,24,9,11,60.0,1.0,722.17391304,3.0,1.61798374,0.61805318,24,15,9
3CeUhuY6XPTNMj7wBNTmYKjSuq,8,7,1,5.52328436,0.58282971,0.78904062,0.58282971,1.30723968,0.0795028,0,8,2,2,60.0,1.0,10028.28571429,932.0,9.4766692,0.10552231,8,7,1
3CfTnkdnLksCmRg7PwJnbhgWbb,4,3,1,82.75743057,18.43368558,27.58581019,18.43368558,28.70082727,16.17780332,0,4,2,2,60.0,1.0,1812.66666667,1303.0,4.48946741,0.22274357,4,3,1
3CzGSTgKkS9VCZUN7b8Krm93Ls,15,7,8,22.88683993,36.28880888,3.26954856,4.53610111,7.50331024,4.91280623,0,15,7,6,60.0,1.0,914.71428571,36.0,0.6306859,1.58557533,15,7,8
3D3sfZamFgBk3QGi1B6JrSPjSS,14,7,7,6.215691,7.44997287,0.88795586,1.06428184,1.49217941,0.20246285,0,14,7,5,60.0,1.0,5591.38461538,24.0,0.83432398,1.19857517,14,7,7
3D6X6QNkXcMrB6hneWeFFScRy3,9,4,5,18.01886033,19.79008339,4.50471508,3.95801668,7.98874537,5.52067712,0,9,5,5,60.0,1.0,2043.0,670.0,0.91049946,1.09829828,9,4,5
3DJudETGMUa4maYVghqGKYAKzm,36,18,18,422.5726722,370.77013303,4.59318122,4.11966814,8.11132198,3.14465928,0,33,9,12,60.0,1.0,478.97142857,5.0,1.13971605,0.87741153,36,18,18
3Da4vcraADDyw3dW26ftebBKWY,8,0,8,0.0,49.23236388,0.0,6.15404549,10.22207152,11.93181144,0,8,1,1,60.0,1.0,1218.85714286,112.0,0.0,49232363880.0,8,0,8
3DaDGxv2U6HHEyMVxiQJnXaeEw,8,4,4,15.99670683,16.10345774,3.99917671,4.02586443,7.91841178,5.22345641,0,8,4,3,60.0,1.0,1814.71428571,137.0,0.99337093,1.00667331,8,4,4
3DbvGortsRrHj4J6Ah2hex78Wf,10,5,5,6.01667487,3.2745857,1.20333497,0.65491714,1.4941277,0.16693927,0,10,5,5,60.0,1.0,9476.55555556,566.0,1.83738507,0.54425173,10,5,5
3DkzyHJJEMtfRhiCiHNakuyYz1,16,4,12,57.95962553,178.71885968,14.48990638,4.15625255,22.82945491,13.79637319,0,15,7,9,60.0,1.0,1243.2,32.0,0.32430615,3.08350611,16,4,12
3DwLA3F7dpVjWXKbUWQgQ8jL5Z,16,5,11,58.19131437,167.40965136,11.63826287,3.89324771,23.76322678,14.64326257,0,15,6,6,60.0,1.0,1170.06666667,98.0,0.34759832,2.87688383,16,5,11
3E3AeMMqjmeSFUGWjotAiTCugo,22,6,16,84.88629505,232.42645663,14.14771584,3.36849937,24.84002308,16.48629894,0,22,9,11,60.0,1.0,1005.19047619,43.0,0.36521787,2.73809166,22,6,16
3E6sk3WWBBAcWHgfxNZdDoSYKB,44,23,21,567.14244755,429.43041876,4.76590292,4.29430419,7.95190646,2.61915366,0,43,9,12,60.0,1.0,390.23255814,38.0,1.32068531,0.75718265,44,23,21
3EVVwc2Q9dx9Lp1YtjvPNFTUkq,11,5,6,6.0528634,4.56630135,1.21057268,0.76105022,1.47634274,0.22479971,0,11,4,6,60.0,1.0,9275.5,772.0,1.32555058,0.7544035,11,5,6
3EcESKY9xBLQMrZp7Y3aoFGP5s,2,0,2,0.0,11.34634553,0.0,5.67317277,6.50313404,0.68883572,0,2,1,1,60.0,1.0,3707.0,3707.0,0.0,11346345530.0,2,0,2
3Eo6sXsjg5BZRqyiqZQYaWCMnQ,10,3,7,1.58010924,5.89525073,0.52670308,0.84217868,1.21520601,0.12666137,0,10,4,6,60.0,1.0,7427.0,971.0,0.26803088,3.7309134,10,3,7
3EsgSoQksKpD62NPVY5j3Ek4jr,9,3,6,48.20117755,153.03343421,16.06705918,25.50557237,37.1043487,71.16404794,0,9,5,6,60.0,1.0,926.375,136.0,0.31497155,3.17488995,9,3,6
3EvhWgs4naTvc2atZGNanpQzPZ,41,20,21,493.19311862,426.04464349,4.69707732,4.13635576,7.93708103,2.80403637,0,39,9,12,60.0,1.0,416.75,7.0,1.15760901,0.86384953,41,20,21
3F6x9Asrk4uunURVUSMKi1MFph,2,0,2,0.0,8.76181139,0.0,4.3809057,4.47804697,0.00943643,0,2,1,1,60.0,1.0,1734.0,1734.0,0.0,8761811390.0,2,0,2
3F8RDF9KiF1jaisjYqBLHXZGvd,38,22,16,534.50335639,307.84086244,5.34503356,3.70892605,7.97982524,3.62458562,0,37,9,11,60.0,1.0,408.48648649,9.0,1.73629762,0.57593813,38,22,16
3FmgDzaffC1KQwXmmvzsvFsPF9,19,4,15,70.06694016,258.45826509,17.51673504,4.69924118,21.21484467,18.73593438,0,19,6,9,60.0,1.0,1172.83333333,47.0,0.27109576,3.68873344,19,4,15
3Fn4a2UdMc5JziTyX8YgiPVmU2,7,3,4,1.1590677,4.36990204,0.3863559,1.09247551,1.43719949,0.19222328,0,7,4,4,60.0,1.0,11403.5,688.0,0.26523883,3.77018706,7,3,4
3G8AD2GtuLWYcUUiz3DBJ92Hst,12,7,5,3.86879006,4.29620319,0.55268429,0.85924064,1.43214667,0.2637605,0,12,5,4,60.0,1.0,9371.81818182,220.0,0.90051375,1.11047721,12,7,5
3GAQysM4rUNv9djf2NnzFRtVgh,5,0,5,0.0,33.15167807,0.0,6.63033561,10.48426117,12.85421083,0,5,1,1,60.0,1.0,2414.75,80.0,0.0,33151678070.0,5,0,5
3GAtA9wksHzyrV3pkZ717Jam7B,3,0,3,0.0,20.46685026,0.0,6.82228342,8.09920793,3.07081424,0,3,1,1,60.0,1.0,2782.0,216.0,0.0,20466850260.0,3,0,3
3GEuF4p98mnARo2mUQ4m7je5Xv,10,0,10,0.0,6.57084299,0.0,0.6570843,1.47437359,0.20147856,0,10,5,5,60.0,1.0,9380.11111111,1427.0,0.0,6570842990.0,10,0,10
3GNbo3vJvX65vcnw2s3LN46zMp,3,0,3,0.0,24.02198713,0.0,8.00732904,11.53714603,16.53649675,0,3,1,1,60.0,1.0,4494.0,1971.0,0.0,24021987129.999996,3,0,3
3GZmWUCx6PzXnYtLv1pMHQvZUU,8,5,3,22.2915445,9.58868176,4.4583089,3.19622725,6.77309823,4.60084938,0,8,4,4,60.0,1.0,1176.85714286,18.0,2.32477676,0.43014883,8,5,3
3GjU8CWMj8PmSn9ryXvtxYfTkG,6,4,2,3.52000306,1.80188888,0.88000077,0.90094444,1.33773121,0.19032971,0,6,3,3,60.0,1.0,12642.0,4375.0,1.95350729,0.5118998,6,4,2
3GsvdedAPWy1yeeyBZU81AaPhN,43,18,25,443.08829077,529.41307244,5.03509421,3.98054942,8.7759797,3.2107273,0,43,9,12,60.0,1.0,397.76190476,8.0,0.83694248,1.19482524,43,18,25
3GwFLwnAtW4cTTca9RGHENi6Vw,9,5,4,4.27463633,3.52229925,0.85492727,0.88057481,1.2150712,0.04597983,0,9,3,4,60.0,1.0,7716.0,896.0,1.21359261,0.82399975,9,5,4
3HDC7py78PJdNghpiig9d6qkXf,44,17,27,398.42881385,591.18752193,5.10806172,4.31523739,11.1086304,2.79717848,0,41,9,12,60.0,1.0,400.95348837,0.0,0.67394659,1.48379711,44,17,27
3HkMTStVUSH4JYoFNhu3LVTFdy,10,5,5,5.31347346,3.03666926,1.06269469,0.60733385,1.48110143,0.27469147,0,10,5,4,60.0,1.0,11022.0,5759.0,1.74977023,0.57150361,10,5,5
3J2mXe2MRdRMd7tY7mkENYZtqj,10,7,3,6.5348087,1.89905822,0.9335441,0.63301941,1.48895914,0.23364182,0,10,4,4,60.0,1.0,8708.22222222,804.0,3.44107865,0.29060655,10,7,3
3JHhC6A5JS6LxnVxTaEjzHCv46,6,3,3,2.84162541,2.18380376,0.94720847,0.72793459,1.44847253,0.19168024,0,6,2,4,60.0,1.0,14360.0,1420.0,1.30122746,0.76850515,6,3,3
3JMHfEotrv2DSKRrbW6xe8sm9z,6,3,3,2.11274422,0.94243036,0.70424807,0.31414345,1.39734026,0.16476912,0,6,2,3,60.0,1.0,8312.8,917.0,2.24180407,0.44606931,6,3,3
3JgdBLRaVj6LHRugEsdgnNG6tM,6,4,2,23.46450242,9.22424598,5.86612561,4.61212299,7.00914642,2.82221556,0,6,3,1,60.0,1.0,2186.0,50.0,2.54378542,0.39311492,6,4,2
3JmB9eW89MxAqeywzThVj8aaGd,6,3,3,3.18856954,2.90269045,1.06285651,0.96756348,1.40052224,0.13209112,0,6,4,3,60.0,1.0,8103.4,1100.0,1.09848763,0.91034253,6,3,3
3JqLYAH8g7UMi3xDmKJ2sdTSw5,9,1,8,0.29088771,8.91915763,0.29088771,1.1148947,1.38156359,0.13429885,0,9,6,7,60.0,1.0,9522.625,1917.0,0.03261381,30.6618579,9,1,8
3JsS6QSWdGmFLkuw6iwiq36SRR,8,4,4,3.11413889,3.08148877,0.77853472,0.77037219,1.48036203,0.29932901,0,8,3,4,60.0,1.0,11487.85714286,1249.0,1.01059557,0.98951552,8,4,4
3K3Mux28GoEsB2qyGJtHeQU2Y5,9,5,4,15.22076627,15.17436795,3.04415325,3.79359199,6.71559822,5.41391737,0,9,4,3,60.0,1.0,1746.125,136.0,1.00305768,0.99695164,9,5,4
3KBZThxF3Wjp2Wa6p3o5o379Kv,29,14,15,337.17250366,311.61116155,4.81675005,4.26864605,9.79407153,3.33860191,0,29,9,11,60.0,1.0,576.53571429,42.0,1.08202961,0.92418913,29,14,15
3KHowjfxAN6ejAPLimjS9fn6Lc,8,7,1,6.04459014,0.95853047,0.86351288,0.95853047,1.20228625,0.09504582,0,8,2,2,60.0,1.0,4861.14285714,493.0,6.30610119,0.15857659,8,7,1
3KUmoscjnYADKE4epb4pM44eXZ,12,4,8,3.4260891,5.61416095,0.85652227,0.70177012,1.34355217,0.10532095,0,12,7,8,60.0,1.0,8772.72727273,858.0,0.61025844,1.63865001,12,4,8
3KdhWtKX1n419TcWSLLbjqUYSL,18,5,13,53.48247116,217.12761656,10.69649423,4.17553109,23.49352834,11.644817,0,18,6,9,60.0,1.0,1270.35294118,34.0,0.24631814,4.05979028,18,5,13
3KkvsRrCCSZkgXMD65pyPBjHqs,35,20,15,471.7644987,285.3316562,4.67093563,3.7543639,8.65137279,3.33624696,0,35,9,11,60.0,1.0,438.29411765,12.0,1.65338997,0.60481799,35,20,15
3KrbgqpoYkgou6VVzrSqEGjKii,6,3,3,2.56691332,1.33661038,0.85563777,0.44553679,1.12056903,0.14778645,0,6,3,4,60.0,1.0,13658.8,1265.0,1.9204649,0.52070725,6,3,3
3L5JBYZQyFh5H7oofZZXCTEnHk,8,5,3,32.56070739,8.33150924,6.51214148,2.77716975,7.25288539,4.09201197,0,8,4,4,60.0,1.0,1822.28571429,373.0,3.90814034,0.25587617,8,5,3
3L6q4N1UaMg2sqtoAGG4gsLzxU,40,20,20,470.48641513,430.83804661,4.85037541,4.22390242,9.34443318,3.20906139,0,39,9,12,60.0,1.0,389.97435897,2.0,1.09202615,0.91572898,40,20,20
3LA9GMxJtEL4LoTypqRcA8A6Ns,11,2,9,39.37091582,112.58197183,19.68545791,2.96268347,22.31819695,15.15562378,0,11,4,7,60.0,1.0,2004.1,3.0,0.34970888,2.85952129,11,2,9
3LBFPW21K6Bg7rc9cmN7c8kT5h,17,2,15,23.91944578,223.68567969,11.95972289,3.99438714,14.5667038,6.87906361,0,17,9,11,60.0,1.0,1377.0625,28.0,0.10693329,9.35162469,17,2,15
3LJj5z5fikDPKrVmCaSGedmSBL,31,13,18,275.95782425,345.78578705,4.67725126,4.11649746,8.53517919,2.76430285,0,31,9,12,60.0,1.0,558.7,7.0,0.79806006,1.25303853,31,13,18
3LdPrnSp9wxj8pFVsmB7EZSsNt,8,6,2,3.4608732,1.28693247,0.5768122,0.64346623,1.10051344,0.17103512,0,8,3,2,60.0,1.0,8772.28571429,2413.0,2.68924227,0.37185196,8,6,2
3Lsmbk9si2faY9aLravy5Z7bRd,4,3,1,65.25667625,23.00527977,21.75222542,23.00527977,25.27156928,10.72574286,0,4,2,2,60.0,1.0,1927.0,283.0,2.83659564,0.35253527,4,3,1
3M2SdqJFreiJJt74sn52LAwYrp,8,4,4,19.42542247,19.98077334,4.85635562,4.99519333,7.9996186,5.76794262,0,8,4,5,60.0,1.0,1507.28571429,510.0,0.97220574,1.02858887,8,4,4
3M5ji1e2SniPru7gwK2YButFJt,28,14,14,328.13290002,261.53525445,4.97171061,4.15135325,9.35587796,3.41146453,0,28,8,12,60.0,1.0,625.22222222,17.0,1.25464118,0.79704063,28,14,14
3M5rqf5sXh3mcwrP6XmGjBxbeP,14,4,10,46.52242293,130.72910069,11.63060573,3.73511716,24.56554401,20.1724093,0,13,6,8,60.0,1.0,1521.53846154,37.0,0.35586891,2.81002348,14,4,10
3MDBWGMmjnNt8KgVAHfm4D99GJ,6,3,3,11.59878337,12.66197819,3.86626112,4.2206594,7.84864738,7.22857391,0,6,3,4,60.0,1.0,2390.6,648.0,0.91603249,1.09166434,6,3,3
3MMqqPyYP7CHXUJ114RaVNastT,16,4,12,46.14424134,120.44026163,11.53606034,2.93756736,18.536623,11.49838142,0,16,8,8,60.0,1.0,1309.26666667,188.0,0.3831297,2.61008217,16,4,12
3MP7kSdoEBnK3vNzqhzVqsksK7,42,24,18,596.20022947,409.53170752,5.05254432,5.18394566,9.18225258,3.61839183,0,42,9,11,60.0,1.0,392.56097561,1.0,1.45580969,0.68690297,42,24,18
3MfmDXMCSMKpmhYdsGMRJusSQ8,4,2,2,1.90693558,1.72011697,0.95346779,0.86005849,1.31640211,0.16446184,0,4,3,2,60.0,1.0,13997.33333333,1531.0,1.10860808,0.90203203,4,2,2
3Mgqgaphy3k7s5621xx4Nw6MzP,5,2,3,0.35570435,1.01924905,0.17785218,0.33974968,0.45166251,0.01160032,0,5,3,4,60.0,1.0,14000.25,8671.0,0.34898669,2.86543881,5,2,3
3MhaDXuDnYfnCXKokexx4VCZ16,14,8,6,5.43712401,4.70483733,0.6796405,0.78413955,1.4911807,0.21524004,0,14,5,5,60.0,1.0,6860.0,380.0,1.15564548,0.86531727,14,8,6
3MkAjg9NPuzmqQxhTZ2mmcJUuf,41,25,16,539.26315573,312.92008374,4.68924483,4.06389719,7.98190823,2.90632678,0,38,9,12,60.0,1.0,390.025,48.0,1.72332549,0.58027343,41,25,16
3Muejb2dStBZCon8fS1aYcYqhM,3,0,3,0.0,25.60516096,0.0,8.53505365,11.32250728,4.13007963,0,3,1,1,60.0,1.0,333.5,153.0,0.0,25605160959.999996,3,0,3
3MvjEMoFXttsZ47Zdx7PUkXDKJ,18,2,16,21.0656573,214.74514835,10.53282865,3.20515147,14.83101643,6.14176734,0,18,9,8,60.0,1.0,1126.35294118,147.0,0.09809608,10.19408724,18,2,16
3My8CdEet6F4JLvqcqbw6tncdx,4,1,3,1.40478333,2.37512736,1.40478333,0.79170912,1.40478333,0.24785806,0,4,4,3,60.0,1.0,15072.33333333,3356.0,0.591456,1.69074284,4,1,3
3NFxfZxwyxX6J7JwCUozK9eF2s,40,20,20,479.40975587,446.35127678,4.70009565,4.55460487,10.8000761,3.06334515,0,38,9,12,60.0,1.0,376.8974359,0.0,1.07406382,0.93104337,40,20,20
3NHVPDtnrgUtKsn6UEa9N67Xwu,35,16,19,367.64758689,396.07490836,4.65376692,4.21356285,9.64440367,3.38012049,0,32,9,12,60.0,1.0,482.02941176,21.0,0.92822741,1.0773222,35,16,19
3NP1CxAdjS5Aph26paERTWNBQL,13,6,7,5.43117854,7.46623845,0.90519642,1.06660549,1.35484656,0.1123196,0,13,6,6,60.0,1.0,7084.25,1497.0,0.7274317,1.3746995,13,6,7
3NSL56egBQuQw69MFZtu3Yra5e,24,2,22,24.30568149,291.15771154,12.15284075,3.30861036,20.18516658,6.31552995,0,24,8,8,60.0,1.0,791.04347826,27.0,0.08347944,11.97899807,24,2,22
3NcXQdP4ZmCPtX9FCpmkD11X1c,33,14,19,329.42634035,402.92761337,5.14728657,4.74032486,7.97745676,2.7552916,0,33,9,12,60.0,1.0,522.96875,14.0,0.81758194,1.22311899,33,14,19
3NcfBAFmQQy9mbMcYj2xzUD1sj,2,0,2,0.0,12.2815263,0.0,6.14076315,9.629834,12.1736154,0,2,1,1,60.0,1.0,5582.0,5582.0,0.0,12281526300.0,2,0,2
3NgQbqVUdMQdxv7hBTa6F3YaGV,34,16,18,330.09270703,375.18136061,4.7156101,4.31242943,9.03489215,3.88688221,0,34,8,12,60.0,1.0,441.84848485,0.0,0.87982171,1.13659391,34,16,18
3Nk2S7Wrf3UiW2o5Nk7C34EewE,9,4,5,12.65726309,14.20308849,3.16431577,2.8406177,7.74252042,5.14227055,0,9,5,5,60.0,1.0,1499.75,430.0,0.89116273,1.12212951,9,4,5
3P5gN8Q6z3fACUaNfCkUAzjkLg,9,5,4,3.26533594,3.8872368,0.65306719,0.9718092,1.41972203,0.15698023,0,9,4,4,60.0,1.0,7854.5,574.0,0.84001467,1.1904554,9,5,4
3P617ntYGeYFeUjJ7runYcfvdR,9,3,6,2.14949469,4.848827,0.71649823,0.80813783,1.21900108,0.11201993,0,9,6,6,60.0,1.0,10974.875,463.0,0.443302,2.25579855,9,3,6
3PCJHHjQHHU4ubEubyQm5XfgEV,6,4,2,3.66465266,1.7280878,0.91616317,0.8640439,1.47746013,0.10541937,0,6,3,3,60.0,1.0,10601.8,3474.0,2.12064032,0.47155569,6,4,2
3PDfJQt4UjdagNZrj9fHbTGst4,34,24,10,568.64364071,223.08330368,4.98810211,4.55272048,9.62417608,3.40928087,0,33,8,11,60.0,1.0,492.93939394,14.0,2.54901927,0.39230774,34,24,10
3PTVpi2KD52xtFvaiNTeNiisMY,9,5,4,3.29018739,2.68650122,0.65803748,0.67162531,1.33587791,0.12811026,0,9,3,5,60.0,1.0,9560.375,3.0,1.22471092,0.81651921,9,5,4
3PW8kcTdk7qdjiZ6UpCQKffD7L,43,18,25,431.38751267,626.0969391,4.8470507,5.30590626,9.88917778,3.36646972,0,42,9,12,60.0,1.0,426.30952381,19.0,0.68901074,1.4513562,43,18,25
3PgMKQ4tae8yVqYUqZ3jrcopdZ,5,2,3,0.58025254,2.49443455,0.29012627,0.83147818,1.03455488,0.08488917,0,5,3,3,60.0,1.0,22759.75,2179.0,0.23261887,4.29887743,5,2,3
3PqnAPnxiWAF5uRqpE8S2vDjYi,2,1,1,5.7749301,4.41947367,5.7749301,4.41947367,5.7749301,0.45931553,0,2,2,2,60.0,1.0,3973.0,3973.0,1.30670087,0.76528609,2,1,1
3PugXcAsJMYMfybDutiDff8Ko4,9,4,5,3.67308818,2.38019962,0.91827205,0.47603992,1.42752273,0.20225245,0,9,4,4,60.0,1.0,9871.875,2212.0,1.54318493,0.64801048,9,4,5
3Px2aj2PimWh55yuwYaHhLJ44A,37,20,17,455.60602012,382.029429,4.79585284,4.44220266,10.17200891,2.86920802,0,36,8,11,60.0,1.0,490.69444444,16.0,1.19259404,0.8385083,37,20,17
3PzVgJyo6QuNC8SSWJvRmwXtTi,9,3,6,0.76866449,4.2237291,0.2562215,0.70395485,1.25009919,0.18841496,0,9,6,5,60.0,1.0,7805.375,781.0,0.18198717,5.49489297,9,3,6
3QDw45MF3D4tLK1VVb6jn7z4gy,23,7,16,99.27577256,249.89036614,14.18225322,3.72970696,20.92354458,14.49118917,0,23,9,9,60.0,1.0,998.68181818,8.0,0.39727731,2.51713343,23,7,16
3QEqVUwDqVqcnuCPTKrZPbULYU,38,20,18,438.36035668,334.44995627,4.76478649,3.84425237,8.93161384,2.760764,0,37,9,12,60.0,1.0,430.2972973,0.0,1.31069043,0.76295667,38,20,18
3QGXsphK2mtMYysm6tiqJLSjfQ,17,7,10,100.39899314,136.31856963,14.34271331,3.40796424,23.28557276,25.902128,0,17,7,7,60.0,1.0,1376.875,125.0,0.73650269,1.35776829,17,7,10
3QViSYsujVquSQuXoURSxHXS3c,5,4,1,22.16331501,2.00488879,5.54082875,2.00488879,7.72889624,3.88721984,0,5,2,2,60.0,1.0,1732.75,284.0,11.05463561,0.09045979,5,4,1
3QZwgMQ6kTZVHyyk3gi4psGmuc,12,4,8,2.56783253,6.31382429,0.64195813,0.78922804,1.43398954,0.17597405,0,12,6,5,60.0,1.0,6710.36363636,9.0,0.40670003,2.45881467,12,4,8
3QenrRe8NrXEnHfHyDcPhjUDEX,38,23,15,504.31183577,384.36943951,4.58465305,5.26533479,10.24114705,3.58824601,0,38,9,11,60.0,1.0,454.08108108,19.0,1.31204977,0.76216621,38,23,15
3Qqidt8QGw14WMt8HQi5taFwJX,10,5,5,16.8122131,31.1924884,3.36244262,6.23849768,7.98654449,7.68397565,0,10,5,4,60.0,1.0,1780.0,107.0,0.53898275,1.85534696,10,5,5
3QuNdw5JYqzRBQsGxhZ4gTTL7J,18,2,16,21.40906359,238.8502498,10.70453179,3.91557787,12.67580778,5.89899627,0,18,7,8,60.0,1.0,1284.58823529,237.0,0.08963383,11.15650149,18,2,16
3R5NEumeUsUdsNbmGCjj5pndvY,5,1,4,0.33699026,3.7343559,0.33699026,0.93358898,1.20967288,0.09411796,0,5,4,4,60.0,1.0,12646.25,7428.0,0.09024053,11.08149506,5,1,4
3RFvKJEEJkT1CiypREGoQSJ5nS,36,23,13,500.89561334,305.64260371,4.77043441,5.26970006,8.32272644,3.58051789,0,36,9,12,60.0,1.0,425.71428571,41.0,1.63882786,0.61019221,36,23,13
3RiSB8QJ5Pwm5ec4V1vrkz9Wo9,30,18,12,435.19337609,278.99217078,4.88981321,4.64986951,8.91621171,3.55281853,0,30,9,12,60.0,1.0,539.31034483,1.0,1.55987666,0.64107633,30,18,12
3RmabeEnZT6Shp6majXtWRLoMa,35,18,17,429.84614795,425.78168056,4.77606831,5.38964153,9.18225258,3.33628786,0,35,9,10,60.0,1.0,482.32352941,18.0,1.0095459,0.99054437,35,18,17
3RnGNBgKT5L9oUpB2J4ZPA2SsG,10,5,5,18.95730662,20.62632779,3.79146132,4.12526556,7.89094824,6.19247184,0,10,5,5,60.0,1.0,1371.44444444,34.0,0.91908297,1.08804105,10,5,5
3Rz7p8pGovdfqhXdyxwf9W7hNm,6,2,4,11.55831718,20.74746626,5.77915859,5.18686656,7.67277123,3.1924138,0,6,4,4,60.0,1.0,1682.0,323.0,0.55709536,1.79502482,6,2,4
3SA7YyRHjDKfxDwdzK7UsynqyR,5,4,1,13.43518254,1.86164888,3.35879563,1.86164888,6.83064335,5.09237479,0,5,2,1,60.0,1.0,2839.0,1679.0,7.21681875,0.13856521,5,4,1
3SQgLb5mbAWCtf8GjRWyjMf7TL,11,7,4,21.48269245,16.28022966,3.06895606,4.07005741,7.46818043,5.31878187,0,10,4,5,60.0,1.0,1477.1,225.0,1.31955709,0.75783004,11,7,4
3SRofrZRt5UEzJ96CNKQ2bm1dN,18,2,16,12.94708405,215.52164641,6.47354202,3.47615559,8.83915059,4.4136109,0,18,8,7,60.0,1.0,1324.64705882,125.0,0.06007324,16.64634643,18,2,16
3SeTJLD3eamNvg8UsWdssPK81Y,6,1,5,0.61488488,4.39531726,0.61488488,0.87906345,1.4396534,0.09385733,0,6,4,5,60.0,1.0,13048.8,4042.0,0.13989545,7.14819538,6,1,5
3SiZKtzGqCv5p3xfMKfRcT7YWt,6,3,3,92.53611286,64.09696607,30.84537095,21.36565536,38.87530691,96.78154584,0,6,4,4,60.0,1.0,1155.6,261.0,1.44368944,0.69266975,6,3,3
3SidDcgpaGG5JrUMkd68jTUQPD,7,3,4,3.30931302,2.51670882,1.10310434,0.6291772,1.21480854,0.151012,0,7,5,4,60.0,1.0,6866.83333333,513.0,1.31493679,0.76049283,7,3,4
3SkfGxn9rGEmW42Y7pkMau1s2e,7,5,2,23.69366725,11.40632269,4.73873345,5.70316134,7.20556171,4.43670868,0,6,3,3,60.0,1.0,2502.33333333,116.0,2.07723978,0.48140807,7,5,2
3SnZGMBWZ4whZzyVbMjX74fEDb,10,7,3,32.00596116,6.906052,4.57228017,2.30201733,7.26841791,3.52790798,0,10,4,3,60.0,1.0,1587.0,107.0,4.63448019,0.21577393,10,7,3
3SroV1SDThFj9wxstaUD1859ys,19,4,15,68.43476643,157.4716653,17.10869161,2.91614195,20.48019228,17.91267574,0,18,6,9,60.0,1.0,1251.88888889,151.0,0.43458464,2.30104775,19,4,15
3TVBHEZ3W25hmkpWRNpSwDS31H,6,4,2,3.90255807,1.62270296,0.97563952,0.81135148,1.34330674,0.14331301,0,6,1,2,60.0,1.0,11709.4,1306.0,2.40497378,0.41580495,6,4,2
3TWsX5QvujJ8oWimRR1KMTcevF,5,2,3,7.96274152,14.03156655,3.98137076,4.67718885,7.04278474,4.208339,0,5,3,4,60.0,1.0,3390.25,242.0,0.56748771,1.76215271,5,2,3
3TdzWAMxnCr6YNhCMh41VJEqrB,6,1,5,0.82054557,3.47938978,0.82054557,0.69587796,0.89509578,0.01192783,0,6,4,5,60.0,1.0,13369.8,382.0,0.23583031,4.24033705,6,1,5
3TrVttFhPBtTFQfQ6XtUGQCH8G,3,0,3,0.0,15.70303716,0.0,5.23434572,7.13790523,2.54864336,0,3,1,1,60.0,1.0,3128.0,594.0,0.0,15703037160.0,3,0,3
3TsyNQHeKWw8X4xheeg5XyDZ8x,7,6,1,5.20372045,0.83654659,0.86728674,0.83654659,1.46928135,0.13355647,0,7,2,2,60.0,1.0,6867.66666667,1685.0,6.22047895,0.16075933,7,6,1
3TziZ2siduH4pMdSLX3GDUuJBv,40,23,17,489.80732596,328.42938867,4.75541093,4.21063319,8.00977611,3.00229372,0,37,9,12,60.0,1.0,406.05128205,14.0,1.49136266,0.67052772,40,23,17
3U4GnhqdTxm52bJshkdBqneX4L,12,7,5,177.31381341,117.51596643,25.33054477,23.50319329,37.40708627,105.74670205,0,12,5,5,60.0,1.0,895.09090909,130.0,1.5088487,0.66275697,12,7,5
3U9DkdNsTjwY8ANQeFNz2BrVUV,8,4,4,23.22093633,14.03689249,5.80523408,3.50922312,7.8410742,4.49452804,0,8,5,4,60.0,1.0,1241.42857143,29.0,1.65427899,0.60449296,8,4,4
3UKohhNjuERAvd98qmGyoN3hw7,39,17,22,424.502608,494.42163917,5.05360248,4.84727097,9.16702353,3.19481161,0,39,8,12,60.0,1.0,452.18421053,0.0,0.8585842,1.16470813,39,17,22
3UMAiSLAqypJEVLAZp9sA2C94J,27,14,13,329.30152666,271.76597782,4.98941707,4.85296389,11.36715417,3.86167615,0,25,9,11,60.0,1.0,668.5,5.0,1.2117099,0.82528004,27,14,13
3UQjAepw3pztRh4sDC1Ah3vsGB,13,6,7,6.74109565,5.66103152,1.12351594,0.80871879,1.49694285,0.14623584,0,13,5,6,60.0,1.0,6115.66666667,254.0,1.19078928,0.83977914,13,6,7
3UVebgeHW2Tm7Wmwwi2xxxwUe4,13,3,10,31.93770582,107.96200284,10.64590194,3.17535302,17.93854815,11.40726701,0,13,7,5,60.0,1.0,1501.16666667,101.0,0.29582358,3.38039318,13,3,10
3UXR13bDoQ1zMqvaD2k1hoGFmy,10,5,5,3.35291259,2.9413936,0.67058252,0.58827872,1.48167281,0.22211424,0,10,5,5,60.0,1.0,12244.22222222,3885.0,1.13990613,0.87726522,10,5,5
3UboLkvUYThYZ2gSJMtcFXJoJd,14,1,13,15.73478985,153.97245595,15.73478985,2.85134178,15.73478985,5.30881302,0,14,8,8,60.0,1.0,1450.07692308,36.0,0.10219224,9.78547902,14,1,13
3Ue76t9k9DstB5HhjBMxBtR67e,25,4,21,43.35523776,263.35999755,10.83880944,3.21170729,16.79605365,5.72151856,0,25,8,11,60.0,1.0,881.0,22.0,0.16462347,6.07446784,25,4,21
3UeMe3X1PpjkqUfQn51vUuuETz,2,2,0,28.00627097,0.0,14.00313549,0.0,17.25039032,10.54466396,0,2,1,1,60.0,1.0,3739.0,3739.0,28006270970.0,0.0,2,2,0
3UpLwnSeEUNRy8cGDyMnfYHhjc,12,4,8,61.01317368,123.22288375,15.25329342,3.73402678,23.00877639,21.90091756,0,12,5,7,60.0,1.0,1646.90909091,38.0,0.49514483,2.01961112,12,4,8
3UtC8UcjEEQsjXmxqTTZ4cusgP,9,3,6,15.12295559,23.6541942,5.0409852,3.9423657,7.50320616,4.24806997,0,9,5,6,60.0,1.0,1245.0,56.0,0.63933506,1.56412509,9,3,6
3UwTJ8kaWYQaq3yoF4JTbVM1SD,7,3,4,2.79874229,3.35266383,0.9329141,0.83816596,1.29407166,0.09789444,0,7,5,5,60.0,1.0,15656.83333333,92.0,0.83478166,1.19791802,7,3,4
3UxsjQz1CAsDKzYWcwmwmjom1K,19,4,15,41.92767538,183.78776442,10.48191884,3.06312941,12.84963237,5.42490655,0,18,7,10,60.0,1.0,896.0,7.0,0.22813094,4.38344751,19,4,15
3V3pgkqFUYAqiNz3p9Zm24tmLj,4,0,4,0.0,18.72411636,0.0,4.68102909,5.89350918,1.63388174,0,4,4,3,60.0,1.0,2653.33333333,1337.0,0.0,18724116360.0,4,0,4
3VFZWvgD3dAkQCwEf4R4QTDTt3,5,0,5,0.0,34.82531797,0.0,6.96506359,11.65037226,7.54269384,0,5,1,1,60.0,1.0,2198.25,194.0,0.0,34825317970.0,5,0,5
3VHEiqshN4UfjXbzB4depEZX9x,42,26,16,574.94287926,386.20209412,4.52710929,5.14936125,11.91435754,3.38102781,0,42,9,12,60.0,1.0,401.02439024,0.0,1.4887099,0.67172255,42,26,16
3VJdvm68rXUVNQ2mjs3JDuYNix,39,20,19,467.41903202,437.37959184,4.97254289,4.65297438,12.97185974,4.07003731,0,38,9,11,60.0,1.0,441.36842105,17.0,1.06868048,0.93573338,39,20,19
3VPjSEQQrZKyAwCVho6WARS9qi,14,7,7,110.56531074,97.48993088,15.79504439,3.74961273,24.73543616,39.54991657,0,14,5,4,60.0,1.0,1646.46153846,43.0,1.13412031,0.88174067,14,7,7
3VWUTQtYMJR2CVFHi5Pz6KvZZb,5,2,3,1.72354636,3.25051149,0.86177318,1.08350383,1.30023823,0.09828957,0,5,3,2,60.0,1.0,10917.25,2121.0,0.53023851,1.88594375,5,2,3
3VfvxFp9XgsZyTixqhBGfaKYr5,7,3,4,1.22682758,3.64666508,0.40894253,0.91166627,1.4308078,0.27199255,0,7,3,4,60.0,1.0,9531.33333333,1074.0,0.33642453,2.97243487,7,3,4
3VuovdpwDtGFGvNUvgLzA26cJH,33,17,16,375.88044685,328.62545735,4.64049934,4.38167276,8.64208769,3.53064838,0,30,9,10,60.0,1.0,448.84375,7.0,1.14379589,0.87428186,33,17,16
3VyK5WHD3LEvM4AFbssvQ4BBuc,15,0,15,0.0,168.62823673,0.0,3.30643601,9.93715863,5.52426838,0,15,9,7,60.0,1.0,1589.28571429,57.0,0.0,168628236730.0,15,0,15
3WTpvnUGptLMyL8scpCfe7ATgw,20,3,17,32.44372582,236.58283878,10.81457527,4.00987862,20.04389805,9.05208217,0,20,7,10,60.0,1.0,1131.15789474,36.0,0.13713474,7.29209833,20,3,17
3WYMe1xrwo6oWhjmPw5sbSEUuE,13,6,7,4.33836841,4.76102363,0.7230614,0.68014623,1.40849467,0.17507865,0,13,5,6,60.0,1.0,7839.58333333,544.0,0.91122598,1.09742262,13,6,7
3WgdRWjFRVC3ekS83tCqDWCULF,13,7,6,36.7547121,17.24609632,5.25067316,2.87434939,7.77475857,5.00128154,0,12,5,5,60.0,1.0,1231.83333333,176.0,2.13119024,0.46922137,13,7,6
3WibaYy9wZWJDt8NBoWiHnC1pN,2,1,1,0.43144218,0.98811102,0.43144218,0.98811102,0.98811102,0.07747005,0,2,1,2,60.0,1.0,38509.0,38509.0,0.4366333,2.29025131,2,1,1
3Wkg24VZALLSUSRfLmcFUku1kd,4,0,4,0.0,15.8891082,0.0,3.97227705,7.91489197,5.92260752,0,4,2,2,60.0,1.0,671.66666667,239.0,0.0,15889108200.0,4,0,4
3WohqPBpg7JcGpQiRxQ3chrRd9,45,23,22,501.79492674,501.9839128,4.68967221,4.73569729,10.61850108,3.03147056,0,45,9,11,60.0,1.0,383.77272727,1.0,0.99962352,1.00037662,45,23,22
3WqdqeVkydihgMxhMAV5XVhLsJ,9,4,5,1.99736287,5.12945599,0.49934072,1.0258912,1.35138463,0.14853327,0,9,4,5,60.0,1.0,11405.375,2380.0,0.38939078,2.56811422,9,4,5
3XSfJr7kQx7EgbqzQQtGBzEXQ1,32,15,17,327.55052109,358.56910099,4.61338762,4.32010965,10.86060037,4.64307311,0,29,8,11,60.0,1.0,547.5483871,22.0,0.91349344,1.09469861,32,15,17
3Xoms4xbkzkr9hzD6Vq5KRp5ug,23,4,19,79.35114037,292.38165064,19.83778509,4.11805142,24.88028583,19.42048632,0,23,7,10,60.0,1.0,1052.86363636,57.0,0.27139576,3.68465594,23,4,19
3Y9ahS8XKknRyaMe19skR9ftVR,1,1,0,3.25662863,0.0,3.25662863,0.0,3.25662863,0.0,0,1,1,1,60.0,1.0,0.0,0.0,3256628629.9999995,0.0,1,1,0
3YBC5qUkL7xVNhkbuCDr7qFELZ,4,2,2,1.88491467,1.69744596,0.94245734,0.84872298,1.29058418,0.06283925,0,4,2,2,60.0,1.0,22309.33333333,14231.0,1.11044164,0.9005426,4,2,2
3YGQyksPnafT3Y4W99bbEJr6EF,17,4,13,31.38910494,142.16671035,7.84727624,2.90136144,11.78805417,6.12407912,0,16,7,8,60.0,1.0,1313.875,42.0,0.22079082,4.52917376,17,4,13
3YLqYMbpDFeB3mPTWyWMswSWxz,9,4,5,4.54017829,5.13021926,1.13504457,1.02604385,1.37638994,0.06604807,0,9,4,5,60.0,1.0,9942.125,1917.0,0.88498718,1.12995987,9,4,5
3YT1wdTumu2iUyvHVAmhHuNCQW,6,1,5,6.04513147,17.13997321,6.04513147,3.42799464,7.27999074,6.26317489,0,6,3,5,60.0,1.0,2725.6,562.0,0.352692,2.83533506,6,1,5
3Yc3fqWaG29b2w52zL7gKxnNGL,14,4,10,43.59605305,116.11229801,10.89901326,2.90280745,17.53876513,9.80283279,0,14,8,7,60.0,1.0,1563.61538462,128.0,0.37546456,2.66336721,14,4,10
3YfE35Hb67S1Keinejj6r24wLi,18,6,12,103.76445066,182.89116635,17.29407511,3.81023263,23.81840154,27.51033002,0,17,7,7,60.0,1.0,1136.41176471,64.0,0.56735627,1.76256093,18,6,12
3YsdcP5snMaFCa5sZBTbbS6PFy,8,2,6,2.47522809,5.79331148,1.23761404,0.96555191,1.34988766,0.15205153,0,8,7,7,60.0,1.0,11622.42857143,3742.0,0.42725617,2.34051621,8,2,6
3Yvv3MUrZ91wdA9wxQYv1nd2o4,4,3,1,2.03063524,0.37692427,0.67687841,0.37692427,0.93644929,0.05198916,0,4,2,2,60.0,1.0,19561.66666667,654.0,5.38738256,0.1856189,4,3,1
3ZHS4FatftP7hmNgAGJmUSMA5w,2,0,2,0.0,11.37562471,0.0,5.68781236,9.50414058,14.56436112,0,2,1,1,60.0,1.0,5283.0,5283.0,0.0,11375624710.0,2,0,2
3ZHa5W1ziGSt724zWtW1q5VYqx,15,2,13,31.5508303,173.70980375,15.77541515,3.47419608,18.01868299,12.6488018,0,14,8,9,60.0,1.0,1469.21428571,87.0,0.18162953,5.50571259,15,2,13
3ZabADpqYuhAMLKpC9hMDM85zW,4,2,2,4.26712761,7.53902319,2.13356381,3.76951159,5.38756612,2.50485994,0,4,3,3,60.0,1.0,4734.33333333,1039.0,0.56600537,1.76676769,4,2,2
3ZbMeCSSFXho21bxiayfJFcD38,40,20,20,478.01167071,429.73713179,4.82840071,4.34077911,9.88765357,3.76486515,0,40,9,12,60.0,1.0,438.05128205,18.0,1.11233504,0.89900971,40,20,20
3ZbYV6f3yUpMfH26Fkvxde2qku,5,1,4,1.09065193,3.72478098,1.09065193,0.93119524,1.49521964,0.10189196,0,5,3,4,60.0,1.0,8768.25,2028.0,0.29280968,3.41518763,5,1,4
3ZiZUNEZqNkftu3RXqEdTELkuB,16,2,14,38.1544812,221.56408415,19.0772406,4.26084777,23.39722701,14.55882473,0,16,7,8,60.0,1.0,1496.33333333,32.0,0.17220517,5.80702652,16,2,14
3ZpmktjSsubv23csziMnnzAdxJ,18,4,14,68.13643348,224.23352154,17.03410837,4.07697312,24.52427574,15.51418671,0,18,6,9,60.0,1.0,1143.23529412,2.0,0.30386373,3.29094891,18,4,14
3ZxhAfNbhvpBwtd9usEumS6uTy,9,5,4,5.21682391,3.10358749,1.04336478,0.77589687,1.47047858,0.23268627,0,9,3,4,60.0,1.0,10866.125,2490.0,1.68090119,0.59491897,9,5,4
3aNdxJK6TKudGE7rz66MRqhnbM,34,18,16,436.54862764,349.2033432,5.01780032,4.42029548,10.52752523,3.6200747,0,34,9,11,60.0,1.0,499.21212121,19.0,1.25012729,0.79991855,34,18,16
3aU34xiQr31nfCHJfnhCaVcvyY,19,2,17,34.06419964,236.45096818,17.03209982,3.47722012,22.41990566,9.90319021,0,18,9,9,60.0,1.0,1263.61111111,68.0,0.14406454,6.94133344,19,2,17
3ac3K7Kh2DTFLaVHN79tpR8dyG,29,10,19,238.89341003,429.5307398,5.08283851,4.52137621,9.35659547,3.50872239,0,28,8,12,60.0,1.0,626.85714286,19.0,0.55617302,1.79800163,29,10,19
3bPkrxokitmHgXDGJcLFLrKnEm,7,3,4,1.43344129,2.65174684,0.47781376,0.66293671,0.96053845,0.08236225,0,7,4,5,60.0,1.0,13493.16666667,807.0,0.54056491,1.8499166,7,3,4
3bR9UbmjrNCXAaWpR2oGA1ZXVc,6,2,4,2.98314217,18.37271921,1.49157108,4.5931798,7.16536417,3.71222541,0,6,3,4,60.0,1.0,2821.8,564.0,0.16236803,6.15884801,6,2,4
3bRqBgxPdv79MVELgZedzBNMFf,21,4,17,49.14831234,225.82992938,12.28707808,3.64241822,21.45396734,13.63926982,0,21,8,10,60.0,1.0,1124.0,23.0,0.21763418,4.59486641,21,4,17
3bf4kJtq7Y9bA1XTBDZo88Pxsj,19,5,14,55.69420471,175.07452978,11.13884094,3.80596804,15.35103089,11.21025385,0,18,8,10,60.0,1.0,1171.16666667,170.0,0.31811712,3.14349636,19,5,14
3bfwk3hXbUdvkpMVpR48ctraF1,2,0,2,0.0,18.91477232,0.0,9.45738616,10.07342483,0.37950364,0,2,1,1,60.0,1.0,4882.0,4882.0,0.0,18914772320.0,2,0,2
3buq3qoVbEU7pviqGLx3VHPxu6,7,4,3,3.16658451,3.25419354,0.79164613,1.08473118,1.49486292,0.19010051,0,7,4,4,60.0,1.0,12791.66666667,1240.0,0.97307811,1.02766673,7,4,3
3bv6wxcUXHRG342fuveZJkFGU8,24,6,18,98.02052002,240.35477009,16.33675334,3.38527845,24.07870461,20.10832069,0,24,7,8,60.0,1.0,838.17391304,33.0,0.407816,2.45208626,24,6,18
3cK5RZVqcJugkg897SQsNcQqAD,10,4,6,4.29724884,4.19486162,1.07431221,0.6991436,1.26285689,0.12482706,0,10,7,4,60.0,1.0,6626.77777778,317.0,1.02440777,0.97617377,10,4,6
3cauKm29rr5xsmnpMwQzrVpyEC,11,7,4,5.76084721,3.13065742,0.82297817,0.78266435,1.35369209,0.22670195,0,10,4,4,60.0,1.0,8977.8,738.0,1.84013977,0.54343698,11,7,4
3ccpDtEgZVwJ75GBMoXoeX3rjR,9,3,6,2.59020224,5.50830649,0.86340075,0.91805108,1.47312902,0.26248759,0,9,6,6,60.0,1.0,5864.25,792.0,0.47023568,2.12659321,9,3,6
3cpWF2s1AHLhvhX8ijzKTCYmiG,10,5,5,3.94721768,3.80944566,0.78944354,0.76188913,1.35293388,0.17929652,0,10,5,4,60.0,1.0,10778.33333333,108.0,1.0361659,0.96509642,10,5,5
3crWRMiQDz33VD1dP2jQiNTpv1,7,3,4,1.61290093,5.16631364,0.53763364,1.29157841,1.43221186,0.16866464,0,7,4,4,60.0,1.0,10160.83333333,5534.0,0.31219571,3.20311902,7,3,4
3criqCZwXRPVQoPP9NZTcMRybQ,34,17,17,373.69141105,353.18054006,4.73027103,4.15506518,7.93417079,2.73814861,0,33,9,11,60.0,1.0,489.48484848,6.0,1.05807475,0.94511281,34,17,17
3ctptoPopAN5BBNupcvKTWsewh,10,4,6,17.59344994,18.62112137,4.39836248,3.10352023,7.57740378,3.06038392,0,10,7,4,60.0,1.0,1725.66666667,8.0,0.94481152,1.05841216,10,4,6
3dBTB5utcgwBxBokzH11T5EaRN,2,0,2,0.0,23.24257987,0.0,11.62128994,11.671107,0.00248174,0,2,1,1,60.0,1.0,5811.0,5811.0,0.0,23242579870.0,2,0,2
3dHB5gGYdqD7EqwTDmSNdYCYSW,8,5,3,26.90046387,9.44005696,5.38009277,3.14668565,7.14102402,5.4130762,0,8,4,4,60.0,1.0,1331.42857143,416.0,2.84960822,0.35092543,8,5,3
3dKjdggsSDsPWRZTnT9r5Gb1tM,13,6,7,20.62473977,20.4081422,3.43745663,2.91544889,5.0039174,1.8484961,0,13,5,7,60.0,1.0,1276.41666667,68.0,1.01061329,0.98949817,13,6,7
3dmGe7fLYJFWAydve3nDMxA6ms,8,3,5,26.66440114,124.68379193,8.88813371,24.93675839,36.90442892,97.84325784,0,8,5,6,60.0,1.0,982.28571429,122.0,0.21385619,4.67603946,8,3,5
3doh4aDQWAGApkqLwUTMxv5hEw,7,2,5,2.06865218,4.15777104,1.03432609,0.83155421,1.38043358,0.12646173,0,7,4,5,60.0,1.0,14059.5,626.0,0.49753874,2.00989373,7,2,5
3dokMcb2EdkNtysP5AJv2NRhbv,6,2,4,1.96468273,2.29825592,0.98234137,0.57456398,1.20621531,0.14596182,0,6,5,4,60.0,1.0,11247.0,15.0,0.85485812,1.16978476,6,2,4
3dpC4Ho5kPyMBsapsvBqF4tx7S,6,0,6,0.0,45.80516838,0.0,7.63419473,10.74880404,6.10645125,0,6,1,1,60.0,1.0,1928.4,665.0,0.0,45805168379.99999,6,0,6
3eCB6uex8ik7iKBdefJZ8K8K1q,10,8,2,33.00680724,14.99790274,4.12585091,7.49895137,7.98029381,5.99362701,0,10,2,3,60.0,1.0,1778.0,7.0,2.20076152,0.45438817,10,8,2
3eQTNG424CtAYQ1gDmTju2JXx1,43,17,26,398.17058383,546.77426089,4.79723595,4.55645217,7.88739096,2.64638801,0,42,9,11,60.0,1.0,400.21428571,24.0,0.7282175,1.37321611,43,17,26
3ecarSxHeYhUVmYoTuBAZ9YnW9,7,3,4,2.27442628,1.41975152,0.75814209,0.35493788,1.41851626,0.22166086,0,7,5,5,60.0,1.0,16053.66666667,256.0,1.60198897,0.62422402,7,3,4
3egnYAYwmFUVzhsVoKiTAp19Qw,3,1,2,1.39762109,1.975687,1.39762109,0.9878435,1.39762109,0.04224486,0,3,2,3,60.0,1.0,16566.0,16053.0,0.70741018,1.41360703,3,1,2
3etpqvmd7U9HXrFw6KfybTHD1n,7,3,4,3.17006542,3.65291003,1.05668847,0.91322751,1.12067848,0.01268526,0,7,4,3,60.0,1.0,11665.5,2394.0,0.86781919,1.15231377,7,3,4
3fj3tQaLgoSaZ6JJeg3Z4EutNZ,9,5,4,17.02516522,16.52272506,3.40503304,4.13068126,7.0764155,3.82779659,0,9,4,4,60.0,1.0,1483.375,262.0,1.03040904,0.97048838,9,5,4
3fmNwedNgLTNB7Wys3YF1hFmFW,8,6,2,6.30169722,1.56878241,1.05028287,0.78439121,1.36701569,0.07260303,0,8,3,3,60.0,1.0,7345.85714286,1232.0,4.01693516,0.24894601,8,6,2
3fqYvjJXAswzp6W8qBKrFQRUZj,3,0,3,0.0,19.96490088,0.0,6.65496696,11.18585625,13.82448859,0,3,1,1,60.0,1.0,2060.5,1755.0,0.0,19964900880.0,3,0,3
3fuyiaPS28CtMUsCPG5EjQQArM,7,4,3,3.81762975,2.40544372,0.95440744,0.80181457,1.35837059,0.12474,0,7,4,4,60.0,1.0,8585.66666667,2759.0,1.58707922,0.63008827,7,4,3
3fw87SEE8dKCxBrrpScTPqETzf,2,0,2,0.0,0.70849711,0.0,0.35424855,0.3626733,7.098e-05,0,2,2,2,60.0,1.0,8744.0,8744.0,0.0,708497109.9999999,2,0,2
3gAV3uFDkQAqow68p4GgAxvuK1,9,4,5,2.21306458,2.73267223,0.55326614,0.54653445,1.44495071,0.23179371,0,9,3,4,60.0,1.0,10092.0,2617.0,0.80985365,1.234791,9,4,5
3gAtPHhDLnNu3ASUHiCXGbnUhf,32,20,12,413.49340911,209.45269429,4.8080629,3.43365073,7.97982524,2.96198616,0,31,9,10,60.0,1.0,479.4516129,16.0,1.97416133,0.50654421,32,20,12
3gPWxiVUCMwDkqhbKWSqRf6yft,4,1,3,4.85869017,16.37185746,4.85869017,5.45728582,7.30990424,3.77160738,0,4,3,3,60.0,1.0,3600.0,308.0,0.29677086,3.3696031,4,1,3
3gk3EDnRupdnD63yywNV6dWGCD,7,1,6,13.03305443,132.87587462,13.03305443,22.1459791,38.21282651,92.41494577,0,7,5,4,60.0,1.0,1476.83333333,247.0,0.09808443,10.19529807,7,1,6
3gmUqyEhSM5BgooMPN6kn22Qy6,8,4,4,21.28016981,13.8350393,5.32004245,3.45875983,7.72832319,4.11276345,0,8,3,4,60.0,1.0,2196.71428571,117.0,1.53813584,0.65013764,8,4,4
3gobaodioUXySCp5Z9CLWdhhC9,32,13,19,299.5978892,439.63210789,4.83222402,4.53228977,11.2839424,3.65052436,0,29,9,10,60.0,1.0,527.06451613,18.0,0.68147409,1.46740723,32,13,19
3hXvcupr3Bzsuww9zZ26xWY6k2,5,0,5,0.0,28.39884401,0.0,5.6797688,9.00377348,7.21307367,0,4,1,1,60.0,1.0,1582.0,716.0,0.0,28398844009.999996,5,0,5
3hdvNmxu7mk9ehA3WAAD3sEGQp,5,3,2,70.97576317,37.09299941,23.65858772,18.5464997,33.57310798,120.50470368,0,5,3,3,60.0,1.0,1274.5,203.0,1.91345441,0.52261501,5,3,2
3hndi8CvEB8Rjk12QxfxnECHm5,5,3,2,16.35221862,14.29515506,5.45073954,7.14757753,7.26758407,1.62775517,0,5,2,3,60.0,1.0,3550.5,977.0,1.14389935,0.87420279,5,3,2
3iD9eZMUobJgykfwVxotVu2pYt,8,5,3,8.33819026,14.44697408,1.66763805,4.81565803,7.48239452,4.38973464,0,8,4,3,60.0,1.0,1702.85714286,127.0,0.57715825,1.73262706,8,5,3
3iGcJwtVhus6pmbJtQZ5xRFx4C,29,12,17,290.76344887,341.70575433,4.92819405,4.1169368,8.67312646,3.40726079,0,29,8,10,60.0,1.0,572.21428571,8.0,0.85091762,1.17520189,29,12,17
3iTZ2xrrk1X9iCft1FHftLnniJ,2,1,1,1.11396167,0.74715452,1.11396167,0.74715452,1.11396167,0.03363687,0,2,1,2,60.0,1.0,62911.0,62911.0,1.49093881,0.67071834,2,1,1
3icLEbGQRfeeXq8CPAr3v6gD4m,6,2,4,4.83138182,16.78346181,2.41569091,4.19586545,6.58079695,3.81527761,0,6,3,4,60.0,1.0,1944.8,202.0,0.28786563,3.47384298,6,2,4
3inKXzKqdjAtdoVNm8oXz39kc8,7,3,4,3.17636728,2.86952948,1.05878909,0.71738237,1.25495772,0.0932892,0,7,4,4,60.0,1.0,8231.66666667,816.0,1.10692966,0.90339977,7,3,4
3itR2e7982ywH2WBxQHtPoDfU3,8,3,5,15.50529993,13.18538861,5.16843331,2.63707772,7.18758175,6.02666298,0,8,5,6,60.0,1.0,1542.42857143,14.0,1.17594562,0.85037946,8,3,5
3iyjtLra7AqsKC76K2sckSha9N,13,8,5,6.78218997,3.63950908,0.84777375,0.72790182,1.34510587,0.11982891,0,13,5,4,60.0,1.0,7729.33333333,1763.0,1.86349033,0.53662742,13,8,5
3j2SPHZbMNaYMQ9mKPAdS7N5JD,8,1,7,2.43132003,21.46796329,2.43132003,3.0668519,6.89581202,2.64227577,0,8,5,6,60.0,1.0,2108.71428571,272.0,0.11325341,8.82975627,8,1,7
3j9Xmv7obSSpeAQM9fvwi4N2gC,7,7,0,26.66450433,0.0,3.8092149,0.0,6.70450526,5.50734143,0,7,1,1,60.0,1.0,1819.16666667,122.0,26664504330.0,0.0,7,7,0
3jPZLwBvjycCK7X9pHotcqCkzN,8,6,2,3.23303843,2.62678249,0.53883974,1.31339125,1.42741189,0.24403242,0,8,3,2,60.0,1.0,12683.57142857,1736.0,1.23079792,0.81248106,8,6,2
3jPn5cbKzLwBnnmhCsQZF8Ds9G,8,4,4,4.17391064,3.67696647,1.04347766,0.91924162,1.45848873,0.19260637,0,8,4,3,60.0,1.0,7832.42857143,388.0,1.13515059,0.88094039,8,4,4
3jQR5MoJsX3QMHd5tChj5Q6UoJ,17,2,15,16.71120582,179.84908701,8.35560291,3.10084633,10.6632264,4.89185962,0,17,7,10,60.0,1.0,1281.0625,151.0,0.09291794,10.7621849,17,2,15
3jSRg4PxNt71WxmSovy92f8xaJ,7,4,3,3.04708499,1.88969681,0.76177125,0.62989894,1.09060017,0.08002136,0,7,4,3,60.0,1.0,5837.33333333,151.0,1.61247295,0.62016544,7,4,3
3jTJX52YmdFPCVNTQ9mn2bG7kz,33,15,18,362.26120523,406.58220299,4.96248226,4.62025231,7.96763757,2.37196949,0,32,8,10,60.0,1.0,522.8125,39.0,0.8909913,1.12234542,33,15,18
3jnv5v8HyXMyKjSUAJqaA9Fv4i,2,0,2,0.0,2.88332138,0.0,1.44166069,1.72765021,0.08179001,0,2,1,1,60.0,1.0,6440.0,6440.0,0.0,2883321379.9999995,2,0,2
3jtyCt1ymAWQPaC5HWWy2mf91V,7,4,3,3.25854005,2.52804305,0.81463501,0.84268102,1.19261396,0.08705932,0,6,4,4,60.0,1.0,7648.5,1416.0,1.2889575,0.77582077,7,4,3
3k5RH4VZWxptnwi4xLvZ76EpiQ,5,0,5,0.0,34.43306062,0.0,6.88661212,10.6701039,12.75548371,0,5,1,1,60.0,1.0,1921.5,494.0,0.0,34433060620.0,5,0,5
3kGvbwrw8KLXKHE1phdSELiZuz,7,4,3,3.2371369,1.97441902,0.80928422,0.65813967,1.44578472,0.23733887,0,7,2,4,60.0,1.0,14321.33333333,3845.0,1.63953896,0.60992756,7,4,3
3kLyTeY3Y88fatneNz5s88QYbz,27,14,13,287.638545,319.50197612,4.49435227,4.91541502,8.43178489,3.07222311,0,25,8,12,60.0,1.0,584.42307692,21.0,0.90027157,1.11077594,27,14,13
3kNA1GCkxobqTNvd8bq8xvdswa,34,16,18,397.61853902,367.06605231,5.23182288,4.31842414,7.99759685,3.47990517,0,33,9,12,60.0,1.0,478.33333333,34.0,1.0832343,0.92316131,34,16,18
3kTWRwU3hRvBvoadMzv5zDrvL2,8,0,8,0.0,48.84688733,0.0,6.10586092,9.5625,8.96983225,0,8,1,1,60.0,1.0,1046.28571429,164.0,0.0,48846887330.0,8,0,8
3kUzZgcjoMfFuB5GPudT8ZjE4u,5,2,3,2.98241371,10.48350046,1.49120685,3.49450015,4.29625469,1.46418511,0,5,3,3,60.0,1.0,2612.75,736.0,0.28448644,3.51510604,5,2,3
3kWd6nXchhAtxs923cni82s27p,6,0,6,0.0,26.82576408,0.0,4.47096068,7.15970663,5.02338962,0,6,1,1,60.0,1.0,1441.2,151.0,0.0,26825764079.999996,6,0,6
3koFtQrhUvQcuARu2ZCwNCjTGz,13,2,11,36.13842844,167.66318228,18.06921422,3.4216976,20.28224358,11.78310863,0,13,6,9,60.0,1.0,1459.25,22.0,0.21554183,4.63947077,13,2,11
3m7MRiZNDuvf1ve7kVKJYdH1a1,28,7,21,114.74169155,451.5602337,4.09791756,4.60775749,8.20449824,2.37344605,0,28,8,10,60.0,1.0,520.37037037,25.0,0.25410052,3.93545038,28,7,21
3m8DPDKAMPNR6cDAuUoAv6EbH8,1,0,1,0.0,4.35653554,0.0,4.35653554,4.35653554,0.0,0,1,1,1,60.0,1.0,0.0,0.0,0.0,4356535540.0,1,0,1
3mAcu6uEVB8qxHFG4ikc24ivmF,12,7,5,3.27599523,2.05810362,0.46799932,0.41162072,0.94669464,0.08442891,0,12,5,5,60.0,1.0,7049.72727273,24.0,1.59175427,0.62823767,12,7,5
3mCzWUbT6CYGKu98r8A2rBg6ym,8,2,6,9.10741041,24.52224288,4.5537052,4.08704048,7.79372838,5.58605635,0,8,6,5,60.0,1.0,1807.42857143,257.0,0.37139386,2.69255933,8,2,6
3mGjuUDXnst7moZgCDwehhAF89,11,6,5,4.17747876,4.14027513,0.69624646,0.82805503,1.2896867,0.17090127,0,11,4,5,60.0,1.0,8895.9,277.0,1.00898579,0.99109424,11,6,5
3mMyrErtFW6Wp1bUuvLgHBSeKB,10,2,8,34.94209257,106.69096624,17.47104628,4.44545693,24.76802796,20.80438968,0,10,5,5,60.0,1.0,2417.33333333,208.0,0.32750751,3.05336511,10,2,8
3mNmrKjoQfyC3MpsPdTVMVYffw,6,3,3,16.41055176,14.51660801,5.47018392,4.83886934,7.89329663,3.48126958,0,6,4,3,60.0,1.0,2465.0,487.0,1.13046738,0.88458988,6,3,3
3md8G5PuRhNDwunRUY6ESLTynD,11,6,5,160.24882289,148.76305579,26.70813715,29.75261116,38.80185849,70.08186163,0,11,4,6,60.0,1.0,746.5,49.0,1.07720846,0.92832542,11,6,5
3mqMeCFMk8uTnEcFuBUJoZfYn6,13,6,7,33.75301043,21.41720462,5.62550174,3.05960066,6.98808307,3.66194318,0,13,6,6,60.0,1.0,1095.75,84.0,1.57597647,0.63452724,13,6,7
3mzzQKUp59ujt4FqqbJpTWkCUH,36,21,15,479.84617951,329.27861612,4.65870077,4.70398023,9.94101524,3.40033294,0,36,9,12,60.0,1.0,469.97142857,19.0,1.45726493,0.68621702,36,21,15
3n6ZiC3GnVVaagBQQKRTrNkf4s,4,2,2,1.38205681,0.9335277,0.6910284,0.46676385,1.23692582,0.17424542,0,4,3,2,60.0,1.0,21768.33333333,9293.0,1.48046685,0.67546261,4,2,2
3n99UyCEm41ET1V99GM3ApiaF1,8,3,5,7.35508267,23.99711445,2.45169422,4.79942289,6.37496391,2.48830442,0,8,6,4,60.0,1.0,2143.57142857,92.0,0.30649863,3.26265734,8,3,5
3nEVtKvm5uwssTkY9hLGHjAnUs,8,2,6,1.05984201,4.87163307,0.529921,0.81193884,1.21773709,0.14860307,0,8,7,3,60.0,1.0,11422.28571429,211.0,0.21755374,4.59656536,8,2,6
3nVxWDbopCmLDZA5JUBfBBCBaw,45,20,25,458.87656579,485.54142338,4.83027964,4.04617853,7.98267344,2.49774857,0,44,9,12,60.0,1.0,394.68181818,10.0,0.94508222,1.058109,45,20,25
3ndh5YWZQ4YwdBQBHr7zdko8Fp,4,2,2,2.69450703,1.16026639,1.34725351,0.58013319,1.45565135,0.20344493,0,4,2,2,60.0,1.0,9535.66666667,510.0,2.32231758,0.43060433,4,2,2
3ngPvWoZy8CVoDo7YnxKkoxjtA,9,5,4,26.71409008,16.32645409,5.34281802,4.08161352,6.33943025,1.80885819,0,9,5,5,60.0,1.0,2021.375,323.0,1.63624569,0.61115516,9,5,4
3nnkJmY5ZpQPfL1oVegtzAF1Ks,19,8,11,111.93850308,149.91556703,13.99231289,3.56941826,24.25826858,28.63736199,0,19,8,9,60.0,1.0,1065.22222222,17.0,0.74667698,1.33926721,19,8,11
3nrbYbvZxLCts2qpsjKWNzmhmy,2,0,2,0.0,14.34977393,0.0,7.17488697,7.94600415,0.59462171,0,2,1,1,60.0,1.0,3048.0,3048.0,0.0,14349773930.0,2,0,2
3ntjdAANnimJFYmTDTSCZY75Wt,32,19,13,436.08429745,264.42651707,4.95550338,4.26494382,7.99117268,3.16378081,0,31,9,12,60.0,1.0,525.48387097,61.0,1.64917007,0.6063656,32,19,13
3nwMn3JT6YyGQVvLEaLC8Qs3rD,8,4,4,3.04276589,0.67136173,0.76069147,0.16784043,1.49441352,0.19967251,0,8,4,3,60.0,1.0,10383.28571429,1969.0,4.53223017,0.22064193,8,4,4
3o7w4oEfAYvZaZc7bfE3JtzSj8,18,2,16,20.77302163,199.80194737,10.38651081,3.17145948,14.60847465,6.05011146,0,18,8,9,60.0,1.0,1248.0,153.0,0.10396806,9.6183382,18,2,16
3oBadijjoLTLB2GyTqn9QoowaU,6,2,4,1.57097896,4.81749652,0.78548948,1.20437413,1.39575706,0.15377008,0,6,4,3,60.0,1.0,8353.4,4776.0,0.32609862,3.066557,6,2,4
3oXs5FWBkY86jWtzNgoQwXHdcc,9,8,1,4.84159026,1.31321275,0.60519878,1.31321275,1.45189273,0.24582367,0,9,2,2,60.0,1.0,8478.75,2370.0,3.68682855,0.27123583,9,8,1
3ojhpFAF4iLYYANneT5m6Qhifn,60,34,26,845.91819189,640.89593575,4.83381824,5.12716749,9.63611525,3.43074912,0,59,9,12,60.0,1.0,288.76271186,1.0,1.31989945,0.75763347,60,34,26
3ovgDsC4Qo1UoP3SzdRh8korNb,39,25,14,558.38037454,322.30083986,4.89807346,4.73971823,10.45503653,3.56646335,0,39,9,12,60.0,1.0,402.26315789,12.0,1.73248191,0.5772066,39,25,14
3p2YsmebohUSk8WXm4SxYGzSar,11,6,5,4.16901906,2.44384619,0.69483651,0.48876924,1.48301705,0.24417618,0,11,5,4,60.0,1.0,9871.7,496.0,1.70592531,0.58619214,11,6,5
3p3P61iuqpnHXF1hc2CaB7E8n6,11,4,7,110.91531089,84.06202794,27.72882772,12.00886113,35.25338399,123.12903963,0,10,6,5,60.0,1.0,834.8,70.0,1.31944605,0.75789381,11,4,7
3pHGFcWCB2QwKAA8RCRkMktHey,13,1,12,7.60491524,175.0563182,7.60491524,3.43247683,9.01588789,5.01098783,0,12,8,8,60.0,1.0,1812.75,29.0,0.04344268,23.01883883,13,1,12
3pJaHh961dBCy9M6oHNPXehQvo,4,3,1,15.04046095,4.85571163,5.01348698,4.85571163,5.84329353,0.26789428,0,4,2,2,60.0,1.0,4349.0,1234.0,3.09747821,0.32284327,4,3,1
3pZenLiYUXC332P96Hmn7r4X1W,21,9,12,134.90759101,170.303674,14.98973233,3.54799321,21.89946625,25.65284521,0,21,7,7,60.0,1.0,1052.05,181.0,0.79215902,1.2623728,21,9,12
3padTMHgc5cJJ1fxGbvUPLW5gr,7,3,4,67.63530043,63.24493552,22.54510014,15.81123388,34.44186646,54.67217377,0,7,4,4,60.0,1.0,1009.33333333,60.0,1.06941844,0.93508767,7,3,4
3peQ36rLMQzRu5qUvc5KX98mxJ,6,1,5,1.3056837,3.87469716,1.3056837,0.77493943,1.41772165,0.22361763,0,6,5,5,60.0,1.0,12696.6,2338.0,0.33697697,2.96756187,6,1,5
3piiVF7KrdAjUUCAtjHYVU1DcA,6,4,2,59.92974411,22.00468634,14.98243603,11.00234317,19.79637249,12.62036033,0,6,3,2,60.0,1.0,1741.2,720.0,2.72349913,0.36717471,6,4,2
3q5FrVGHNJ9KXvxuq75PyMaCwC,41,22,19,503.92671029,432.93719229,5.0392671,4.91974082,8.63829876,3.02959967,0,41,9,12,60.0,1.0,443.75,0.0,1.16397186,0.8591273,41,22,19
3q5x8uY6EjH1hAP32TJCAWTsHG,4,0,4,0.0,33.34348985,0.0,8.33587246,10.66911076,6.4561157,0,4,1,1,60.0,1.0,2749.33333333,1248.0,0.0,33343489849.999996,4,0,4
3qAcwjhtV4DA4FC3XHBnWU8zY3,13,9,4,7.65604836,1.78994581,0.85067204,0.44748645,1.42792301,0.17456283,0,13,3,3,60.0,1.0,7173.66666667,500.0,4.27725148,0.233795,13,9,4
3qGNe6qjtt6wLnAv4vAcS79uAE,38,16,22,365.49515602,493.48293844,4.68583533,4.52736641,8.968614,3.30950714,0,38,9,12,60.0,1.0,483.2972973,33.0,0.74064396,1.35017641,38,16,22
3qKFa76offxQGxwjYvmUT4h7xr,11,7,4,4.11033598,2.85786288,0.58719085,0.71446572,1.30235656,0.18885343,0,11,3,5,60.0,1.0,8671.9,467.0,1.43825514,0.69528693,11,7,4
3qNGFFLuVVJpdTFDXdzxAAsxmU,7,0,7,0.0,45.42108582,0.0,6.48872655,11.28268901,13.33292096,0,7,1,1,60.0,1.0,528.83333333,215.0,0.0,45421085820.0,7,0,7
3qVcmB2p7hd2jJDCuBFp3oCDuE,6,3,3,3.09023839,1.96674352,1.03007946,0.65558117,1.29943576,0.11143748,0,6,3,4,60.0,1.0,14521.4,541.0,1.57124625,0.63643748,6,3,3
3qeqDRt18erK6AhW2TR7crMjFT,3,0,3,0.0,12.96905002,0.0,4.32301667,6.40153199,4.53348803,0,3,1,1,60.0,1.0,3578.5,1179.0,0.0,12969050019.999998,3,0,3
3qgVddrqnXH9PoKBhei4orwLER,38,15,23,329.74971319,470.82560567,4.45607721,4.31950097,12.99954584,3.73013981,0,38,8,12,60.0,1.0,448.91891892,2.0,0.70036487,1.42782719,38,15,23
3qnYeyGoZyjadvJxf6tBwaUVBZ,2,0,2,0.0,7.50669051,0.0,3.75334525,6.33324371,6.65587604,0,2,1,1,60.0,1.0,557.0,557.0,0.0,7506690509.999999,2,0,2
3r18kNNSodg2vCDNvNkXXt3i9X,9,4,5,2.94320406,5.69597289,0.73580101,1.13919458,1.49449786,0.18490602,0,9,5,3,60.0,1.0,6611.75,798.0,0.51671666,1.93529663,9,4,5
3r7FLYN4dazaeZwUKMRMqCA3up,7,3,4,2.60204485,2.35260343,0.86734828,0.58815086,1.38500959,0.17479087,0,7,4,4,60.0,1.0,11690.16666667,194.0,1.10602782,0.90413639,7,3,4
3r9xnSCsxQhWnh1xh5RzmNa3KU,8,6,2,4.62690315,2.16885476,0.77115053,1.08442738,1.42857494,0.13650163,0,8,3,3,60.0,1.0,8774.85714286,141.0,2.13333933,0.46874868,8,6,2
3rK7MywtGEp3Vr2RTTkzY4iyjm,4,0,4,0.0,22.08032118,0.0,5.52008029,9.70666756,11.03009184,0,4,1,1,60.0,1.0,1639.0,1466.0,0.0,22080321179.999996,4,0,4
3rjPoUEgcyDRQCp1DVQaD1eLN7,6,4,2,2.64734481,1.4578736,0.6618362,0.7289368,1.43221911,0.20265517,0,6,3,2,60.0,1.0,14898.8,1354.0,1.81589461,0.55069275,6,4,2
3rku86NhQhRU6FiK2nJVjiP333,2,0,2,0.0,6.35125117,0.0,3.17562559,3.3940855,0.04772473,0,2,1,1,60.0,1.0,2339.0,2339.0,0.0,6351251170.0,2,0,2
3sxMsnvgKCZ9Lg86tmUN29w1y3,9,7,2,5.67845766,2.69899474,0.81120824,1.34949737,1.49505189,0.16464139,0,9,3,3,60.0,1.0,9635.125,58.0,2.10391579,0.47530419,9,7,2
3tDJqxHtxNai2j5gYUmB8DJTq6,5,0,5,0.0,32.46969748,0.0,6.4939395,10.37807533,8.79030297,0,5,1,1,60.0,1.0,1907.0,1328.0,0.0,32469697480.0,5,0,5
3tDcW8AgP6KNCznt3NkZyti2nA,23,4,19,54.95141892,241.01110876,13.73785473,3.01263886,23.50460657,11.41641775,0,23,9,11,60.0,1.0,994.72727273,43.0,0.22800368,4.38589419,23,4,19
3tLBBdbhGvsqiqMgTkTmXsXt6P,25,6,19,66.05402513,229.26142621,11.00900419,2.97742112,21.07724176,10.74033098,0,25,7,10,60.0,1.0,930.25,120.0,0.28811661,3.47081689,25,6,19
3tbio4He8maYCzVKwB3KfNU8kA,4,1,3,1.37783873,1.8940045,1.37783873,0.63133483,1.37783873,0.2193193,0,4,4,3,60.0,1.0,20873.66666667,11406.0,0.72747384,1.37461987,4,1,3
3tpRESCu1Q15P2c8AKVDheqQ32,10,6,4,5.07107369,2.91378044,0.84517895,0.72844511,1.37933839,0.14478948,0,10,3,5,60.0,1.0,8812.44444444,1207.0,1.74037605,0.57458846,10,6,4
3tvXyCRg2EkCTihPM7F9XT6iWf,18,2,16,23.09580339,229.85044659,11.5479017,3.70726527,19.85424419,10.74687447,0,17,7,10,60.0,1.0,1013.94117647,100.0,0.10048187,9.95204379,18,2,16
3txM4H1sdEX26p8aMgScdmVJi2,4,0,4,0.0,14.0855866,0.0,3.52139665,5.61943109,3.59115519,0,4,1,1,60.0,1.0,809.66666667,36.0,0.0,14085586599.999998,4,0,4
3u25UE9gMXEqYZjEx8PeYQVnBf,9,1,8,9.32582199,90.86550369,9.32582199,3.13329323,9.32582199,8.10537924,0,9,6,6,60.0,1.0,2160.25,16.0,0.10263325,9.74343107,9,1,8
3uGeTBR9Pf6abGm5CLidsXoVGq,22,8,14,94.10321473,187.71364664,11.76290184,3.75427293,21.3665396,16.95286635,0,21,8,9,60.0,1.0,901.57142857,66.0,0.50131259,1.99476338,22,8,14
3uUZM6Sj7C9XMG1HRGVqJNLeod,4,3,1,1.76024754,1.09451394,0.58674918,1.09451394,1.09451394,0.07696521,0,4,2,2,60.0,1.0,14057.0,1317.0,1.60824588,0.62179547,4,3,1
3ubLa9wWnBDiy2uff3W2sLoRJH,4,3,1,88.60534532,26.40573019,29.53511511,26.40573019,38.39747189,101.76899015,0,4,2,2,60.0,1.0,2039.0,3.0,3.35553475,0.29801509,4,3,1
3ut1oKA9mQdoFGin9Eqc6tLFE8,34,18,16,421.75558112,358.97662114,4.4867615,4.78635495,9.13098938,3.42179079,0,34,8,10,60.0,1.0,527.06060606,3.0,1.17488314,0.85114848,34,18,16
3uv4eQUDC5XvKi32nFg54pq6dF,17,3,14,49.51557176,191.25210632,16.50519059,4.06919375,23.59723574,16.10799639,0,17,9,10,60.0,1.0,1262.375,20.0,0.2589021,3.86246386,17,3,14
3v3ybm5mgY7H3trcvGJUdMHJdy,8,4,4,19.09676972,16.83105737,4.77419243,4.20776434,6.59900612,3.05674156,0,7,4,3,60.0,1.0,2001.14285714,34.0,1.13461497,0.88135625,8,4,4
3vNrGdqbdmAxGmm5EAHUPfjhZw,26,7,19,99.23341212,261.72269446,14.17620173,3.44371966,20.78173224,15.46844529,0,26,8,8,60.0,1.0,825.84,2.0,0.37915479,2.63744528,26,7,19
3vZ3Tu9mWHNSUfcFkghbvPdi3Y,5,3,2,10.59072113,10.30532034,3.53024038,5.15266017,7.8709586,9.29726355,0,5,2,2,60.0,1.0,2862.25,1523.0,1.02769451,0.97305181,5,3,2
3vb6JNd1yu2psgjxvodhwBv7VW,7,2,5,31.09562809,83.19353707,15.54781404,4.15967685,16.56585106,11.14593985,0,7,5,6,60.0,1.0,3220.16666667,231.0,0.37377456,2.67540944,7,2,5
3vmBa1e9K78P1Mu2igtTgdnT7o,4,1,3,3.68283376,9.55683473,3.68283376,3.18561158,5.35401327,1.81816927,0,4,4,4,60.0,1.0,2615.66666667,503.0,0.38536125,2.59496772,4,1,3
3vxBpyiUuS2GTUtgb2shCrWUky,6,0,6,0.0,42.5595177,0.0,7.09325295,11.88674528,12.01642516,0,6,1,1,60.0,1.0,1405.2,281.0,0.0,42559517700.0,6,0,6
3vxTkKN9ELCZSLrtLgVUs1CHeZ,16,4,12,70.06490322,145.13015152,17.51622581,3.3751198,22.30609382,21.79091448,0,16,8,8,60.0,1.0,1402.26666667,19.0,0.48277289,2.07136733,16,4,12
3wAgmYgTcQKSC66RV1h4TB3Z97,32,14,18,329.20879614,399.61406167,4.98801206,4.49004564,7.99810952,2.67813152,0,31,9,12,60.0,1.0,539.25806452,56.0,0.82381685,1.21386204,32,14,18
3wMy3HJoK6zLzJp9gHrApSYsh2,4,0,4,0.0,27.66553909,0.0,6.91638477,9.87826987,5.56157071,0,4,1,1,60.0,1.0,2801.0,154.0,0.0,27665539089.999996,4,0,4
3wT8Sb3p5ygf3GKA8wrDHZzpNL,15,5,10,70.98030854,115.19752878,14.19606171,3.03151392,22.76444578,22.90921705,0,15,6,8,60.0,1.0,1323.57142857,87.0,0.61616173,1.62295052,15,5,10
3wXt5o6W4jSJbPtwVdUZcSDhj6,6,4,2,15.01977599,11.18455414,3.754944,5.59227707,7.55688035,5.45917035,0,6,3,3,60.0,1.0,1683.2,21.0,1.34290342,0.74465519,6,4,2
3wdQnAyQMbVopyRYEMo1Xcq6p4,2,0,2,0.0,14.57356234,0.0,7.28678117,8.64653367,1.84892686,0,2,1,1,60.0,1.0,4074.0,4074.0,0.0,14573562340.0,2,0,2
3wi9eULNyMC5YQ4KdgbaYa9ecZ,7,2,5,7.38551856,11.72262608,3.69275928,2.34452522,4.6993164,1.22143911,0,7,4,3,60.0,1.0,1923.66666667,901.0,0.63002253,1.58724482,7,2,5
3wsZka5yBYe4LoxBQBbkJRMZ2U,5,0,5,0.0,33.10265392,0.0,6.62053078,11.36577425,11.96448609,0,5,1,1,60.0,1.0,2472.0,376.0,0.0,33102653920.0,5,0,5
3ww1LGsLYH8nBMF5jDXjgMwS71,16,4,12,52.12037519,195.00515674,13.0300938,4.06260743,22.43996761,11.11274566,0,14,7,9,60.0,1.0,1189.8,95.0,0.26727691,3.74143808,16,4,12
3wyezBoYj9K13t3mypkjA2bSj4,23,8,15,107.17945113,260.44208158,13.39743139,4.06940752,22.35649606,16.41271403,0,22,7,10,60.0,1.0,919.22727273,57.0,0.41152893,2.42996282,23,8,15
3x27Fyd8dDaW4VJvn6LyB27GJv,8,3,5,70.8272202,122.85414034,23.6090734,24.57082807,38.75715715,61.03415325,0,8,4,6,60.0,1.0,1171.28571429,24.0,0.57651472,1.73456109,8,3,5
3xBSPCyWuHAcUvkRzCtjP8m4aQ,18,7,11,121.6238639,162.82849317,17.3748377,3.70064757,24.18530117,31.60015473,0,18,6,8,60.0,1.0,1361.11764706,333.0,0.7469446,1.33878737,18,7,11
3xEdWyDrLvQ7DkjPtgeUKAT4hR,5,3,2,74.11605415,57.64656885,24.70535138,28.82328443,36.75566537,107.99259287,0,5,2,2,60.0,1.0,1552.5,347.0,1.28569758,0.77778788,5,3,2
3xNimNm2kMv9BKp77KsA2STX37,16,4,12,68.94573641,168.45283423,17.2364341,3.30299675,24.5463835,18.29734311,0,16,8,8,60.0,1.0,1430.46666667,40.0,0.40928808,2.44326688,16,4,12
3xScZWnYVgCQrU1L8GHaC4axtH,10,3,7,21.69234788,111.17373785,7.23078263,3.97049064,9.36999011,4.55459334,0,10,5,5,60.0,1.0,2014.77777778,279.0,0.19512115,5.12502097,10,3,7
3xWroRmdkJYNsWSenzotJorzhN,25,8,17,117.54406999,302.74351796,14.69300875,4.14717148,22.3678443,16.65472152,0,24,6,7,60.0,1.0,869.5,0.0,0.38826288,2.57557457,25,8,17
3xX8u5SY5dhk4AAtdL6G8cqTff,6,4,2,2.47525317,1.44955216,0.61881329,0.72477608,1.37295888,0.22955841,0,6,3,3,60.0,1.0,11279.0,3164.0,1.70759855,0.58561774,6,4,2
3xg5AehxWhxNsj7g84n9Dp6C6n,7,4,3,3.45811346,1.30940127,0.86452836,0.43646709,0.96456454,0.07395187,0,7,4,4,60.0,1.0,11286.0,1093.0,2.64098832,0.37864613,7,4,3
3y3eGnPMQPmV3A33T8XH5DTLHs,3,3,0,21.61256101,0.0,7.204187,0.0,7.68492345,0.11640048,0,3,1,1,60.0,1.0,6422.0,2646.0,21612561010.0,0.0,3,3,0
3y8RVMwRVW33CcjxrLynBYU9Ln,4,3,1,2.65707327,1.125019,0.88569109,1.125019,1.16739361,0.09252098,0,4,2,2,60.0,1.0,11898.33333333,4525.0,2.36180302,0.42340534,4,3,1
3yPUm3HwN32TGPMmFXD3epRJdU,20,4,16,40.35251247,185.08666549,10.08812812,2.84748716,14.09199267,7.09941141,0,19,8,8,60.0,1.0,920.47368421,0.0,0.21801956,4.58674452,20,4,16
3ykaM4tmyVaxixUtXCqMF4qZ7N,59,37,22,862.42767441,480.08652978,4.66177121,4.70673068,8.63330303,2.96448506,0,58,9,12,60.0,1.0,294.48275862,0.0,1.79640048,0.55666874,59,37,22
3ymNCxTESBtxacTCyEDQW3KJJQ,9,5,4,23.07024051,17.5564353,4.6140481,4.38910883,6.21123251,2.55697742,0,9,3,3,60.0,1.0,1851.75,257.0,1.31406177,0.76099923,9,5,4
3z6enc8q5mhVeTGzD2hN1WqJdN,6,4,2,88.14392735,43.36344544,22.03598184,21.68172272,38.00742458,124.44899622,0,6,3,1,60.0,1.0,1462.0,102.0,2.03267813,0.4919618,6,4,2
3z72b3j53tEu2BCy7n9EeNQ7C7,6,4,2,99.88482703,56.00729781,24.97120676,28.0036489,35.80797026,48.34967864,0,6,3,2,60.0,1.0,958.6,464.0,1.78342521,0.56071877,6,4,2
3zCscU5XvmbeBzNtV8L3w9N4xk,14,3,11,44.63344356,168.16366322,14.87781452,4.42535956,23.37797864,13.55501218,0,14,7,6,60.0,1.0,1660.38461538,38.0,0.26541669,3.76766052,14,3,11
3zTuvpusPx7ZE7SGDqCyQFwsyG,25,12,13,273.77250788,260.8617308,4.34559536,4.07596454,7.94364647,2.15201187,0,25,9,11,60.0,1.0,649.33333333,0.0,1.0494928,0.95284122,25,12,13
3zbGDHTzsMbRmWph9R4C7E5jZm,4,0,4,0.0,23.65852967,0.0,5.91463242,10.29563864,10.11101353,0,4,1,1,60.0,1.0,1108.0,249.0,0.0,23658529670.0,4,0,4
3zkNWNqydcsbVMwdxC6BeperUL,5,3,2,1.87487066,1.53529766,0.62495689,0.76764883,1.45203806,0.22055068,0,5,2,3,60.0,1.0,16860.25,2364.0,1.22117731,0.81888191,5,3,2
bc1q12DnHPSakyZmJaSNkYqEXKrJf,4,0,4,0.0,31.17316873,0.0,7.79329218,11.19333042,7.07848534,0,4,1,1,60.0,1.0,1513.0,145.0,0.0,31173168730.0,4,0,4
bc1q1325ej4y3VEaZMHSVqnFhLoYK,4,0,4,0.0,27.19765675,0.0,6.79941419,9.96675584,9.39229009,0,4,1,1,60.0,1.0,1052.66666667,457.0,0.0,27197656750.0,4,0,4
bc1q1F2gqz8LGpUqGg649QYKDAREi,10,5,5,4.1072126,3.88818432,0.82144252,0.77763686,1.42773271,0.16691942,0,10,5,3,60.0,1.0,9728.0,419.0,1.05633176,0.94667228,10,5,5
bc1q1Gc25T9NcP8P3k9mmh1LN2jCc,19,6,13,71.36610223,131.69180203,11.89435037,2.63383604,20.36884588,16.00722952,0,19,9,8,60.0,1.0,1217.44444444,10.0,0.54191758,1.84529907,19,6,13
bc1q1NogQ1gqzoJBai5UbFSANVYC6,38,21,17,459.14393108,378.22660194,4.68514215,4.849059,9.9566535,3.99012014,0,35,9,11,60.0,1.0,423.51351351,22.0,1.21393876,0.82376479,38,21,17
bc1q1XiZqAxSFFopEXFaescqWouWN,11,6,5,2.68032871,3.9641751,0.44672145,0.79283502,1.38442846,0.12178121,0,11,5,5,60.0,1.0,5443.0,530.0,0.67613782,1.47898841,11,6,5
bc1q1fZHkRawPpT1vURoeofCxinxT,20,3,17,30.15498907,206.96863163,10.05166302,3.04365635,22.90484866,8.11178219,0,20,7,10,60.0,1.0,1081.21052632,2.0,0.14569835,6.86349549,20,3,17
bc1q1i1XGYeKgegwsoiuLsJMWkzij,13,7,6,28.76061657,19.70768242,4.10865951,3.28461374,7.92354058,6.70155498,0,13,6,5,60.0,1.0,1172.75,35.0,1.45936067,0.68523157,13,7,6
bc1q1o7EZwnXQmeCVk7CvPRUEZFT8,8,4,4,2.55742089,2.11589899,0.63935522,0.52897475,1.14196046,0.15063321,0,8,3,5,60.0,1.0,11869.14285714,1729.0,1.2086687,0.82735658,8,4,4
bc1q1uc5iW44xD9YmSjBa2Pwtjjma,8,5,3,30.38440379,21.03056863,6.07688076,7.01018954,7.62742686,1.06706135,0,8,4,3,60.0,1.0,2241.0,257.0,1.44477329,0.69215012,8,5,3
bc1q2ATwFjAPY2GdpmUQEp6DRh7Jy,9,2,7,0.6779019,4.74660671,0.33895095,0.67808667,1.24181272,0.20997463,0,9,5,6,60.0,1.0,10150.0,1912.0,0.14281822,7.00190796,9,2,7
bc1q2HKM1sfBjhZtSy1MB8vy3BS9W,17,5,12,49.4237156,157.3803435,9.88474312,3.21184374,16.85776704,11.266178,0,17,7,8,60.0,1.0,1333.125,162.0,0.31403995,3.18430821,17,5,12
bc1q2JMwEprjexCsmPCZXcmFNWDGu,26,7,19,78.47403684,236.865521,11.21057669,3.0761756,19.91360911,9.56112629,0,26,8,10,60.0,1.0,863.8,0.0,0.33130207,3.01839348,26,7,19
bc1q2LLmyF4SMkvrWX9679V7mSa71,41,29,12,691.17253489,229.9867349,4.93694668,4.034855,9.59772925,3.71589819,0,40,9,12,60.0,1.0,410.975,3.0,3.0052713,0.33274866,41,29,12
bc1q2RxX3hRQHp2Ps5PGojh7repqN,7,6,1,4.00854663,0.48523315,0.6680911,0.48523315,1.37512084,0.21594805,0,6,2,2,60.0,1.0,12063.16666667,2171.0,8.26107332,0.12104965,7,6,1
bc1q2jf7yF767WrZR7fk2ANtKnVkR,10,4,6,3.95046232,3.31760169,0.98761558,0.55293362,1.4115297,0.2020612,0,10,5,5,60.0,1.0,10054.0,362.0,1.19075847,0.83980087,10,4,6
bc1q3Bgaf4cbian5eRkTLtQBD8ud7,7,5,2,24.16919468,2.73514452,4.83383894,1.36757226,6.22336341,3.58910209,0,7,3,3,60.0,1.0,1306.83333333,363.0,8.83653295,0.11316656,7,5,2
bc1q3YbUmfCaMMk7SznA8ptQetrGj,22,3,19,45.02848856,205.09633792,15.00949619,2.73461784,19.37649194,10.28807987,0,22,8,11,60.0,1.0,971.04761905,86.0,0.21954799,4.55481284,22,3,19
bc1q3g5GhkKFp6U7qhnx7VBmLz23M,4,3,1,3.2157109,0.61760327,1.07190363,0.61760327,1.41024212,0.19070159,0,4,2,2,60.0,1.0,24155.0,211.0,5.20675822,0.19205808,4,3,1
bc1q3izzTvk3PG1hqbcTZHG1Ayz86,6,4,2,2.33846066,1.23058869,0.58461516,0.61529435,0.92299127,0.0582582,0,6,3,3,60.0,1.0,16935.2,1523.0,1.90027804,0.52623878,6,4,2
bc1q3x5DtqeojcEXExNL1EDp8pqXG,4,3,1,3.65069469,0.32463028,1.21689823,0.32463028,1.4658884,0.18435395,0,4,2,2,60.0,1.0,24095.33333333,1498.0,11.24569985,0.08892288,4,3,1
bc1q3x84We9FXrAecARcfzFFJznZj,19,2,17,37.75473554,273.57951246,18.87736777,4.41257278,23.83441205,12.58326821,0,19,7,10,60.0,1.0,1049.55555556,100.0,0.13800279,7.2462304,19,2,17
bc1q3xdvwUcmYsFnwp4KQ6fQWuXbB,7,2,5,0.81304522,3.93288694,0.40652261,0.78657739,1.40195369,0.17674905,0,7,4,5,60.0,1.0,9326.5,338.0,0.20672987,4.83723026,7,2,5
bc1q48c5pxQcd7DSbAeSW1WJC8NG5,15,5,10,62.13845787,138.99579617,12.42769157,3.39014137,15.41116427,9.82165071,0,15,7,7,60.0,1.0,1142.21428571,25.0,0.44705279,2.23687232,15,5,10
bc1q4BM9xaQLU7G1tbWuD1bdX9yov,18,3,15,48.45314458,215.32652442,16.15104819,3.47300846,20.00124242,10.01207374,0,18,8,10,60.0,1.0,1188.47058824,16.0,0.22502172,4.44401548,18,3,15
bc1q4Ws59mwrSNAKwwgKsbf5ZPBto,2,0,2,0.0,9.47037916,0.0,4.73518958,6.83109549,4.39282158,0,2,1,1,60.0,1.0,4138.0,4138.0,0.0,9470379160.0,2,0,2
bc1q4eK6H9Pjq4gPSDTko4EZNiMBZ,48,27,21,675.51781286,471.45957874,5.00383565,4.40616429,7.99117268,2.97809502,0,48,9,11,60.0,1.0,336.0,1.0,1.43282233,0.69792324,48,27,21
bc1q4fDGe6hkDYE9SiMF3yTw3o56q,6,3,3,1.66935888,2.58195221,0.55645296,0.86065074,1.14046244,0.09306914,0,6,4,4,60.0,1.0,14052.8,1070.0,0.6465491,1.54667294,6,3,3
bc1q4oBk53eGTYooTYWsWWGwTNqWR,10,4,6,21.35142509,29.29135472,5.33785627,4.88189245,7.36720828,2.89290647,0,10,6,5,60.0,1.0,1098.55555556,329.0,0.72893266,1.37186884,10,4,6
bc1q4sz7r4yCvfi7NarwwkxNk8v7c,8,4,4,97.5652626,74.91120636,24.39131565,18.72780159,33.93805975,52.54310021,0,8,4,4,60.0,1.0,1458.0,438.0,1.30241211,0.76780613,8,4,4
bc1q4tdaLnyks5BcRNQtavyx8RWPq,20,4,16,79.42607949,210.39052711,19.85651987,3.33953218,22.69168691,19.08122308,0,18,8,11,60.0,1.0,1038.21052632,1.0,0.37751737,2.6488847,20,4,16
bc1q4ttLX3rxQmW6uztBvTMRPRwmJ,5,2,3,42.77877512,87.0292748,21.38938756,29.00975827,38.54868919,77.15919952,0,5,3,4,60.0,1.0,1529.5,646.0,0.49154466,2.03440315,5,2,3
bc1q4yWKEe2hSuHbHXYDgB3ALhsHu,31,19,12,444.49315579,243.21608563,4.7794963,4.26694887,7.80453892,3.04474904,0,31,9,11,60.0,1.0,507.13333333,14.0,1.8275648,0.54717622,31,19,12
bc1q4z5X3KTCr9rioiTQzRVxRR6kj,4,1,3,0.56913159,2.46047544,0.56913159,0.82015848,1.32431852,0.1715984,0,4,4,3,60.0,1.0,21165.0,5796.0,0.2313096,4.3232101,4,1,3
bc1q576MnY3wDLWQS4i6xvTKvykBR,9,5,4,21.75325253,14.65972758,4.35065051,3.6649319,6.24391988,1.65091348,0,9,4,5,60.0,1.0,1250.375,80.0,1.48387836,0.67390969,9,5,4
bc1q57kcVn9FpEEQ73H1eT8JieyVz,10,3,7,3.00727081,7.68939245,1.0024236,1.09848464,1.49947598,0.1476633,0,10,4,6,60.0,1.0,8462.66666667,1063.0,0.39109342,2.55693382,10,3,7
bc1q5MBZNJWhpZkr5nmMz3U7nsaMD,10,5,5,3.00217491,3.05939606,0.60043498,0.61187921,1.05293263,0.07548173,0,10,5,3,60.0,1.0,10210.22222222,437.0,0.98129659,1.0190599,10,5,5
bc1q5TwWUJ1vGAFsdj5ndoFjCN9sz,6,1,5,6.72569674,27.45775177,6.72569674,5.49155035,7.5759143,3.53985061,0,6,5,5,60.0,1.0,2623.6,1466.0,0.2449471,4.0825141,6,1,5
bc1q5h3HsnY8TLufMxHvMhZwHoLTP,36,17,19,385.12315332,421.15769337,4.81403942,4.48040099,9.94017562,3.34148552,0,36,9,12,60.0,1.0,482.2,17.0,0.91443932,1.09356628,36,17,19
bc1q5hdzh33svL8MafFEEQ9wbTnnj,9,1,8,0.9992499,36.8555325,0.9992499,4.60694156,7.3405109,5.01045278,0,9,5,6,60.0,1.0,1920.125,90.0,0.02711262,36.88319859,9,1,8
bc1q6A1NneHDZugoxWU4WK38xYWQ4,5,3,2,2.56054573,2.72991969,0.85351524,1.36495985,1.38347981,0.08390422,0,5,2,3,60.0,1.0,18733.5,7164.0,0.93795643,1.0661476,5,3,2
bc1q6JVjUYfVTJEqZ8PU8KkkeYajL,8,3,5,2.78862592,4.73413299,0.92954197,0.9468266,1.37993602,0.06258836,0,8,4,5,60.0,1.0,9899.28571429,2600.0,0.58904681,1.69765796,8,3,5
bc1q6doReEeMVcYPtC4Xt1t92HBUB,16,3,13,54.27908941,205.1458355,18.0930298,3.66331849,21.05819726,14.74296134,0,16,7,8,60.0,1.0,1512.66666667,123.0,0.26458782,3.77946347,16,3,13
bc1q6yZdsLcnMmKFtiAtdaWTecdEx,4,4,0,2.61717033,0.0,0.65429258,0.0,1.16853056,0.15592661,0,3,1,1,60.0,1.0,29505.0,17427.0,2617170330.0,0.0,4,4,0
bc1q72fTYLN7kFxtUFSqPof1wNo2H,6,0,6,0.0,31.45998438,0.0,5.24333073,7.09411891,3.98733413,0,6,3,4,60.0,1.0,2730.8,302.0,0.0,31459984379.999996,6,0,6
bc1q7EbPcMJAntKdGB5LgzNbV492X,4,1,3,0.56042938,1.52745695,0.56042938,0.50915232,1.04532445,0.11282982,0,4,4,4,60.0,1.0,21560.33333333,1835.0,0.36690355,2.72551191,4,1,3
bc1q7JNwHb6t5cg8XhBZJNsaLbpXJ,34,18,16,435.61135178,382.9417666,4.78693793,4.90950983,9.13098938,3.43689708,0,34,9,11,60.0,1.0,496.75757576,9.0,1.13753941,0.87909042,34,18,16
bc1q7PrcyxTgpAGxBttCyT2CpNsTt,7,5,2,2.6023769,1.21026896,0.52047538,0.60513448,0.9494687,0.07119673,0,7,3,3,60.0,1.0,14078.33333333,6129.0,2.15024675,0.4650629,7,5,2
bc1q7TUrJdSe2BZBLyfmaDdq99jNs,7,2,5,2.55490312,3.30072505,1.27745156,0.66014501,1.43334204,0.20261907,0,7,4,5,60.0,1.0,12275.0,1322.0,0.774043,1.29191789,7,2,5
bc1q7YoTWS9xBwyV3ApPLG5ShFd5M,2,0,2,0.0,13.96974462,0.0,6.98487231,10.38190606,11.5398383,0,2,1,1,60.0,1.0,2250.0,2250.0,0.0,13969744620.0,2,0,2
bc1q7cPTxG1AVsQ141E3kPoRqkS7e,17,4,13,68.71327908,176.2138028,17.17831977,3.32478873,24.65729221,21.32493442,0,17,7,6,60.0,1.0,1149.5625,29.0,0.38994266,2.56447961,17,4,13
bc1q7euWqicT3rp7yhqRyAqPkngq4,18,3,15,40.75524417,174.74954255,13.58508139,3.12052755,20.98182965,13.99063727,0,17,9,9,60.0,1.0,1125.0,32.0,0.23322089,4.28778053,18,3,15
bc1q7hVZet3jKwTEFrWcR8DwX8PsW,10,5,5,2.80453344,3.75869416,0.56090669,0.75173883,1.19832868,0.17037937,0,10,5,5,60.0,1.0,7612.44444444,510.0,0.74614569,1.34022084,10,5,5
bc1q7opmRiHxhhfcEuVFMJEehtwqS,5,3,2,3.0305983,1.02815898,1.01019943,0.51407949,1.48116527,0.17146014,0,5,3,3,60.0,1.0,7029.25,5556.0,2.94759698,0.33925941,5,3,2
bc1q7sFwsG1gzbG7HQBGYbrs1ELRE,9,4,5,99.4991367,105.56472133,24.87478417,21.11294427,37.13889381,50.81158591,0,9,5,5,60.0,1.0,941.875,28.0,0.94254156,1.06096118,9,4,5
bc1q7wbP8LpWPU8Tp3sEbKeMmAS2u,6,5,1,97.16516859,14.70193647,19.43303372,14.70193647,38.77688908,136.36297364,0,6,2,2,60.0,1.0,1033.4,400.0,6.60900479,0.15130871,6,5,1
bc1q89rERwAJnCKgikKsXk319P8dm,41,19,22,395.27135829,435.61070152,4.49171998,4.10953492,7.75159713,2.62634506,0,41,9,11,60.0,1.0,422.125,12.0,0.90739589,1.10205481,41,19,22
bc1q8H6DJsCYinYDADMiYFmYxHCs7,3,0,3,0.0,21.06027138,0.0,7.02009046,11.23832699,8.91224736,0,3,1,1,60.0,1.0,3412.0,1828.0,0.0,21060271380.0,3,0,3
bc1q8mq5DCwMqFBShveKfTZhKEUHu,9,3,6,2.2915712,4.87279392,0.76385707,0.81213232,1.26181558,0.07381098,0,9,4,7,60.0,1.0,12819.375,706.0,0.4702787,2.12639866,9,3,6
bc1q8rZ2jctCdipFaM4t9obJYXecq,4,0,4,0.0,27.79151172,0.0,6.94787793,11.27587118,16.41010237,0,4,1,1,60.0,1.0,1626.33333333,990.0,0.0,27791511719.999996,4,0,4
bc1q97ZeHMQf4RY142fiidLt9LaeH,9,6,3,3.45950688,2.74568528,0.57658448,0.91522843,1.45722511,0.24902266,0,9,3,4,60.0,1.0,11403.5,95.0,1.2599794,0.79366377,9,6,3
bc1q9UrAidBM5cbo8CMvyAo2qMyTT,9,5,4,5.6105819,3.51745741,1.12211638,0.87936435,1.46680083,0.08454274,0,9,3,5,60.0,1.0,9892.0,625.0,1.59506747,0.62693273,9,5,4
bc1q9WfVT8WZm8PeTewbiGbmLPjYC,27,7,20,55.9641769,256.13959755,7.99488241,3.12365363,14.41420417,7.10869968,0,27,7,10,60.0,1.0,883.61538462,1.0,0.21849092,4.57684919,27,7,20
bc1q9XQwhBDJ4ZY3qQTcszjFFNQPS,37,18,19,409.4282373,396.38792457,4.60031727,4.45379691,7.91280787,2.63769192,0,36,9,11,60.0,1.0,442.83333333,4.0,1.03289786,0.96814994,37,18,19
bc1q9gy65LSnoXaTrTud59Mi5VWka,12,7,5,6.29570226,4.90311537,0.89938604,0.98062307,1.355836,0.09413591,0,12,4,5,60.0,1.0,6833.27272727,114.0,1.28402083,0.77880357,12,7,5
bc1q9mHuRAJNwT5aQ5YLpLT22KMCn,11,8,3,6.37612876,2.33513418,0.7970161,0.77837806,1.48003931,0.20266962,0,11,4,3,60.0,1.0,7826.4,893.0,2.73051922,0.36623071,11,8,3
bc1q9php193hE4JnmAFw99nVYPw9m,8,4,4,3.29874976,3.77132655,0.82468744,0.94283164,1.46788537,0.16882478,0,8,3,5,60.0,1.0,15003.14285714,157.0,0.87469216,1.14325936,8,4,4
bc1q9vfMsiaxSmZtJ7dTBGirFBzU2,20,5,15,64.60995168,225.97750403,12.92199034,3.64479845,20.4552664,10.9361498,0,20,8,10,60.0,1.0,1104.63157895,40.0,0.2859132,3.49756497,20,5,15
bc1qACy4LKaKjunGxM8fYZryrc7Ty,37,24,13,570.12753263,239.81322781,4.75106277,4.06463098,8.0170656,3.55481144,0,36,9,12,60.0,1.0,449.05555556,31.0,2.37738151,0.42063085,37,24,13
bc1qAPGbH5cVNsxXR6YSQkYBBjHxQ,36,18,18,362.28771685,337.23688065,4.64471432,3.70589979,7.94364647,2.41911673,0,36,9,12,60.0,1.0,458.11428571,4.0,1.07428261,0.93085375,36,18,18
bc1qAqunuS5LBdGdvwRkzbNRqp9sm,12,9,3,6.27951251,2.55176224,0.69772361,0.85058741,1.38108424,0.19828383,0,12,2,4,60.0,1.0,9825.36363636,529.0,2.46085329,0.40636311,12,9,3
bc1qB6XtCRFkGx2br4spHcvuhh1by,42,26,16,666.89738187,363.32206835,5.09081971,4.71846842,10.52752523,3.61380255,0,42,9,12,60.0,1.0,443.24390244,1.0,1.83555429,0.54479456,42,26,16
bc1qBH7fMhmRkrm9NChqymMwjX5N2,4,3,1,2.54364601,0.56154933,0.847882,0.56154933,1.45295296,0.18911651,0,4,2,2,60.0,1.0,20845.66666667,3990.0,4.52969289,0.22076552,4,3,1
bc1qBXENrY8AQRzXC5AwG12crNWjZ,9,4,5,16.90429647,25.76554648,4.22607412,5.1531093,7.8879766,3.91837801,0,9,5,5,60.0,1.0,1757.75,242.0,0.65608143,1.52420105,9,4,5
bc1qBhYtmrc7c5QPzEjeCQmZbG3C6,35,18,17,432.10061128,396.53541285,4.8011179,4.50608424,10.62642011,3.97895723,0,33,9,11,60.0,1.0,436.61764706,16.0,1.08968984,0.91769232,35,18,17
bc1qBpFknsNY8MovtQcSajuSFdPpT,9,4,5,3.90319974,2.90375453,0.97579993,0.58075091,1.49947251,0.20280569,0,9,4,5,60.0,1.0,13608.375,2661.0,1.34419067,0.74394208,9,4,5
bc1qCChjUS2pgyDVeUR1nEEJqnts5,6,3,3,2.00264617,2.19662515,0.66754872,0.73220838,1.48042315,0.14811461,0,6,4,3,60.0,1.0,13993.8,2148.0,0.91169227,1.09686133,6,3,3
bc1qCPPsy87RKGSkg3j9vZGXYCW2w,18,9,9,112.25099357,125.57814878,12.47233262,3.69347496,24.72994503,25.75333457,0,18,7,7,60.0,1.0,1166.11764706,107.0,0.89387361,1.11872639,18,9,9
bc1qCSum2ScubstaY5avebnusi8qq,9,4,5,2.90084445,3.46694768,0.72521111,0.69338954,1.26342749,0.07155944,0,9,5,6,60.0,1.0,9124.5,1157.0,0.83671423,1.19515118,9,4,5
bc1qCiMp4b24LRDPb4uukxUpZawCZ,7,2,5,1.60512409,5.07731567,0.80256204,1.01546313,1.37155365,0.09177588,0,7,5,4,60.0,1.0,16352.16666667,3998.0,0.31613636,3.16319199,7,2,5
bc1qCixrKvLvaMq2jw2WAaZjeNdCi,20,3,17,39.04924001,229.13103348,13.01641334,3.18237546,24.40960151,9.40261753,0,20,8,9,60.0,1.0,1006.15789474,142.0,0.17042318,5.8677463,20,3,17
bc1qCuie8jG9n3FGp3o5kS9EJ8d1i,8,3,5,2.81834954,3.58785336,0.93944985,0.71757067,1.19678835,0.06674849,0,8,4,5,60.0,1.0,12490.14285714,3998.0,0.78552529,1.27303349,8,3,5
bc1qCydvvnrQ4oTK51E5bL5hiyYyG,33,14,19,302.39398629,469.3428579,4.79990454,5.72369339,12.73254429,4.17849953,0,31,9,10,60.0,1.0,463.15625,22.0,0.64429229,1.55209058,33,14,19
bc1qD6BhVFnUPqKbPAC1X915gVw2c,8,3,5,7.54472779,28.0738487,2.51490926,5.61476974,7.66823567,3.41860479,0,8,4,5,60.0,1.0,1503.14285714,37.0,0.26874576,3.72098895,8,3,5
bc1qD9FZ9tAFj6p7nSKyg7GFHCojL,9,5,4,6.00688734,2.85209132,1.20137747,0.71302283,1.37118395,0.17354528,0,9,4,5,60.0,1.0,10674.25,3367.0,2.10613429,0.47480353,9,5,4
bc1qDEANkjwppZJaSyaeggDUrot3W,4,2,2,1.6760166,1.16618778,0.8380083,0.58309389,1.483553,0.29388407,0,4,3,3,60.0,1.0,12861.33333333,7259.0,1.43717558,0.69580921,4,2,2
bc1qDH2rnfd6TkQ3b85DTtmsHwzqr,4,2,2,3.50148191,6.49258702,1.75074095,3.24629351,5.10494525,2.89399277,0,4,2,2,60.0,1.0,3793.66666667,1653.0,0.53930458,1.85423977,4,2,2
bc1qDaVuUcZEcosSaesaAPZ8VEcxo,11,2,9,24.89269671,251.65794106,12.44634835,27.96199345,38.1585195,82.06544994,0,11,6,7,60.0,1.0,885.2,58.0,0.09891481,10.10970985,11,2,9
bc1qDffHN53RjwaDaoAgA5RAeaoR1,38,16,22,392.58938784,484.51152494,4.90736735,4.48621782,7.9036439,2.22906507,0,37,8,12,60.0,1.0,395.24324324,4.0,0.81027874,1.2341432,38,16,22
bc1qDqf6A9S121z5KL4ijmWSAvgop,17,6,11,84.97459492,162.23276334,14.16243249,3.60517252,23.26239385,19.9809198,0,17,7,9,60.0,1.0,1226.3125,97.0,0.52378196,1.90919137,17,6,11
bc1qDuVbjwzKUVd4ZqXo2i8aXBTyi,16,5,11,58.83611521,160.4155918,11.76722304,3.6458089,16.66096374,12.39787643,0,16,6,8,60.0,1.0,1298.86666667,112.0,0.36677305,2.72648171,16,5,11
bc1qDvrAFiWzXQTYXgJRRxbMEvCJ8,6,3,3,67.5561246,56.6599642,22.5187082,18.88665473,31.23268585,75.87172564,0,6,2,3,60.0,1.0,985.6,91.0,1.19230793,0.83870951,6,3,3
bc1qDw2EXiAiGUvhwsbD6LrWAXU28,11,7,4,5.3438784,3.58698257,0.7634112,0.89674564,1.39222973,0.12615551,0,11,5,5,60.0,1.0,8053.1,1938.0,1.4897977,0.67123207,11,7,4
bc1qDxojsgQzWcxqsTQiLESAX7biV,7,5,2,3.39101404,2.33391536,0.67820281,1.16695768,1.27096779,0.09134429,0,7,2,3,60.0,1.0,9456.66666667,685.0,1.45292931,0.68826473,7,5,2
bc1qE2T7tbe9y4z1KQa93XAt7SCvJ,2,0,2,0.0,17.36295991,0.0,8.68147996,9.39093782,0.50333046,0,2,1,1,60.0,1.0,7033.0,7033.0,0.0,17362959910.0,2,0,2
bc1qE75L5LyX4im7qAFisMw4DSbV8,19,7,12,108.27434586,220.33930623,15.46776369,5.00771151,23.21032735,19.66601521,0,18,7,8,60.0,1.0,1172.38888889,122.0,0.49139823,2.03500935,19,7,12
bc1qEAuTrxUKE99pFeHzR797Bncen,23,4,19,44.97998765,223.96390252,11.24499691,3.02653922,19.4282049,6.60567993,0,23,8,11,60.0,1.0,973.90909091,26.0,0.20083588,4.97918995,23,4,19
bc1qEUXwZQYRKxUDf5Gcs63hYLg8j,21,1,20,17.16448988,255.37714028,17.16448988,3.70111798,17.16448988,7.72413845,0,20,9,10,60.0,1.0,895.2,149.0,0.06721232,14.87822487,21,1,20
bc1qEWmHrQBffpn8ruBL7e2LdkRSn,6,3,3,3.1059767,2.93887592,1.03532557,0.97962531,1.47345738,0.20290255,0,6,3,3,60.0,1.0,16938.6,8424.0,1.05685874,0.94620025,6,3,3
bc1qEmYtVK2p9etox9bSKjhGDr2tA,20,8,12,127.74430268,174.37964779,15.96803784,3.41920878,24.31173536,25.73449417,0,20,5,7,60.0,1.0,1121.52631579,166.0,0.73256429,1.36506791,20,8,12
bc1qEn39dv6NcQnjLiBuFFCL6RwpQ,17,2,15,14.59930256,250.2717424,7.29965128,4.72210835,10.73185937,6.76932109,0,17,8,10,60.0,1.0,1088.0625,69.0,0.0583338,17.14271907,17,2,15
bc1qEshLFKLffYQpnbmPucnTh5oaa,9,4,5,23.83352529,23.2256128,5.95838132,4.64512256,7.36135306,1.96252114,0,9,5,6,60.0,1.0,1909.75,80.0,1.02617423,0.97449339,9,4,5
bc1qEvtfhCMSVvgXmrLrktSuG6qXr,34,17,17,372.6295746,333.90635345,4.65786968,3.97507564,10.29360008,3.36595807,0,33,9,12,60.0,1.0,460.09090909,22.0,1.1159703,0.89608119,34,17,17
bc1qEy2fimKKE5kB6sDJwnMNvVfgf,35,17,18,375.20213793,356.34780642,4.87275504,4.00390794,7.74971135,2.51236951,0,34,9,12,60.0,1.0,479.26470588,12.0,1.05290991,0.94974887,35,17,18
bc1qF1xr3dnV5zMHYuNeP28tDwqtE,41,21,20,513.03769417,439.86635555,4.83997825,4.27054714,8.95677464,3.21999651,0,41,9,12,60.0,1.0,425.875,3.0,1.16634902,0.85737629,41,21,20
bc1qF2JqKLRdWbheKAsMdTFLevq2q,8,5,3,83.94186421,58.31939799,16.78837284,19.43979933,39.24010105,128.42935205,0,8,3,3,60.0,1.0,906.28571429,0.0,1.43934723,0.69475939,8,5,3
bc1qF2ZjqYbaLnXVwdbZZAHrEWPgS,32,19,13,467.55520358,308.03580997,4.62925944,4.4642871,8.01785951,3.08522043,0,32,9,9,60.0,1.0,505.96774194,0.0,1.5178599,0.65882233,32,19,13
bc1qFAnorroazeJ356W5vDy3qGnY2,41,26,15,565.7452819,335.04392952,4.63725641,4.13634481,8.95752586,3.28595111,0,40,9,11,60.0,1.0,438.075,1.0,1.68857046,0.59221692,41,26,15
bc1qFEF9Ygrcptoc9t7vV1BiTjxX8,8,6,2,104.58271792,39.49708655,17.43045299,19.74854327,37.22639978,78.7635173,0,8,3,3,60.0,1.0,1318.0,78.0,2.64785905,0.37766361,8,6,2
bc1qFGQQwaZPWwAzZiFHSiEiauf7y,27,13,14,366.48584774,266.3928458,5.3113891,3.91754185,8.77568824,3.54620227,0,27,9,12,60.0,1.0,641.23076923,17.0,1.37573457,0.7268844,27,13,14
bc1qFW8T7U2cmZ8rgXvA9zDkfyqeh,20,4,16,72.14200759,260.27419106,18.0355019,4.19797082,23.16003853,17.82976917,0,20,7,11,60.0,1.0,1103.68421053,9.0,0.27717695,3.60780355,20,4,16
bc1qFd3pSqMH4ByPgogucM7mfFpfF,14,4,10,52.49490934,156.61163774,13.12372733,3.48025862,17.00609981,10.05984229,0,14,7,7,60.0,1.0,1496.23076923,148.0,0.33519162,2.9833681,14,4,10
bc1qFzckchCn6wYjsvhUnqHbxHrSX,15,3,12,50.53268881,187.0779585,16.8442296,4.25177178,19.95264519,11.14324975,0,15,9,9,60.0,1.0,1398.28571429,119.0,0.27011567,3.70211764,15,3,12
bc1qG6ASgvXaovdqF4rYHTLpNvA3M,6,2,4,2.74621553,2.029645,1.37310776,0.50741125,1.44771692,0.24506731,0,6,3,3,60.0,1.0,17735.8,1712.0,1.35305215,0.73906981,6,2,4
bc1qGEfshvNCyitYQGSXnJdWbNAHf,8,3,5,0.94185482,3.6892615,0.31395161,0.7378523,1.42746193,0.22137585,0,8,4,5,60.0,1.0,11380.57142857,1928.0,0.2552963,3.91701717,8,3,5
bc1qGNKiXAyBH3zMoQtuzG3qSz58F,36,20,16,448.95480736,315.09121923,4.72584008,4.37626693,8.39775634,3.26829594,0,34,8,11,60.0,1.0,471.88571429,7.0,1.42484074,0.70183282,36,20,16
bc1qGPjqfhuBuxEnT7FEXoTz1NCG3,8,5,3,3.38887604,1.99217244,0.67777521,0.66405748,1.276941,0.14425534,0,8,4,3,60.0,1.0,11289.57142857,863.0,1.70109573,0.58785639,8,5,3
bc1qGVoyTQ6PcZ5QiXfFVsTFduu9b,8,4,4,2.53368081,4.36267226,0.6334202,1.09066807,1.3552554,0.16150005,0,8,5,3,60.0,1.0,14309.71428571,958.0,0.5807635,1.7218713,8,4,4
bc1qGokerDaNkmCMc1k1v51T7a7kV,3,0,3,0.0,2.01539262,0.0,0.67179754,0.95587554,0.04329159,0,3,2,2,60.0,1.0,42785.0,3101.0,0.0,2015392620.0,3,0,3
bc1qH4qPjMrJTnP594Sg2jhiU77gs,22,8,14,190.19229464,292.08040063,4.75480737,3.84316317,7.70966316,3.18738003,0,20,7,10,60.0,1.0,811.85714286,66.0,0.65116418,1.53571101,22,8,14
bc1qH6dz1kTSfMLzMi4bPXpu1DH1z,6,0,6,0.0,38.71843977,0.0,6.4530733,11.96961053,8.84622474,0,6,1,1,60.0,1.0,1570.4,957.0,0.0,38718439770.0,6,0,6
bc1qHBpVcnUc185ymzAb3vQecAU93,9,3,6,2.18963279,4.56175438,0.7298776,0.7602924,1.1784329,0.12737567,0,9,6,5,60.0,1.0,9252.0,485.0,0.47999796,2.08334219,9,3,6
bc1qHGDv8YbBVFot3PixgXTU93aLu,6,0,6,0.0,47.54709165,0.0,7.92451528,11.71110442,13.93369229,0,6,1,1,60.0,1.0,2114.0,387.0,0.0,47547091649.99999,6,0,6
bc1qHKXcTtWKoyh9c3C6iZkcgF2RF,23,5,18,31.36561006,257.55075652,6.27312201,4.02423057,15.10860036,6.7242471,0,23,8,9,60.0,1.0,893.40909091,13.0,0.12178419,8.21124652,23,5,18
bc1qHQ77wzfzFkzwBtKTX5inidgeA,37,17,20,423.34127357,402.41882921,4.98048557,3.90697892,10.46406658,4.10605155,0,37,9,11,60.0,1.0,493.05555556,4.0,1.05199171,0.95057783,37,17,20
bc1qHsnV7NSXvPTUoM1iN5boZU2k7,13,0,13,0.0,150.61798123,0.0,2.73850875,10.93555017,4.41743504,0,13,7,7,60.0,1.0,1588.25,83.0,0.0,150617981230.0,13,0,13
bc1qHvcBME662U1hreA2gnb6dR2po,6,3,3,3.215465,2.13106662,1.07182167,0.71035554,1.40209259,0.2192268,0,6,3,3,60.0,1.0,12716.4,3314.0,1.50885241,0.66275535,6,3,3
bc1qHwWNfWxcwEFMKZZnEPYz6fC7K,20,6,14,100.36675974,162.92493908,16.72779329,3.13317191,23.06651956,24.74372356,0,18,7,10,60.0,1.0,1007.15789474,125.0,0.61603067,1.6232958,20,6,14
bc1qHyEgdrVLasRec33xPnQYnEuxv,42,21,21,446.28160673,466.74592651,4.74767667,4.4451993,10.75508196,3.67992161,0,42,9,12,60.0,1.0,392.14634146,11.0,0.95615533,1.04585517,42,21,21
bc1qJ1dnvArYVj5wPVwFjhTaN1iV4,33,21,12,479.00711885,271.7280677,4.98965749,4.45455849,8.43178489,3.16435136,0,33,9,11,60.0,1.0,516.0,2.0,1.76281796,0.56727355,33,21,12
bc1qJ2YFvmFGyFVitEA1KG2wgXvVT,5,1,4,1.0981793,3.21256213,1.0981793,0.80314053,1.13900006,0.06168851,0,5,4,4,60.0,1.0,4711.75,1599.0,0.34183909,2.92535302,5,1,4
bc1qJ8EQRgJa1LM3WEPqrRqmYLZ1d,6,0,6,0.0,55.09001598,0.0,2.39521809,4.96665598,2.9861793,0,6,5,6,60.0,1.0,4684.0,1409.0,0.0,55090015979.99999,6,0,6
bc1qJ9RuHrxbEEqEUwVkdR2sZBmbf,17,2,15,26.61930954,247.67939465,13.30965477,3.7527181,20.23740758,8.13172946,0,17,8,12,60.0,1.0,1138.6875,109.0,0.10747487,9.30450109,17,2,15
bc1qJAAqD6gRJSF33L19DTdDTtuyA,8,4,4,2.78042754,3.66418558,0.69510689,0.91604639,1.25671126,0.08339397,0,8,5,4,60.0,1.0,11205.57142857,3296.0,0.75881188,1.31784969,8,4,4
bc1qJK8dkbRzSuPrtAK3Kn6PViHpX,5,2,3,1.4132535,2.97943014,0.70662675,0.99314338,1.35765861,0.08503938,0,5,4,4,60.0,1.0,18365.75,4344.0,0.47433685,2.10820645,5,2,3
bc1qJSWBou14WDJCqfqDd3mWVFpYA,29,6,23,86.37298711,265.7535156,14.39549785,2.9203683,21.83458478,14.93899458,0,28,9,9,60.0,1.0,759.35714286,55.0,0.32501164,3.07681284,29,6,23
bc1qJTpYtRK4zrbqzxfxWWeQER5zJ,30,12,18,268.24861763,359.88817079,5.15862726,4.44306384,9.87908434,3.18662946,0,30,9,9,60.0,1.0,509.17241379,7.0,0.74536659,1.34162172,30,12,18
bc1qJXcqVqxmCTa7dxD8sgACodJ6r,4,0,4,0.0,32.00737477,0.0,8.00184369,10.92444189,4.70812691,0,4,1,1,60.0,1.0,2310.33333333,675.0,0.0,32007374769.999996,4,0,4
bc1qJevPxZECQ5fd3619xxtSFEHgv,32,17,15,405.90282216,382.4607949,4.66554968,5.09947727,10.75508196,3.71924487,0,30,9,12,60.0,1.0,525.12903226,2.0,1.06129263,0.94224719,32,17,15
bc1qJpPJpBBzQeNN7DuwuDn3pMg5P,5,4,1,24.98702247,5.73223095,6.24675562,5.73223095,7.92827309,1.97496446,0,5,2,2,60.0,1.0,2917.25,358.0,4.35903973,0.22940832,5,4,1
bc1qJrgX3ag1QrcqDUTcDKcARbodd,14,10,4,9.70789076,2.5312452,0.97078908,0.6328113,1.36986758,0.09856204,0,14,4,5,60.0,1.0,7956.07692308,250.0,3.83522338,0.26074101,14,10,4
bc1qJwuNMEVqryMbASa9oigQ4b7Jw,7,4,3,13.8005402,18.13951222,3.45013505,6.04650407,7.96955369,4.45312517,0,7,4,3,60.0,1.0,1649.83333333,232.0,0.76079996,1.31440595,7,4,3
bc1qKG2gTKYL9fhD9SaGoLaX2fohC,32,16,16,347.00285889,332.83351563,4.50653063,4.43778021,9.35587796,3.10879996,0,31,9,11,60.0,1.0,522.70967742,7.0,1.04257186,0.95916649,32,16,16
bc1qKJWFrQjEJ7yviKmGg52pECGpm,6,0,6,0.0,40.41892969,0.0,6.73648828,11.83046738,12.1089544,0,6,1,1,60.0,1.0,2140.6,130.0,0.0,40418929690.0,6,0,6
bc1qKKCgZBedG5RhH989Z9UPZPfXr,8,0,8,0.0,50.3542343,0.0,6.29427929,8.62016315,4.95283922,0,8,1,1,60.0,1.0,1243.85714286,354.0,0.0,50354234300.0,8,0,8
bc1qKZwEMesrR411y5cjkA1zZY7Rh,6,2,4,61.79908577,73.32368956,30.89954288,18.33092239,36.85440566,75.66530612,0,6,5,5,60.0,1.0,1187.0,120.0,0.84282564,1.18648502,6,2,4
bc1qKco36MY8RKWfpLkvVFcTKwUDw,11,7,4,4.63482942,2.99205516,0.66211849,0.74801379,1.21303162,0.12474942,0,11,5,4,60.0,1.0,9397.3,1477.0,1.54904545,0.64555885,11,7,4
bc1qKeUBBJutdKnQv82LTh9M1Te9d,16,3,13,33.7782166,217.73507886,11.25940553,4.73337128,17.38239322,9.98904871,0,16,7,9,60.0,1.0,1366.6,47.0,0.15513447,6.44602057,16,3,13
bc1qKhN2mFydcSDayzDpHRRfq2a8H,30,16,14,371.1981197,303.96125016,4.69871038,4.47001838,9.7287495,4.26479473,0,30,9,12,60.0,1.0,572.03448276,5.0,1.22120211,0.81886527,30,16,14
bc1qKmj4RRTskMc41pHDgxrxxVvFh,13,7,6,3.75154541,4.90370959,0.53593506,0.81728493,1.21257783,0.19136831,0,13,6,7,60.0,1.0,7309.66666667,622.0,0.76504233,1.30711722,13,7,6
bc1qKmk1xKyHg9XCZ4g1D8xVcxuZG,10,6,4,29.33056263,17.0393824,4.8884271,4.2598456,7.23024229,2.24063047,0,10,5,4,60.0,1.0,1268.33333333,98.0,1.72133954,0.58094291,10,6,4
bc1qKxPuApNdDvQW2jYwRxQ1dHSCx,5,1,4,7.7701047,15.72206954,7.7701047,3.93051738,7.7701047,3.56945435,0,5,4,4,60.0,1.0,2040.25,177.0,0.49421641,2.02340511,5,1,4
bc1qLD8f6hrRNLD2ZkosehNCF8A3B,26,3,23,21.69703799,343.93540241,7.232346,3.90835685,10.79903147,7.57952388,0,26,9,12,60.0,1.0,865.48,1.0,0.06308463,15.85172145,26,3,23
bc1qLVqX4yRdmovGkeCaNG9ih4AML,3,0,3,0.0,16.12674905,0.0,5.37558302,9.84246945,10.65041938,0,3,1,1,60.0,1.0,5005.0,4945.0,0.0,16126749050.0,3,0,3
bc1qLci8ic6Dgbdq4daDqXZz28jbC,8,4,4,2.77319811,3.14248635,0.69329953,0.78562159,1.26939147,0.10548715,0,8,3,4,60.0,1.0,9679.85714286,108.0,0.88248533,1.13316331,8,4,4
bc1qLrRKbKJ9kWGecFMoqSskP9nGf,8,5,3,18.97127037,18.7269756,3.79425407,6.2423252,7.20906726,3.88250486,0,8,4,3,60.0,1.0,1184.14285714,124.0,1.01304507,0.98712291,8,5,3
bc1qLwkBUZCGgjpQpQHDmJHbsC6Ga,30,20,10,493.66832306,194.99897084,4.88780518,4.14891427,7.97986309,3.41609633,0,29,9,10,60.0,1.0,601.27586207,14.0,2.53164579,0.39499997,30,20,10
bc1qM1CptNN5ooEvsJrKkHycSXACb,14,5,9,70.87856278,99.2602989,14.17571256,3.54501067,22.79857638,27.66613811,0,14,7,7,60.0,1.0,1781.38461538,87.0,0.71406759,1.40042765,14,5,9
bc1qM3cnF4nHH2kwwwPbn3fGP75ZV,6,6,0,3.6924349,0.0,0.61540582,0.0,1.47602779,0.22669566,0,6,1,1,60.0,1.0,14655.8,5714.0,3692434900.0,0.0,6,6,0
bc1qMHNM5ezj9K7Q9ZUGLcH15Uwr6,3,1,2,19.98286035,64.2074432,19.98286035,32.1037216,34.72002421,37.211199,0,3,2,3,60.0,1.0,1745.0,127.0,0.31122342,3.21312575,3,1,2
bc1qMVLUdSqT1qS4TPit9WrJ2unDE,8,1,7,1.28617528,5.46952958,1.28617528,0.78136137,1.39075731,0.26692608,0,8,4,7,60.0,1.0,12917.71428571,2874.0,0.23515282,4.2525538,8,1,7
bc1qMmfsJQTcq8Q3qbeM7KRmFsi7b,4,0,4,0.0,21.66423671,0.0,5.41605918,9.09027591,9.22424628,0,4,1,1,60.0,1.0,2659.66666667,1381.0,0.0,21664236710.0,4,0,4
bc1qMn8qPcXedjnTkpzvbKywUt1a7,6,3,3,1.48934558,1.99840769,0.49644853,0.6661359,1.02762323,0.08323616,0,6,4,4,60.0,1.0,17602.0,4352.0,0.74526614,1.34180255,6,3,3
bc1qMnS5Lr6q1dRR5kQgBgyDBoNVa,11,5,6,138.62433918,116.64413189,27.72486784,19.44068865,36.60497495,105.9024359,0,11,5,5,60.0,1.0,933.0,104.0,1.18843817,0.84144049,11,5,6
bc1qMpSqPruCwYw6NPgbptvFMvL7o,12,5,7,3.59809897,6.28433828,0.71961979,0.89776261,1.4424871,0.13824774,0,12,7,5,60.0,1.0,7771.0,807.0,0.57255017,1.74657182,12,5,7
bc1qNFVdyucrA8KodBL6FX7XG1xyU,3,0,3,0.0,22.73974138,0.0,7.57991379,11.54156681,11.14227853,0,3,1,1,60.0,1.0,3053.5,643.0,0.0,22739741380.0,3,0,3
bc1qNRUP6cDVbtzLpVV6eaqbZGVJG,6,2,4,10.24306434,23.88062927,5.12153217,5.97015732,7.62215136,2.48279503,0,6,5,4,60.0,1.0,2963.8,705.0,0.42892774,2.33139503,6,2,4
bc1qNc4NBtSGCj88fiS3KWtkkBA2M,25,5,20,62.64487878,249.41751427,12.52897576,3.37050695,23.43220801,13.54380302,0,24,7,11,60.0,1.0,939.625,17.0,0.25116471,3.98145098,25,5,20
bc1qNhhnxdp4WtfnsdUQZwMVZqFkY,10,4,6,20.95388936,30.62674978,5.23847234,5.1044583,7.78472635,5.31971247,0,10,4,6,60.0,1.0,1639.55555556,423.0,0.68416954,1.46162601,10,4,6
bc1qP57m8GhqgeYqpXsGbujWfBVcW,8,3,5,62.96781653,96.43836128,20.98927218,19.28767226,37.76964292,72.19291382,0,8,6,4,60.0,1.0,768.0,47.0,0.65293329,1.53155003,8,3,5
bc1qP6aukPTf3Ph3jeRNSqcbqBRXC,18,2,16,18.67651284,149.52041559,9.33825642,2.41161961,15.37793701,7.28079075,0,18,9,8,60.0,1.0,1310.76470588,251.0,0.12490945,8.00579942,18,2,16
bc1qP9dmRFME4mQeWo1CQP8BaBWTk,20,5,15,79.34639253,194.21896231,15.86927851,3.29184682,24.68231598,17.84229466,0,19,9,10,60.0,1.0,1198.10526316,97.0,0.40854091,2.44773525,20,5,15
bc1qPETziwZABCFgvHD8Cjtdw4wqc,4,1,3,0.53875817,2.01697347,0.53875817,0.67232449,1.10580903,0.07381616,0,4,3,3,60.0,1.0,8293.0,481.0,0.26711217,3.74374549,4,1,3
bc1qPFtR1TsACD1TDPTXEipPYWQSg,10,6,4,36.39534898,21.50274001,6.0658915,5.375685,7.91067687,2.47957925,0,10,4,3,60.0,1.0,1528.0,123.0,1.69259122,0.59081011,10,6,4
bc1qPGpjuyakf3fVBkyqazFC5Qv9Z,5,2,3,1.9678193,1.82810274,0.98390965,0.60936758,1.15697822,0.1260465,0,5,2,4,60.0,1.0,14525.25,6727.0,1.07642708,0.92899929,5,2,3
bc1qPJ9ogU5cHHRizBSW6HkUmAbE5,7,3,4,1.76120241,3.13568794,0.58706747,0.78392198,1.1708783,0.10180148,0,7,4,5,60.0,1.0,12070.83333333,2431.0,0.5616638,1.78042451,7,3,4
bc1qPcMnkMcMBCejLBkvP9nwM7S8Z,19,6,13,68.65644222,169.41287371,11.44274037,3.32182105,24.03633204,16.00010066,0,19,6,7,60.0,1.0,1090.05555556,103.0,0.40526107,2.46754519,19,6,13
bc1qPwdqwqVX3F7mtX1QUbjo9QcDC,35,20,15,409.86962733,316.94628261,4.6576094,4.46403215,9.0257611,3.15442953,0,33,9,11,60.0,1.0,438.73529412,18.0,1.29318326,0.7732856,35,20,15
bc1qPxnghUBg9sEuEt4dPbJfbBMnK,9,6,3,2.42561386,2.04673206,0.40426898,0.68224402,0.98460932,0.08417242,0,9,4,4,60.0,1.0,9416.625,928.0,1.18511549,0.84379962,9,6,3
bc1qPy6pTXEh4udNoF9joSY1tcHxZ,16,4,12,67.38597987,133.23514424,16.84649497,2.77573217,24.89361137,21.17863078,0,16,7,6,60.0,1.0,1368.93333333,321.0,0.50576731,1.97719384,16,4,12
bc1qPzynxdADrAELC72bfw3r9bP5M,17,8,9,6.77687822,9.4697188,0.84710978,1.05219098,1.38762524,0.19201493,0,17,7,7,60.0,1.0,4756.8125,265.0,0.71563669,1.39735709,17,8,9
bc1qQ2VAr1nta56NMSrBU4Sq3jiAz,9,5,4,3.98511438,2.61923642,0.79702288,0.65480911,1.35544459,0.21049287,0,9,3,4,60.0,1.0,10572.375,1034.0,1.52147945,0.65725502,9,5,4
bc1qQ8fwT88QdK3aA8QLQLKY2sAAs,9,6,3,2.43579986,3.61922825,0.40596664,1.20640942,1.40850148,0.24470997,0,9,2,3,60.0,1.0,6364.625,530.0,0.67301637,1.48584796,9,6,3
bc1qQ95sWQNZM8WYWKn6jp9YKRfCs,7,4,3,2.59244658,2.92690006,0.64811164,0.97563335,1.44133299,0.2774271,0,7,2,4,60.0,1.0,11688.5,5854.0,0.88573116,1.12901075,7,4,3
bc1qQBKyVrJqSUoMjFNEcemmmT9qh,18,3,15,35.76818706,174.47249015,11.92272902,2.76940461,16.37648403,9.391932,0,18,8,9,60.0,1.0,1296.52941176,100.0,0.2050076,4.87786786,18,3,15
bc1qQden5tKKdC2nVHetBSqfndghT,8,3,5,1.83248683,4.34678904,0.61082894,0.86935781,1.4221839,0.20549095,0,8,5,6,60.0,1.0,10933.57142857,5057.0,0.42157252,2.37207109,8,3,5
bc1qQi2JvNbGbYQ31xpYpW3ge4oD8,5,0,5,0.0,37.95863252,0.0,7.5917265,9.87386989,3.64513307,0,5,1,1,60.0,1.0,2329.25,128.0,0.0,37958632519.99999,5,0,5
bc1qR44DB4mD7fVcuegf466tJ31EL,18,3,15,47.14686673,210.36813861,15.71562224,3.89570627,21.1546512,12.81899825,0,18,7,9,60.0,1.0,1351.76470588,35.0,0.224116,4.46197496,18,3,15
bc1qR5LLsSyRCYUEoE1Kk85tWTr7k,21,6,15,79.85450971,189.34884953,13.30908495,3.15581416,21.83073742,17.45694013,0,21,8,9,60.0,1.0,1149.8,12.0,0.42173221,2.3711729,21,6,15
bc1qRfqf7MKncCuX14j9dGErmu7E9,8,0,8,0.0,43.2336262,0.0,5.40420328,9.90981143,6.68933612,0,8,1,1,60.0,1.0,1127.85714286,41.0,0.0,43233626200.0,8,0,8
bc1qRkBu5zXPn1ib4tw5fsRGu3HNn,10,5,5,2.43802011,4.80542927,0.48760402,0.96108585,1.4622844,0.24612542,0,10,5,5,60.0,1.0,8910.0,2262.0,0.507347,1.97103759,10,5,5
bc1qSFkC5WzKEyssoQVHaqyuGNxAT,10,7,3,6.35001121,1.70626621,0.90714446,0.5687554,1.36946457,0.13349456,0,10,3,3,60.0,1.0,10841.66666667,819.0,3.72158294,0.26870287,10,7,3
bc1qSLxZX8F344CNPHSiHNwGGKVgZ,29,17,12,383.10193564,279.72234899,4.72965353,4.90740963,7.91907246,3.02667048,0,29,8,12,60.0,1.0,584.96428571,10.0,1.36957929,0.73015123,29,17,12
bc1qSQqbn7VFd2SrFVQXd7iLNAth6,8,5,3,4.94638666,2.53488152,0.98927733,0.84496051,1.30716814,0.066852,0,8,4,3,60.0,1.0,10707.71428571,932.0,1.95132854,0.51247136,8,5,3
bc1qSc4jL7ZRudF3FyujBRwLiNsSH,19,3,16,30.01068566,214.91546458,10.00356189,3.41135658,13.0189657,10.39740093,0,19,6,11,60.0,1.0,1179.44444444,63.0,0.13963949,7.16129805,19,3,16
bc1qSdGEPGtg4n1hNbMxqvU6QhKVj,14,1,13,18.95330415,151.04399885,18.95330415,2.64989472,18.95330415,5.48513249,0,14,8,8,60.0,1.0,1647.84615385,35.0,0.12548201,7.96927004,14,1,13
bc1qSxapXhBsoiwhA4qD1W54wb5zq,37,17,20,344.37390215,435.0339371,4.59165203,4.5793046,8.93161384,3.36951279,0,36,9,11,60.0,1.0,477.61111111,8.0,0.79160238,1.26326047,37,17,20
bc1qT5SzFsFqcSEsb8G1DAptT9Lku,32,13,19,304.44665164,446.44448195,4.68379464,4.96049424,11.1086304,4.65037616,0,32,9,12,60.0,1.0,445.16129032,5.0,0.6819362,1.46641285,32,13,19
bc1qT7HgDD8wSEWusDnN7qT3hvke8,7,2,5,1.57346325,4.33938576,0.78673163,0.86787715,1.4846634,0.18897459,0,7,6,5,60.0,1.0,13160.33333333,4718.0,0.36260045,2.75785644,7,2,5
bc1qTb3sQmztbfh67rGjjPBig3dik,12,2,10,0.86853707,8.19905909,0.43426854,0.81990591,1.40146403,0.1169463,0,12,7,6,60.0,1.0,8832.72727273,1753.0,0.10593131,9.44007962,12,2,10
bc1qTjD1huM2hQx3tpMkVFfYSpgs6,7,2,5,1.14579975,4.6660882,0.57289988,0.93321764,1.31920977,0.16707547,0,7,4,5,60.0,1.0,11069.16666667,2448.0,0.24555896,4.07234179,7,2,5
bc1qU3U9iq1qgzZ7c3kJ4idxxooov,7,2,5,58.49001138,119.38631862,29.24500569,23.87726372,38.10901437,122.75028495,0,7,6,5,60.0,1.0,1200.0,253.0,0.48992223,2.04114029,7,2,5
bc1qU5P692izHbnQ1YpUUqMFurzoq,13,3,10,43.69387878,165.03200911,14.56462626,4.23158998,20.7430414,18.90406292,0,13,7,8,60.0,1.0,1485.08333333,28.0,0.26476002,3.77700524,13,3,10
bc1qUYoLbVxTkCgTP4wXtKkxJtNSM,8,4,4,27.56704586,14.0062193,6.89176147,3.50155482,7.98214339,5.17072589,0,8,4,4,60.0,1.0,2157.42857143,132.0,1.96820036,0.50807835,8,4,4
bc1qUmHWwLDRwX7GRdPdKmK2vjSJ1,13,4,9,1.51140917,7.09968073,0.37785229,0.78885341,1.33075582,0.17967276,0,12,6,6,60.0,1.0,6929.5,811.0,0.2128841,4.69739159,13,4,9
bc1qUnsX9SsC2pZJSX9jerBQLExrh,16,5,11,39.1015418,176.02101666,7.82030836,4.00047765,16.11939111,5.98644387,0,16,7,7,60.0,1.0,1568.33333333,61.0,0.22214132,4.50163877,16,5,11
bc1qUo9EKjC8gAnUtAC5DC2Lm53KB,21,6,15,72.11070279,237.07288793,12.01845047,4.15917347,17.92724214,11.46650502,0,21,8,10,60.0,1.0,963.25,11.0,0.30417102,3.28762415,21,6,15
bc1qUv9VaGhtcXXXRNH19FLXq8KP8,33,12,21,294.92249136,479.60885438,4.91537486,5.10222186,10.52752523,3.56077048,0,31,9,11,60.0,1.0,476.15625,6.0,0.61492295,1.62622,33,12,21
bc1qV21jwUzBGkgHMevekvJBTJ3YT,8,3,5,10.86925431,21.84257926,3.62308477,4.36851585,7.41907717,4.38204612,0,8,5,5,60.0,1.0,1413.85714286,118.0,0.49761771,2.00957477,8,3,5
bc1qV6tbfMSe3Yx2NUCT2xaMRH687,12,2,10,0.50872982,8.08489844,0.25436491,0.80848984,1.32745679,0.14767373,0,12,7,7,60.0,1.0,8287.81818182,553.0,0.06292346,15.89232265,12,2,10
bc1qVEaPVquYfVyEetapAJvnNhkMG,11,4,7,24.34533506,28.79498721,6.08633377,4.1135696,7.63719973,4.50417266,0,11,6,7,60.0,1.0,1487.5,206.0,0.84547129,1.18277227,11,4,7
bc1qVTYRA8hwDNLhMSq5JoFw8PpDj,7,4,3,57.56232172,75.13107442,14.39058043,25.04369147,28.32742888,70.16777732,0,7,4,4,60.0,1.0,1139.0,112.0,0.76615864,1.30521272,7,4,3
bc1qVWrKrRZaTBuDtf9xH4iXxQc7n,12,4,8,3.26839309,5.61451262,0.81709827,0.70181408,1.45473702,0.21388579,0,12,5,6,60.0,1.0,7608.90909091,1071.0,0.582133,1.71782049,12,4,8
bc1qVishDCq5KdfdXxw1Ej92JDiLj,3,1,2,1.9358688,6.07471076,1.9358688,3.03735538,3.79137103,0.64864255,0,3,3,2,60.0,1.0,1124.0,115.0,0.3186767,3.13797648,3,1,2
bc1qW58vzYfb2hZdGnAKU1gPGdTCj,9,6,3,2.8003819,2.03255935,0.46673032,0.67751978,1.23009893,0.15349175,0,9,2,4,60.0,1.0,12127.75,3380.0,1.37776144,0.72581506,9,6,3
bc1qWUdodraHBRWpG91JtkJ6GrbKN,4,0,4,0.0,2.3148254,0.0,0.57870635,0.91632519,0.06363302,0,4,4,4,60.0,1.0,20863.0,4517.0,0.0,2314825400.0,4,0,4
bc1qWZ8XjgJs6Ps6PCRtDbHo2gtsr,13,7,6,5.69445134,5.06882105,0.81349305,0.84480351,1.45747899,0.08945332,0,13,6,4,60.0,1.0,8051.25,342.0,1.12342718,0.89013335,13,7,6
bc1qWkxxbApeF53pAYi2Xg3Gmi91C,8,2,6,1.70731831,3.77505102,0.85365916,0.62917517,1.29053561,0.14838894,0,8,6,6,60.0,1.0,10004.28571429,2574.0,0.45226364,2.21109971,8,2,6
bc1qWmXhCt95nrW3KD3sDy3MLZSub,6,3,3,1.50559129,1.85739227,0.50186376,0.61913076,1.11967829,0.08428908,0,6,4,4,60.0,1.0,17353.4,1712.0,0.81059414,1.233663,6,3,3
bc1qWpvGqw4vep7C5ZMAXzDK66KoS,11,4,7,44.24191339,73.052573,11.06047835,2.92210292,21.06776841,16.52428715,0,11,5,6,60.0,1.0,2119.9,115.0,0.60561746,1.65120736,11,4,7
bc1qWuaNxQ1h85EVNFNaBn82XBcak,22,4,18,64.30520839,177.21687606,16.0763021,2.72641348,21.10107347,14.52127866,0,21,8,11,60.0,1.0,1041.80952381,12.0,0.36286165,2.75587127,22,4,18
bc1qWzR2mfG9269UymqPWwhadcvxC,5,2,3,0.53041856,1.80340166,0.26520928,0.60113389,0.86050906,0.06532172,0,5,4,4,60.0,1.0,17210.75,8580.0,0.29412114,3.39995957,5,2,3
bc1qX3fB3kn8fmg6bvoumhyKxF66D,20,6,14,88.36112434,222.56857516,14.72685406,4.4513715,24.84136617,21.15966828,0,20,8,10,60.0,1.0,996.94736842,23.0,0.39700629,2.51885178,20,6,14
bc1qXCK13F4D6Q5psaxT6VPecfUCr,32,19,13,459.45381759,292.67850056,4.99406323,4.50274616,7.89862616,2.04265423,0,31,9,11,60.0,1.0,508.87096774,5.0,1.56982428,0.63701397,32,19,13
bc1qXEsk9EdxSKH3Cxc9MGqBuStzW,13,4,9,79.14378052,116.47994511,19.78594513,3.42588074,24.39271992,33.29653433,0,13,8,7,60.0,1.0,1339.0,284.0,0.67946272,1.47175109,13,4,9
bc1qXPEuX4k4wUGBGffcjhczYWEFQ,34,19,15,461.35186908,344.3269234,4.70767213,4.91895605,8.40428153,3.20645473,0,32,9,12,60.0,1.0,489.96969697,2.0,1.3398658,0.7463434,34,19,15
bc1qXbiqFXjo4E7YMLFa2rCyVKu5v,16,1,15,3.91246083,234.59654236,3.91246083,4.11572881,11.03825159,4.79881045,0,16,7,8,60.0,1.0,1423.66666667,116.0,0.0166774,59.9613779,16,1,15
bc1qXcuqi18jPVGziggG3kyMRs8RH,8,5,3,5.41156824,3.13934833,1.08231365,1.04644944,1.47868262,0.180476,0,8,4,4,60.0,1.0,8378.0,273.0,1.72378713,0.58011803,8,5,3
bc1qXdUxHhkXmu8QZod2wHBe4AMWy,9,4,5,1.64594169,3.41233011,0.41148542,0.68246602,1.02097624,0.06626415,0,9,4,5,60.0,1.0,10885.375,361.0,0.48235125,2.07317801,9,4,5
bc1qXjY21bcT12aoJbK2ZumkUtC77,12,4,8,4.68152949,7.87249574,1.17038237,0.98406197,1.49344648,0.11871017,0,12,6,8,60.0,1.0,10226.54545455,1069.0,0.59466904,1.68160764,12,4,8
bc1qXrwd6WLE59jLELiMEPGZm55mN,13,8,5,39.29840956,17.93065841,4.9123012,3.58613168,7.83235846,4.10800858,0,13,6,5,60.0,1.0,1286.66666667,78.0,2.19168804,0.45626931,13,8,5
bc1qXynaYx18ca6hsjmwnk68oFFsX,29,16,13,392.13598759,278.3780843,4.72452997,4.56357515,7.8900282,3.04392346,0,29,9,11,60.0,1.0,550.0,0.0,1.40864533,0.7099019,29,16,13
bc1qY9G4RiETPVxaDVm5ikQ7s4K7G,23,12,11,300.75132135,261.56292674,4.7738305,4.75568958,9.59872119,3.48593545,0,23,7,10,60.0,1.0,705.90909091,80.0,1.14982396,0.86969835,23,12,11
bc1qYEhtCovwT1ueUZNTZcmbxikcT,8,4,4,12.94117313,19.77768052,3.23529328,4.94442013,7.91198858,3.87716786,0,8,5,5,60.0,1.0,1241.57142857,156.0,0.6543322,1.52827571,8,4,4
bc1qYXSxz9jabtETGUbazjjP26oiS,22,2,20,13.61786723,266.96753774,6.80893361,3.42266074,12.19570851,4.14774723,0,20,8,11,60.0,1.0,915.9047619,123.0,0.05100945,19.60421065,22,2,20
bc1qYhGJV5nKGJNMzb69AFRmAnE5T,9,4,5,3.47361222,3.1185337,0.86840305,0.62370674,1.1745689,0.10574862,0,9,4,6,60.0,1.0,8583.5,822.0,1.11386073,0.89777831,9,4,5
bc1qYwoGnZJTbdQ33dXnQ8eXm6Aoo,3,0,3,0.0,3.01416552,0.0,1.00472184,1.11741643,0.00804792,0,3,2,3,60.0,1.0,19700.5,4850.0,0.0,3014165519.9999995,3,0,3
bc1qYy3RJdxwkGXQgs1KKWyg4hvMp,4,0,4,0.0,33.70769684,0.0,8.42692421,11.18903574,7.34272363,0,4,1,1,60.0,1.0,819.0,30.0,0.0,33707696839.999996,4,0,4
bc1qYytJK69rDNkeevwmbeUiCMcSf,3,0,3,0.0,22.5342397,0.0,7.51141323,11.48453177,8.60591715,0,3,1,1,60.0,1.0,2336.0,1183.0,0.0,22534239700.0,3,0,3
bc1qZ2etZuq2fbco4H2gEFSoCVAJr,26,11,15,308.15010068,274.39008073,5.22288306,3.65853441,7.91673198,3.0502648,0,26,9,10,60.0,1.0,673.36,35.0,1.12303659,0.89044294,26,11,15
bc1qZiYTkYTnvVYB6d2sqFK3JFbKB,10,3,7,1.42316446,4.98075916,0.47438815,0.71153702,1.35135525,0.18338886,0,10,5,7,60.0,1.0,10809.44444444,627.0,0.28573244,3.49977764,10,3,7
bc1qZnjxDx9qcqSYkzZN6Pk4UySaZ,8,5,3,26.45094957,21.51032865,5.29018991,7.17010955,7.96471783,5.20629597,0,8,3,4,60.0,1.0,1355.28571429,8.0,1.22968598,0.81321574,8,5,3
bc1qZwMqLnWiAwZ79FQRVxgZDrSD5,4,1,3,0.60871322,1.6547772,0.60871322,0.5515924,0.98935043,0.09818828,0,4,3,4,60.0,1.0,20111.66666667,6067.0,0.36785207,2.71848408,4,1,3
bc1qZwYj7Ne2vM8c9EWYB74g4XHKH,2,0,2,0.0,10.3597719,0.0,5.17988595,7.0220092,3.39341807,0,2,1,1,60.0,1.0,9514.0,9514.0,0.0,10359771900.0,2,0,2
bc1qZxp5TYLno9mbofvMLx4PbKjXH,32,18,14,415.93962029,276.85210813,4.67347888,4.13212102,7.88918411,2.71952023,0,32,9,11,60.0,1.0,498.03225806,2.0,1.50238921,0.66560648,32,18,14
bc1qa8BqE8YpfPpMTDE6tZQXHZ8W2,10,7,3,5.88075589,2.27290842,0.84010798,0.75763614,1.39752564,0.22195026,0,10,3,4,60.0,1.0,7295.66666667,139.0,2.58732637,0.38649937,10,7,3
bc1qaY2Kz6NsMYbh7GhoVDn5KuB8v,3,0,3,0.0,17.05847437,0.0,5.68615812,11.88647955,19.49991628,0,3,1,1,60.0,1.0,4390.0,339.0,0.0,17058474369.999998,3,0,3
bc1qaiHvdXzKegVgf4MBx97Y88Jbw,21,7,14,76.73952756,191.27109785,10.96278965,3.13559177,18.57500338,11.19007176,0,21,6,8,60.0,1.0,1042.15,120.0,0.40120817,2.49247166,21,7,14
bc1qakJtfrzGFu2UXJNZLYoS4eLtx,6,6,0,3.51767809,0.0,0.58627968,0.0,1.12464243,0.09436773,0,6,1,1,60.0,1.0,18978.8,496.0,3517678089.9999995,0.0,6,6,0
bc1qb79MNgXXWAUMfvYRK2cvDcQpb,18,5,13,68.67428482,214.6377623,13.73485696,4.20858357,23.27702365,13.2812343,0,18,8,10,60.0,1.0,960.0,21.0,0.31995435,3.12544591,18,5,13
bc1qbEVm4vhtaijnjz7RmLV4f14rR,5,5,0,3.18376056,0.0,0.63675211,0.0,1.1939142,0.15513858,0,5,1,1,60.0,1.0,14324.75,6483.0,3183760560.0,0.0,5,5,0
bc1qbTsxZFh98C4cSy6HpmgcKAQ3w,6,4,2,17.03202549,8.15462174,4.25800637,4.07731087,6.25305703,2.34207953,0,6,3,3,60.0,1.0,1455.8,68.0,2.08863465,0.47878168,6,4,2
bc1qbphqG3XmJbBjqmo1vYuEsTyN7,4,2,2,1.99313262,1.75137465,0.99656631,0.87568732,1.44172733,0.14082979,0,4,2,2,60.0,1.0,22321.0,5512.0,1.13803898,0.87870452,4,2,2
bc1qbuDDKKLVyzv2LZvaYZfeN1JW2,21,6,15,52.51545498,174.32908836,8.75257583,2.76712839,13.62469119,6.15598515,0,21,9,10,60.0,1.0,1094.4,39.0,0.30124321,3.31957685,21,6,15
bc1qbwiqNnCGYojXKckvoYW14Xccy,12,4,8,21.03231708,23.48553862,5.25807927,2.93569233,7.67468127,4.70382591,0,12,6,7,60.0,1.0,1415.45454545,13.0,0.89554331,1.11664057,12,4,8
bc1qbyakPyvAZQoicxgZSZi7brrHr,9,7,2,23.61544157,15.57555521,3.37363451,7.78777761,7.85452448,6.90599316,0,9,3,3,60.0,1.0,1938.625,460.0,1.51618618,0.65954961,9,7,2
bc1qcYYftnfFSKjsCYEWePWAFaoh7,4,0,4,0.0,16.59568724,0.0,4.14892181,7.87231182,4.71037151,0,4,1,1,60.0,1.0,1646.33333333,1029.0,0.0,16595687240.0,4,0,4
bc1qccFNoRP7rWetwtjjiSCKh3yfT,5,2,3,2.11316497,2.78426921,1.05658249,0.92808974,1.49001867,0.10961292,0,5,3,3,60.0,1.0,21122.25,6166.0,0.75896575,1.31758251,5,2,3
bc1qccf9q3xF4AaVMtVJ3PZgqCGkv,4,0,4,0.0,18.54094513,0.0,4.63523628,5.88459465,2.3242881,0,4,1,1,60.0,1.0,3114.0,962.0,0.0,18540945130.0,4,0,4
bc1qco3yYVPXxhKUsPaNkpVcQSuLQ,11,8,3,201.5905477,31.64188045,25.19881846,10.54729348,36.21714143,97.65158403,0,11,3,3,60.0,1.0,678.7,353.0,6.37100402,0.15696113,11,8,3
bc1qcvqhYsB1Ay1HwcY6y2vFRskNF,42,25,17,559.44932072,334.07260703,4.7012548,4.22876718,9.94101524,3.5972584,0,41,9,12,60.0,1.0,373.90243902,0.0,1.67463392,0.59714543,42,25,17
bc1qdDRiDjhBrvWciUa2Xyp3JCiyF,15,7,8,26.92677519,35.25906688,3.84668217,4.40738336,7.80991006,4.04569564,0,15,5,6,60.0,1.0,1027.57142857,27.0,0.76368372,1.30944261,15,7,8
bc1qdUBf5JPeYVGTR2dbqpMe8fc6V,3,0,3,0.0,18.29321406,0.0,6.09773802,9.58490699,14.42705184,0,3,1,1,60.0,1.0,2008.5,561.0,0.0,18293214060.0,3,0,3
bc1qdUZYnwAvv9MadDYp3sibMka1S,12,6,6,5.65625841,4.76315962,0.94270973,0.79385994,1.33308745,0.22984986,0,12,5,5,60.0,1.0,6321.36363636,62.0,1.18750134,0.84210432,12,6,6
bc1qdVBzJQgX7jwqiQQkVgDBryYW1,4,3,1,8.76832006,2.87214585,2.92277335,2.87214585,7.21469624,6.91085024,0,4,2,2,60.0,1.0,1587.0,316.0,3.0528812,0.32755942,4,3,1
bc1qdgUN2ctwsASeqPbkAUjJ6scRd,7,2,5,1.12663508,2.90909759,0.56331754,0.58181952,1.0935384,0.12670647,0,6,4,5,60.0,1.0,10256.83333333,1025.0,0.38727992,2.58211167,7,2,5
bc1qdqFPxLkVpkwpMy9u85zBVpMeU,7,3,4,12.06316012,22.70986888,4.02105337,5.67746722,7.06166635,5.53903766,0,6,4,5,60.0,1.0,1886.16666667,52.0,0.53118581,1.88258041,7,3,4
bc1qeLvfP6RkoNge5pnmeJMvuSjKL,10,5,5,17.35448847,15.35313472,3.47089769,3.07062694,6.47993249,2.75054757,0,10,5,5,60.0,1.0,1191.44444444,422.0,1.13035473,0.88467803,10,5,5
bc1qegZDequfyv37Qy1rjrkQgPLYU,34,15,19,319.32178156,404.54729867,4.83820881,4.39725325,8.91158943,2.80110678,0,33,9,10,60.0,1.0,513.3030303,2.0,0.78933114,1.26689541,34,15,19
bc1qehdQ7iHPKfcETWz6HRXHd3URa,15,2,13,33.95515271,236.2640049,16.97757636,5.62533345,23.28579649,13.05046706,0,15,6,7,60.0,1.0,1532.14285714,547.0,0.14371699,6.95811934,15,2,13
bc1qeqNcRgVfDNxaLEHzBD7HdJrNB,9,5,4,114.65025854,84.83588023,22.93005171,21.20897006,37.76764685,125.42123722,0,9,4,4,60.0,1.0,1399.625,77.0,1.35143595,0.73995368,9,5,4
bc1qf2oAPMRk8sZiKqKHB6buAfjdb,4,4,0,4.75212371,0.0,1.18803093,0.0,1.48343547,0.05085066,0,4,1,1,60.0,1.0,29227.33333333,899.0,4752123710.0,0.0,4,4,0
bc1qfBTuAMsUR2fG5J8b8kcT5Nh6Q,7,3,4,2.35104677,4.35502731,0.78368226,1.08875683,1.34218161,0.08233583,0,7,4,4,60.0,1.0,14570.83333333,5157.0,0.53984662,1.852378,7,3,4
bc1qfDAQqBbra1fMY28QyvtLG4Gyd,7,5,2,3.29925393,2.0507812,0.65985079,1.0253906,1.41338408,0.18514477,0,7,3,3,60.0,1.0,8650.33333333,577.0,1.6087791,0.62158938,7,5,2
bc1qfExEoGNoT9D4DfWLHw2ZZz4qr,13,3,10,58.0264337,154.67744074,19.34214457,4.18047137,23.56328757,19.22075521,0,13,6,8,60.0,1.0,1688.75,123.0,0.37514477,2.66563755,13,3,10
bc1qfK7vDKFQCL1nb9J34cKm9hxqY,10,6,4,6.64940864,3.14994863,1.10823477,0.78748716,1.48463164,0.1509913,0,10,4,5,60.0,1.0,11581.11111111,2334.0,2.1109578,0.47371861,10,6,4
bc1qfPF41mkUBwC8CAKCqtVUyXmjX,11,7,4,5.40495984,3.25893152,0.77213712,0.81473288,1.36757818,0.11479744,0,11,5,3,60.0,1.0,7772.4,66.0,1.65850672,0.60295203,11,7,4
bc1qfQGiJEeR6y79hpf83eyiuDDnV,4,3,1,2.05599679,1.16477989,0.68533226,1.16477989,1.16477989,0.12247114,0,4,2,2,60.0,1.0,15690.0,285.0,1.76513761,0.56652807,4,3,1
bc1qfSTUZUtybQubvpJE56RB54njm,9,5,4,110.67845106,108.53773925,22.13569021,27.13443481,39.65704601,82.10346624,0,9,4,4,60.0,1.0,979.375,22.0,1.0197232,0.98065828,9,5,4
bc1qfqsq98xtQ53ifcv642iewHKF1,41,19,22,451.89606739,482.78624864,4.91191378,4.55458725,7.95325651,3.03127432,0,41,9,11,60.0,1.0,387.875,6.0,0.93601686,1.06835683,41,19,22
bc1qfsMxR1KTRr6ozczGdaBkRB9JL,10,6,4,4.01806461,2.90045173,0.66967743,0.72511293,1.3242076,0.20561719,0,10,5,4,60.0,1.0,8402.11111111,2406.0,1.38532373,0.72185293,10,6,4
bc1qfsW29HJ1LsD62g1WX7jcCGkNm,7,6,1,20.94090638,4.14617748,3.49015106,4.14617748,5.73666038,2.18813382,0,7,2,2,60.0,1.0,2574.5,805.0,5.05065364,0.19799417,7,6,1
bc1qft8sds3PbUjQ5ZiN1wTuY7UQh,5,2,3,0.68402107,2.95087928,0.34201054,0.98362643,1.02762279,0.10045715,0,5,3,4,60.0,1.0,16155.25,6223.0,0.23180246,4.3140181,5,2,3
bc1qg5mxodgihisvuZwtuzJSVT5W2,5,1,4,6.62682696,99.40806014,6.62682696,24.85201504,34.55135515,108.72398229,0,5,2,3,60.0,1.0,789.75,200.0,0.06666287,15.00085346,5,1,4
bc1qgCnZzf8zLkEuNENyuhHuCNhnu,40,22,18,505.39142686,353.69835037,4.81325168,4.16115706,9.74569274,3.47505797,0,38,9,12,60.0,1.0,427.82051282,27.0,1.42887697,0.69985032,40,22,18
bc1qgN9fb2o2tR6rnNPrrc5i4aEQb,9,3,6,2.50655276,2.77571624,0.83551759,0.46261937,1.31318442,0.16313224,0,9,6,6,60.0,1.0,9965.75,1723.0,0.90302918,1.10738393,9,3,6
bc1qgeksu1kcyZqqaRq2a56yz1W7K,38,16,22,380.53859065,515.46974593,4.53022132,4.72908024,10.61850108,3.19293694,0,38,9,12,60.0,1.0,461.62162162,17.0,0.73823652,1.35457943,38,16,22
bc1qgiyNZCzKtVXDEnyvd5v9fxfx3,10,4,6,19.79040985,18.38621022,4.94760246,3.06436837,6.14819303,2.67592962,0,10,5,7,60.0,1.0,1395.55555556,28.0,1.07637243,0.92904646,10,4,6
bc1qgoWeQVBcyQuryYNhndPqa9ap8,21,6,15,70.53070229,230.12184109,11.75511705,3.90037019,24.52084973,12.71135356,0,20,8,9,60.0,1.0,1042.1,50.0,0.30649286,3.2627187,21,6,15
bc1qgqpHjiB4K6SK8ProEVK3sskwQ,3,1,2,4.18645968,11.97015727,4.18645968,5.98507863,7.28516699,1.84571541,0,3,3,3,60.0,1.0,5813.0,1823.0,0.34974141,2.85925536,3,1,2
bc1qgwSKJLWrvYxCMtyt1bKkCGpAz,22,7,15,94.41355396,183.0159647,13.48765057,3.32756299,23.7197493,21.66319576,0,22,7,8,60.0,1.0,1146.33333333,0.0,0.51587606,1.93845012,22,7,15
bc1qgwdKSJ5ZDtftZwL8TWGKvWahN,27,5,22,48.27570449,372.50327107,9.6551409,4.28164679,17.56225213,5.74800353,0,27,7,11,60.0,1.0,755.34615385,7.0,0.12959807,7.71616437,27,5,22
bc1qh7E2KdgPw4LGZdkqSKi7SJP3a,2,0,2,0.0,11.55425681,0.0,5.77712841,9.79946379,16.17918195,0,2,1,1,60.0,1.0,1674.0,1674.0,0.0,11554256810.0,2,0,2
bc1qh7WRpNGfX3MLcrnwVEgT71k9e,12,6,6,3.71057403,5.3185894,0.618429,0.88643157,1.47975689,0.19574417,0,12,5,5,60.0,1.0,9507.90909091,238.0,0.69766131,1.43336027,12,6,6
bc1qhAfzsTpfKoQH6jkvdty8vFouW,3,0,3,0.0,18.57915773,0.0,6.19305258,11.67971747,17.96257989,0,3,1,1,60.0,1.0,2096.0,165.0,0.0,18579157729.999996,3,0,3
bc1qhBjtsEj7QdThGXb6sF8yivg5Q,32,14,18,311.869262,373.23405405,4.87295722,4.44326255,9.39899672,3.01481693,0,32,8,11,60.0,1.0,433.64516129,1.0,0.8355863,1.19676448,32,14,18
bc1qhRBSucEZHcZVTEa2xA2kXS6AG,20,7,13,116.42909963,172.32328858,16.63272852,3.66645295,24.33191253,28.60603128,0,20,5,9,60.0,1.0,1067.68421053,2.0,0.67564344,1.48007061,20,7,13
bc1qhcoTbo8wyat4fXjaaVMJDvdKG,7,2,5,1.8349207,5.2956151,0.91746035,1.05912302,1.42841446,0.18309809,0,7,5,5,60.0,1.0,13008.16666667,5081.0,0.34649812,2.88601851,7,2,5
bc1qhmDjXZPgQhJ6XUs4sugj2fDY7,10,6,4,26.72760667,21.87643829,4.45460111,5.46910957,7.85643584,5.60048492,0,10,4,5,60.0,1.0,1571.55555556,33.0,1.22175312,0.81849597,10,6,4
bc1qhy3bpYfkg7pgTAhGoLun6jfdk,18,5,13,75.47619931,167.40437582,15.09523986,3.48759116,20.90411675,20.50999334,0,18,8,9,60.0,1.0,1262.05882353,104.0,0.45086157,2.2179757,18,5,13
bc1qi3EFzDVxGSELUyRdBvQHc69q6,3,2,1,2.27069655,0.31838402,1.13534827,0.31838402,1.38286139,0.18915974,0,3,2,2,60.0,1.0,21569.0,13728.0,7.13194258,0.14021425,3,2,1
bc1qi4W2EFiga96KVckvArGDVioyA,17,4,13,72.70776055,148.25740109,18.17694014,2.74550743,23.9921443,20.83293726,0,17,8,11,60.0,1.0,1012.0625,225.0,0.49041572,2.03908634,17,4,13
bc1qi7AWy7p8G2zWCJ2XjaVPH8c6P,7,0,7,0.0,5.72978288,0.0,0.81854041,1.33616472,0.12038561,0,7,6,4,60.0,1.0,8489.5,1980.0,0.0,5729782880.0,7,0,7
bc1qiPMbrDbYwERc3xWCfSUo5wxa4,13,7,6,193.89855013,147.931267,27.69979288,24.65521117,39.29202465,90.89738733,0,13,6,6,60.0,1.0,657.08333333,156.0,1.31073406,0.76293127,13,7,6
bc1qiQW5TLSquja97rn1v1DkpX1vq,6,3,3,8.53828471,14.85366145,2.8460949,4.95122048,7.33144329,3.87704619,0,6,4,4,60.0,1.0,2588.2,1824.0,0.57482694,1.73965404,6,3,3
bc1qiXjxaVEzZqya4875tE3iPCkeA,33,17,16,386.38718109,342.98761106,4.71203879,4.51299488,10.86060037,4.5348424,0,32,9,12,60.0,1.0,515.78125,0.0,1.12653393,0.88767855,33,17,16
bc1qiaYDvEduXZPPgzcw9t5VUhRx5,10,6,4,2.67165659,2.92480166,0.4452761,0.73120041,1.08557253,0.13354796,0,10,4,4,60.0,1.0,9289.0,403.0,0.91344881,1.0947521,10,6,4
bc1qieyKTmtsrXm9EAhJaVTGCgm3f,5,3,2,1.0067886,0.90328655,0.3355962,0.45164328,0.78876925,0.09386662,0,5,3,3,60.0,1.0,17691.75,402.0,1.11458385,0.89719585,5,3,2
bc1qihQqkk8XTdjRb2zihRKQwnPLL,10,3,7,3.73041943,20.54540893,1.24347314,2.93505842,6.74796714,3.35933428,0,10,5,6,60.0,1.0,1491.44444444,245.0,0.18156949,5.50753322,10,3,7
bc1qj6TWQw256QDw9hVp2rEvLr7vz,44,20,24,401.31762617,553.2790659,4.56042757,4.42623253,8.87496329,3.39883935,0,44,9,11,60.0,1.0,384.0,1.0,0.72534396,1.37865628,44,20,24
bc1qj6a87tfgJCc8YuyncGK9ri1TH,48,25,23,622.5092157,505.97642625,5.02023561,4.86515794,9.64440367,3.83311646,0,45,9,12,60.0,1.0,358.21276596,0.0,1.23031269,0.8128015,48,25,23
bc1qj7z1U5YEhtkwxnMTxG7TDv7Bf,18,3,15,34.47990362,190.68575924,11.49330121,3.02675808,16.11210747,8.14966644,0,17,8,10,60.0,1.0,1246.94117647,11.0,0.18082055,5.5303449,18,3,15
bc1qjMGif8AbWZZjHxbpRtgdeUeaZ,10,5,5,4.92535044,4.50353192,0.98507009,0.90070638,1.35639915,0.15907583,0,10,5,5,60.0,1.0,8346.44444444,1494.0,1.09366393,0.91435766,10,5,5
bc1qjZHBokNWfe5FRR972DaxZkTuA,8,4,4,3.56153871,3.50188002,0.89038468,0.87547,1.45570107,0.15656356,0,8,5,4,60.0,1.0,10708.14285714,60.0,1.01703619,0.98324918,8,4,4
bc1qjmiDp9o9JxfRXEW6eTXMNrVe8,41,17,24,413.12152106,542.13648971,4.86025319,4.63364521,9.34148098,3.17489384,0,39,9,12,60.0,1.0,429.4,9.0,0.76202493,1.31229302,41,17,24
bc1qk9nRapG7MaeDurQW7AnUvT664,10,6,4,5.03796157,3.76160349,0.83966026,0.94040087,1.36215499,0.12785825,0,10,4,5,60.0,1.0,7739.66666667,1975.0,1.33931223,0.74665188,10,6,4
bc1qkLwu29LzWjx1Bacti6K689vbW,12,5,7,67.7094032,120.23728082,13.54188064,4.6245108,19.51013119,19.02279799,0,12,6,4,60.0,1.0,1650.45454545,434.0,0.56313152,1.77578409,12,5,7
bc1qkM691dm35c6YjLqdWGr586Kzf,33,19,14,436.53915136,260.36296012,4.96067217,3.66708395,7.99810952,3.59709717,0,32,9,10,60.0,1.0,547.6875,27.0,1.67665612,0.59642522,33,19,14
bc1qkP5Ugm8GdwQmpyA6M4p8vTzLu,14,3,11,26.7443097,130.8852943,8.9147699,3.04384405,12.88332447,6.19546102,0,14,6,8,60.0,1.0,1529.30769231,5.0,0.20433395,4.89394925,14,3,11
bc1qkSFYtYUUQfgyPgf3BjFJKrt9F,8,4,4,103.3662154,92.99538643,25.84155385,23.24884661,36.58957807,42.23543302,0,8,4,4,60.0,1.0,1400.14285714,10.0,1.11151982,0.89966907,8,4,4
bc1qka6ijUZQ2QLCENrYDF9A5Kws7,6,4,2,1.27893543,1.66513701,0.31973386,0.83256851,1.01070686,0.09475353,0,6,3,3,60.0,1.0,15178.2,1317.0,0.76806618,1.30197113,6,4,2
bc1qkkqwW6yaKAbsQeRhdGANd7K2r,10,8,2,4.4047608,1.4163358,0.5505951,0.7081679,1.42130522,0.20859961,0,10,3,2,60.0,1.0,6849.11111111,125.0,3.10996926,0.32154659,10,8,2
bc1qknPWPUWTTW2c2rT6q9gLsGeZQ,10,3,7,2.33791033,6.0628783,0.77930344,0.86612547,1.29976969,0.07248685,0,10,6,7,60.0,1.0,8143.0,103.0,0.38561063,2.5932895,10,3,7
bc1qkp2cX4RrRm9UmUc98V8zgzQPD,5,3,2,2.23879836,2.28874834,0.74626612,1.14437417,1.21963016,0.15165527,0,5,2,3,60.0,1.0,13484.75,7730.0,0.97817585,1.02231107,5,3,2
bc1qkrVzFRrii3gw4ZNVNFrpWfLVS,26,12,14,305.19773616,328.66246782,5.26202993,4.69517811,9.13098938,3.87509438,0,26,9,11,60.0,1.0,622.96,0.0,0.92860538,1.0768837,26,12,14
bc1qksCBC6gxRgkGYeAFWhHWHj1zt,7,0,7,0.0,5.67799651,0.0,0.81114236,1.29731107,0.17292327,0,7,5,6,60.0,1.0,9347.0,2725.0,0.0,5677996509.999999,7,0,7
bc1qkymTdZpvxmzvQbMVJg5q64Sit,11,6,5,29.86038466,23.09891562,4.97673078,4.61978312,7.83725534,6.67404203,0,10,4,4,60.0,1.0,1339.1,382.0,1.29271803,0.7735639,11,6,5
bc1qm1ysZWZnoaHLwFKnJc8BF3bGK,9,3,6,1.90480946,3.59479963,0.63493649,0.59913327,1.24310939,0.10915056,0,9,6,7,60.0,1.0,9158.25,1555.0,0.52987917,1.88722269,9,3,6
bc1qm2wyqdRX1PLqRwzvTbppbtfzF,11,5,6,1.76630864,3.59069175,0.35326173,0.59844862,1.09415003,0.13026605,0,11,6,5,60.0,1.0,10265.7,3052.0,0.49191319,2.032879,11,5,6
bc1qmBKqqeCB1usCZjzc5PsiC4Zex,4,0,4,0.0,32.56385818,0.0,8.14096454,11.6994052,14.85179024,0,4,1,1,60.0,1.0,2608.0,91.0,0.0,32563858179.999996,4,0,4
bc1qmDgjrnw15coiWRrmxfBvV4JwG,30,15,15,338.78255995,278.07202861,4.5781427,3.61132505,8.4561007,3.31488311,0,29,9,11,60.0,1.0,575.06896552,45.0,1.21832664,0.82079794,30,15,15
bc1qmRVmsWKuDR4vHbg1xeaNfAV7H,32,18,14,440.01423258,322.97069743,4.88904703,4.36446888,7.81192768,2.96493038,0,32,9,11,60.0,1.0,506.03225806,4.0,1.36239676,0.73400057,32,18,14
bc1qmS3mrV9jmF5h88BzsY5CbMBpH,8,6,2,4.79118463,2.10480586,0.79853077,1.05240293,1.43432936,0.19290718,0,8,2,2,60.0,1.0,13360.71428571,1110.0,2.27630715,0.43930803,8,6,2
bc1qmkTEpY6GVeebX1a2xtmwNGZCb,33,20,13,465.24150692,237.82275947,4.47347603,3.65881168,7.76589774,3.51367323,0,31,8,12,60.0,1.0,499.375,6.0,1.95625309,0.5111813,33,20,13
bc1qmobr6uoVHKC3MH4hQz6zQmjMT,4,0,4,0.0,23.76601125,0.0,5.94150281,6.18019506,0.07963621,0,4,1,1,60.0,1.0,1587.66666667,199.0,0.0,23766011249.999996,4,0,4
bc1qn23GaLNYSpB2PkPPhLGZJt4hH,3,2,1,1.03895595,0.0940963,0.51947798,0.0940963,0.77005441,0.08207005,0,3,1,2,60.0,1.0,10388.0,6773.0,11.0414113,0.09056813,3,2,1
bc1qnmHZKi9LyfNwpgZch5i6KPVhb,6,2,4,0.13006092,4.37346356,0.06503046,1.09336589,1.35487189,0.28601683,0,6,4,5,60.0,1.0,14695.8,1444.0,0.02973865,33.6262696,6,2,4
bc1qnpu94aCbyFt9G4Zwfby5Gbc6N,11,6,5,5.29793998,1.07772835,0.88299,0.21554567,1.31350181,0.18521143,0,11,6,5,60.0,1.0,7249.9,993.0,4.91583986,0.20342404,11,6,5
bc1qnqY5bThiBKLWxxPTDx5tt79h5,11,7,4,21.4014993,16.36219114,3.05735704,4.09054779,5.85467386,2.84851984,0,10,4,5,60.0,1.0,1484.3,38.0,1.30798492,0.76453481,11,7,4
bc1qnxpX8keVKNE5xKQeQP1c44Ahg,43,19,24,436.77778442,505.63489025,4.64657217,4.32166573,9.59772925,3.1164777,0,42,9,12,60.0,1.0,418.14285714,18.0,0.8638205,1.15764791,43,19,24
bc1qo3GZQubcSkJhmp2jVbb1ASMBf,17,3,14,43.4596444,216.38082899,14.48654813,4.00705239,21.60874977,12.92438379,0,17,7,8,60.0,1.0,1391.5625,4.0,0.20084794,4.97889092,17,3,14
bc1qo7zHiFWKHW47uCx3wKQtkMUp8,5,4,1,3.93127728,1.41012412,0.98281932,1.41012412,1.46680461,0.13066509,0,5,2,2,60.0,1.0,13918.5,10093.0,2.7878945,0.35869363,5,4,1
bc1qoA39DTcnHzyqwwcPzQVhn8U5X,7,4,3,3.51126645,2.73142804,0.87781661,0.91047601,1.31039018,0.13244905,0,7,3,4,60.0,1.0,14681.5,6139.0,1.28550575,0.77790395,7,4,3
bc1qoADsptcuPwaRwNjGvgAxXjtRc,18,3,15,34.95453018,180.28346014,11.65151006,3.2193475,21.15156619,10.54448143,0,17,8,10,60.0,1.0,1382.70588235,11.0,0.19388651,5.15765651,18,3,15
bc1qoCHRWLWKRcfX5N9nXDAD11xZo,6,3,3,1.58663708,2.82676083,0.52887903,0.94225361,1.48912252,0.20422553,0,6,3,4,60.0,1.0,16351.2,5669.0,0.56129159,1.78160517,6,3,3
bc1qoGBWRJhmcFkMvrr4Fu3tMSJ5E,10,6,4,2.20115312,2.04373392,0.36685885,0.51093348,1.24318482,0.15490661,0,10,5,5,60.0,1.0,7730.88888889,300.0,1.07702529,0.9284833,10,6,4
bc1qoTKADNFRdvGYcikNHquYoipYW,7,3,4,1.67291684,2.86100768,0.55763895,0.71525192,1.25455528,0.16233056,0,7,3,4,60.0,1.0,8402.83333333,722.0,0.58472994,1.71019121,7,3,4
bc1qopAGYGhDVdr5sC796648aWZ3G,25,5,20,88.70837496,235.36316459,17.74167499,2.94203956,23.63279203,16.10683684,0,25,8,9,60.0,1.0,791.20833333,70.0,0.37689999,2.65322372,25,5,20
bc1qot72T7mpRiRmg624zqyvwmoah,31,5,26,68.29846061,341.41427042,13.65969212,3.31470165,24.76513953,9.5353171,0,30,8,10,60.0,1.0,595.26666667,1.0,0.20004571,4.99885748,31,5,26
bc1qp7jDAnHpN9wmVmNTVv7ehN4ut,4,0,4,0.0,27.0215337,0.0,6.75538342,11.43464214,8.41348007,0,4,1,1,60.0,1.0,2139.66666667,43.0,0.0,27021533699.999996,4,0,4
bc1qpPzo2aMNeCNshUBdXsCRRdqwA,6,4,2,9.09245751,8.82850072,2.27311438,4.41425036,6.3976132,3.41776317,0,6,3,3,60.0,1.0,3197.4,100.0,1.02989826,0.9709697,6,4,2
bc1qpx9fJCWn4v95P4i7EyHvwFhGd,6,4,2,11.53311079,8.66306505,2.8832777,4.33153253,7.06243872,4.9010405,0,6,2,3,60.0,1.0,2495.8,111.0,1.3312968,0.7511473,6,4,2
bc1qqBQ3pqBYHfSuAsGcFZKK4qkvF,8,0,8,0.0,44.71423081,0.0,5.58927885,10.98144097,6.1029207,0,8,1,1,60.0,1.0,1080.14285714,142.0,0.0,44714230810.0,8,0,8
bc1qqJCdzp1vTfUdh4mLPzAaftbU1,19,2,17,20.2791294,243.78897598,10.1395647,3.75059963,11.81359521,5.34818305,0,18,8,8,60.0,1.0,1022.38888889,63.0,0.08318313,12.02166874,19,2,17
bc1qqJcPvGA2ceMqFBtuREbg2B6dp,8,6,2,3.83759754,0.99949545,0.63959959,0.49974773,0.99434219,0.10896446,0,8,3,2,60.0,1.0,12012.28571429,4175.0,3.83953478,0.26044822,8,6,2
bc1qqbh3bbo1xSWvcA7J6VJTaw7sF,11,6,5,1.98252303,3.26438952,0.33042051,0.6528779,1.15583478,0.15241462,0,11,5,5,60.0,1.0,8808.6,696.0,0.60731816,1.6465834,11,6,5
bc1qqd8aqDraTyJaqbDR9TeT6TmDR,9,4,5,96.11520673,148.89495717,24.02880168,29.77899143,39.81743918,108.14034904,0,9,4,5,60.0,1.0,1024.125,220.0,0.64552359,1.54913007,9,4,5
bc1qqdKuu54y62ChYU3Xtb8kxfM8S,7,1,6,7.98844082,33.19598348,7.98844082,5.53266391,7.98844082,2.40581438,0,7,5,5,60.0,1.0,2287.83333333,371.0,0.2406448,4.15550221,7,1,6
bc1qqhMZbbSFwSYqWKuVBxCSK1bvN,12,8,4,4.49235461,3.07691888,0.56154433,0.76922972,0.92946818,0.0537782,0,12,3,5,60.0,1.0,6562.27272727,152.0,1.46001724,0.68492342,12,8,4
bc1qqt4zST5MmyLPgxZNZSRFPUMnv,7,3,4,14.32713531,14.65714175,4.77571177,3.66428544,7.87587651,5.39317785,0,7,5,4,60.0,1.0,2029.83333333,1017.0,0.97748494,1.02303367,7,3,4
bc1qr4MrymqVw2DqwdgRxrE4USxW2,7,6,1,33.82928712,6.9126473,5.63821452,6.9126473,7.06906319,1.01451024,0,7,1,2,60.0,1.0,2451.83333333,704.0,4.89382514,0.20433914,7,6,1
bc1qrFxVsUsqSpdrskfVRb8pkzRr1,14,5,9,19.37629188,45.29633945,3.87525838,5.03292661,7.2081964,2.55401108,0,14,6,8,60.0,1.0,1198.38461538,63.0,0.42776728,2.33771971,14,5,9
bc1qrGkfTnWCVPtWZKJUanyuFLhw6,9,5,4,4.51030025,2.98321067,0.90206005,0.74580267,1.19408291,0.04002151,0,9,4,5,60.0,1.0,10685.625,1434.0,1.51189465,0.66142175,9,5,4
bc1qrUiu5pkA2WnN3654CsHc5duFH,11,5,6,4.36666976,4.70745856,0.87333395,0.78457643,1.28892164,0.08470667,0,11,4,7,60.0,1.0,10094.6,1503.0,0.92760663,1.07804318,11,5,6
bc1qrcA6nJAoDUe6KF3XPGtkhRUSz,6,2,4,1.47166932,3.14539678,0.73583466,0.7863492,1.44774627,0.18239477,0,6,4,5,60.0,1.0,13217.6,3855.0,0.46788034,2.1372986,6,2,4
bc1qrf5iNRnppoRiiscwUtFFH8K68,8,6,2,5.17387163,1.0108567,0.86231194,0.50542835,1.35544223,0.11970124,0,8,3,2,60.0,1.0,12344.57142857,5345.0,5.11830374,0.19537723,8,6,2
bc1qrxmx86XxgVAuqTegfgJdma7iB,14,2,12,21.26500915,170.29186229,10.63250458,3.54774713,12.53428013,5.06859555,0,13,6,8,60.0,1.0,1799.23076923,349.0,0.1248739,8.00807849,14,2,12
bc1qrzgaoWP8WQVsg2DBD1ucab4sU,10,4,6,8.90976137,23.08273171,2.22744034,3.84712195,5.29451199,2.36941756,0,10,5,4,60.0,1.0,1658.22222222,439.0,0.3859925,2.5907239,10,4,6
bc1qsFWgjBUK2MEnAhuVDifUaaQgE,10,8,2,26.056724,11.31185593,3.2570905,5.65592797,7.66954669,3.79075354,0,10,3,2,60.0,1.0,1515.77777778,266.0,2.30348797,0.43412426,10,8,2
bc1qsLAWEpJHenYdupfAzxQ8twifX,5,0,5,0.0,45.61493248,0.0,9.1229865,11.46947175,4.7964018,0,5,1,1,60.0,1.0,2649.75,1123.0,0.0,45614932480.0,5,0,5
bc1qsqRX74STMpU2BKeBDQyVVVK6j,4,0,4,0.0,21.90878025,0.0,5.47719506,5.80032127,0.13502554,0,4,1,1,60.0,1.0,895.66666667,146.0,0.0,21908780250.0,4,0,4
bc1qswwcWj3ZjZL1YNnMqDmct1QDp,3,0,3,0.0,19.94864495,0.0,6.64954832,9.47066932,11.27092929,0,3,1,1,60.0,1.0,2692.0,253.0,0.0,19948644950.0,3,0,3
bc1qt6fKfdre8DShsoQ3yPN8d7jup,8,3,5,11.44727556,25.03559221,3.81575852,5.00711844,6.8378472,2.35262027,0,8,5,4,60.0,1.0,1594.14285714,331.0,0.45724006,2.18703499,8,3,5
bc1qtGnBLc1cT6Fv8W8ivAYnKZnJT,6,1,5,0.25557856,4.09713162,0.25557856,0.81942632,1.47143766,0.16818284,0,6,4,4,60.0,1.0,10519.8,1887.0,0.06237988,16.03081111,6,1,5
bc1qtLUjbMDTSHgZWjqcCy2hnaxCd,2,1,1,0.11124325,1.17322559,0.11124325,1.17322559,1.17322559,0.28195162,0,2,2,1,60.0,1.0,1586.0,1586.0,0.09481829,10.5464879,2,1,1
bc1qtVPBQT2KzcefAxKSU9MVU46Da,6,0,6,0.0,42.88582115,0.0,7.14763686,11.31937979,13.80539573,0,6,1,1,60.0,1.0,1696.6,1130.0,0.0,42885821149.99999,6,0,6
bc1qtYwS8Qx23756Fg7NLa1LKCpDT,8,3,5,16.09334276,16.77115735,5.36444759,3.35423147,5.98477997,2.45599583,0,8,5,4,60.0,1.0,1739.57142857,175.0,0.95958451,1.0421177,8,3,5
bc1qtZVY3KziDMZ67Brbb1h5EjhrE,9,3,6,2.81432393,3.79743442,0.93810798,0.63290574,1.46531001,0.226917,0,9,5,6,60.0,1.0,13167.5,4251.0,0.74111192,1.34932386,9,3,6
bc1qtbrXWUuoeJMwGv6JyVGqWdgjR,9,5,4,3.92328977,2.60418063,0.78465795,0.65104516,1.46773095,0.21611564,0,9,3,4,60.0,1.0,9002.75,2303.0,1.50653519,0.66377474,9,5,4
bc1qtcKmsEgDqrGDyBKwGSBeU91tb,19,3,16,47.95306531,163.32899472,15.9843551,2.51275376,22.53348192,13.45913589,0,19,8,10,60.0,1.0,1191.72222222,64.0,0.29359799,3.40601781,19,3,16
bc1qtePGUqWhjXhzxuGJjdchhQCgX,13,2,11,33.25959161,150.70483012,16.62979581,3.42510978,22.35433518,14.92625123,0,13,5,8,60.0,1.0,1289.25,38.0,0.2206936,4.53116899,13,2,11
bc1qtkF4ZuQKK6aiLGTitxU4jCk2h,3,0,3,0.0,16.13580754,0.0,5.37860251,7.33401869,6.94615531,0,3,3,3,60.0,1.0,1905.0,1205.0,0.0,16135807540.0,3,0,3
bc1qtpFm6GQ1Ew2QcX984PQwwxru9,8,3,5,2.37372932,3.49877986,0.79124311,0.69975597,1.36633081,0.16292314,0,8,5,3,60.0,1.0,9378.85714286,453.0,0.67844489,1.47395907,8,3,5
bc1qttk4qEhr4HtFZ7tWVgfypZedA,8,5,3,19.42254918,5.87720805,3.88450984,1.95906935,5.96783582,4.31419194,0,8,3,4,60.0,1.0,1887.71428571,272.0,3.30472378,0.30259715,8,5,3
bc1qty5DzyW66SzCK57BJ8mAYAxEa,7,3,4,2.34088786,3.54744441,0.78029595,0.8868611,1.39342729,0.11249424,0,7,4,3,60.0,1.0,9771.16666667,621.0,0.65988007,1.51542689,7,3,4
bc1qu3iwQSb9y16XjQGh1VgTT7aUd,16,4,12,76.39946736,136.06478342,19.09986684,3.09238144,24.52819788,25.15035466,0,16,9,7,60.0,1.0,1255.93333333,4.0,0.56149332,1.78096508,16,4,12
bc1quadW35MQ3Afohty7RZo6NhpLU,5,4,1,1.78938194,0.18625833,0.44734548,0.18625833,0.6793371,0.03216632,0,5,2,2,60.0,1.0,15542.5,3296.0,9.60699014,0.10409087,5,4,1
bc1quuE4CA4iP3Aw3jdvfLN647TCB,3,2,1,0.84036892,0.66869786,0.42018446,0.66869786,0.66869786,0.0222893,0,3,2,2,60.0,1.0,15172.5,3814.0,1.2567244,0.79571941,3,2,1
bc1qv13pjhz9iPpPDfNxjCxhQSmEW,26,14,12,334.8451891,279.40571385,5.07341196,4.58042154,9.28941524,3.49662169,0,25,8,12,60.0,1.0,666.2,37.0,1.19841926,0.83443252,26,14,12
bc1qvnTSmGjf3r3o3HPEenc2Jmxzo,2,0,2,0.0,14.83072509,0.0,7.41536254,8.28413795,0.7547707,0,2,1,1,60.0,1.0,5169.0,5169.0,0.0,14830725089.999998,2,0,2
bc1qvpMMVJF5D9rre7A7BVWMT8bPr,6,4,2,4.53774666,1.17860352,1.13443666,0.58930176,1.48613295,0.09946,0,6,3,3,60.0,1.0,15370.6,1219.0,3.85010445,0.25973321,6,4,2
bc1qw38NPXgfb1BapH8Df2b2aZqAE,5,1,4,0.75574409,3.44567399,0.75574409,0.8614185,1.44636003,0.19362803,0,5,5,4,60.0,1.0,15445.0,4826.0,0.21933128,4.55931318,5,1,4
bc1qwLgi7aiS7LRyBcaFSEnNb4jQq,8,2,6,69.27441443,138.84747794,34.63720722,23.14124632,39.90420179,117.87494533,0,8,6,7,60.0,1.0,1106.28571429,35.0,0.49892454,2.0043111,8,2,6
bc1qwXjh4J3ePFn8Hzs6seU8PU3Yz,5,3,2,3.53543653,0.45760166,1.17847884,0.22880083,1.36377111,0.23648566,0,5,2,3,60.0,1.0,11779.0,4200.0,7.72601334,0.12943286,5,3,2
bc1qwbZQiBHdke5gyS2haK7omPkcr,7,0,7,0.0,45.33299186,0.0,6.47614169,10.86588358,10.26393448,0,7,1,1,60.0,1.0,1719.83333333,944.0,0.0,45332991860.0,7,0,7
bc1qxCH4RQhbFbxVAskXhANZx5CAM,15,4,11,52.59171373,106.34967476,13.14792843,2.65874187,22.33825828,16.25331324,0,15,6,9,60.0,1.0,1408.71428571,111.0,0.49451692,2.0221755,15,4,11
bc1qxKDtr9EySCBu8Se3sRfjqRcPw,16,4,12,60.94354642,167.75955726,15.23588661,3.22614533,19.82884216,17.24520845,0,16,7,9,60.0,1.0,1646.13333333,63.0,0.36327913,2.75270422,16,4,12
bc1qxTdJFNFmBZpU5Wcj1Qcy5Ga3N,2,0,2,0.0,14.15120789,0.0,7.07560394,9.10069287,4.10098515,0,2,1,1,60.0,1.0,176.0,176.0,0.0,14151207889.999998,2,0,2
bc1qxaSXgzBPiAewZMaQRxYiBxaXC,6,3,3,2.89223734,3.13876563,0.96407911,1.04625521,1.38309125,0.07563402,0,6,4,4,60.0,1.0,7507.8,112.0,0.92145693,1.08523792,6,3,3
bc1qxmEqpqFMPzJZkUJ45QPVYZav8,5,2,3,1.70322431,2.33190939,0.85161215,0.77730313,1.16270414,0.15928126,0,4,4,4,60.0,1.0,15219.25,2488.0,0.73039901,1.36911467,5,2,3
bc1qxqqBDD9aAgsF1929NSd7EEy1F,28,3,25,62.46455959,361.10459833,20.82151986,3.4721596,22.71326476,12.74337785,0,27,7,10,60.0,1.0,812.14814815,26.0,0.1729819,5.78095164,28,3,25
bc1qy1QM9RxvdTQbkCqXr52e51HE3,12,8,4,5.04441005,2.32578119,0.63055126,0.5814453,1.49459712,0.19502257,0,12,5,4,60.0,1.0,6638.63636364,65.0,2.16890999,0.46106109,12,8,4
bc1qy6vU8sDdHLgZbwsGmt4QdXEqU,7,4,3,2.17565621,2.04285326,0.54391405,0.68095109,1.30129444,0.13517046,0,7,4,4,60.0,1.0,10430.16666667,2742.0,1.06500856,0.93895959,7,4,3
bc1qyHB34i5K6JvJ9HS1iXFvYBGnw,4,2,2,9.79155385,14.24338434,4.89577692,7.12169217,7.53325048,3.60784648,0,4,2,3,60.0,1.0,3376.33333333,1791.0,0.68744574,1.45466027,4,2,2
bc1qyKyBaZLRGXoXGLhchrM4pG1uo,5,0,5,0.0,27.54172216,0.0,5.50834443,7.91518624,5.25291285,0,5,1,1,60.0,1.0,1206.25,113.0,0.0,27541722159.999996,5,0,5
bc1qyVyTwbVZwwJsgKXWv6jBe4hEQ,19,5,14,71.97065383,181.8483609,14.39413077,3.49708386,20.7330671,14.74831627,0,18,8,11,60.0,1.0,1320.22222222,277.0,0.3957729,2.52670153,19,5,14
bc1qyaMYZG4HsNMeRktyMkrVjSiuj,4,3,1,15.61771301,5.18324916,5.20590434,5.18324916,6.69164418,1.72144567,0,4,2,2,60.0,1.0,4086.0,64.0,3.01311253,0.33188273,4,3,1
bc1qyrcoxEUVyFTNuWSTo7MUMjHQA,8,6,2,5.19074798,0.70749012,0.86512466,0.35374506,1.30656204,0.12241562,0,8,3,3,60.0,1.0,6460.85714286,656.0,7.33684872,0.1362983,8,6,2
bc1qyueM2e9ud6vuaKZeeHPJjoeJp,39,22,17,491.11603256,408.95937838,4.76811682,4.86856403,7.95694238,2.62969225,0,39,9,11,60.0,1.0,437.63157895,18.0,1.20089197,0.83271437,39,22,17
bc1qyxQdDn53jFrK6wFx7RJWhvQBQ,6,1,5,0.43310661,4.50096823,0.43310661,0.90019365,1.27031597,0.05999235,0,6,2,6,60.0,1.0,11978.6,7004.0,0.09622521,10.39228709,6,1,5
bc1qz9RoJdE898KSsDerLsrVSCMiJ,17,4,13,72.54699501,215.67109809,18.13674875,4.22884506,24.60806554,24.65090321,0,17,7,8,60.0,1.0,1298.25,7.0,0.33637792,2.97284675,17,4,13
bc1qzCrR3LCFNxkewYFnVtm87B99p,2,2,0,1.96071113,0.0,0.98035556,0.0,1.24603684,0.07058654,0,2,1,1,60.0,1.0,17122.0,17122.0,1960711129.9999998,0.0,2,2,0
bc1qzDCjP26AwpJePPBwZrogGZd57,7,1,6,0.89081571,5.44561202,0.89081571,0.907602,1.46058067,0.17683863,0,7,6,4,60.0,1.0,14976.0,3230.0,0.16358413,6.1130624,7,1,6
bc1qzKPYNdNgdQQ2zNMziGmhR9dnh,10,4,6,12.35309182,26.87221441,3.08827295,4.4787024,7.54651882,5.83964866,0,9,5,6,60.0,1.0,1677.0,277.0,0.45969758,2.17534321,10,4,6
bc1qzU8keehX7RQngUPrSSrWTK3fg,19,4,15,54.83186211,202.57591891,13.70796553,3.49268826,19.03173824,10.79373231,0,19,8,9,60.0,1.0,1127.83333333,222.0,0.27067315,3.69449278,19,4,15
bc1qzmoMf5wCR1xeA1GF6ovHpUQTk,4,0,4,0.0,27.19563704,0.0,6.79890926,8.46301368,2.97847749,0,4,1,1,60.0,1.0,3085.66666667,372.0,0.0,27195637040.0,4,0,4
bc1qzrrCNUBoXEgUsJDkrDw8U6rA1,39,21,18,505.25198229,360.26977084,4.85819214,3.8738685,7.96579913,2.84192635,0,38,9,12,60.0,1.0,437.5,0.0,1.4024268,0.71304969,39,21,18
bc1qzsKjbV9dYmMaPfbZEm7ju3G3D,3,3,0,2.4938417,0.0,0.83128057,0.0,1.14071809,0.139875,0,3,1,1,60.0,1.0,16658.5,878.0,2493841700.0,0.0,3,3,0
bc1qzx5Aqy3YNx142Sgwrzgk6PQay,9,7,2,175.85705665,45.18786515,25.12243666,22.59393258,38.35957665,77.37965914,0,9,3,3,60.0,1.0,709.75,15.0,3.89168765,0.25695793,9,7,2
