wallet_id,transaction_count,incoming_transaction_count,outgoing_transaction_count,total_received,total_sent,average_received,average_sent,maximum_transaction,amount_variance,unique_counterparties,unique_ips,unique_asns,unique_countries,transactions_per_hour,transactions_per_day,average_time_between_transactions,minimum_time_between_transactions,fan_in_ratio,fan_out_ratio,graph_degree,graph_in_degree,graph_out_degree
113sZkjaeAMrsbvhMXZsDfnub3,42,23,19,410.99577641,369.99798177,3.77060345,4.35291743,9.39529844,2.86825995,219,40,9,11,9.20199501,220.8478803,391.2195122,2.0,1.11080545,0.90024765,42,23,19
1171czicykuTYfYtHHYU6eEVbt,8,8,0,42.44142777,0.0,5.30517847,0.0,9.07995969,6.72606019,1,8,1,1,2.54931715,61.18361153,1412.14285714,459.0,42441427769.99999,0.0,8,8,0
117CZmgXpLwmGBMk5BCNzWA1jX,4,1,3,0.60925574,3.44723967,0.60925574,1.14907989,1.24424077,0.06460538,4,4,2,1,0.14720113,3.53282722,24456.33333333,10920.0,0.17673727,5.65811603,4,1,3
1182Whs8pwEtgTT3NPcthE1hDm,5,2,3,1.44976416,2.68238758,0.72488208,0.89412919,1.3297287,0.19916134,5,5,2,3,0.18389395,4.41345491,19576.5,4031.0,0.54047527,1.8502234,5,2,3
118J4iu3qhmPuAuVb52QMiaj33,16,11,5,137.6347142,85.27531333,2.80887172,17.05506267,22.47197458,22.82835668,60,15,7,7,2.63504611,63.24110672,1366.2,167.0,1.6140042,0.61957707,16,11,5
119riRptaGcYcg3yEpLhPy4BfM,19,17,2,240.85367139,29.81279261,3.88473664,14.90639631,21.75384087,11.66925288,65,18,7,9,3.38876687,81.33040477,1062.33333333,71.0,8.07886985,0.12377969,19,17,2
11AvPVcY3kputf3gMg4AkWpfd1,10,5,5,152.58143944,124.03908771,30.51628789,24.80781754,36.38179867,63.34411607,9,10,4,3,4.86778846,116.82692308,739.55555556,34.0,1.23010772,0.81293693,10,5,5
11BGP53AtQzitNPw48gyoFNKNs,23,19,4,269.29115505,52.89347223,3.16813124,13.22336806,19.47092579,8.00173889,90,22,9,9,4.22264875,101.34357006,852.54545455,3.0,5.09119828,0.19641741,23,19,4
11CEYKEcyhYGKM4MB8fK1Mh1HX,2,2,0,11.75286319,0.0,5.87643159,0.0,10.13568751,18.14126095,1,2,1,1,1.37142857,32.91428571,2625.0,2625.0,11752863189.999998,0.0,2,2,0
11EiYyv6Wth4QcpyTuQsn4ugJa,7,3,4,3.26568684,3.43777988,1.08856228,0.85944497,1.36269117,0.08691951,7,7,4,4,0.29819838,7.15676123,12072.5,3058.0,0.94994065,1.05269735,7,3,4
11F8MbJRLFqfsHJzvq9c2mMHk2,29,14,15,293.44423467,358.6721309,4.07561437,4.91331686,7.84544738,2.59039434,189,27,9,10,6.52849741,156.68393782,551.42857143,23.0,0.81814061,1.22228379,29,14,15
11FTpqytsbd3t1xoGu4549VCK3,8,4,4,1.92652254,3.51444341,0.48163063,0.87861085,1.36505308,0.19963591,8,8,4,5,0.35142032,8.43408777,10244.14285714,2192.0,0.54817287,1.82424204,8,4,4
11HQJH52R7USHeW12kbKKspNc2,7,2,5,10.93957574,27.02331447,5.46978787,5.40466289,7.83797172,2.89654502,7,7,2,2,2.56197367,61.48736805,1405.16666667,160.0,0.40481991,2.47023423,7,2,5
11KWatYkqScboSyaWiaPsfdnvp,5,0,5,0.0,2.98392484,0.0,0.59678497,0.9364848,0.04103745,5,5,1,1,0.18486661,4.43679873,19473.5,3146.0,0.0,2983924840.0,5,0,5
11Ku8mmLQ3NjpREqDX3UfNi7w5,30,14,16,289.16850009,426.15276435,4.01622917,5.01356193,9.61848723,3.30835266,185,30,9,11,6.35191044,152.44585057,566.75862069,7.0,0.67855596,1.4737178,30,14,16
11MpqhjyVXzj9P1K3CNmutpbig,3,3,0,18.46290511,0.0,6.1543017,0.0,7.71872095,4.44640502,1,3,1,1,0.95604833,22.94516001,3765.5,1378.0,18462905110.0,0.0,3,3,0
11NuDkj5Fy7tvvjBoB3TZ7uMMc,8,6,2,4.01525048,0.95889658,0.66920841,0.47944829,1.21147967,0.11283383,8,8,6,7,0.32581713,7.81961109,11049.14285714,1186.0,4.18736552,0.23881364,8,6,2
11Ps4cP1j6nGkJXhJnBfmSFsTH,7,3,4,85.86842092,58.21756902,28.62280697,14.55439225,39.83127643,177.17486289,7,7,4,4,6.61764706,158.82352941,544.0,24.0,1.47495717,0.67798579,7,3,4
11U5kmcQm3TyfBfubWskFiaUsk,6,2,4,4.00669734,21.66084023,2.00334867,5.41521006,7.67250755,4.10487963,6,6,3,3,1.30029618,31.20710829,2768.6,218.0,0.18497423,5.40615834,6,2,4
11URMbKZKGwnqtsdF2q1JU4Fmt,2,2,0,15.37245923,0.0,7.68622962,0.0,11.40698431,13.8440155,1,2,1,1,0.70052539,16.81260946,5139.0,5139.0,15372459230.0,0.0,2,2,0
11USSKzUmQ7vZJXZsZYnzigWac,9,3,6,52.18379544,119.42986865,17.39459848,19.90497811,37.89253648,110.92928555,9,9,3,4,3.1151974,74.7647377,1155.625,5.0,0.43694091,2.28863899,9,3,6
11UWB4syv4pWaKET8yKAKJCUr1,8,3,5,1.67171169,4.77279065,0.55723723,0.95455813,1.13476263,0.10488777,8,8,3,3,0.24116448,5.78794752,14927.57142857,9361.0,0.35025875,2.85503217,8,3,5
11V8AyVdnpmW7VUEpM1TxsqKCm,1,1,0,8.29554689,0.0,8.29554689,0.0,8.29554689,0.0,1,1,1,1,0.0,0.0,0.0,0.0,8295546890.0,0.0,1,1,0
11aFbUccazhd8XakjiYsg5Q2Qt,6,3,3,2.08513127,2.65291997,0.69504376,0.88430666,1.09989023,0.09541527,6,6,4,3,0.29705911,7.12941875,12118.8,537.0,0.78597594,1.27230358,6,3,3
11deBjpybzJMx9J4DBn75PmFxN,23,20,3,346.37277889,30.43483495,4.74483259,10.14494498,12.55726923,6.83937642,81,23,8,7,3.47231356,83.33552545,1036.77272727,14.0,11.38080031,0.08786728,23,20,3
11eAHpTKE2Z8F9ACPWQ2H59BTS,6,2,4,75.13136856,62.60194791,37.56568428,15.65048698,39.88503459,128.89136345,6,6,3,2,3.96039604,95.04950495,909.0,96.0,1.20014426,0.83323316,6,2,4
11f1g8PDZuhxT2Cb9S9PHsB3H5,14,12,2,156.57965077,21.48338484,3.33148193,10.74169242,15.6577989,7.85068465,54,14,6,6,2.11105598,50.6653435,1705.30769231,253.0,7.28840692,0.13720419,14,12,2
11fqAzy97SceWKNtDuW8KVGvA3,9,5,4,14.49831606,22.47931891,2.89966321,5.61982973,7.84615027,5.9892499,9,9,4,4,1.95016251,46.80390033,1846.0,133.0,0.64496243,1.55047792,9,5,4
11iBZwXwYxB5qYMGNJ4ZFciRSu,8,5,3,2.87744198,2.50756788,0.5754884,0.83585596,1.13425183,0.08189859,8,8,4,6,0.42296782,10.15122778,8511.28571429,1202.0,1.14750313,0.87145732,8,5,3
11isgHKn6UL9Dn7RPJzuK8pDWC,17,12,5,145.69237519,67.38382566,3.03525782,13.47676513,22.68650504,13.71362996,63,17,7,9,3.07068984,73.69655614,1172.375,14.0,2.1621268,0.46250756,17,12,5
11m7iehqp6WRxNvyEuqCKwLaGH,7,1,6,3.68273434,30.04679652,3.68273434,5.00779942,6.31278136,1.25096222,7,7,2,2,1.8160417,43.58500084,1982.33333333,29.0,0.12256662,8.15882813,7,1,6
11mM6HimG8wRK6s5fgw6mDUQTL,8,4,4,93.04690022,98.26878898,23.26172505,24.56719724,37.13765836,97.77937266,8,8,5,4,2.54957507,61.1898017,1412.0,68.0,0.94686117,1.05612104,8,4,4
11o1aw2MZbtefx1NwiZ3b8J2DE,4,4,0,23.68877553,0.0,5.92219388,0.0,7.04131165,2.0597059,1,4,1,1,1.04226983,25.01447597,3454.0,2697.0,23688775530.0,0.0,4,4,0
11rDLfa9JtSycfhskTXi38SQRB,3,1,2,6.69275704,3.29516694,6.69275704,1.64758347,6.69275704,5.70692274,3,3,2,1,0.54356032,13.04544768,6623.0,3558.0,2.03108284,0.49234821,3,1,2
11raLN3mWivvcR2KGQTqyU3Nz3,23,20,3,255.08549464,35.55906956,3.07331921,11.85302319,16.32693237,7.14666081,85,23,9,9,3.84727485,92.33459633,935.72727273,5.0,7.17357056,0.13940059,23,20,3
11s7bpuNwn6D9XqdzVuBLNXAG4,6,3,3,3.96410421,3.22847099,1.32136807,1.076157,1.48244923,0.06200067,6,6,2,4,0.2428265,5.82783601,14825.4,718.0,1.22785809,0.81442637,6,3,3
11uxrD1AsZNEBzuWCXqRUectiF,18,15,3,207.9536979,55.8275597,3.40907701,18.60918657,19.68925168,13.30681789,68,18,9,9,2.61594358,62.78264586,1376.17647059,106.0,3.72492903,0.26846149,18,15,3
11xoaS7tRruuHuWnf2Lvhtjfd6,13,4,9,15.34047759,26.90719604,3.8351194,2.98968845,6.99394259,5.52328801,13,13,4,3,2.78691697,66.88600735,1291.75,109.0,0.57012546,1.75399989,13,4,9
11xoeKkMBMMyGmdRAMvQU6JJ7A,30,17,13,384.67916844,271.4741881,4.63468878,4.68058945,9.74569274,2.91025099,181,30,9,12,6.15566038,147.73584906,584.82758621,1.0,1.4170009,0.70571585,30,17,13
124NwspjSCSs3X1hCiKYKZuMzi,5,5,0,18.05916197,0.0,3.61183239,0.0,6.92727861,3.21682739,1,5,1,1,4.62873674,111.08968177,777.75,601.0,18059161970.0,0.0,5,5,0
125HjaGDGMJ4z78CVBbER1D1ZX,19,17,2,212.89091109,29.8494002,3.22561987,14.9247001,22.84277315,9.44730798,69,18,7,9,3.56357237,85.52573691,1010.22222222,82.0,7.13216713,0.14020984,19,17,2
125kdJRY36Jn5wAcy1HKV7yxB3,30,18,12,392.15200866,249.75576409,4.21668827,4.45992436,7.88976829,2.01887768,194,30,9,11,6.57058342,157.69400214,547.89655172,30.0,1.57014197,0.63688508,30,18,12
1276CJn76QwZuHbtahR41qzb17,6,1,5,1.11161303,3.81153325,1.11161303,0.76230665,1.36809824,0.21107097,6,6,2,2,0.34334109,8.24018617,10485.2,29.0,0.29164458,3.42883103,6,1,5
12AwfksV395GriQQRd3fAkVQQV,12,6,6,4.34033128,6.60915734,0.72338855,1.10152622,1.47978493,0.29392105,11,12,5,5,0.57600838,13.82420108,6249.90909091,173.0,0.65671478,1.52273108,12,6,6
12CWeznzDyW6HMminsBno868nV,5,3,2,2.19639385,1.18402129,0.73213128,0.59201065,1.33285751,0.11817535,5,5,3,4,0.14816796,3.55603116,24296.75,9128.0,1.85502902,0.53907513,5,3,2
12CsvCH1TsPwLyXHVtSmfN3ne2,19,13,6,216.77286986,62.06056305,4.0143124,10.34342718,17.57702801,9.21692722,73,19,8,9,3.28533766,78.84810383,1095.77777778,150.0,3.49292464,0.28629304,19,13,6
12DzBZAUXDMjLxg1LVeuqbRQV7,4,4,0,24.96117622,0.0,6.24029405,0.0,10.57012827,9.12430902,1,4,1,1,1.58102767,37.94466403,2277.0,1361.0,24961176219.999996,0.0,4,4,0
12HG6XcKA5Gf7FrUmfgYNHaFgE,27,12,15,265.0842115,311.44527103,4.6506002,4.58007752,10.42922965,3.09913172,163,27,9,11,6.22878818,149.49091635,577.96153846,0.0,0.85114219,1.17489182,27,12,15
12MZy7RqAgM6aYWfzzoJ5VRrDs,5,2,3,1.10431092,1.18308683,0.55215546,0.39436228,0.71141097,0.05308705,5,5,2,3,0.14620328,3.5088788,24623.25,15838.0,0.93341494,1.0713349,5,2,3
12NQ8LGYyYSeESUwGKGgtBNBfM,7,3,4,1.85539653,2.15831284,0.61846551,0.53957821,1.23763013,0.15013356,7,7,3,3,0.5201811,12.4843464,6920.66666667,1918.0,0.85965134,1.1632623,7,3,4
12RcDJrCT2QDGxabBuhLfneUeS,30,19,11,415.04332865,217.14703363,4.66340819,4.17590449,10.26603011,5.54509715,180,30,9,12,6.07012036,145.68288854,593.06896552,0.0,1.91134699,0.52319124,30,19,11
12SXiVjE2uSXmsyz8c9CpCTTyw,17,12,5,140.27653021,70.52039445,3.04948979,14.10407889,20.89497692,16.92085189,59,17,6,7,2.5366627,60.87990488,1419.1875,223.0,1.98916259,0.50272411,17,12,5
12Tehs5XvyTWyfdFMveFVHLziw,9,3,6,2.61054083,3.83200393,0.87018028,0.63866732,1.25296074,0.08907207,9,9,4,3,0.34395863,8.25500711,10466.375,51.0,0.68124691,1.46789657,9,3,6
12X6BCT3x4zc9yAZFiWVpJCWr4,6,2,4,9.13550689,20.01258986,4.56775344,5.00314746,7.85786812,7.66153946,6,6,2,3,1.72761301,41.46271235,2083.8,68.0,0.45648799,2.19063814,6,2,4
12Zd9iHKTnK3GN2VwTfQPsPfmt,10,6,4,26.12313003,19.78836483,4.353855,4.94709121,7.86549998,5.5157948,10,10,6,6,2.05063291,49.21518987,1755.55555556,63.0,1.32012575,0.75750359,10,6,4
12Zr2TwiE5oGeNgiKGMVbpsiJw,3,3,0,20.28942527,0.0,6.76314176,0.0,10.11864237,5.86568721,1,3,1,1,1.20020003,28.8048008,2999.5,2605.0,20289425269.999996,0.0,3,3,0
12bfSiNKTs7BMFS3RK24JVKaSW,21,16,5,201.10880628,47.97077867,3.1423251,9.59415573,24.48487613,9.58211023,76,20,7,11,3.35930574,80.62333784,1071.65,52.0,4.19231899,0.23853147,21,16,5
12cJ1kGg2pdCjijXSzXEqT2raT,34,15,19,300.50068019,398.06261487,3.85257282,4.62863506,7.99398003,2.95697823,198,34,9,12,7.75963423,186.23122142,463.93939394,26.0,0.75490807,1.32466461,34,15,19
12caUos3pgUke9MrFuGT37k1ep,38,19,19,402.83855204,454.12527034,4.19623492,4.780266,7.95552816,2.86465328,229,35,9,12,8.02941708,192.70601001,448.35135135,3.0,0.88706482,1.12731333,38,19,19
12cihX6xBq8aewqJPCGfimMdTr,4,0,4,0.0,12.50107838,0.0,3.12526959,6.37887289,3.91183588,4,4,1,1,0.77302985,18.55271634,4657.0,2543.0,0.0,12501078379.999998,4,0,4
12fDtctDVGfSMpBLzCuXjT1ntY,4,4,0,21.2147973,0.0,5.30369933,0.0,8.28317812,5.82302454,1,4,1,1,1.72882984,41.49191612,2082.33333333,1335.0,21214797300.0,0.0,4,4,0
12fqzNvHtqeEq2NovgUxUsopq4,11,7,4,4.29144582,3.22180088,0.61306369,0.80545022,1.40153413,0.21062163,10,11,6,6,0.51190899,12.28581585,7032.5,311.0,1.33200219,0.75074952,11,7,4
12j36KwiJ8vF1uRZiTxCH3smZV,12,7,5,73.90097342,73.35136131,2.63932048,14.67027226,22.24825681,25.47633607,47,12,4,5,1.76439137,42.34539298,2040.36363636,108.0,1.00749287,0.99256286,12,7,5
12jzxQqRRogNkWd32k8BJzbCrp,10,4,6,2.90876306,4.61208803,0.72719077,0.76868134,1.4893597,0.17893592,10,10,4,3,0.32855042,7.88521016,10957.22222222,1443.0,0.63068247,1.58558395,10,4,6
12mhAeT6Joefjq4sykwugL5UWd,39,23,16,477.50563337,342.67730892,4.18864591,4.75940707,9.16702353,3.76322734,211,39,8,11,9.9978075,239.94737996,360.07894737,5.0,1.39345565,0.71764035,39,23,16
12nTK4yH6954W3jwJkE52tPQs1,39,20,19,451.31354518,405.99197287,4.90558201,4.61354515,12.10193055,3.85753812,210,37,9,12,7.90751445,189.78034682,455.26315789,3.0,1.1116317,0.89957852,39,20,19
12qAWVR48jx9F7R9NvXQ6232ER,46,22,24,478.12362645,532.56127183,4.46844511,4.75501136,10.46406658,3.22411801,250,43,9,12,10.21501986,245.1604767,352.42222222,7.0,0.89778144,1.11385684,46,22,24
12r6wqAVcdRfN6tgiE1qKiZxQA,9,5,4,93.69840547,70.58752215,5.20546697,17.64688054,20.95444098,32.60640393,33,9,5,5,1.57661357,37.83872557,2283.375,249.0,1.32740749,0.75334817,9,5,4
12r7FW8AJDUPcMbQRLq9Ew2H5y,3,2,1,2.93696184,0.80977057,1.46848092,0.80977057,1.49314251,0.09682753,3,3,3,2,0.21429209,5.14301021,16799.5,7751.0,3.62690612,0.27571709,3,2,1
12rAidBroepPj26LDXJixpZD4g,6,2,4,1.13639095,2.3638957,0.56819548,0.59097393,0.85791467,0.03987131,6,6,3,3,0.17612007,4.22688179,20440.6,4389.0,0.48072804,2.08017822,6,2,4
12tmBKKmQRfWme6Z6KEFqmzyuR,51,19,32,400.12492493,645.62588892,4.4458325,4.51486636,10.05585234,3.41390183,251,50,9,12,11.01726037,264.41424899,326.76,0.0,0.61974734,1.61356079,51,19,32
12xTv7vRvNFwvzWFvvs1MEryxK,29,11,18,222.13666917,378.5641697,4.44273338,4.67363172,9.87908434,4.34741744,173,29,9,11,6.25387765,150.09306366,575.64285714,17.0,0.58678736,1.70419486,29,11,18
12xVDgXAdhT7pYPTNVYedtw4R8,11,7,4,148.55523417,88.0057344,21.22217631,22.0014336,39.66105329,83.9133255,11,11,5,6,4.43732282,106.49574757,811.3,98.0,1.68801766,0.59241086,11,7,4
12zVSaiwFAdrZVRtmc6ihpU3Pt,36,23,13,441.94435609,310.49314618,3.8429944,4.85145541,8.33512185,4.09951553,203,36,9,12,7.56711309,181.61071407,475.74285714,0.0,1.42336268,0.70256163,36,23,13
12zYVVfKSB4nVy9oSqxTj9f9P2,8,5,3,4.11955569,1.09679044,0.82391114,0.36559681,1.1337586,0.15379466,8,8,5,6,0.59319241,14.23661786,6068.85714286,2326.0,3.75600984,0.26623998,8,5,3
1314jpMEKXJf7UCHYQNL87j1kc,3,3,0,1.50302264,0.0,0.50100755,0.0,1.05981395,0.15913826,3,3,3,3,0.08901857,2.13644569,40441.0,39736.0,1503022639.9999998,0.0,3,3,0
134KA6kZUVHWn7xQ94GM6hd6da,7,4,3,25.06471368,15.35390819,6.26617842,5.1179694,7.58168434,2.61404051,7,7,3,4,1.67962675,40.31104199,2143.33333333,496.0,1.63246474,0.61257066,7,4,3
134ftExpjKQgTuBTCCaApttjCQ,10,4,6,3.6024971,4.95783646,0.90062427,0.82630608,1.30775932,0.11380789,10,10,4,5,0.3467206,8.32129442,10383.0,547.0,0.72662685,1.37622219,10,4,6
138X4fAThL3Vy4E2Zhb3ahzxw5,11,10,1,164.39881123,9.01898383,4.0097271,9.01898383,9.01898383,3.81315451,43,11,7,6,1.95058518,46.81404421,1845.6,8.0,18.22808582,0.0548604,11,10,1
138ajhCX9WeMQdRjez3Mm7hPxz,7,3,4,2.06796081,1.57039997,0.68932027,0.39259999,1.4963589,0.19154728,7,7,4,4,0.23120892,5.54901415,15570.33333333,2926.0,1.31683702,0.75939542,7,3,4
13Az7kF1R1d4uRrd8wFqh3db52,5,2,3,1.58695084,2.38651029,0.79347542,0.79550343,0.94995536,0.01832143,5,5,3,3,0.2616802,6.28032492,13757.25,464.0,0.66496711,1.50383379,5,2,3
13CqW2oSxaXNUqX4X6hwmbk8Bf,14,11,3,36.19251185,14.98386953,3.29022835,4.99462318,6.84073259,5.06532913,14,13,8,7,3.08158293,73.95799039,1168.23076923,2.0,2.41543159,0.41400469,14,11,3
13D2oeGYR5sbiLYbvtV23N4Nso,9,7,2,5.35234824,1.78573294,0.76462118,0.89286647,1.4478128,0.17531195,9,9,7,6,0.39872077,9.5692985,9028.875,1706.0,2.9972837,0.33363542,9,7,2
13Dx4ayEQRSyf6uxq2RAkW5MpE,5,4,1,4.07827972,0.38519411,1.01956993,0.38519411,1.35173538,0.1776094,5,5,3,5,0.23161179,5.55868303,15543.25,4695.0,10.58759626,0.09445014,5,4,1
13FtFnXuromny41bmeLAiEHz3E,13,6,7,31.13320962,31.53209585,5.18886827,4.50458512,7.54620831,4.46767529,13,13,5,5,4.32952495,103.90859892,831.5,30.0,0.98734983,1.01281224,13,6,7
13Fy4vNpjXdBNnth6YFFGPa8FT,33,14,19,303.92935344,450.20010083,4.40477324,4.94725386,8.94742814,3.72654795,204,32,9,10,7.39077436,177.37858472,487.09375,0.0,0.67509837,1.48126562,33,14,19
13FzwaTmzQWp6e7Z9huS5ed4Uj,6,3,3,3.10677072,1.46741861,1.03559024,0.48913954,1.46317146,0.24880866,6,6,3,4,0.30336738,7.28081707,11866.8,933.0,2.11716732,0.47232923,6,3,3
13J6Wn9L8oNNGxSf7MbNMWKwe2,21,14,7,198.40957876,116.30154379,3.81556882,16.61450626,24.9459858,28.45042104,73,20,8,9,3.40393343,81.69440242,1057.6,148.0,1.70599265,0.586169,21,14,7
13LhNvYaq8G7KQqxR9oQF4E4y9,32,17,15,365.49070073,348.89558751,4.56863376,4.98422268,8.28250689,2.64080928,191,32,8,11,6.7722556,162.53413435,531.58064516,8.0,1.0475647,0.95459498,32,17,15
13MnzkqFfk2RsHstd3donqYi1F,16,10,6,125.16458516,89.2465892,3.38282663,14.87443153,21.91449245,24.11177092,54,15,7,8,2.41437897,57.94509523,1491.06666667,9.0,1.40245791,0.71303388,16,10,6
13QR534TYdd1i2SdUuc45bRnVX,5,3,2,1.96563,1.03656633,0.65521,0.51828316,1.12210899,0.07208118,5,5,4,3,0.23575639,5.65815324,15270.0,48.0,1.89628965,0.5273456,5,3,2
13ZNWkFiknAYahia6KWU6tXLA9,4,4,0,3.13672937,0.0,0.78418234,0.0,1.2960416,0.11704054,4,4,4,3,0.18260825,4.38259811,19714.33333333,3283.0,3136729369.9999995,0.0,4,4,0
13ZQT1dpJs4tzRW7KjuZWaE52D,25,23,2,274.18858808,28.25419782,2.91689987,14.12709891,15.00351609,5.71551929,96,25,7,11,3.91180332,93.88327976,920.29166667,41.0,9.70434871,0.10304659,25,23,2
13ZXZbyCtc5PsCXbXD1KucUCMk,16,12,4,180.28560096,29.35801642,3.67929798,7.3395041,14.23770295,7.51005505,58,16,7,7,2.45120291,58.82886972,1468.66666667,68.0,6.14093263,0.16284171,16,12,4
13bNRoopy9abKE6ZcLaNqhB22y,8,6,2,4.45082551,2.11031708,0.74180425,1.05515854,1.41184518,0.19657622,8,8,6,5,0.59429757,14.26314176,6057.57142857,407.0,2.10907903,0.4741406,8,6,2
13d4smDpuSYkbxZ5BVqZRcrRSf,9,4,5,2.49539585,3.45939812,0.62384896,0.69187962,1.28555571,0.13053117,9,9,3,4,0.3272467,7.85392071,11000.875,673.0,0.72133815,1.38631236,9,4,5
13dJG5b7JFygmnSSS7FouymJYE,7,4,3,2.89153782,3.55739794,0.72288445,1.18579931,1.3822192,0.1456107,7,7,4,4,0.37937999,9.10511987,9489.16666667,912.0,0.81282383,1.23027889,7,4,3
13gh17SaMRKV8YvuVcH36f3AyW,19,17,2,288.15993282,37.92216273,4.17623091,18.96108137,22.73037108,9.08418725,72,18,9,10,2.79647851,67.11548421,1287.33333333,49.0,7.59872096,0.1316011,19,17,2
13hCGXRnRUejUfCrBdPFFbR6dH,22,16,6,231.40721289,77.22325613,3.79356087,12.87054269,24.69938521,16.81323854,77,20,8,9,4.14883108,99.571946,867.71428571,2.0,2.99660005,0.33371153,22,16,6
13jDrkH2NXEzSbzwoe74axp2Kt,7,7,0,50.07709078,0.0,7.15387011,0.0,11.74424815,7.92009778,1,7,1,1,2.48390064,59.61361546,1449.33333333,209.0,50077090779.99999,0.0,7,7,0
13jPxMxXWxbJcV9mbCefWhphyd,8,4,4,2.41118706,2.78794013,0.60279677,0.69698503,0.91297996,0.06510657,8,8,4,5,0.30189764,7.24554342,11924.57142857,1916.0,0.86486329,1.15625211,8,4,4
13kwrMVkz3P9i6aXgfkypFaJnu,16,14,2,200.16926026,19.58124967,3.28146328,9.79062483,10.95134577,5.43819074,66,16,7,8,2.87524626,69.00591023,1252.06666667,9.0,10.22249671,0.09782346,16,14,2
13nQL8Ny8f4dEWQvVqW1vwVvse,48,29,19,630.46154136,418.58067558,4.53569454,4.59978764,9.76230463,2.65618505,241,47,9,12,10.68114387,256.34745281,337.04255319,17.0,1.50618884,0.66392737,48,29,19
13ntZi85WuD2kRdsfFvaA5JM9b,6,4,2,97.75825694,58.97480609,24.43956424,29.48740305,38.39317862,153.94908882,6,6,2,4,3.39302545,81.43261074,1061.0,263.0,1.65762744,0.60327187,6,4,2
13q1r2rjm2xto26MBqpthe66mD,14,6,8,5.77179586,5.78895073,0.96196598,0.72361884,1.30311022,0.10428657,14,14,6,5,0.52146009,12.51504212,6903.69230769,2445.0,0.99703662,1.00297219,14,6,8
13tc2RgJ2gVctWuEuzixcY7uvb,3,3,0,17.02533318,0.0,5.67511106,0.0,10.98970788,17.38462609,1,3,1,1,0.82834791,19.88034975,4346.0,266.0,17025333180.0,0.0,3,3,0
13veRAbdEmUPitksKENmZcvpsJ,9,3,6,2.34362413,4.92319972,0.78120804,0.82053329,1.35788155,0.18978143,9,9,3,3,0.5311987,12.74876884,6777.125,666.0,0.47603678,2.10067803,9,3,6
13wXFDuWPLusxFF2jDSNJx5rJP,6,3,3,3.13354428,2.55148059,1.04451476,0.85049353,1.44422793,0.1250856,6,6,4,4,0.28897558,6.93541396,12457.8,2019.0,1.22812781,0.8142475,6,3,3
13yEU3ZgmqK55bLhg7FiNyggzC,5,0,5,0.0,3.46138907,0.0,0.69227781,1.14097054,0.11710948,5,5,1,1,0.31400597,7.5361434,11464.75,1087.0,0.0,3461389070.0,5,0,5
1422caRGsKpnSWGe8g11aadrrd,18,17,1,263.02421648,16.74256712,3.50698955,16.74256712,16.74256712,4.81071783,73,18,8,9,3.09606921,74.30566095,1162.76470588,22.0,15.70990963,0.06365409,18,17,1
145YPzo4gquU6kqznV1pk6MerQ,9,6,3,4.30914834,2.73929032,0.71819139,0.91309677,1.46452004,0.21730529,9,8,5,6,0.29183767,7.00410397,12335.625,767.0,1.57308932,0.63569181,9,6,3
146zCFpecrHuYBG2EJns939bKW,24,15,9,220.70538624,167.74945551,4.0128252,18.63882839,22.86024014,30.17193999,82,24,7,8,3.77582197,90.6197273,953.43478261,8.0,1.31568467,0.76006054,24,15,9
14AHMarwnakqUJ8hWieGffvRgX,7,7,0,155.10816687,0.0,22.15830955,0.0,36.2266796,105.48480215,7,7,7,6,3.09278351,74.22680412,1164.0,67.0,155108166869.99997,0.0,7,7,0
14AgwUjqiiQHK6ep3qsHDYWx3B,25,11,14,222.70355256,321.17409064,4.20195382,4.65469697,7.83860701,3.10613813,159,25,8,11,5.34818942,128.35654596,673.125,0.0,0.69340448,1.44215971,25,11,14
14Aqmj76jPtbTqeFc4vRuaTbkx,7,5,2,3.85199319,2.13692827,0.77039864,1.06846414,1.46302526,0.16473323,7,7,5,5,0.40811699,9.79480784,8821.0,1727.0,1.80258423,0.5547591,7,5,2
14Bdmf5rrH2SakbH5DDDWF69MP,4,2,2,1.25152845,2.00146332,0.62576422,1.00073166,1.40204342,0.17925072,4,4,3,3,0.22510786,5.40258874,15992.33333333,1632.0,0.62530671,1.5992152,4,2,2
14E9wpRjzHPBQVFG1gnq3WqruH,9,5,4,15.05688929,13.66810762,3.01137786,3.41702691,7.28730265,3.98088563,8,9,3,5,1.91451173,45.94828159,1880.375,90.0,1.10160746,0.90776437,9,5,4
14FSCupcfv5umWXMiiSuRB4tQi,9,4,5,2.9763239,3.75906519,0.74408097,0.75181304,1.37012608,0.17754175,9,9,2,4,0.34294696,8.2307271,10497.25,110.0,0.79177236,1.26298928,9,4,5
14HjHa8YkyWhGhTwzQMoT5f995,7,5,2,19.21992271,8.00697509,3.84398454,4.00348755,7.70592121,6.091226,7,7,4,5,1.73829068,41.71897634,2071.0,287.0,2.40039747,0.41659767,7,5,2
14K1eGzvt1nLMzL8bJ2qGfsnbA,19,17,2,253.68872303,21.14934723,3.52345449,10.57467361,16.90113219,4.76665049,76,19,8,11,3.00138953,72.03334877,1199.44444444,11.0,11.99510889,0.08336731,19,17,2
14K2VRnxwsBfRxgsRMCvpK7pMY,6,6,0,40.23814862,0.0,6.7063581,0.0,11.66799437,11.01890449,1,6,1,1,1.86663901,44.79933631,1928.6,640.0,40238148620.0,0.0,6,6,0
14KS3ATiCtALxYchf9AN7hscmA,4,4,0,24.96885029,0.0,6.24221257,0.0,8.91076295,5.10292517,1,4,1,1,1.24137931,29.79310345,2900.0,1810.0,24968850289.999996,0.0,4,4,0
14LN3nNoguebAu9knoTVFkt7Cq,18,11,7,121.52215342,83.13873625,3.19795141,11.87696232,21.5764711,20.42157096,58,17,7,7,3.02222222,72.53333333,1191.17647059,11.0,1.4616791,0.68414469,18,11,7
14QvK5ixw6gfZRWecspz3VtdiD,5,2,3,1.58029868,2.13270018,0.79014934,0.71090006,1.31249063,0.12643458,5,5,3,2,0.25991841,6.23804195,13850.5,9741.0,0.74098492,1.34955512,5,2,3
14RCuygNEQi4zRGvzhsoXxtG5w,15,13,2,162.1216376,37.9983218,3.1177238,18.9991609,23.62525916,15.94151168,54,15,8,8,2.7537974,66.09113758,1307.28571429,228.0,4.26654731,0.23438156,15,13,2
14SjrsHjwpHte3DQhpdGxK8YkX,36,21,15,442.58710041,336.43135429,4.3820505,4.60864869,10.26603011,3.15120648,202,35,8,12,8.5354288,204.85029129,421.77142857,0.0,1.31553464,0.76014722,36,21,15
14U8QgBXFcYJ4Bfg4Voo6UUxe2,11,6,5,3.62645162,2.71567162,0.6044086,0.54313432,1.48812206,0.2301493,11,11,4,5,0.57349497,13.76387937,6277.3,47.0,1.33537928,0.74885092,11,6,5
14XfvSt7UPFXYxrWkaH9JY7TKd,4,4,0,21.68013792,0.0,5.42003448,0.0,8.05849661,6.13116077,1,4,1,1,1.44520273,34.68486552,2491.0,1650.0,21680137920.0,0.0,4,4,0
14Z8dUoowvgNwLHpZWR7ktN1un,11,6,5,32.83114858,29.78128292,5.4718581,5.95625658,7.76685683,4.75923227,11,11,5,6,2.74202148,65.8085155,1312.9,122.0,1.10240881,0.90710451,11,6,5
14ZkQy48RQWg3QQCicn5cnrE9N,12,4,8,3.03046359,5.91972839,0.7576159,0.73996605,1.26405031,0.15458195,12,12,4,4,0.5516396,13.23935029,6526.0,812.0,0.51192612,1.95340687,12,4,8
14awh4QLf6HVWLJXFqQhEPrALV,11,8,3,84.04473154,41.23425216,3.00159756,13.74475072,23.68178785,22.30136956,38,11,6,8,3.75861349,90.20672374,957.8,150.0,2.03822616,0.49062269,11,8,3
14c53Z7ZUT7WjoduHPHe6rZ28p,13,10,3,6.03689379,2.62754908,0.60368938,0.87584969,1.43699951,0.23423054,13,12,5,8,0.48850542,11.72413013,7369.41666667,265.0,2.29753797,0.43524852,13,10,3
14jHdJSBLvQML2VwYy11MFPMiZ,4,4,0,31.07015439,0.0,7.7675386,0.0,10.22065042,7.55450234,1,4,1,1,1.56908325,37.65799797,2294.33333333,789.0,31070154389.999996,0.0,4,4,0
14kX4u7YcpQ2oC1Q4APjKdXBkq,7,3,4,9.29667634,23.75813112,3.09889211,5.93953278,7.50779686,3.94541212,6,7,4,3,2.13607595,51.26582278,1685.33333333,62.0,0.39130504,2.55555106,7,3,4
14r6idFbpow3CTyvC3vSsYCpxK,6,2,4,1.40855276,2.75158197,0.70427638,0.68789549,1.23282907,0.12152332,6,6,3,3,0.22135865,5.3126076,16263.2,1745.0,0.51190652,1.95348165,6,2,4
14rNPyuUTx8xrFpiwf1hrhR4La,10,5,5,4.49145328,5.19598309,0.89829066,1.03919662,1.48342957,0.20560204,10,10,5,5,0.40253448,9.66082743,8943.33333333,133.0,0.86440876,1.1568601,10,5,5
14tgNvHXk4oj4T4ssGdaw54Vdr,10,4,6,18.52118462,27.34399201,4.63029615,4.557332,7.47523855,5.40631742,10,10,5,5,2.58930712,62.14337089,1390.33333333,358.0,0.67734019,1.47636302,10,4,6
14tiKMt4p5cfR6SHCGrxS62wEB,9,3,6,2.44715818,5.10906693,0.81571939,0.85151115,1.42137291,0.14103791,9,9,3,4,0.27304531,6.5530874,13184.625,1786.0,0.47898339,2.08775508,9,3,6
14tq6AbGD6dNQZhenXde1FNtqx,19,13,6,160.63971593,80.58433445,3.34666075,13.43072241,17.76681952,13.21024533,66,18,6,7,3.06122449,73.46938776,1176.0,47.0,1.99343603,0.5016464,19,13,6
14tvqsur3D2JLGRi6udwsdM8W5,5,0,5,0.0,4.33221508,0.0,0.86644302,1.1841553,0.06740063,5,5,1,1,0.13987644,3.35703462,25737.0,18617.0,0.0,4332215080.0,5,0,5
14uKRtWzZBi3kEUg2Sm7MnsmP3,5,5,0,30.39238724,0.0,6.07847745,0.0,10.94762676,14.74643113,1,5,1,1,2.02304018,48.55296432,1779.5,489.0,30392387240.0,0.0,5,5,0
14uiyx157zNKS8XPszanmzni4b,16,9,7,149.47591607,84.82837097,4.27074046,12.11833871,17.46287748,13.53397035,56,15,6,6,2.57879656,61.89111748,1396.0,136.0,1.76209816,0.56750528,16,9,7
14wwXvTtxgXqzmUmdGwbm3zM7H,12,6,6,144.87248231,98.11168476,24.14541372,16.35194746,39.24494061,94.66756803,12,12,5,3,5.32616005,127.82784129,675.90909091,10.0,1.47660783,0.67722788,12,6,6
14xjE8GhUM1BsJe8SsG13esmXm,6,3,3,1.58505829,1.67571184,0.52835276,0.55857061,1.39398977,0.32112573,6,6,4,4,0.26574542,6.37788998,13546.8,2841.0,0.94590147,1.05719257,6,3,3
151tLy1vn3EwpBXE2Eq9LraCnV,8,3,5,17.62577214,19.13193601,5.87525738,3.8263872,7.7680658,5.25701221,8,8,3,2,1.6194332,38.86639676,2223.0,878.0,0.92127488,1.08545236,8,3,5
153FH6J6Dq5a78wwch7L1N6mnF,16,11,5,186.28707895,46.80070193,4.65717697,9.36014039,18.03468607,12.91901441,59,15,8,8,2.48527246,59.64653903,1448.53333333,15.0,3.98043344,0.25122892,16,11,5
154aK35MxXwgyeYi2S9ngya53d,6,6,0,33.47918193,0.0,5.57986366,0.0,10.75986618,8.64880685,1,6,1,1,1.57260178,37.74244277,2289.2,568.0,33479181930.0,0.0,6,6,0
154uAnwJADKkKYEyk4PpjXwumj,19,13,6,147.12213695,78.76122512,2.88474778,13.12687085,24.80115844,21.48858051,66,19,7,8,3.08131241,73.95149786,1168.33333333,14.0,1.86795135,0.53534585,19,13,6
15AT7UFmuBJnancykazezeNyVB,9,3,6,2.49704543,6.43603071,0.83234848,1.07267179,1.45568187,0.21439099,9,9,4,4,0.37946164,9.10707933,9487.125,534.0,0.3879791,2.5774584,9,3,6
15Bkqw1fPXe1YxGX83u2dkKvFa,9,3,6,2.86394328,5.84952194,0.95464776,0.97492032,1.4571167,0.19666627,9,9,4,4,0.33450643,8.02815429,10762.125,215.0,0.48960296,2.0424713,9,3,6
15CDhgYCbEP7xkAfQdCzVnwyrC,8,4,4,3.74860356,3.84380061,0.93715089,0.96095015,1.46134286,0.16392559,8,8,5,5,0.38509146,9.24219502,9348.42857143,855.0,0.97523361,1.02539534,8,4,4
15Cx43arNd3L4r2xCJ7kV3ESnH,12,5,7,86.768531,144.20419114,17.3537062,20.60059873,34.96023637,73.70919358,12,12,5,5,4.73967684,113.75224417,759.54545455,19.0,0.60170603,1.66194114,12,5,7
15FEeNTDC9HQ5ZAQSfS5e96Ain,6,1,5,2.95494,11.34174111,2.95494,2.26834822,3.65944957,0.90045503,6,6,2,2,2.41254524,57.90108565,1492.2,154.0,0.26053672,3.83823059,6,1,5
15Fkh25KLtTJs7gXBndvjK5j4E,29,18,11,353.36495397,246.12195443,4.01551084,4.73311451,8.69658434,2.87214129,176,29,9,12,6.41180586,153.88334075,561.46428571,30.0,1.43573114,0.69650924,29,18,11
15G9iyuyu8tMxM5E1MNX3aEhhU,9,3,6,2.75330096,6.53335666,0.91776699,1.08889278,1.30464737,0.06684467,9,9,3,3,0.43563098,10.45514362,8263.875,1433.0,0.42142211,2.37291773,9,3,6
15HFUXbTBh7t1Ytc5cW73gjSha,21,19,2,252.52709276,28.00712409,3.23752683,14.00356204,18.90463818,5.24579622,84,21,9,9,3.74609781,89.90634755,961.0,39.0,9.01653065,0.1109074,21,19,2
15LsFF3UH2fna2McYX6vNMmPfk,6,6,0,29.49886518,0.0,4.91647753,0.0,6.70912975,3.87438067,6,6,5,6,1.18133491,28.3520378,3047.4,889.0,29498865179.999996,0.0,6,6,0
15NfrgfSrM2hJsVYFPcRUCkejR,15,12,3,8.88341163,2.40516142,0.7402843,0.80172047,1.43185404,0.13751258,15,15,9,9,0.57412998,13.77911944,6270.35714286,391.0,3.69347835,0.27074749,15,12,3
15PTfoucpMWm2q4iiChVsi91SD,5,3,2,1.69408427,0.71813666,0.56469476,0.35906833,0.90886123,0.08917427,5,5,3,3,0.15746654,3.77919692,22862.0,10333.0,2.35899985,0.42390846,5,3,2
15PwxqdLrWzmHrWw1xPnF5vx63,16,14,2,168.22597895,31.60341186,3.05865416,15.80170593,16.34521261,10.45654655,58,16,8,9,2.94165713,70.5997712,1223.8,36.0,5.3230322,0.18786285,16,14,2
15QBLxAyywpaRYbQNHYy1s5ZeX,15,8,7,33.04051957,29.41312441,4.13006495,4.20187492,7.91124013,4.92712034,15,15,6,8,3.09183486,74.20403656,1164.35714286,127.0,1.12332573,0.89021374,15,8,7
15QZQ25QDk15VFkoh6UYt7MU4P,9,6,3,85.85718934,53.51993463,3.73292128,17.83997821,23.32487633,29.94466339,35,9,4,5,1.67198839,40.12772134,2153.125,347.0,1.60420953,0.62335997,9,6,3
15S49Gu9M7u2Yn6QPMbwY4teJh,18,17,1,239.89445598,5.50833453,3.86926542,5.50833453,8.03730719,4.66962584,65,17,9,10,3.12356454,74.96554892,1152.52941176,48.0,43.55117771,0.02296149,18,17,1
15U4mXdj7Yve7EbR46MsX7wmy6,17,14,3,171.95410921,37.53317265,2.91447643,12.51105755,21.73757165,8.28468465,64,17,8,7,3.18866253,76.5279008,1129.0,97.0,4.5813902,0.21827436,17,14,3
15UjS1t7e83f1LcaUSoo2pVEwp,7,1,6,4.54619835,32.63933019,4.54619835,5.43988837,7.84821859,4.26120056,7,7,2,2,1.57033806,37.68811341,2292.5,118.0,0.1392859,7.17947781,7,1,6
15Xx3oMx2NbEQDHPib5ePUMVnA,20,14,6,194.22726717,96.83916619,3.96382178,16.13986103,24.53202173,22.00710474,69,20,6,8,3.11050477,74.6521146,1157.36842105,74.0,2.00566852,0.49858688,20,14,6
15YwQvES7Ys2T5Yh5EkTRyMhVt,9,4,5,2.92309124,4.72336075,0.73077281,0.94467215,1.18975136,0.08460516,9,9,3,5,0.30526584,7.32638006,11793.0,829.0,0.61885835,1.61587866,9,4,5
15aoKKmDmwcS79Mqsext4wnLWi,6,3,3,2.1965027,2.0113581,0.73216757,0.6704527,0.89684151,0.02460607,6,6,2,4,0.20841052,5.00185254,17273.6,100.0,1.09204955,0.91570937,6,3,3
15fQvL8fzTRRLQ2MYDq2EUrhqA,9,6,3,4.65339855,2.96565893,0.77556643,0.98855298,1.41897936,0.13214982,9,9,5,6,0.2680516,6.4332384,13430.25,6254.0,1.56909431,0.63731032,9,6,3
15fsgwX7t8kwQFFuGyJseVBgUv,10,5,5,20.51726613,22.67790477,4.10345323,4.53558095,7.48751608,3.94934696,10,10,5,6,2.13410618,51.21854828,1686.88888889,45.0,0.90472494,1.10530831,10,5,5
15i2AoyYjU969itTxWzsmfUgCW,6,2,4,1.50511884,2.74649507,0.75255942,0.68662377,1.18998608,0.13419806,6,6,3,3,0.26730027,6.41520642,13468.0,3456.0,0.5480144,1.82476958,6,2,4
15iRYAC82tuHMxnrJpTs8Y8dBc,12,9,3,106.3046545,50.71372707,2.72576037,16.90457569,23.34829396,17.11810405,48,12,7,8,2.04545455,49.09090909,1760.0,35.0,2.09617121,0.47706027,12,9,3
15jNgMjw8ozLZLjTMSmKc9DTjR,11,4,7,4.06311261,5.00050858,1.01577815,0.71435837,1.30065419,0.10535673,11,11,4,5,0.39055296,9.37327099,9217.7,40.0,0.81253987,1.23070883,11,4,7
15jrwipMKw9rSo4nzxVcuAwK58,4,4,0,33.82979289,0.0,8.45744822,0.0,10.62431619,3.14251693,1,4,1,1,1.03686636,24.88479263,3472.0,71.0,33829792890.0,0.0,4,4,0
15mCxagGzHZBb12skeBu2PGwRM,33,18,15,405.6962612,358.91020507,4.55838496,5.20159717,9.75140732,3.13033605,200,33,9,11,7.23027678,173.52664282,497.90625,2.0,1.13035588,0.88467713,33,18,15
15mviSRLXxdvQh5AWeaDz8yCqq,9,0,9,0.0,41.36705694,0.0,4.59633966,7.7450024,4.80123788,9,9,1,1,2.19294906,52.63077743,1641.625,189.0,0.0,41367056939.99999,9,0,9
15om8jzUsWQu1VwUArXggPquMG,21,17,4,231.48224225,61.52967272,3.92342783,15.38241818,24.73976411,13.22299833,72,21,7,9,3.48651397,83.67633529,1032.55,8.0,3.76212374,0.26580731,21,17,4
15p5d6cr8bBtZww6dWgiDq5rkU,14,9,5,6.30292494,2.94144445,0.70032499,0.58828889,1.49126214,0.19847154,14,14,6,6,0.42534628,10.20831061,8463.69230769,134.0,2.14279924,0.46667928,14,9,5
15r5C6ma6wRWxmfDtCGQtsDdtF,9,6,3,21.08394928,16.45882847,3.51399155,5.48627616,7.42979245,4.71678561,9,9,5,4,1.97652872,47.43668931,1821.375,563.0,1.28101154,0.78063309,9,6,3
15tawpXJWBf6nmzF78BRPgmVLR,41,29,12,641.0111401,262.71107655,4.42076648,4.77656503,10.17200891,3.62867939,230,40,9,12,8.77888191,210.69316588,410.075,4.0,2.43998521,0.40983855,41,29,12
15wp9ShpXiUHhHfHETFBW3QT7H,11,8,3,29.44053102,12.30690664,3.68006638,4.10230221,6.83035683,3.24781147,10,11,4,5,2.36546422,56.77114134,1521.9,272.0,2.39219585,0.41802597,11,8,3
15yXc42rSaq67HgA6iyRLFGpKV,10,4,6,4.79067807,3.24931526,1.19766952,0.54155254,1.38471664,0.2062586,10,10,3,5,0.3956817,9.49636071,9098.22222222,1038.0,1.47436542,0.6782579,10,4,6
162RzUxMZygVZkBnL9pQwTQc9q,37,16,21,364.94988533,491.10661561,4.7396089,4.76802539,9.61848723,3.17410039,218,37,9,12,7.81429002,187.54296051,460.69444444,13.0,0.74311743,1.34568234,37,16,21
166nfyjSwHAnNbPS9R7wpuyytK,9,3,6,1.81081595,7.26225687,0.60360532,1.21037614,1.3564477,0.18001578,9,8,3,4,0.48747461,11.69939066,7385.0,1563.0,0.24934617,4.01048868,9,3,6
169T5RbsrQ1X54sPcimq468dQ1,10,5,5,2.60115847,3.53544913,0.52023169,0.70708983,1.31541958,0.19930127,10,10,5,5,0.33704008,8.08896194,10681.22222222,2166.0,0.73573636,1.35918252,10,5,5
16GpaoYD5K2mhEz5dmv8SUTxrn,34,19,15,448.69433063,353.27682338,4.87711229,4.77401113,10.24114705,4.09872826,201,34,9,10,6.55882515,157.41180368,548.87878788,9.0,1.27009275,0.78734408,34,19,15
16HhqU3tfuh6eFM76XjzLPvPMq,14,11,3,164.10146057,33.4344057,4.00247465,11.1448019,14.51301421,7.81603179,47,14,7,9,2.36986024,56.87664574,1519.07692308,118.0,4.90816143,0.20374228,14,11,3
16M8NExoCyPtikkeHVhygN3VK3,6,3,3,1.73277378,2.5609158,0.57759126,0.8536386,1.3105346,0.26024204,6,6,4,3,0.29574132,7.0977918,12172.8,4208.0,0.67662271,1.47792853,6,3,3
16MYMeN7Hxerqq3dmSV7hmsjt1,4,4,0,28.62585294,0.0,7.15646323,0.0,11.47015042,12.35162487,1,4,1,1,1.34078212,32.17877095,2685.0,120.0,28625852939.999996,0.0,4,4,0
16TynLMeoWqjVgtHNxtCEC6pfH,5,2,3,2.22617576,2.56528811,1.11308788,0.85509604,1.30550922,0.13477807,5,5,3,2,0.17805695,4.27336688,20218.25,6661.0,0.8678073,1.15232955,5,2,3
16UL34SdpoqaurzDSfoh9vDsMF,12,9,3,131.75908496,37.18367924,3.76454528,12.39455975,17.00427977,11.88372119,44,12,6,6,2.19926691,52.78240586,1636.90909091,92.0,3.54346551,0.2822096,12,9,3
16ULPU3PjfsQuSELGq6Z4hiVEe,15,13,2,169.67555929,16.58923681,2.82792599,8.2946184,10.70378578,3.57476761,60,15,5,10,2.22271224,53.34509372,1619.64285714,89.0,10.22805095,0.09777034,15,13,2
16ZbSsLQfJWb44XuhvvdCpJqUE,7,7,0,50.39519436,0.0,7.19931348,0.0,11.48410099,11.50629864,1,7,1,1,2.61406269,62.73750454,1377.16666667,236.0,50395194359.99999,0.0,7,7,0
16cjGnV9XuJvBBv2f7CK8bpSB5,7,4,3,3.62690766,1.56177342,0.90672692,0.52059114,1.3365869,0.1910539,7,7,3,4,0.3372576,8.09418231,10674.33333333,2704.0,2.3223008,0.43060744,7,4,3
16fByED6szM9tL1Jz8MhWMZmJm,24,11,13,211.24905455,263.4668651,4.06248182,4.46554009,8.0170656,3.18960778,144,24,9,9,5.44880232,130.77125559,660.69565217,22.0,0.80180502,1.24718601,24,11,13
16fTZFgKbqsmLBATiUD6QLyE2e,8,5,3,113.93251211,86.6489797,22.78650242,28.88299323,39.23012574,130.80115181,8,7,5,6,2.84649271,68.31582514,1264.71428571,264.0,1.31487425,0.760529,8,5,3
16hzV1jWyqq7AYZYrfTGGpZYqu,29,12,17,271.87706164,383.28805441,4.53128436,4.91394942,9.9566535,3.1616393,181,28,9,10,6.81265207,163.50364964,528.42857143,10.0,0.70932829,1.40978445,29,12,17
16iA2tDuFduzp4QfRUkUieHAEd,3,3,0,22.49168894,0.0,7.49722965,0.0,9.90365864,3.63531077,1,3,1,1,10.71428571,257.14285714,336.0,132.0,22491688940.0,0.0,3,3,0
16mYNbagh5HhJJxKfZFMzMGdDP,4,1,3,0.73846471,3.11207108,0.73846471,1.03735703,1.48753465,0.23058193,4,4,1,2,0.17814727,4.27553444,20208.0,12764.0,0.23729044,4.21424482,4,1,3
16njSNumrs5U1bSCrKvesMy7FD,36,15,21,350.89841649,490.36136629,4.44175211,4.80746438,7.88300404,2.34014887,216,33,9,12,7.97014359,191.28344614,451.68571429,28.0,0.71559148,1.39744537,36,15,21
16om9JJXD6PnciKWptYUZSDHCD,10,4,6,1.43418145,5.0392736,0.35854536,0.83987893,1.49498373,0.18141612,10,10,5,4,0.37201185,8.92828438,9677.11111111,1576.0,0.28460083,3.51369319,10,4,6
16qiorcv2cBqBSXde4gTjSTo2A,12,6,6,31.31955248,23.36136857,5.21992541,3.89356143,7.72507987,5.01558636,12,12,5,6,2.46253342,59.10080219,1461.90909091,137.0,1.34065572,0.74590365,12,6,6
16sf1Vu2UWXiUjfDux8E7swSzx,31,10,21,242.40555172,529.79580002,5.15756493,4.86051193,12.97185974,4.40763888,204,29,8,12,7.2825354,174.78084963,494.33333333,31.0,0.45754525,2.18557618,31,10,21
16strUFvCcApAQ8dRHr9eNZhR8,39,19,20,420.75347739,412.98512468,4.57340736,4.69301278,8.51709013,2.89709147,224,38,8,11,9.09816441,218.35594573,395.68421053,36.0,1.01881025,0.98153704,39,19,20
16tgAABXx1M5z49ZtVUjXMLZq8,8,2,6,1.42028676,5.33641901,0.71014338,0.88940317,1.38934409,0.13457916,8,8,3,2,0.35923534,8.62164821,10021.28571429,1655.0,0.26614978,3.7572828,8,2,6
16xay9MUqyUhrN8REf8WBX7rNH,4,2,2,28.03064093,59.62618554,14.01532047,29.81309277,33.19976862,93.85798869,4,4,3,2,1.98492924,47.63830178,1813.66666667,507.0,0.47010622,2.12717881,4,2,2
171dZjhysivzTvDSWakCZii5yU,3,3,0,22.41711503,0.0,7.47237168,0.0,10.25530118,6.16328806,1,3,1,1,2.53164557,60.75949367,1422.0,530.0,22417115029.999996,0.0,3,3,0
176MjKLVfnUBmVPV3oxPgUJhs4,6,3,3,3.47016052,2.71124102,1.15672017,0.90374701,1.48861797,0.12382828,6,6,2,3,0.34078646,8.17887503,10563.8,3315.0,1.27991591,0.78130133,6,3,3
176qB5uDH2UzDwRb25ygf3Q2CL,8,4,4,18.3714685,16.2247853,4.59286712,4.05619633,7.29942215,4.37535072,8,8,4,4,1.54166157,36.99987765,2335.14285714,142.0,1.13230888,0.88315125,8,4,4
177jUPUTWxo4kii74SoNtx7GDD,11,6,5,3.37065349,3.76798684,0.56177558,0.75359737,1.16292693,0.08129997,11,11,4,6,0.37936667,9.10480004,9489.5,584.0,0.89455023,1.11788021,11,6,5
179etCUvyT9MJYrZz4k3dMa4L1,3,3,0,21.75089216,0.0,7.25029739,0.0,11.38563546,14.78627071,1,3,1,1,0.9848174,23.63561756,3655.5,269.0,21750892159.999996,0.0,3,3,0
17AHj49QuKNM2j4NKe3Zpo3jde,15,9,6,104.47442663,59.30369372,2.61186067,9.88394895,20.93571066,14.39776882,58,15,6,9,2.42762873,58.26308945,1482.92857143,51.0,1.76168498,0.56763837,15,9,6
17Ae2xo7Nn4W6DZ3TV7G4WnFN6,6,4,2,3.11133139,1.92593511,0.77783285,0.96296755,1.37461752,0.20408711,6,6,4,5,0.33621607,8.0691858,10707.4,1101.0,1.61549129,0.61900674,6,4,2
17DoeYNP9jiG7Kg5zDMYVNgjLm,8,4,4,1.77576027,2.4765718,0.44394007,0.61914295,1.3583667,0.11292636,8,8,4,3,0.25872424,6.20938183,13914.42857143,2331.0,0.71702354,1.39465436,8,4,4
17Eiy387k9VEbFw6jahvi6WB2G,1,1,0,4.65969132,0.0,4.65969132,0.0,4.65969132,0.0,1,1,1,1,0.0,0.0,0.0,0.0,4659691320.0,0.0,1,1,0
17GQmjAhcLMHiW2nhvM1h2PtyV,33,18,15,372.6036799,310.50404488,4.90268,4.63438873,8.49912437,2.88001534,188,31,9,12,7.26676339,174.40232133,495.40625,10.0,1.19999622,0.83333596,33,18,15
17Gyb9RWQjpmbTepoAyTi7vYgT,6,2,4,1.65968576,2.39614727,0.82984288,0.59903682,0.99110176,0.04947551,6,6,2,3,0.18337595,4.40102283,19631.8,7610.0,0.69264764,1.44373551,6,2,4
17Mx865HBoH8BKmtZLQyLTVE5k,6,6,0,43.09270993,0.0,7.18211832,0.0,10.3658619,10.35462604,1,6,1,1,1.47347741,35.36345776,2443.2,115.0,43092709929.99999,0.0,6,6,0
17MxmoUFB6DoztQuzb1mx4Hys3,10,7,3,4.86894992,3.18408153,0.69556427,1.06136051,1.35527882,0.12955669,10,10,3,6,0.46522313,11.16535524,7738.22222222,360.0,1.52915366,0.65395652,10,7,3
17PMC1SiM1REWF5juJigQ35yET,7,4,3,2.66406706,4.00640457,0.66601676,1.33546819,1.49724034,0.22329831,7,7,5,5,0.26586906,6.38085743,13540.5,2644.0,0.66495208,1.50386776,7,4,3
17WXhrzDNiq6TSZ55yEEgXDUV2,21,16,5,231.74843106,50.99676643,3.56536048,10.19935329,18.93509471,8.24113777,79,21,7,10,3.56065476,85.45571436,1011.05,200.0,4.54437501,0.22005226,21,16,5
17Y9YzJbr96nNz6zXrN2oYkdTG,7,3,4,68.87632914,97.03343304,22.95877638,24.25835826,39.7737093,144.52935128,7,7,4,3,2.68289653,64.38951683,1341.83333333,22.0,0.70982059,1.40880669,7,3,4
17YG9Ntd12tWEgW6Dqr3iVBB67,14,11,3,159.68585643,49.60726155,3.89477699,16.53575385,22.07242886,13.1588109,49,14,7,8,2.63855218,63.3252523,1364.38461538,11.0,3.21900164,0.31065532,14,11,3
17ZqQC21hAGe7QAE5DGuuShqkE,9,5,4,23.64711809,22.5255708,4.72942362,5.6313927,7.80698365,5.90273287,9,9,5,5,2.03002749,48.72065976,1773.375,462.0,1.04978996,0.9525715,9,5,4
17dqSxc4KP2PB65Aq4vEsU1a8S,12,5,7,22.84614668,27.83817849,4.56922934,3.97688264,7.93742074,6.66775821,12,12,5,5,2.69607843,64.70588235,1335.27272727,11.0,0.82067678,1.21850651,12,5,7
17gVxpHHWUNnCwr9LSwgSatNq8,41,18,23,411.3298779,513.87855532,5.07814664,4.8479109,10.07450135,3.28236012,219,40,9,11,8.44178684,202.60288428,426.45,0.0,0.8004418,1.24931006,41,18,23
17hVe8643RMywm5s94tV4LghU5,11,4,7,4.35795156,5.05344482,1.08948789,0.72192069,1.3545519,0.13780428,11,11,4,3,0.44821833,10.75723997,8031.8,78.0,0.86237244,1.15959178,11,4,7
17pKWRzB2VEHWbXysqFoPL8JuM,47,19,28,392.75633017,548.55540755,4.73200398,4.68850776,12.23501026,4.52059238,233,46,9,12,9.53752232,228.90053562,377.45652174,1.0,0.71598297,1.39668126,47,19,28
17rH7AXCPeC7hCdhcPRVm9H4QQ,36,15,21,338.90141605,525.04736021,4.70696411,4.68792286,8.01785951,2.6054736,221,34,9,11,7.48974618,179.75390834,480.65714286,2.0,0.64546828,1.54926281,36,15,21
17rhfXFjVLu8bpgWA5yqoNyJ3R,11,5,6,2.81863671,7.1312334,0.56372734,1.1885389,1.4764158,0.16385806,10,11,3,4,0.42200523,10.12812548,8530.7,900.0,0.39525234,2.53002928,11,5,6
17xSUzGEwpaA99w9J33MFxe9Cj,17,15,2,167.66487416,37.79444334,2.89077369,18.89722167,19.99795034,10.88286449,62,16,7,9,3.38723905,81.29373714,1062.8125,164.0,4.43623081,0.22541658,17,15,2
1814vrF9DuSQkhi6eeHu525Dzi,4,1,3,0.88868722,2.7742681,0.88868722,0.92475603,1.43563125,0.2648515,4,4,2,2,0.23956878,5.74965063,15027.0,6209.0,0.32033213,3.12175987,4,1,3
1817wat5ZbyhgTgzgi8EAqwxhe,8,5,3,23.14288319,9.30156745,4.62857664,3.10052248,7.57381998,3.1345113,8,8,4,6,2.05295316,49.27087576,1753.57142857,18.0,2.48806272,0.40191913,8,5,3
1868YijZF2eddXJmp7seCRXimU,6,4,2,2.68293455,2.62973899,0.67073364,1.31486949,1.33923347,0.1883027,6,6,3,4,0.62809687,15.0743248,5731.6,589.0,1.02022846,0.98017262,6,4,2
18EtXKVuCYudFeChAkTonZgJxd,29,15,14,350.1139009,309.85677253,5.14873384,4.69479958,8.63330303,2.75372404,173,29,8,10,5.77088224,138.50117364,623.82142857,0.0,1.12992173,0.88501705,29,15,14
18JAqTBmQcBVGe397swhgRrB2y,16,11,5,8.07885535,3.97886942,0.7344414,0.79577388,1.48617347,0.20846096,15,16,3,6,0.6104178,14.65002713,5897.6,384.0,2.03043993,0.4925041,16,11,5
18KwBTMA1z8vBun27VLy3A4gzZ,4,3,1,8.74151129,5.31908917,2.9138371,5.31908917,5.31908917,2.01605675,4,4,3,4,1.03976124,24.95426976,3462.33333333,2511.0,1.64342259,0.60848622,4,3,1
18MPgfUxX9MUrCCwC8f1NGEhij,15,13,2,157.87664285,11.55871159,3.58810552,5.77935579,6.7817301,2.44076116,49,15,7,7,2.22870788,53.48898912,1615.28571429,98.0,13.65867135,0.07321356,15,13,2
18P6ExKCvBpZuJdzjeEe1ardCT,5,1,4,0.90654601,1.76976208,0.90654601,0.44244052,0.90654601,0.07443936,5,5,1,2,0.19090548,4.58173141,18857.5,294.0,0.51224174,1.95220326,5,1,4
18PDwNcutoyxFEnaVZieQsg6oz,37,20,17,390.21422099,395.05555429,4.10751812,4.70304231,9.87908434,2.89699312,202,36,9,12,7.69961977,184.79087452,467.55555556,2.0,0.98774518,1.01240686,37,20,17
18QdeAYfHEWUFZ9YzKex3EE8BB,9,6,3,35.25346929,10.31879755,5.87557821,3.43959918,7.2719461,3.19554954,8,9,5,4,2.72572402,65.41737649,1320.75,446.0,3.41643192,0.29270304,9,6,3
18QuEEWJvtDMSW29hiVYBZrW5M,7,3,4,15.53984993,10.82020493,5.17994998,2.70505123,7.49989691,7.11792596,7,7,3,3,1.81025813,43.44619511,1988.66666667,19.0,1.43618813,0.69628761,7,3,4
18RCo5ciDkGqkuFephwv5pfBdR,4,1,3,6.68104579,7.63354186,6.68104579,2.54451395,6.68104579,6.13055258,4,4,2,1,0.78976234,18.95429616,4558.33333333,2547.0,0.87522226,1.14256691,4,1,3
18RusTndLa6mwh4155BnEFm28T,31,14,17,302.3359939,397.70116187,4.31908563,4.85001417,10.43048518,3.64859415,197,30,9,12,6.72813357,161.47520558,535.06666667,15.0,0.76020898,1.31542777,31,14,17
18T85LSHHRni67ewZG4qdWQtLC,6,5,1,12.69557954,5.89474815,2.53911591,5.89474815,5.89474815,5.34519936,6,6,4,5,3.19602273,76.70454545,1126.4,543.0,2.15371025,0.46431501,6,5,1
18YWXqJnzJACA7wCkL9i7tnsev,40,19,21,398.77639543,482.79433453,4.0280444,4.87671045,9.41073644,3.56911535,215,40,9,12,8.19279921,196.62718095,439.41025641,2.0,0.82597571,1.21068935,40,19,21
18ZWWr1FGBMWr4mKjKFsq2WG9L,7,2,5,6.06169462,19.1369805,3.03084731,3.8273961,6.8694429,2.5113709,7,7,1,2,1.79670604,43.12094493,2003.66666667,441.0,0.31675293,3.15703474,7,2,5
18a7gQxqbZFWrhjEJ4D8sAkwXY,10,6,4,4.55916073,2.86277546,0.75986012,0.71569386,1.48044963,0.13971493,10,10,5,4,0.50697878,12.16749077,7100.88888889,1084.0,1.59256665,0.6279172,10,6,4
18ajJea1Lyt9MGxXtEDjXXXE7C,13,5,8,3.28321703,6.13264849,0.65664341,0.76658106,1.41658189,0.10169322,13,13,5,5,0.47641629,11.43399098,7556.41666667,823.0,0.5353669,1.86787789,13,5,8
18cU4vi5b6z8jo9xjnirFxkgwf,6,3,3,10.34533479,14.27675946,3.44844493,4.75891982,7.98124043,5.27876011,6,6,3,4,1.24982641,29.99583391,2880.4,84.0,0.72462766,1.38001909,6,3,3
18czDTRVW8fpRTTU519MpSGJCt,21,17,4,237.37201474,60.91721433,3.54286589,15.22930358,21.52230359,13.66337533,71,21,9,10,3.45025877,82.80621047,1043.4,11.0,3.89663279,0.25663183,21,17,4
18eHMNpZTZtv6ipsWvoFJ8bczk,10,4,6,24.15138285,23.66719696,6.03784571,3.94453283,7.80759826,5.29615683,10,10,2,5,2.57818095,61.8763428,1396.33333333,43.0,1.0204581,0.97995204,10,4,6
18hWgVJmgYDM2A4b2C7KJ9nVo1,6,2,4,1.89162305,3.42386447,0.94581152,0.85596612,1.40231285,0.14179422,6,6,3,3,0.21472027,5.15328641,16766.0,4738.0,0.55248187,1.81001414,6,2,4
18jAV7q39yRXRXBr2emuQVedCV,7,4,3,2.75062528,3.51923607,0.68765632,1.17307869,1.43195025,0.22250308,7,6,4,5,0.31138277,7.47318648,11561.33333333,194.0,0.78159726,1.2794313,7,4,3
18oSiYtMfpfkG325FyHxh6Lx3P,8,8,0,34.9387259,0.0,4.36734074,0.0,10.14982703,6.19912569,1,8,1,1,2.55837563,61.40101523,1407.14285714,162.0,34938725900.0,0.0,8,8,0
18xWs6M32sYU16mvxWPq8npby1,4,4,0,20.5089433,0.0,5.12723582,0.0,6.60084624,1.36435512,1,4,1,1,2.91262136,69.90291262,1236.0,68.0,20508943299.999996,0.0,4,4,0
192vueDmwQPoRvs5tppi1tEnjd,6,2,4,2.34685496,2.88682538,1.17342748,0.72170634,1.42444478,0.15676507,6,6,3,3,0.26963465,6.47123148,13351.4,3220.0,0.81295356,1.23008257,6,2,4
192zwzFhnEcc75B1qdgUSwXUFV,5,5,0,35.23407741,0.0,7.04681548,0.0,10.12187996,9.56421217,1,5,1,1,2.4606972,59.05673274,1463.0,354.0,35234077409.99999,0.0,5,5,0
1938ooEQhqyqLvkUAm5vzBXR1B,8,4,4,3.29595298,1.88569167,0.82398825,0.47142292,1.33538893,0.20886437,8,8,5,3,0.25758706,6.18208952,13975.85714286,318.0,1.74787482,0.57212335,8,4,4
195Ya8Vsq2LCnGx9YwMabc6x6b,38,19,19,418.80276488,404.68347375,4.55220397,4.59867584,7.96345909,2.53928496,215,36,9,12,8.34534177,200.28820249,431.37837838,0.0,1.03488972,0.96628654,38,19,19
1973TQ5x3t2KvS151hK8D8GNQN,4,2,2,5.66109163,13.00988057,2.83054582,6.50494028,7.22559871,6.14161322,4,4,2,3,2.80665281,67.35966736,1282.66666667,52.0,0.43513786,2.29812224,4,2,2
198NAeH7YtU887ywLZFBHqn3fS,25,13,12,313.21684561,300.89398624,4.8187207,4.62913825,10.86060037,3.42635562,167,25,8,9,5.65556065,135.73345552,636.54166667,79.0,1.04095416,0.9606571,25,13,12
19C2qggJfdgFfFFk2P6mrX9Zwf,6,5,1,3.65313545,0.7962198,0.73062709,0.7962198,1.19240569,0.09711547,6,6,5,4,0.3702104,8.88504967,9724.2,493.0,4.58809923,0.21795518,6,5,1
19C38go3V9oNjpaqVGDgpoE3Kd,16,9,7,8.26167791,4.82494325,0.91796421,0.68927761,1.49248698,0.14696242,15,16,5,4,0.67667477,16.24019448,5320.13333333,611.0,1.71228499,0.58401493,16,9,7
19D1JAtuEGuFmaahqG7jdR1rAM,4,4,0,27.33170213,0.0,6.83292553,0.0,9.10861778,4.44506184,1,4,1,1,1.37073233,32.89757583,2626.33333333,1929.0,27331702130.0,0.0,4,4,0
19GLsNoGEPRTZtB9rqafoqTuQr,40,23,17,491.50314971,467.53586893,4.31143114,5.25321201,9.41073644,3.50992837,224,39,9,12,7.75133882,186.03213162,464.43589744,0.0,1.05126298,0.95123677,40,23,17
19Hz3YnVcKbmYDdCbPMoWJxvfx,7,4,3,3.39251474,2.64865203,0.84812868,0.88288401,1.16035345,0.06370765,7,7,5,4,0.25225688,6.05416516,14271.16666667,2171.0,1.28084577,0.78073413,7,4,3
19JpkkJrYnfunBreWpnMd6nwJv,5,5,0,33.39512756,0.0,6.67902551,0.0,11.55933146,10.61782191,1,4,1,1,1.83814143,44.11539443,1958.5,130.0,33395127559.999996,0.0,5,5,0
19MFZzi4xisTD7gm1NzEyYvzRf,3,3,0,17.09811665,0.0,5.69937222,0.0,10.09073035,10.5919144,1,3,1,1,0.85704083,20.56897988,4200.5,2187.0,17098116650.0,0.0,3,3,0
19R1YVqB5HDzhhHmaRydjsRsvN,5,4,1,26.34068792,6.83260706,6.58517198,6.83260706,7.70587565,0.96848476,5,5,4,4,3.21643958,77.19454992,1119.25,118.0,3.85514456,0.25939365,5,4,1
19SKEnanP11dMFWCDJU6VuUjAw,19,14,5,233.48345338,49.2899554,4.09620094,9.85799108,24.55088502,11.69978094,72,19,7,9,3.3113598,79.47263529,1087.16666667,7.0,4.73693781,0.21110685,19,14,5
19TyMRJhWnX7u6Nac9yoo5vaxW,6,3,3,20.95414703,16.46699848,6.98471568,5.48899949,7.77406453,2.05700936,6,6,3,4,1.67910448,40.29850746,2144.0,1138.0,1.27249341,0.78585869,6,3,3
19WcoXUhrBhR1yCyENUK2keF1g,8,4,4,78.30807512,111.5378812,19.57701878,27.8844703,38.4413287,118.88251782,6,8,3,3,4.90749757,117.77994158,733.57142857,0.0,0.70207605,1.42434712,8,4,4
19YUFEH9AbPmSBrraFW9zsvwuF,7,3,4,19.50762464,16.18595502,6.50254155,4.04648876,7.21409083,4.51746373,7,7,4,4,1.77165354,42.51968504,2032.0,27.0,1.20521925,0.82972455,7,3,4
19br5zVYNt79FeQqdYZ7NQHARw,14,11,3,141.14984363,31.37540165,2.88060905,10.45846722,13.73452601,5.29932831,59,14,6,8,2.59783514,62.3480433,1385.76923077,194.0,4.49874221,0.22228435,14,11,3
19erRtxqwvTN7LHkHsZRNWJD2z,7,3,4,44.05420847,80.33509684,14.68473616,20.08377421,37.61720502,110.60628979,6,7,2,3,2.13734415,51.29625965,1684.33333333,452.0,0.5483806,1.82355102,7,3,4
19kkQtthjnHzh7s8pj4zqxQPpT,41,17,24,389.55702853,509.34418989,4.58302387,4.71614991,9.76230463,3.33293556,228,41,9,12,8.34009035,200.16216842,431.65,2.0,0.7648208,1.30749583,41,17,24
19nYxkggwvYmskrPBS8MaWagnw,5,5,0,18.67431252,0.0,3.7348625,0.0,9.546305,8.77082112,1,5,1,1,3.42693955,82.24654926,1050.5,215.0,18674312520.0,0.0,5,5,0
19oj6AL5DdGqnUzgSWbdiWS3da,14,12,2,156.51865103,17.80962445,3.47819225,8.90481223,10.20771746,3.92983736,53,14,6,9,2.49267643,59.82423435,1444.23076923,42.0,8.78843074,0.11378596,14,12,2
19tDvbjqfaR9APiyHUiZpTCdTz,5,5,0,18.92177818,0.0,3.78435564,0.0,6.5326583,3.34001302,1,5,1,1,2.08363479,50.00723484,1727.75,356.0,18921778180.0,0.0,5,5,0
19uC3UYwvE9tsFmh6aAgV5Uohb,7,3,4,2.10343676,3.45198373,0.70114559,0.86299593,1.23693484,0.13610506,7,7,4,4,0.33383821,8.01211709,10783.66666667,5765.0,0.60934145,1.641116,7,3,4
19yMkEvLZjMoCunfVqgdEnHfwT,10,6,4,172.86617921,101.69954529,28.81102987,25.42488632,38.37162702,90.08191311,8,10,4,5,3.37078652,80.8988764,1068.0,75.0,1.69977337,0.58831372,10,6,4
19z4kGShzXp4AWoM811yPzpwvk,8,5,3,25.59746684,12.34709705,5.11949337,4.11569902,7.74022301,7.45035317,8,8,3,3,3.23325635,77.59815242,1113.42857143,98.0,2.07315669,0.48235621,8,5,3
1A19aKQrYTNB7EAZFvDszcgmva,10,4,6,2.0650753,3.84793602,0.51626883,0.64132267,1.27093943,0.17313176,10,9,4,4,0.49480757,11.8753818,7275.55555556,1077.0,0.5366709,1.86333933,10,4,6
1A1A2S6mEgth91G7raTVUvosuW,40,23,17,465.52469521,378.23189132,4.39174241,4.72789864,9.7287495,4.10110667,225,38,9,12,8.15662581,195.75901935,441.35897436,8.0,1.23079176,0.81248513,40,23,17
1A1T2FbPhvmy1N1qjRwpoL7EaG,5,3,2,2.02344708,2.4843054,0.67448236,1.2421527,1.46703729,0.19199904,5,5,3,4,0.23208961,5.5701507,15511.25,1175.0,0.81449208,1.22775902,5,3,2
1A2MrmrcTdN1XDC7oLoqUHmtJe,8,3,5,2.49839274,3.55370971,0.83279758,0.71074194,1.34688266,0.20735367,8,8,3,4,0.40477376,9.71457025,8893.85714286,486.0,0.70303794,1.42239835,8,3,5
1A364ey8A7V9Ao5KrNmMeGnXUT,8,2,6,1.95755385,4.40923987,0.97877693,0.73487331,1.3812344,0.14088654,8,8,3,2,0.30161219,7.23869254,11935.85714286,82.0,0.44396629,2.25242328,8,2,6
1A657WNHydHKdNXiKBqu6hcbnL,4,1,3,7.31124284,11.09131107,7.31124284,3.69710369,7.31124284,5.00796163,4,4,2,2,1.23428571,29.62285714,2916.66666667,1524.0,0.65918653,1.51702129,4,1,3
1A7vCs5QpKZjy8nQbAxUbTbYSL,18,12,6,105.13958704,98.80275403,2.69588685,16.46712567,21.16345636,28.37245708,58,18,7,10,3.08592174,74.06212182,1166.58823529,12.0,1.0641362,0.93972933,18,12,6
1A9HQyeGFHtL6dSdEo5oMsXCYu,3,1,2,0.8356541,0.59736537,0.8356541,0.29868269,0.8356541,0.07343091,3,3,2,2,0.20233813,4.85611511,17792.0,4266.0,1.39889947,0.71484765,3,1,2
1AAfGgjHyUkdnxzhLEyipJTm1T,6,4,2,3.88080506,1.12886995,0.97020127,0.56443498,1.16285395,0.08857765,6,6,5,4,0.2622989,6.2951737,13724.8,1625.0,3.43777869,0.29088551,6,4,2
1ADFQVkT6Xnvpz4VyFv8yVLJxP,16,13,3,178.34026076,37.17253363,3.02271628,12.39084454,17.32058409,8.43481227,71,16,7,8,2.47763248,59.46317963,1453.0,31.0,4.79763533,0.20843602,16,13,3
1AGH9TxmYvZstWx3nDyukCEhub,9,4,5,21.03923067,18.61508168,5.25980767,3.72301634,7.84578732,6.62742917,9,8,4,4,1.95625594,46.95014264,1840.25,86.0,1.130225,0.88477958,9,4,5
1AGN3YtuhfvnhgGXbYFohQ98ef,8,4,4,63.33268659,83.43649585,15.83317165,20.85912396,36.2087438,113.34915903,7,8,3,4,4.07108239,97.70597738,884.28571429,132.0,0.75905257,1.31743181,8,4,4
1ANdhtffdxSRES5bRDX7NdVhzL,7,2,5,1.579821,3.22000088,0.7899105,0.64400018,1.44688804,0.21878545,7,7,2,2,0.49199371,11.80784912,7317.16666667,764.0,0.49062751,2.03820615,7,2,5
1APZ1rkG4kvNUfp1UXKKY6qUGg,9,6,3,5.24900398,2.20169204,0.874834,0.73389735,1.31818504,0.14608645,9,9,6,5,0.52400793,12.57619039,6870.125,1293.0,2.38407728,0.41944949,9,6,3
1AQbBsGbUcV31uWvgKiB14XJfH,17,6,11,4.51980365,5.97081263,0.75330061,0.54280115,1.44134615,0.15805987,17,17,6,4,0.56656109,13.59746621,6354.125,209.0,0.756983,1.32103363,17,6,11
1ARnshApRMQ761LVQqJ796CUVc,9,6,3,3.85270451,1.29934781,0.64211742,0.43311594,1.30440222,0.16584001,9,9,4,6,0.35243153,8.45835679,10214.75,346.0,2.9651064,0.33725603,9,6,3
1AU64TZgTQPxwpE9RqHYJx7inH,31,13,18,299.05872363,438.20010912,5.24664427,5.03678286,8.52507457,2.53720419,197,29,9,11,7.77593779,186.62250702,462.96666667,7.0,0.68247067,1.46526443,31,13,18
1AVTFwhLRu27g6NG1QYopthEoL,24,18,6,243.58945156,72.74755799,3.20512436,12.124593,21.7818436,11.70435717,88,24,8,10,4.20902806,101.01667344,855.30434783,16.0,3.34842101,0.29864823,24,18,6
1AXSfrDtymxJsqYYfUT4wMHZvz,6,6,0,34.27178485,0.0,5.71196414,0.0,9.59985662,8.50475065,1,6,1,1,1.72761301,41.46271235,2083.8,295.0,34271784850.0,0.0,6,6,0
1AYxM8skTHao1Vvw9hVhe73EpD,8,1,7,0.54777641,4.72802521,0.54777641,0.67543217,1.38502315,0.18257202,8,8,2,2,0.44042085,10.57010032,8174.0,675.0,0.11585734,8.6313049,8,1,7
1Aat1MGVTqL9QNt2XcxUcahVbS,7,6,1,87.92314481,17.59516203,3.82274543,17.59516203,17.59516203,11.41600024,25,7,5,5,1.75012154,42.00291687,2057.0,383.0,4.99700683,0.2001198,7,6,1
1AbwVagY7QozDPtzfiTLYBTajL,3,3,0,24.8779272,0.0,8.2926424,0.0,10.2957035,6.41497901,1,3,1,1,2.98879203,71.73100872,1204.5,654.0,24877927200.0,0.0,3,3,0
1Ad6txD8TY1Z4QScyQvTvSWqyz,6,2,4,1.06771284,1.6198644,0.53385642,0.4049661,0.83915058,0.06822986,6,6,2,3,0.25489974,6.11759375,14123.2,1209.0,0.65913717,1.51713489,6,2,4
1AhRsseq1wcdtRJreRRTjta5z8,9,6,3,21.62408613,16.26265538,3.60401435,5.42088513,7.03631839,5.34434158,9,9,4,5,2.11515864,50.76380729,1702.0,43.0,1.32967745,0.75206209,9,6,3
1AjxNge21nsxhCZKB9Jq7Y3n8b,44,22,22,445.71427881,472.61643584,4.05194799,4.92308787,8.84264316,3.36634174,239,43,9,12,9.17007286,220.08174871,392.58139535,3.0,0.94307824,1.0603574,44,22,22
1Ajzq4KYHsvL9k7VvQTFdHe1Hu,35,18,17,371.56310549,370.27936626,4.4233703,4.5713502,9.94017562,3.43371455,198,35,9,12,7.60720945,182.57302672,473.23529412,39.0,1.00346695,0.99654503,35,18,17
1AtpAXt1CTY9zwhaboMsYLHcwd,12,5,7,4.2825428,5.50112677,0.85650856,0.78587525,1.49304274,0.22074392,11,12,6,5,0.41750132,10.02003163,8622.72727273,1719.0,0.77848466,1.28454683,12,5,7
1Atx1ZAwGH7urS1fkg2dWPYnab,39,20,19,449.7610663,397.81491734,4.58939864,4.46983053,9.94101524,3.06561068,226,38,9,12,8.3828666,201.18879833,429.44736842,16.0,1.13057869,0.88450279,39,20,19
1AvhpHW2VdAS9Qjzs7nXKD8kSr,6,2,4,11.31722177,15.85313135,5.65861088,3.96328284,6.89396533,2.95748308,6,6,2,3,3.61445783,86.74698795,996.0,123.0,0.71387927,1.40079709,6,2,4
1Ax9ZMMRqhjS2ZqKY2jnmTc53D,9,3,6,1.87872848,2.18762524,0.62624283,0.36460421,0.91711633,0.08309766,9,9,4,3,0.29042798,6.97027147,12395.5,1296.0,0.85879814,1.16441799,9,3,6
1AzX6YCWCuxCDdYoCiK2LByCuS,12,6,6,4.41098397,5.54348562,0.735164,0.92391427,1.47199321,0.18637227,12,12,5,7,0.55267896,13.26429499,6513.72727273,9.0,0.79570586,1.25674581,12,6,6
1B4tpGh2AQ92fHNBmDrWqQdWmf,18,9,9,157.93266007,125.283645,4.38701834,13.920405,24.68462608,29.20975151,68,18,6,7,3.21546787,77.17122892,1119.58823529,36.0,1.26060078,0.79327256,18,9,9
1B7wEELQdynPcChgQSPSB5eBfo,40,21,19,497.39980965,464.4211226,5.34838505,5.1602347,12.19885678,5.68306149,218,39,9,12,9.51477365,228.35456763,378.35897436,2.0,1.07101031,0.93369783,40,21,19
1B8Gy5X3zz6gnzMcSTEerdj9bt,17,15,2,212.84671532,27.24390309,3.48929042,13.62195154,14.23899454,6.33560104,67,17,8,9,3.22093608,77.30246603,1117.6875,69.0,7.81263663,0.12799776,17,15,2
1BADDnnZMK1GzDTeefN9cNkr3o,6,2,4,8.93692532,24.70545698,4.46846266,6.17636425,7.47016805,4.26814864,6,6,3,3,1.12366565,26.96797553,3203.8,666.0,0.36173892,2.76442469,6,2,4
1BBPdA2T6ySPb6Atf92iQdoBAe,24,15,9,198.40002545,107.26881727,3.42069009,11.91875747,18.40090523,12.05420639,84,23,8,9,3.9243566,94.18455851,917.34782609,69.0,1.84955918,0.54066937,24,15,9
1BCCxP1q7bCPosjhSBqyLVCcTD,23,19,4,209.37061221,42.69142775,3.07897959,10.67285694,15.8312221,8.94284649,77,22,7,10,3.71029701,89.04712827,970.27272727,19.0,4.90427759,0.20390363,23,19,4
1BCvmrgtzBoV3TQkoGVgKqpsVF,5,4,1,2.84576093,0.56062651,0.71144023,0.56062651,1.08252464,0.05896661,5,5,3,5,0.1883116,4.51947848,19117.25,6829.0,5.07603704,0.19700408,5,4,1
1BDF3Tq1JTFpjDqE5CVxgYmMxW,14,3,11,2.21395188,9.30922458,0.73798396,0.84629314,1.42203175,0.1855639,14,13,4,4,0.46585706,11.18056938,7727.69230769,873.0,0.23782345,4.20479987,14,3,11
1BEr3b1KMvEDHyE2HgubC2sWw3,31,17,14,352.5870234,384.5787229,4.40733779,5.19700977,7.999776,3.12870703,185,30,9,12,7.4180919,178.03420565,485.3,2.0,0.91681365,1.09073419,31,17,14
1BGcyRMTCT31c1Qeb2jx8xarcZ,29,18,11,395.11306272,274.90675892,5.00143117,4.99830471,9.62417608,3.85469876,180,29,9,11,6.04896783,145.17522804,595.14285714,0.0,1.43726209,0.69576733,29,18,11
1BKeBiYbsNBwDKSoj6M5szB8qu,41,16,25,334.76814935,556.90787151,4.58586506,4.64089893,8.1265094,3.01639084,214,41,9,11,8.77353317,210.5647962,410.325,75.0,0.60111944,1.66356289,41,16,25
1BLvW66eFRw1m3T2aAWYj3MSJS,18,15,3,202.43398094,57.23451289,3.61489252,19.07817096,23.48786619,19.82655281,65,18,6,7,2.69235845,64.61660288,1337.11764706,50.0,3.53692153,0.28273175,18,15,3
1BQV4GqEFjAgsNkfKPCFw6Mhbt,15,13,2,200.48073337,38.2606752,4.09144354,19.1303376,24.89112711,14.28484055,53,14,7,7,2.96383417,71.13201999,1214.64285714,2.0,5.23986397,0.19084465,15,13,2
1BRNBn4vyk7oJZWT4gTVFVBQ34,35,19,16,408.88395416,370.9093352,4.75446458,4.63636669,11.61892607,3.89334401,205,35,8,11,6.93445131,166.42683134,519.14705882,8.0,1.10238248,0.90712617,35,19,16
1BSDP543vwtHRCuYWjSsnxMV9u,9,4,5,2.35712149,2.81561607,0.58928037,0.56312321,1.38236732,0.12582095,9,9,4,4,0.36017108,8.64410595,9995.25,3000.0,0.83716012,1.19451462,9,4,5
1BSRmrmv99QHfA3FTsfF4fq6nJ,19,15,4,238.97201671,48.04579541,3.73393776,12.01144885,18.25724082,8.50109521,74,19,7,11,3.11928372,74.86280928,1154.11111111,134.0,4.97383829,0.20105197,19,15,4
1BSkZzynrLm8hKQgFF9XAWpfQT,10,7,3,1.79441174,2.90927743,0.25634453,0.96975914,1.49127841,0.21775922,10,10,4,8,0.43471844,10.43324254,8281.22222222,3023.0,0.61678949,1.6212987,10,7,3
1BXhyBqtfMepbSVWXm4NQLaeen,3,3,0,17.23361504,0.0,5.74453835,0.0,7.98510769,3.65965469,1,3,1,1,1.22469808,29.39275387,2939.5,1953.0,17233615040.0,0.0,3,3,0
1BXqF11jwZUfSyR548vqRZD56j,12,6,6,5.20780078,3.4564143,0.8679668,0.57606905,1.28874441,0.16883203,12,12,5,6,0.56315595,13.51574277,6392.54545455,515.0,1.50670618,0.66369941,12,6,6
1BZpmbDXXKKj7eYQjJSRmt7WTu,6,2,4,1.46347851,1.95618395,0.73173926,0.48904599,1.38321614,0.18107158,6,6,2,3,0.34310549,8.23453166,10492.4,495.0,0.74812929,1.33666736,6,2,4
1Bcy2FMTaffm8kz2ciiQbYXW1z,35,14,21,306.88478056,492.20324003,4.44760552,5.02248204,10.69352107,3.20941537,202,34,9,12,7.61667704,182.80024891,472.64705882,8.0,0.623492,1.60386983,35,14,21
1Bd46pKcYtx1UkZo9XYZkkybm8,7,4,3,2.77144732,1.51964656,0.69286183,0.50654885,1.15363271,0.17454178,7,7,3,3,0.46652268,11.19654428,7716.66666667,4223.0,1.82374467,0.54832237,7,4,3
1BdCNHrqSkaSAzVCcavL3VTUH9,25,23,2,309.73568813,21.05471719,3.33049127,10.52735859,18.40083227,4.43471351,92,24,8,11,3.75799226,90.19181419,957.95833333,79.0,14.71098782,0.0679764,25,23,2
1Be9M284xMcXQAMvoRc2hUiMSC,9,5,4,5.19810519,3.66188806,1.03962104,0.91547201,1.49771423,0.14235354,9,9,6,5,0.31041842,7.45004204,11597.25,2631.0,1.41951504,0.70446594,9,5,4
1Bf6Tkyukp5XLRxf3xBepaE8s2,8,6,2,3.86638231,1.12340348,0.64439705,0.56170174,1.07241679,0.09142737,8,8,7,6,0.23265905,5.58381727,15473.28571429,1282.0,3.44166845,0.29055675,8,6,2
1Bfi1coJkvpagSMyFigHNy2GVt,9,5,4,11.82739083,6.57913228,2.36547817,1.64478307,3.82555484,1.39744145,9,9,4,6,1.96158562,47.07805476,1835.25,54.0,1.79771288,0.55626236,9,5,4
1Bg88TJqYigCzHjRKCefyZVCHV,12,6,6,14.52377582,23.77033156,2.4206293,3.96172193,7.27369911,4.65731296,11,12,6,6,2.7912878,66.99090717,1289.72727273,53.0,0.61100434,1.63664958,12,6,6
1BiXWmSxjpfoYLgugQmkmkStL6,9,5,4,5.95903082,2.43384281,1.19180616,0.6084607,1.35832827,0.15953058,9,9,4,5,0.28457092,6.82970209,12650.625,2571.0,2.44840414,0.4084293,9,5,4
1BjDXjJ8TYcYtkn9MqqrySZopv,13,8,5,6.35479678,4.95962665,0.7943496,0.99192533,1.33636664,0.09569851,13,13,5,5,0.52330652,12.55935653,6879.33333333,266.0,1.28130547,0.78045401,13,8,5
1Bjt9K4yQ4VuyoTvHjybWor7vX,17,14,3,218.53208749,36.13422425,3.83389627,12.04474142,19.31751275,7.78761522,59,17,7,9,3.02013423,72.48322148,1192.0,231.0,6.04778688,0.16534974,17,14,3
1BpGqpHMenCDCtQma4pCKPMvY5,42,19,23,405.18367563,501.07547493,4.1771513,4.59702271,8.37526586,3.63289631,241,42,9,12,8.07395657,193.77495761,445.87804878,21.0,0.80862803,1.23666254,42,19,23
1Bpbd5L6Sm8v9ocJyUEgZtMykN,5,1,4,1.17652198,3.14528499,1.17652198,0.78632125,1.23072065,0.20440826,5,5,2,2,0.25678061,6.16273471,14019.75,1115.0,0.37405894,2.67337546,5,1,4
1BryiTrtgcEjviHLGxoUfmNxb3,19,14,5,209.59660152,78.44509147,3.95465286,15.68901829,22.91013485,15.69484364,64,18,8,9,3.39178226,81.40277414,1061.38888889,132.0,2.67188931,0.374267,19,14,5
1BsBGJ6KddCf1s1fmiTSBvmV39,16,12,4,179.75129729,38.55894526,4.60900762,9.63973632,20.36628595,12.47843407,45,15,6,8,3.00033337,72.00800089,1199.86666667,224.0,4.66172755,0.21451275,16,12,4
1BsVquX3Q3sbtXNN3MUBHKvub6,10,5,5,170.71484082,136.69174738,34.14296816,27.33834948,39.52025802,65.98338946,10,10,5,6,3.92727273,94.25454545,916.66666667,167.0,1.24890379,0.80070219,10,5,5
1Bt99eF6ViWZUNz1sGdiJkotwV,6,4,2,16.26813028,10.13272915,4.06703257,5.06636457,7.20879367,3.6790041,6,6,5,5,1.74893121,41.97434901,2058.4,427.0,1.60550332,0.62285763,6,4,2
1Btf2ZjHXgtvbo3o7i7W4pPrSJ,45,26,19,603.14798738,449.66217944,4.74919675,4.78364021,11.5777202,3.72792429,254,44,9,11,9.52438218,228.58517227,377.97727273,11.0,1.34133582,0.74552546,45,26,19
1BuyQLDjpJ6toCGx28nS4LgpaU,26,23,3,343.31386877,51.40666084,3.6522752,17.13555361,21.28572034,9.38372236,93,26,8,9,4.62130937,110.9114249,779.0,45.0,6.67839271,0.14973663,26,23,3
1C1EoeABRcwSZX2ikEXQQpsYbQ,11,5,6,82.48934614,174.15349524,16.49786923,29.02558254,37.11641532,108.17985852,11,11,4,4,3.4020034,81.64808165,1058.2,139.0,0.47365886,2.1112241,11,5,6
1C3HgfZ3teLivfuYSsfaYhFi5D,8,3,5,2.34338701,3.88937602,0.781129,0.7778752,1.45673547,0.24713163,8,8,4,3,0.27861313,6.68671502,12921.14285714,3224.0,0.60250976,1.65972415,8,3,5
1C4mNrQrGH1Ps2kavfrAXDdTp6,27,18,9,243.05526549,129.95316543,3.62769053,14.4392406,23.86617328,22.46299005,90,27,8,11,4.34056761,104.1736227,829.38461538,20.0,1.8703297,0.53466509,27,18,9
1C6NBd34vYK5tpRyRnmJE3cR2t,44,18,26,386.55993139,581.91650976,4.7141455,4.65533208,10.2084046,3.50629519,223,43,9,12,8.53174603,204.76190476,421.95348837,0.0,0.66428762,1.50537203,44,18,26
1C8jfY1kRK1UK6ADmspi5MJ3AL,7,3,4,52.30976634,127.70015052,17.43658878,31.92503763,39.05654535,184.92568078,7,6,3,4,4.23861852,101.72684458,849.33333333,166.0,0.40962964,2.44122961,7,3,4
1C8rEDRnafrR41ZDJWUkp59jZh,7,3,4,14.54132111,22.60811214,4.84710704,5.65202803,7.94415636,3.08932614,7,7,3,4,3.87582989,93.01991746,928.83333333,230.0,0.64319042,1.55474953,7,3,4
1C8vFNnHsRgnmBAjGdK1Yvx6qV,6,2,4,4.77783835,18.32720756,2.38891917,4.58180189,6.73776793,4.13960262,5,6,3,3,1.35808058,32.59393391,2650.8,1557.0,0.26069647,3.83587853,6,2,4
1C9DRJLdndstPk7wKGVj1pJDyk,43,23,20,473.13832955,448.87847238,4.15033622,4.7753029,7.99723382,3.07079603,227,39,8,11,9.36977133,224.87451199,384.21428571,12.0,1.05404549,0.94872566,43,23,20
1C9gLkSA8sjDhMKnss6PftY2gz,7,2,5,0.83192142,3.36669762,0.41596071,0.67333952,1.20190767,0.17457861,7,7,3,3,0.28962965,6.95111159,12429.66666667,5764.0,0.2471031,4.04689378,7,2,5
1CD4pCtqDHzxTVhg7xhB6K6R8J,8,3,5,4.17356357,3.91284787,1.39118786,0.78256957,1.47674399,0.10280306,8,8,3,3,0.53139893,12.75357429,6774.57142857,112.0,1.06663068,0.93753163,8,3,5
1CDBfY7sTYLGEc42PyHPkBCuxz,6,3,3,2.98803268,1.62407891,0.99601089,0.54135964,1.37758919,0.15117745,6,6,4,4,0.2388535,5.73248408,15072.0,6685.0,1.8398322,0.54352783,6,3,3
1CDHiHENatoJeyc68ajLxtUP7A,10,5,5,19.13257254,23.11779159,3.82651451,4.62355832,7.9045947,6.32206974,10,10,4,5,2.14484311,51.47623461,1678.44444444,1.0,0.82761247,1.20829499,10,5,5
1CELEw2tqSNybrYKKymbmacDgy,9,5,4,27.60569834,14.35767598,5.52113967,3.58941899,7.63129797,5.63855493,9,8,5,4,1.80961357,43.43072573,1989.375,538.0,1.92271356,0.52009827,9,5,4
1CMWjwD8U2fLFdms8rEqSathm6,23,19,4,272.97733491,57.16057238,3.95619326,14.2901431,16.95500195,10.8760278,73,23,9,8,3.67312865,88.15508765,980.09090909,131.0,4.77562284,0.20939677,23,19,4
1CRfkMALgg7q5jqarYsWDKjYYZ,9,5,4,4.11086641,4.94456471,0.82217328,1.23614118,1.45158758,0.18003478,9,9,4,4,0.40719951,9.77278833,8840.875,2608.0,0.83139096,1.20280355,9,5,4
1CSXv6hGrB19MGvqyHBGbUVt3u,14,7,7,16.25480005,25.67950583,2.32211429,3.66850083,6.173712,3.98918615,14,13,5,7,2.99156226,71.79749425,1203.38461538,107.0,0.63298726,1.57981063,14,7,7
1CUVxsyFxyQ5tAYCJMPFtGYvQk,9,9,0,97.93307687,0.0,3.15913151,0.0,7.03386062,3.93565445,29,9,5,6,2.05494113,49.31858723,1751.875,251.0,97933076869.99998,0.0,9,9,0
1CWWHQVkN4B7jtaayPC67KaLU3,1,1,0,10.81328234,0.0,10.81328234,0.0,10.81328234,0.0,1,1,1,1,0.0,0.0,0.0,0.0,10813282340.0,0.0,1,1,0
1CcAK1bJXMxAaDPfefL31J63oq,18,17,1,199.40018658,20.20401218,3.06769518,20.20401218,20.20401218,7.80247742,64,18,8,10,3.24547913,77.89149918,1109.23529412,100.0,9.86933609,0.10132394,18,17,1
1CdDxopV2rUyqBhhQxZWoER2a4,37,16,21,322.5361942,493.70679319,4.18878174,5.03782442,7.93708103,2.91125001,199,37,8,11,8.18905598,196.53734361,439.61111111,0.0,0.65329503,1.53070199,37,16,21
1CeSQWPrKAukqyYkbTQU6fHy9N,8,4,4,2.96837495,4.55199775,0.74209374,1.13799944,1.31485885,0.11330155,8,8,4,4,0.27690178,6.64564264,13001.0,2027.0,0.65210378,1.53349824,8,4,4
1ChDNjoV2xV5vGfaKcBAcM48k5,9,5,4,3.81152751,2.52350416,0.7623055,0.63087604,1.31446777,0.13913014,9,9,5,5,0.32449973,7.78799351,11094.0,2172.0,1.51041063,0.66207161,9,5,4
1CjDVjbQcHX5sjCeT8c3FDAL9p,8,2,6,1.69971041,4.93721617,0.84985521,0.82286936,1.42792003,0.2225959,8,8,3,3,0.38732881,9.29589155,9294.42857143,2934.0,0.34426494,2.90473962,8,2,6
1CkKJ1TE2sTj9JJWfshM7FF2nM,8,5,3,2.79275842,2.66603754,0.55855168,0.88867918,1.37141731,0.18064288,8,8,6,5,0.386966,9.28718405,9303.14285714,812.0,1.04753154,0.95462519,8,5,3
1CnKuRPisqjTwxaKur5NKpTpDN,4,3,1,7.43998391,5.02043452,2.47999464,5.02043452,6.31122308,6.71489022,4,4,2,4,3.2598853,78.23724721,1104.33333333,249.0,1.48194023,0.67479105,4,3,1
1Ctn6ucz3QnvjBPXdMed4n2KuX,10,2,8,3.11476302,21.05621571,1.55738151,2.63202696,6.54506554,2.5216717,10,10,2,3,2.29218253,55.01238062,1570.55555556,44.0,0.14792606,6.7601341,10,2,8
1CupY18cP5x3TXdLdVzNsRXvov,8,5,3,4.79225542,2.47552113,0.95845108,0.82517371,1.43560883,0.09634585,8,8,5,4,0.48943443,11.74642635,7355.42857143,218.0,1.93585721,0.51656703,8,5,3
1Cv4q5SqBdkzy1XDteeCrvZvg6,8,6,2,92.61860076,21.80686533,4.2099364,10.90343267,16.82568353,10.69918671,29,8,5,5,1.49448464,35.86763136,2408.85714286,449.0,4.24722212,0.23544801,8,6,2
1CvrtuFKrArUSdc4Tgm2cXASh8,12,3,9,2.0689419,6.90314245,0.6896473,0.76701583,1.4125749,0.17921713,12,12,2,4,0.42759499,10.26227986,8419.18181818,163.0,0.29971016,3.33655694,12,3,9
1Cy125maRWUR832ZvhfjxctkXn,12,4,8,3.5660761,7.53570492,0.89151903,0.94196311,1.47529189,0.15648464,12,12,4,5,0.46928884,11.26293211,7671.18181818,25.0,0.47322396,2.11316436,12,4,8
1CzSRfEXwv1SF9uPq3E8vFeBZ3,20,15,5,190.87514641,83.01182493,3.23517197,16.60236499,20.51866543,16.24852772,75,20,8,8,3.05698324,73.36759777,1177.63157895,4.0,2.29937297,0.43490117,20,15,5
1D1gqH1WYwYbt1fyYGEejXWTV6,14,8,6,6.05806732,5.27118111,0.75725842,0.87853019,1.49264279,0.21020041,14,14,6,7,0.55577327,13.33855855,6477.46153846,959.0,1.14928081,0.87010937,14,8,6
1D4fWwLBYhLgFUSwkFMXnrodTV,22,18,4,309.10063242,71.11767923,4.35353003,17.77941981,22.53804249,12.21132261,83,22,7,10,3.70915514,89.01972329,970.57142857,41.0,4.3463262,0.23007937,22,18,4
1D5S8znnrEx7XVf1NGL3EckbFD,4,4,0,7.15747569,0.0,1.78936892,0.0,2.1840167,0.21521562,1,4,1,1,1.5054363,36.13047115,2391.33333333,57.0,7157475690.0,0.0,4,4,0
1D5kDPU8u7Vz1BYZKXDLLWvdsD,9,4,5,88.61361399,91.31477642,22.1534035,18.26295528,37.3566755,111.14006859,9,9,4,5,3.37315531,80.95572734,1067.25,6.0,0.97041922,1.03048248,9,4,5
1D6ibUV92XPe7JJvpQTU5gTtSo,48,27,21,547.74521163,402.41446776,4.11838505,4.28100498,12.19885678,3.88222183,243,47,9,12,10.65357008,255.6856819,337.91489362,11.0,1.36114692,0.73467455,48,27,21
1D6x4RTaLmhFFNUX4ZUi4L8JQJ,8,4,4,1.5492578,3.58439629,0.38731445,0.89609907,1.33698468,0.17571022,8,8,5,4,0.28696692,6.88720606,12545.0,2403.0,0.4322228,2.31362159,8,4,4
1D715X6mV8fseKMWpH3Nq8fjhd,3,3,0,24.68902121,0.0,8.22967374,0.0,10.57848129,9.21053599,1,3,1,1,0.89452106,21.4685054,4024.5,2138.0,24689021210.0,0.0,3,3,0
1DA23GXgwr5WTyhdDnmRYSGAim,7,5,2,4.39485363,1.80205653,0.87897073,0.90102826,1.20006214,0.08288484,7,7,6,5,0.34284082,8.22817961,10500.5,3149.0,2.43879898,0.41003789,7,5,2
1DAYh2DiJd8H7x2kP9RfhSDuTL,4,2,2,60.29997001,42.89165768,30.149985,21.44582884,37.29658865,67.7851195,3,4,2,3,2.16216216,51.89189189,1665.0,337.0,1.40586709,0.71130479,4,2,2
1DBNL5hh72XUt2ethNvHG7XGNv,3,2,1,1.84589052,1.21459914,0.92294526,1.21459914,1.39204292,0.16560441,3,3,3,3,0.08018085,1.92434046,44898.5,19406.0,1.51975286,0.65800172,3,2,1
1DC3y3HqcYftkyWaZZxdVPkEmp,4,1,3,1.14137236,3.54267765,1.14137236,1.18089255,1.20803502,0.00095597,4,4,2,2,0.12008005,2.88192128,29980.0,19767.0,0.32217788,3.10387545,4,1,3
1DEKCfvrgoP4bSWAoATjhUCb6z,6,5,1,118.48850976,23.24626915,23.69770195,23.24626915,38.79198816,179.53624479,5,6,3,3,2.74725275,65.93406593,1310.4,119.0,5.0970979,0.19619007,6,5,1
1DEL3mjCjgEYa7osGATXBVGGAy,1,1,0,11.16280108,0.0,11.16280108,0.0,11.16280108,0.0,1,1,1,1,0.0,0.0,0.0,0.0,11162801079.999998,0.0,1,1,0
1DHBWZpeEhvCawWrEAsrCtWrRU,43,23,20,547.837811,461.86274309,4.84812222,4.76147158,11.61132941,3.83849598,224,41,9,12,9.86880752,236.85138046,364.78571429,0.0,1.18614852,0.84306474,43,23,20
1DKytkJhkMJNwdPkTsU21F1w66,10,7,3,33.64063421,13.45178976,4.80580489,4.48392992,6.75744973,1.94433905,10,10,6,7,4.35425346,104.50208305,826.77777778,122.0,2.50082962,0.39986731,10,7,3
1DL65MqXrEirE4ge4s3in3dwJp,23,15,8,213.23886041,98.4070777,3.87707019,12.30088471,22.94007619,18.92471908,76,22,8,10,3.51843625,84.44247001,1023.18181818,6.0,2.16690573,0.46148754,23,15,8
1DNBHW66tVcZXkqrP1oQ8Exgpm,2,2,0,13.1465589,0.0,6.57327945,0.0,9.47734479,8.4335955,1,2,1,1,4.04040404,96.96969697,891.0,891.0,13146558900.0,0.0,2,2,0
1DPcQeFuPZ4mEjphNyiBZa2N2t,11,7,4,31.2148412,9.12516678,4.45926303,2.28129169,7.12420323,5.2319914,11,11,6,6,2.37138528,56.91324682,1518.1,434.0,3.42074199,0.29233424,11,7,4
1DQ3uiarHzsBKwEmpm8gbxFd9K,18,15,3,149.24889709,38.18036759,2.81601693,12.7267892,18.3743196,11.02777849,62,18,7,9,3.46290952,83.10982855,1039.58823529,126.0,3.9090482,0.25581675,18,15,3
1DTfEu8hc2RBy31sYhD29tHsCz,15,13,2,185.44761781,15.62545982,3.37177487,7.81272991,13.33778038,4.01587539,57,14,7,7,2.69216388,64.61193312,1337.21428571,69.0,11.86829827,0.08425808,15,13,2
1DTmcoobHjKLG74SdcvYA4Q1U6,9,4,5,2.16972291,2.76548315,0.54243073,0.55309663,1.35706428,0.12271012,9,9,4,4,0.3528374,8.46809762,10203.0,1501.0,0.78457282,1.27457895,9,4,5
1DUmB7isfojB5Pas8adYo1kQd7,5,1,4,0.79725322,2.54733771,0.79725322,0.63683443,1.48164983,0.24043663,5,5,2,2,0.15898953,3.8157488,22643.0,8447.0,0.31297508,3.19514258,5,1,4
1DWwUG4eXWFeiuZoGxUwRT2dYj,1,1,0,11.38291467,0.0,11.38291467,0.0,11.38291467,0.0,1,1,1,1,0.0,0.0,0.0,0.0,11382914670.0,0.0,1,1,0
1DYWHQfieaLk7mpEGYTZV1NmZr,6,1,5,4.81201208,20.60696721,4.81201208,4.12139344,7.49863537,4.11394426,6,6,1,2,1.46890811,35.25379468,2450.8,825.0,0.23351384,4.28240139,6,1,5
1Dbi25EjV3C2wdiycyw6vfL15x,40,26,14,533.98203388,325.07847631,4.17173464,4.85191756,7.7884219,1.98967246,228,38,9,12,8.78378378,210.81081081,409.84615385,0.0,1.64262501,0.60878167,40,26,14
1DfZpy9x5JrswTNsZJu1KoLvee,9,5,4,4.74140659,4.08432762,0.94828132,1.0210819,1.4629298,0.18901911,9,9,5,5,0.37476577,8.99437851,9606.0,2916.0,1.16087813,0.86141687,9,5,4
1Dg43vzLgUF3meRTSxVqvUCdR3,35,21,14,443.12356059,313.62669598,4.34434863,4.35592633,7.99036219,2.45923808,211,34,9,11,7.32320211,175.75685054,491.58823529,1.0,1.41290128,0.70776353,35,21,14
1Dh2gF9ggZ6fdoT2MgGBdhXk6Q,11,5,6,2.53247127,5.14597935,0.50649425,0.85766323,1.17866785,0.09710192,11,11,5,4,0.47312393,11.35497437,7609.0,608.0,0.4921262,2.0319991,11,5,6
1Djcb19YE1HAYTEU9wZx7HhHkJ,19,12,7,156.09054564,53.06345982,3.90226364,7.58049426,23.26310943,14.55852616,60,19,7,9,3.5209737,84.50336883,1022.44444444,9.0,2.94158252,0.33995307,19,12,7
1DmGDiy6EQkp5LiaMNps2W2ARH,8,3,5,9.42448135,21.65015195,3.14149378,4.33003039,7.94460739,5.85868154,8,8,4,3,1.7300563,41.52135109,2080.85714286,486.0,0.43530786,2.29722476,8,3,5
1DopPafrAdxaa4tbQbFmaBQB7k,7,3,4,1.45827033,2.56133512,0.48609011,0.64033378,0.94463481,0.09223602,7,7,3,4,0.33223613,7.97366721,10835.66666667,1916.0,0.56933992,1.75641996,7,3,4
1Dq9sTxVqDd9h2Runs2J9xeKAg,28,17,11,380.80755035,282.79832328,4.37709828,5.04997006,8.69658434,2.86764248,181,28,9,10,5.80749238,139.37981717,619.88888889,6.0,1.34656934,0.74262793,28,17,11
1DrHvaDPnTKB3cYEmXNG11j68v,5,3,2,1.84386645,1.31654716,0.61462215,0.65827358,1.17860832,0.21498945,5,5,3,4,0.2112893,5.07094332,17038.25,3055.0,1.40053202,0.71401438,5,3,2
1Dths2PFCsrPUpCLkcbpwcimub,42,27,15,517.73525136,350.23524517,4.14188201,4.73290872,7.97745676,2.59634687,237,40,9,12,9.12632165,219.03171953,394.46341463,9.0,1.47825,0.67647556,42,27,15
1Du3Va78y5V7dnqUv43Jg2B6JK,22,16,6,253.71336326,83.13132109,3.84414187,13.85522018,24.04018339,15.36614917,77,22,7,11,3.09556957,74.29366964,1162.95238095,18.0,3.05195876,0.32765843,22,16,6
1DyGM3wNPXqGbNYFUc2m57dz9F,7,3,4,0.93068731,2.64554082,0.3102291,0.6613852,1.12856463,0.15732059,7,7,3,4,0.27044962,6.49079094,13311.16666667,864.0,0.35179473,2.84256677,7,3,4
1E2s1b3QSG3pZmAdBhHhc9ZWFv,2,1,1,4.86793001,1.15921913,4.86793001,1.15921913,4.86793001,3.4386341,2,2,2,2,1.92719486,46.25267666,1868.0,1868.0,4.19931822,0.23813389,2,1,1
1E5KULvLC6KGWiXZkxk2wQNjg9,34,20,14,447.35089484,275.90529248,4.81022468,4.37944909,8.49912437,3.07250024,200,34,9,12,6.86387798,164.73307141,524.48484848,0.0,1.62139295,0.61675364,34,20,14
1E6nAMAJCDNANupRv31aMpvavg,11,5,6,20.05800465,23.06722792,4.01160093,3.84453799,7.52500206,5.90645718,10,11,5,5,2.68917607,64.54022559,1338.7,360.0,0.86954552,1.15002605,11,5,6
1E7daMdRY5aFA7D1PK9jbhHisn,3,3,0,15.33163654,0.0,5.11054551,0.0,8.55541205,9.92672713,1,3,1,1,1.02359966,24.56639181,3517.0,3084.0,15331636539.999998,0.0,3,3,0
1EAeL2SGQXCHWSwEfcPXqAtSjm,11,6,5,98.60339335,125.46593026,16.43389889,25.09318605,34.81240499,128.76835567,9,11,5,6,5.7106599,137.05583756,630.4,184.0,0.78589776,1.27243015,11,6,5
1EBV7bthZVPaVuN4secx3j93YN,35,22,13,467.64638025,303.03159161,4.21303045,4.45634694,8.63829876,2.82321452,208,34,9,11,7.02156953,168.51766866,512.70588235,0.0,1.54322649,0.64799302,35,22,13
1EBqjm67Un2BMzRrJFoHjXzj8j,6,2,4,1.92810281,3.89504169,0.9640514,0.97376042,1.22936605,0.04260906,6,6,3,3,0.45485558,10.916534,7914.6,1588.0,0.49501468,2.02014212,6,2,4
1EC1mJ7o4FhY9Zq54AqyfWCfNu,37,16,21,381.48459285,447.04901219,5.22581634,4.70577908,9.16702353,3.645201,213,37,9,12,7.71842058,185.24209398,466.41666667,1.0,0.85333953,1.17186649,37,16,21
1ECurk55HV8UPjS1mfLNRQELUg,9,4,5,3.80602909,4.17505209,0.95150727,0.83501042,1.42529591,0.12808166,9,9,4,5,0.37352632,8.96463173,9637.875,857.0,0.91161236,1.09695748,9,4,5
1EDkd1QuQ2LzLZux8mYiWTTPPv,10,3,7,2.7813311,3.83449054,0.92711037,0.54778436,1.47092976,0.25813937,10,10,4,4,0.46679153,11.20299669,7712.22222222,251.0,0.72534567,1.37865303,10,3,7
1EDobQSeDCof8GTfRLpa3mJtr2,5,2,3,8.07306616,12.09667297,4.03653308,4.03222432,7.27623734,4.27459611,5,5,3,2,0.91591401,21.98193614,3930.5,751.0,0.66737905,1.49839884,5,2,3
1ELcoFafFMjjfQiGza9jzcq2vu,9,5,4,4.61659135,3.27266674,0.92331827,0.81816669,1.46770764,0.25303792,9,9,4,5,0.37762568,9.06301629,9533.25,1674.0,1.41065123,0.70889245,9,5,4
1EMC1wUBCtR4kdE5RpJ9qRSvFF,6,6,0,20.94111388,0.0,3.49018565,0.0,5.58711575,1.39243497,1,6,1,1,2.12640284,51.03366804,1693.0,171.0,20941113880.0,0.0,6,6,0
1EMiUoDknKF5mV5fkh5zRFtDqP,30,20,10,366.27104656,204.97505847,3.8965005,4.76686182,9.10016216,3.38340353,174,29,9,10,6.17021277,148.08510638,583.44827586,70.0,1.78690544,0.5596267,30,20,10
1EN7sKf9ZuTD9Ym4AE7WHhz39a,35,16,19,336.24950145,458.6057686,4.73590847,5.09561965,10.42922965,4.57092786,201,35,9,11,6.84678637,164.32287297,525.79411765,9.0,0.73319946,1.36388535,35,16,19
1ETY1LhBNhLkgUg8f9aKNoQtmx,7,3,4,2.79699296,2.02942007,0.93233099,0.50735502,1.05970043,0.07531835,7,7,4,3,0.34485511,8.27652271,10439.16666667,245.0,1.37822277,0.72557211,7,3,4
1EV5zjbKLHe4oBxeM4AxSKZ3u7,12,5,7,4.61311142,5.38719213,0.92262228,0.76959888,1.37078639,0.14998782,12,12,4,5,0.50384243,12.09221843,7145.09090909,820.0,0.85631091,1.16780013,12,5,7
1EWYN3JKsat2SiGhCHJckgScHT,40,19,21,370.30722074,478.02432598,3.81760021,4.78024326,7.89641356,2.40893399,222,38,9,12,8.27537428,198.60898267,435.02564103,2.0,0.77466188,1.29088578,40,19,21
1EXEgwLg69iMbu5dFzUReKxDUL,5,5,0,30.05475597,0.0,6.01095119,0.0,9.54985006,14.97768002,1,5,1,1,2.33804189,56.11300536,1539.75,500.0,30054755970.0,0.0,5,5,0
1EXjRvWnGq7R9Mq9SrMzKukoxU,13,8,5,4.64760934,3.65947691,0.58095117,0.73189538,1.48203032,0.16719975,13,13,6,7,0.44397398,10.65537548,8108.58333333,144.0,1.27002013,0.78738909,13,8,5
1EanhqvK84dS1r2pURu8Tytkx5,40,23,17,501.34718055,362.2410196,4.91516844,4.47211135,10.15005033,3.59263572,220,40,9,12,8.67201977,208.12847437,415.12820513,6.0,1.38401549,0.72253527,40,23,17
1EeYHgpheQ2Vo1ZwbULu1TpYQq,21,17,4,271.08194931,25.33250557,4.67382671,6.33312639,12.12576905,10.12704583,69,21,9,10,3.33410512,80.01852281,1079.75,20.0,10.70095291,0.09344962,21,17,4
1EfESxj9XR7WTuJn2rjJ3JoRNj,6,2,4,11.56933607,22.51108021,5.78466804,5.62777005,7.8605733,3.16508089,6,6,3,3,1.31338927,31.52134258,2741.0,367.0,0.51393962,1.94575385,6,2,4
1EgEMmHEqFuhyWDos9nVaEfTrp,6,4,2,16.01074908,9.25049487,4.00268727,4.62524744,7.77677582,4.95277727,6,6,4,5,1.57784011,37.86816269,2281.6,318.0,1.7307992,0.57776777,6,4,2
1Ek8LoypyzaEtScWLWXowYH1W2,5,2,3,10.98749201,14.25854728,5.49374601,4.75284909,7.70813603,4.7547634,5,5,3,3,1.58016021,37.92384506,2278.25,508.0,0.77058986,1.29770718,5,2,3
1EkyMLdskLUnP6e1gZSw9wK4Qz,10,4,6,3.20208387,5.49794153,0.80052097,0.91632359,1.31748545,0.19290194,10,10,3,5,0.52477284,12.59454819,6860.11111111,628.0,0.58241505,1.71698861,10,4,6
1EoYUyVUfpJuMg7fRUDdPQzhu5,4,2,2,1.01034344,1.46963962,0.50517172,0.73481981,0.84957388,0.04228888,3,4,3,3,0.12288926,2.94934231,29294.66666667,7538.0,0.687477,1.45459411,4,2,2
1EpaQLKqMVkW2AgeBgPdUTq2qK,9,6,3,5.16368002,0.90676143,0.86061334,0.30225381,1.48974237,0.28756594,9,9,5,5,0.28126648,6.75039553,12799.25,525.0,5.69464012,0.17560372,9,6,3
1EqwpLupe2AErXLFCvUdxnCqrJ,6,6,0,35.64808581,0.0,5.94134763,0.0,10.53619181,9.95462906,1,6,1,1,1.97520026,47.40480632,1822.6,90.0,35648085809.99999,0.0,6,6,0
1Er9qHKM81YpUC9RbnFZcvjtP5,10,5,5,3.76408913,3.95283389,0.75281783,0.79056678,1.42038883,0.12133513,10,10,3,6,0.40450953,9.70822877,8899.66666667,1617.0,0.95225077,1.05014354,10,5,5
1ErP29yzV8vR2VxpwpER4VVSDE,5,3,2,1.75742901,1.369134,0.58580967,0.684567,1.33554454,0.30376271,5,5,4,2,0.35474097,8.51378316,10148.25,2150.0,1.28360629,0.77905508,5,3,2
1EtpDpi1Qowd7kswARUkvB47PX,11,7,4,7.12972039,3.65480332,1.01853148,0.91370083,1.35085737,0.08098829,11,11,6,7,0.43632133,10.47171183,8250.8,51.0,1.95078087,0.51261524,11,7,4
1F14kpcZ9iqDawLjRvdg4qkkyn,9,6,3,22.00069492,17.6097922,3.66678249,5.86993073,7.35764202,2.92692567,9,9,5,7,1.96801968,47.23247232,1829.25,76.0,1.24934438,0.80041982,9,6,3
1F57U38PRwNGyydfQC67rphokM,55,25,30,531.72976051,662.00359557,4.74758715,4.69506096,9.01224229,3.52879397,258,53,9,12,10.91889463,262.05347113,329.7037037,0.0,0.8032128,1.24500008,55,25,30
1F8cFYHNsPr3rycJzAwmxZfj7n,5,3,2,2.89521089,2.40218539,0.9650703,1.2010927,1.43546555,0.21366666,5,5,3,4,0.20653452,4.95682855,17430.5,1428.0,1.2052404,0.82970999,5,3,2
1FCwcyEyxZgzRksyEEuXTzp6ZN,21,17,4,144.87448145,38.04363223,2.16230569,9.51090806,24.20554873,9.0871589,76,20,6,9,3.4764135,83.433924,1035.55,67.0,3.80811381,0.26259719,21,17,4
1FDsZtf2U9GwsQHtSyRs9whCrT,9,3,6,2.06810505,4.72522734,0.68936835,0.78753789,1.38455163,0.10516702,9,9,3,4,0.44600684,10.70416428,8071.625,15.0,0.43767313,2.28481012,9,3,6
1FFFjjaLjdoTmNQBFd7Xrk2uEo,26,19,7,239.04650156,76.20745228,3.36685213,10.8867789,17.6800799,12.22674824,93,26,9,10,4.04403505,97.05684116,890.2,7.0,3.13678642,0.31879761,26,19,7
1FHVE7WM73jCeQbGocM1ZpEGBX,28,16,12,296.91502526,307.60386611,4.01236521,4.88260105,8.63829876,3.44318184,168,28,8,11,6.74017058,161.76409403,534.11111111,10.0,0.96525128,1.03599966,28,16,12
1FJLCKT9xjpxX79DgFGy4rqTNG,3,3,0,18.51153775,0.0,6.17051258,0.0,10.13915547,13.9974599,1,3,1,1,1.33779264,32.10702341,2691.0,298.0,18511537750.0,0.0,3,3,0
1FLEFAJfros8iDPYWdh1vpwuss,5,2,3,2.11956382,1.70151824,1.05978191,0.56717275,1.39717678,0.23133394,5,5,3,3,0.24209004,5.81016106,14870.5,1460.0,1.24568974,0.80276811,5,2,3
1FNkesKZxxZtCo5aaJetTb2SSH,13,11,2,148.10644189,27.4280559,3.3660555,13.71402795,20.9708971,10.61499428,48,13,5,8,1.95289544,46.86949053,1843.41666667,33.0,5.39981552,0.18519151,13,11,2
1FPih6NVq7aH2yf4c4kQ7B1a11,6,2,4,0.45040906,3.22230781,0.22520453,0.80557695,1.26914798,0.20932946,6,6,3,3,0.37114167,8.90740015,9699.8,2605.0,0.13977841,7.15418071,6,2,4
1FVPqCPVoLtLktuabAwM9oTivf,2,2,0,13.51917168,0.0,6.75958584,0.0,8.83063381,4.28923969,1,2,1,1,0.66469719,15.95273264,5416.0,5416.0,13519171679.999998,0.0,2,2,0
1FVfuESRU4KLbqSspW88ba5T5a,38,20,18,448.5942727,469.40806642,4.92960739,4.94113754,7.99736778,2.8622986,225,37,9,12,9.12954078,219.10897875,394.32432432,6.0,0.95565949,1.04639781,38,20,18
1FbR87N886nUCxoXw7HEqQgDH8,29,17,12,367.5034687,248.93556009,4.71158293,4.52610109,8.95677464,3.12596703,179,29,9,10,5.97758406,143.46201743,602.25,27.0,1.4762996,0.67736928,29,17,12
1Fd2bzFvknNB7n6bfTjaKzKBiK,26,22,4,293.78861811,39.93269207,3.8154366,9.98317302,17.33221725,10.5547927,88,26,9,9,4.3499275,104.39826003,827.6,27.0,7.35709522,0.13592321,26,22,4
1FrQenZ1KDEG8tqQkTeTH2846L,6,6,0,54.34398278,0.0,9.05733046,0.0,11.94380537,8.53164494,1,6,1,1,2.36935632,56.8645518,1519.4,894.0,54343982779.99999,0.0,6,6,0
1FuVGS1U45ttJbuzbT2Zxosrhs,12,6,6,2.12472874,4.13870465,0.35412146,0.68978411,1.48661508,0.16101104,12,12,5,6,0.44673578,10.72165879,8058.45454545,383.0,0.51338013,1.94787437,12,6,6
1Fv1q2LWkobUbRuFGWPAJDyoq8,2,1,1,0.79901987,0.75328488,0.79901987,0.75328488,0.79901987,0.00052292,2,2,1,2,0.18031555,4.32757325,19965.0,19965.0,1.06071407,0.94276114,2,1,1
1FyUUT2pmpBn141PDpBbNDbSDx,13,12,1,163.7842991,12.67229585,3.63965109,12.67229585,12.67229585,4.8969511,43,13,8,7,2.43778568,58.50685627,1476.75,48.0,12.92459559,0.07737186,13,12,1
1G1YjMFwcLr8icMA1yj5FrRCSj,14,10,4,130.88460493,52.20393664,3.35601551,13.05098416,20.45657444,17.53023639,49,14,8,8,2.10725382,50.57409158,1708.38461538,16.0,2.50717883,0.39885468,14,10,4
1G2Vfie8tPJtsv4tCkWEB28Axh,12,2,10,9.58225488,36.07318129,4.79112744,3.60731813,7.63376932,5.76342806,12,12,3,3,3.23186158,77.56467804,1113.90909091,138.0,0.26563376,3.76458169,12,2,10
1G2dNHxHdtrYgno8CzVfuwxeV1,14,8,6,4.29780239,4.34586874,0.5372253,0.72431146,1.43104788,0.15506296,14,14,5,6,0.44074852,10.57796446,8167.92307692,128.0,0.98893976,1.01118394,14,8,6
1G39FzK3QRpWVww7CQ6jQadp3u,23,19,4,264.42748836,54.61731545,3.77753555,13.65432886,21.78359078,11.6143684,73,23,9,10,4.13663428,99.27922281,870.27272727,40.0,4.84145891,0.20654931,23,19,4
1G3FFCHesTpvooVNqYzHxN8r1L,20,17,3,203.10388722,44.97916926,3.12467519,14.99305642,24.42698787,14.07376427,71,20,9,10,2.94903854,70.77692507,1220.73684211,50.0,4.51550997,0.22145893,20,17,3
1G3Low21xMkmJxTa26tmrD8uxz,34,19,15,406.18474476,335.12085736,4.32111431,4.52866023,10.15005033,3.7666325,220,34,9,12,8.00161649,192.03879572,449.90909091,8.0,1.2120545,0.82504541,34,19,15
1G51dvuTAqCXp9pamLXToNVsim,8,5,3,3.46598699,2.15122682,0.6931974,0.71707561,1.29150753,0.16468496,8,8,4,4,0.33115629,7.9477509,10871.0,319.0,1.61116762,0.62066789,8,5,3
1G6jFvkBugbcxzW6soqxBEpB2E,9,8,1,53.66596912,4.32907277,6.70824614,4.32907277,7.40334202,0.9102777,9,9,4,7,2.11422699,50.74144766,1702.75,30.0,12.39664288,0.080667,9,8,1
1G7n8qWCuCSL5HYxNTds1y1h5a,16,11,5,135.12008366,52.11553637,2.81500174,10.42310727,13.57091431,8.15373475,58,16,7,7,2.33503416,56.04081986,1541.73333333,3.0,2.59270254,0.38569793,16,11,5
1G82PC1cdcD5cWF2jtdQ4XgEvF,11,4,7,14.84327735,39.87375252,3.71081934,5.69625036,7.89598981,4.45521702,11,11,4,5,2.32138251,55.71318029,1550.8,54.0,0.37225685,2.68631729,11,4,7
1GA74KRxgTGxzBuMdoMDqBYZWY,3,1,2,0.10819533,2.30969456,0.10819533,1.15484728,1.1936643,0.24444458,3,3,2,1,0.18587361,4.46096654,19368.0,8088.0,0.046844,21.3474515,3,1,2
1GCFcoitDRZL7KGLKSzBCtZ2pY,39,28,11,607.78042989,237.63461067,4.7114762,4.65950217,11.91435754,4.55494448,215,38,9,12,9.15907874,219.81788966,393.05263158,0.0,2.55762588,0.3909876,39,28,11
1GDKdvvS4N17hwnUTwYpefocK3,5,3,2,1.95092209,1.92803338,0.65030736,0.96401669,1.22558873,0.14211024,5,5,3,4,0.41921397,10.06113537,8587.5,97.0,1.01187153,0.98826775,5,3,2
1GHNQFcpaCZXB1HVSXURRn3b9b,9,4,5,22.30528722,25.09491019,5.57632181,5.01898204,7.74236938,3.46447327,8,9,3,4,2.07807201,49.87372826,1732.375,122.0,0.8888371,1.12506555,9,4,5
1GKCa6RtHH5unkT53z7gmWMhzE,21,19,2,229.94649261,41.92514593,2.94803196,20.96257296,23.13748844,10.84485395,78,21,9,10,3.14067612,75.37622683,1146.25,34.0,5.48469153,0.18232566,21,19,2
1GLjeQXcaPUpcNPmWJLHF8oDM8,10,2,8,2.15987761,4.0863658,1.07993881,0.51079573,1.44376012,0.18768295,10,10,2,2,0.48241565,11.57797564,7462.44444444,1493.0,0.52855709,1.89194322,10,2,8
1GQkmqgdZfZyreVzAz86V2ovbZ,8,5,3,3.04061707,2.32698893,0.60812341,0.77566298,1.24833125,0.19130284,8,8,6,4,0.46826223,11.23829344,7688.0,2415.0,1.30667449,0.76530154,8,5,3
1GRK5YiTMmd92vuQdLbhEsS2zd,40,21,19,472.56514616,461.98995742,5.08134566,4.91478678,11.87631885,5.06079507,218,37,9,12,8.7804878,210.73170732,410.0,0.0,1.02289052,0.97762173,40,21,19
1GSVbMm3ZgzcyfYuYHsYrwQgJk,21,17,4,217.27144993,53.19517211,3.06016127,13.29879303,17.12505958,8.54691566,81,19,8,8,4.21965657,101.2717576,853.15,64.0,4.08442047,0.24483278,21,17,4
1GUpGVHojEWGb35E5aHDK5DPxk,34,14,20,235.20442461,492.31552509,3.5105138,4.82662279,7.97299113,3.03225519,213,33,9,11,6.73431211,161.62349073,534.57575758,7.0,0.47775139,2.09313888,34,14,20
1GWck6Xqn2LcnoFsRHha76mToN,9,5,4,16.46134192,16.82920061,3.29226838,4.20730015,7.77683722,3.43356871,9,9,4,6,2.30381569,55.29157667,1562.625,101.0,0.97814164,1.02234682,9,5,4
1GWgBzCFJ71GjLUexfwRVEF7w6,7,2,5,0.25419573,3.66901944,0.12709787,0.73380389,1.48057689,0.20490051,7,7,3,3,0.32783899,7.86813587,10981.0,1896.0,0.06928165,14.43383585,7,2,5
1Gaf28AvJvaKsKXfGUosjPT8y5,14,7,7,29.5635946,28.35307562,4.22337066,4.05043937,7.28584053,2.83858393,13,14,5,7,2.94099164,70.58379941,1224.07692308,109.0,1.04269445,0.95905373,14,7,7
1GeMLVdH4nRHopQE7ktMmWe4Mo,14,11,3,148.49713948,45.67557772,3.22819868,15.22519257,22.89121413,12.77667929,56,14,6,9,2.33114166,55.94739988,1544.30769231,79.0,3.25112778,0.30758557,14,11,3
1GeierqZBKBRSjA7WzrmXNc35k,14,13,1,127.74731457,20.56020433,2.97086778,20.56020433,20.56020433,8.3654579,44,14,9,8,2.08185053,49.96441281,1729.23076923,55.0,6.21332904,0.16094432,14,13,1
1GieVbgzMEWX45BJdEyv8UpJPk,6,2,4,11.89298045,10.10947586,5.94649022,2.52736896,6.04495443,3.55877934,6,6,2,3,1.63383861,39.21212671,2203.4,807.0,1.1764191,0.8500372,6,2,4
1Gjj2Php2vUUV7HbNFFjDr8Yq6,4,4,0,21.94222403,0.0,5.48555601,0.0,11.54598614,13.05271971,1,4,1,1,1.275691,30.61658398,2822.0,354.0,21942224029.999996,0.0,4,4,0
1Gjrihyi9JRcY9Cz4FWEFYncrJ,10,7,3,18.41296557,11.85596604,2.63042365,3.95198868,7.41638512,4.71480859,9,10,6,6,2.00135895,48.03261474,1798.77777778,184.0,1.55305485,0.64389226,10,7,3
1Gkqfxs6aVanQ5d84vczZDdbAB,9,4,5,3.25454383,3.19235182,0.81363596,0.63847036,1.3692382,0.13671573,9,9,3,4,0.55988647,13.43727522,6429.875,1663.0,1.01948157,0.98089071,9,4,5
1GksqikgQ6aUgnMTt6FjLJ4wcb,7,3,4,13.85597414,11.79122444,4.61865805,2.94780611,7.72716139,3.90967754,7,7,2,4,1.69584675,40.7003219,2122.83333333,765.0,1.17510902,0.85098488,7,3,4
1GpmXwXto6bHGw1ti7dCB2fQUY,19,12,7,197.80799978,103.07489692,4.49563636,14.72498527,22.86137873,21.15742316,64,19,7,8,3.15466628,75.71199065,1141.16666667,64.0,1.91907056,0.52108558,19,12,7
1GqNrWkWzex2X8H5RhsFkmFtMT,8,5,3,3.91006853,2.58114853,0.78201371,0.86038284,1.44587675,0.17587296,8,8,4,5,0.40524242,9.72581812,8883.57142857,2489.0,1.51485607,0.66012872,8,5,3
1GsFnpiUJvQ9koNyXWVPrLYc7C,5,4,1,3.85238435,0.45808854,0.96309609,0.45808854,1.39731541,0.21965635,5,5,4,5,0.19807973,4.75391345,18174.5,3504.0,8.40969379,0.11891039,5,4,1
1GszBTu8LrMyLEnt4VdTFjrWF7,21,16,5,231.20737676,84.34003562,3.45085637,16.86800712,23.50425709,17.64697011,85,21,9,10,3.17292438,76.15018509,1134.6,77.0,2.74137158,0.3647809,21,16,5
1Gt6CTUTPSw3CFDS6zTPNZ2TqA,8,4,4,12.13527496,24.99678408,3.03381874,6.24919602,7.39189203,3.75841002,8,8,4,5,1.88200149,45.16803585,1912.85714286,186.0,0.48547345,2.05984489,8,4,4
1GuYDsS3P4Xtvjnqve7wa6jiMa,10,6,4,3.71623482,3.27526078,0.61937247,0.81881519,1.41434298,0.26068947,10,10,7,6,0.53126076,12.75025825,6776.33333333,396.0,1.13463784,0.88133849,10,6,4
1GvtXNKZB6JQnqTQhjGAqqaTsF,4,1,3,0.3924692,2.94192081,0.3924692,0.98064027,1.08816687,0.07084418,4,4,2,2,0.23163042,5.5591301,15542.0,7864.0,0.13340577,7.49592786,4,1,3
1Gx5Vtxwc74ibv16qwGBTYXExS,8,6,2,3.95879599,0.69185454,0.65979933,0.34592727,1.23163707,0.11844415,8,8,6,5,0.32982998,7.91591953,10914.71428571,374.0,5.72200623,0.17476388,8,6,2
1Gy9oKWCyQj4QbGFGHDu3tmG56,12,7,5,94.64631551,56.14644713,3.50541909,11.22928943,20.25690779,22.32338101,46,12,6,6,2.33559422,56.05426128,1541.36363636,489.0,1.68570445,0.5932238,12,7,5
1GyazGcn1PcmBTvtgBjrdrg44V,12,10,2,106.00853995,25.00033229,2.6502135,12.50016614,20.33419407,9.09232036,45,12,8,6,1.84460593,44.2705422,1951.63636364,555.0,4.24028524,0.23583319,12,10,2
1GzXH8QiZW5gngKAN4xjNd9jws,5,5,0,42.86057993,0.0,8.57211599,0.0,11.03422736,5.93295992,1,5,1,1,1.68954593,40.54910243,2130.75,386.0,42860579930.0,0.0,5,5,0
1H1p8fCepAjVQtCHsmGYCtax3N,7,5,2,3.24669343,2.53640231,0.64933869,1.26820116,1.49109083,0.18935798,6,7,4,4,0.24858731,5.96609545,14481.83333333,870.0,1.28003882,0.7812263,7,5,2
1H21m5CkVUpmyB9DueanLYLCuy,15,12,3,155.64600752,37.86790027,3.11292015,12.62263342,18.56517066,7.49662339,55,15,6,8,3.3181908,79.6365791,1084.92857143,39.0,4.11023602,0.24329503,15,12,3
1H3mpwoK9abTp3vQh2rsNGYSUU,7,3,4,3.13044281,2.62291594,1.04348094,0.65572898,1.39741229,0.1093143,7,7,3,4,0.20485973,4.91663347,17573.0,3737.0,1.19349719,0.83787378,7,3,4
1H8RP9xWByS6cyd71dPF732zu5,39,19,20,429.96030555,477.3734262,4.88591256,4.97263986,9.0171394,3.66254692,212,39,9,10,7.90751445,189.78034682,455.26315789,0.0,0.90067918,1.11027325,39,19,20
1H9RYFt9mnnnXCCzA7tMPGAM4r,32,17,15,401.09051596,327.28291495,4.61023582,4.67547021,10.07450135,3.02273147,197,32,9,9,7.02416918,168.58006042,512.51612903,0.0,1.22551621,0.81598268,32,17,15
1H9tVm9eHETh63sg2daBHM4ia8,48,23,25,479.46391317,565.41079159,4.61022993,4.75135119,9.35659547,3.68885168,258,45,9,12,10.32084909,247.70037819,348.80851064,9.0,0.84799215,1.1792562,48,23,25
1HLb9Bq8VyyPaZpFdVZQV1bC4t,9,4,5,1.6892142,3.77077145,0.42230355,0.75415429,1.34579848,0.18116839,9,9,4,4,0.29278409,7.02681821,12295.75,1432.0,0.44797576,2.23226365,9,4,5
1HMpD52oZ69HSLzGpXbhkuRBLE,8,6,2,21.91593369,9.34347829,3.65265562,4.67173915,6.8394279,3.74052706,8,8,5,5,1.74466907,41.8720576,2063.42857143,21.0,2.34558619,0.42633266,8,6,2
1HN2dgdcUECHQqGMAVpe77z86m,6,3,3,8.4371267,14.05091776,2.81237557,4.68363925,7.04700975,3.57254665,6,6,4,4,1.5277542,36.66610083,2356.4,212.0,0.60046802,1.66536764,6,3,3
1HNJyfmyJc1aD6GoTYcqGmXinY,8,4,4,3.1604242,4.84205764,0.79010605,1.21051441,1.48813889,0.16530742,8,8,5,5,0.45961917,11.03086014,7832.57142857,536.0,0.65270272,1.53209105,8,4,4
1HQJRopm6QkXKevDAP68HmseWa,17,15,2,205.34247747,23.48546447,3.87438637,11.74273224,13.29236757,6.09974493,58,17,7,9,2.50271562,60.06517489,1438.4375,125.0,8.74338584,0.11437217,17,15,2
1HUMm4CqYMZU4GhLppzPRDmGwE,3,3,0,29.62111977,0.0,9.87370659,0.0,10.88474854,1.09554291,1,3,1,1,0.88965773,21.35178549,4046.5,3894.0,29621119770.0,0.0,3,3,0
1Hh54K4JG5PSRzZN5kEvNDahi7,24,21,3,223.22795407,46.43801922,2.65747564,15.47933974,18.5840427,11.61255389,86,24,8,11,3.95774581,94.98589934,909.60869565,16.0,4.80700852,0.20802959,24,21,3
1HhoHwiCcXYyGaDRnqDai5SJGA,5,1,4,1.39488337,4.14826223,1.39488337,1.03706556,1.41764989,0.14093976,5,5,2,2,0.20068008,4.81632198,17939.0,11922.0,0.33625728,2.97391332,5,1,4
1Hm7JxjatLpS25dy7GzKHtGqjc,7,3,4,1.99884291,3.2595126,0.66628097,0.81487815,1.49004605,0.14221717,7,7,3,3,0.28253761,6.78090255,12741.66666667,3298.0,0.61323368,1.63069973,7,3,4
1HrKn6PcvxGjipwEm55Y4E1jEW,5,3,2,1.2590687,0.39216144,0.41968957,0.19608072,0.58504286,0.02797057,5,5,4,4,0.45463156,10.91115742,7918.5,3977.0,3.21058771,0.31146945,5,3,2
1HtQRVk2ajuidFdnFzxmiP3JTB,42,22,20,586.0063506,446.69780305,5.86006351,4.65310212,10.29360008,3.40028678,230,40,9,12,9.18138841,220.35332172,392.09756098,15.0,1.31186307,0.76227468,42,22,20
1HwnYPNtVzQqBBM28DeLZmicKq,7,5,2,3.63580696,2.47716333,0.72716139,1.23858166,1.25586231,0.074135,7,7,5,4,0.27129544,6.51109046,13269.66666667,192.0,1.46773001,0.68132422,7,5,2
1HyVqK5GJ18g9oemETy1mNfUCm,10,4,6,18.84390681,22.1272197,4.7109767,3.68786995,7.84058262,7.30642965,9,10,5,4,2.37362637,56.96703297,1516.66666667,126.0,0.85161656,1.17423738,10,4,6
1HzZ8gNtxmHDPrpo87z49RgEdM,10,6,4,30.35755285,19.26084769,5.05959214,4.81521192,7.38365177,3.73639937,10,10,6,5,2.10841413,50.60193922,1707.44444444,72.0,1.57612756,0.63446641,10,6,4
1J3PtVwwW49Qp2m6QQKHgK3hvs,1,1,0,9.47025788,0.0,9.47025788,0.0,9.47025788,0.0,1,1,1,1,0.0,0.0,0.0,0.0,9470257880.0,0.0,1,1,0
1J4WBEu9JwxXCZBcgMyoysJ146,5,5,0,2.81426526,0.0,0.56285305,0.0,0.96283525,0.04515829,5,5,4,4,0.22435148,5.38443562,16046.25,5960.0,2814265260.0,0.0,5,5,0
1J5PUwvvrRkG3QoVzBYQUAtyzx,8,3,5,40.05872999,132.08117319,13.35291,26.41623464,36.24606169,103.88947448,8,8,4,3,4.13657255,99.2777413,870.28571429,132.0,0.30328872,3.29718823,8,3,5
1J7y2mLcUTX6aTHJAU9rKLuY4m,8,5,3,24.57273989,14.98377698,4.91454798,4.99459233,7.93931869,2.30086478,8,7,5,5,2.44541485,58.68995633,1472.14285714,46.0,1.63995633,0.60977233,8,5,3
1JAouTLJw2HWicDrkqBqYfuUTG,5,3,2,12.20611132,11.86980588,4.06870377,5.93490294,7.47551586,3.73794848,5,5,4,4,1.7264117,41.43388083,2085.25,814.0,1.02833285,0.97244778,5,3,2
1JNGhzvkE4CFUL7wCAKqXH2hdb,16,12,4,206.25916104,37.84745179,3.89168228,9.46186295,12.072863,5.5116672,63,16,9,9,2.9033819,69.68116565,1239.93333333,123.0,5.44975028,0.18349465,16,12,4
1JQ14H7gQ6j6Dh3E2VrRwR5X1R,13,7,6,215.05646307,145.28999393,30.72235187,24.21499899,39.69644809,88.10189738,12,13,5,4,6.30656934,151.35766423,570.83333333,71.0,1.48018771,0.67558999,13,7,6
1JR9TDiytaGhtbs2RsnPXbsYPd,6,3,3,1.82721632,2.9511419,0.60907211,0.98371397,1.4944316,0.18915311,6,6,4,2,0.23460716,5.63057192,15344.8,7692.0,0.6191557,1.61510264,6,3,3
1JVTHxe4YbQm8MbUXkGJysAQXn,10,5,5,2.95859696,5.87746281,0.59171939,1.17549256,1.39571004,0.13509063,10,10,4,4,0.51915589,12.45974138,6934.33333333,474.0,0.50337995,1.98657096,10,5,5
1JXgNQCYUETmqQQwSJVCd9dkFu,13,3,10,3.52657041,9.81387198,1.17552347,0.9813872,1.47864713,0.11912533,12,13,4,4,0.63153278,15.15678678,5700.41666667,1435.0,0.35934547,2.78283739,13,3,10
1JYhCNZXZKiLHxbGNJkcZLhV8q,13,5,8,3.93195837,8.66497759,0.78639167,1.0831222,1.37659893,0.10122668,13,13,4,4,0.70107108,16.82570594,5135.0,48.0,0.45377594,2.20373076,13,5,8
1JbSbmZFg3yU9HSXAqaVfd5U2g,7,3,4,2.13406582,2.77790977,0.71135527,0.69447744,1.32642619,0.16019522,7,7,4,4,0.29796391,7.15113392,12082.0,1134.0,0.76822719,1.30169826,7,3,4
1JdSp27X3dAs7VULN5zXxWqt39,8,5,3,22.15664039,16.47997853,4.43132808,5.49332618,7.31044437,3.90353169,8,7,5,6,2.94392523,70.65420561,1222.85714286,27.0,1.34445809,0.74379411,8,5,3
1JeRLu64JwgRY2xRRV3FERCjUb,7,3,4,2.7895255,3.11172006,0.92984183,0.77793002,1.43748641,0.12826706,7,7,3,4,0.28888978,6.93335473,12461.5,3752.0,0.89645773,1.11550156,7,3,4
1JfiSJyVrxQpeaVTBCw29oGjHp,11,2,9,2.48948772,8.07015729,1.24474386,0.89668414,1.42562171,0.17635037,11,11,2,3,0.66255636,15.90135272,5433.5,120.0,0.30848069,3.24169395,11,2,9
1Jgeb35zEoVUcFzTYPgp27XxVg,24,20,4,277.58123307,49.40299571,3.11889026,12.35074893,22.77397926,9.35942209,99,23,8,10,4.21781876,101.22765015,853.52173913,11.0,5.61871257,0.17797671,24,20,4
1JqbspELrjfBXRTc4dharHUim4,26,21,5,279.94536767,42.59073939,3.54361225,8.51814788,12.87561044,5.32406694,85,26,8,9,4.10715101,98.57162415,876.52,18.0,6.57291636,0.15213947,26,21,5
1JqsBKkHAv4msKEqb3PuV7gxkp,3,0,3,0.0,2.68764026,0.0,0.89588009,1.47954914,0.21944483,3,3,1,1,0.16838954,4.04134899,21379.0,18311.0,0.0,2687640260.0,3,0,3
1JrUmzjrrMHBr5Jr4RRN4HuHCV,7,4,3,1.76603983,2.09060132,0.44150996,0.69686711,1.22544603,0.10342232,7,7,3,4,0.25658692,6.15808605,14030.33333333,1858.0,0.84475209,1.18377926,7,4,3
1JsEUYqxBaSa76CoEh2EaZNqUw,19,12,7,147.61334363,102.91166378,3.14070944,14.70166625,23.4344684,21.3070948,66,19,7,10,2.86130613,68.6713472,1258.16666667,53.0,1.43436942,0.69717047,19,12,7
1JvHDSHyESJKHEuBprdtsTe6HA,9,4,5,18.47605595,22.55180968,4.61901399,4.51036194,7.82841562,5.3838115,9,9,5,4,2.04996797,49.19923126,1756.125,426.0,0.81927154,1.22059652,9,4,5
1Jxi9mx9GAnMvGqvkSYAdhJhTR,6,3,3,3.00360777,2.7662256,1.00120259,0.9220752,1.38216995,0.17170293,6,6,2,3,0.2646475,6.3515401,13603.0,406.0,1.08581447,0.92096765,6,3,3
1JzVf4LUoLKfH4rPktb5N7fqFg,40,25,15,542.26560709,354.13799548,5.06790287,4.65971047,11.36715417,4.6801626,213,40,9,12,8.8653154,212.76756962,406.07692308,0.0,1.53122685,0.6530711,40,25,15
1JzgcM5VCHrsJHxY9FhCAxgi4F,14,7,7,5.81342076,4.48815243,0.83048868,0.64116463,1.41284586,0.12131238,14,14,6,6,0.5491862,13.18046869,6555.15384615,106.0,1.29528149,0.77203296,14,7,7
1K1nCL9iBiBpwJ7mgaysvoFtt4,21,13,8,181.47338438,131.29840452,3.78069551,16.41230056,22.40260612,32.81402063,76,20,7,10,3.34603588,80.30486105,1075.9,42.0,1.38214463,0.72351329,21,13,8
1K2MH75NByRBo5cz6NfgzXn2Ui,8,3,5,3.79384065,4.2725081,1.26461355,0.85450162,1.46109627,0.12614444,8,8,3,3,0.32146137,7.71507297,11198.85714286,2969.0,0.8879657,1.12616962,8,3,5
1K792nu1YHh3JpQ5NUefvEEtrA,3,3,0,22.56773924,0.0,7.52257975,0.0,8.62883111,2.38070253,1,3,1,1,1.31004367,31.44104803,2748.0,954.0,22567739240.0,0.0,3,3,0
1K8FsN2DDKS1nXLeTwhZVMVLip,9,5,4,129.22547595,105.36141794,25.84509519,26.34035449,38.40421364,37.50413816,9,9,4,5,3.06057386,73.45377258,1176.25,124.0,1.22649712,0.81533008,9,5,4
1K8Y4sU1BCQBNMDjj6DHp6VTCC,44,21,23,441.77328633,608.12625479,4.24782006,5.1976603,9.56940242,3.68469196,239,44,9,12,8.82906519,211.89756459,407.74418605,3.0,0.72644995,1.37655733,44,21,23
1K9JJM1CPvwRYh4A8XtaCgNsec,31,12,19,257.09871845,475.91123747,4.59104854,5.00959197,9.05948831,3.35356336,191,30,9,11,6.37469012,152.99256286,564.73333333,3.0,0.5402241,1.85108366,31,12,19
1KAULE4CgwX3b5FsYACecA82gr,3,2,1,7.61485776,1.238772,3.80742888,1.238772,4.20871845,1.57357736,3,3,3,3,0.57623049,13.82953181,6247.5,3471.0,6.14710194,0.16267828,3,2,1
1KAjmXXN7MFSjVs94meVxpP3uR,37,19,18,428.76573917,400.04318271,4.61038429,4.5981975,8.19820834,3.07324528,212,37,9,12,8.4101233,201.84295912,428.05555556,12.0,1.07179864,0.93301107,37,19,18
1KB5JdQP65CnrWHXHqyVi98dY3,8,2,6,1.6248473,2.088306,0.81242365,0.348051,1.46919768,0.19777857,8,8,3,3,0.53471397,12.83313529,6732.57142857,3316.0,0.77806955,1.28523216,8,2,6
1KBgybQ8KJvcSdcF3QC7vUe1Ee,23,20,3,272.83305317,38.86237119,3.68693315,12.95412373,15.07398003,6.28779091,78,23,9,9,3.9621792,95.09230077,908.59090909,14.0,7.02049424,0.14244011,23,20,3
1KFDpBUuatsD6e2hj7E3t9z1Qr,11,8,3,5.91119183,1.07283699,0.73889898,0.35761233,0.93385412,0.0639696,11,11,5,8,0.71680306,17.2032734,5022.3,16.0,5.50986952,0.1814925,11,8,3
1KHGgVGQekiW61X9xMmSkEnRnU,9,4,5,1.94483534,4.71196549,0.48620884,0.9423931,1.42871869,0.22753178,9,9,5,5,0.31527439,7.56658529,11418.625,1111.0,0.41274397,2.42280948,9,4,5
1KJUT6yfjfNH8W631xvTQTvASS,12,5,7,147.08017837,193.13997413,29.41603567,27.59142488,39.31074146,57.21244273,12,12,5,4,5.81754077,139.6209784,618.81818182,2.0,0.76152117,1.31316114,12,5,7
1KJyjHLvzsTkG1zT312AsQvuau,9,3,6,2.03554548,5.41437751,0.67851516,0.90239625,1.3349715,0.15212019,9,9,4,3,0.34847843,8.36348236,10330.625,1833.0,0.37595189,2.65991478,9,3,6
1KLnBdhLXnVkKAptm9AfKwRHhF,2,2,0,1.30087394,0.0,0.65043697,0.0,0.84750721,0.03883668,2,2,2,2,0.12935216,3.10445187,27831.0,27831.0,1300873940.0,0.0,2,2,0
1KQnrS38W2DfuR725WPgk2jw3q,14,10,4,148.15354009,79.74288295,3.44543116,19.93572074,24.11364551,23.86768414,48,14,6,8,2.01515673,48.36376163,1786.46153846,127.0,1.85789044,0.53824487,14,10,4
1KR39DrpQGyNhseSZBZe17sJ4b,4,2,2,18.81733003,48.78068137,9.40866502,24.39034068,30.35490905,78.15611734,4,4,3,2,2.48275862,59.5862069,1450.0,167.0,0.38575373,2.59232746,4,2,2
1KRG2NgLj6pPUY85WVMEecvros,1,1,0,9.88599087,0.0,9.88599087,0.0,9.88599087,0.0,1,1,1,1,0.0,0.0,0.0,0.0,9885990870.0,0.0,1,1,0
1KSrQoGFTDqG1MXnrQmLDWmx41,11,7,4,22.60421103,16.81902161,3.229173,4.2047554,7.28080728,5.45047513,10,11,6,5,2.44698206,58.72756933,1471.2,258.0,1.34396706,0.74406586,11,7,4
1KTpViVajs5aqdasUEnTp6xFxd,2,2,0,11.9536617,0.0,5.97683085,0.0,8.75632112,7.72556616,1,2,1,1,0.42278332,10.14679977,8515.0,8515.0,11953661700.0,0.0,2,2,0
1KV2VfijZrSEC83Rt7pxEDqdpp,11,5,6,3.79425803,4.29150332,0.75885161,0.71525055,1.26129395,0.19001865,11,11,5,3,0.47593236,11.42237675,7564.1,518.0,0.88413261,1.13105205,11,5,6
1KVwtbvpY7QiNpFDE5iVdrF5sj,5,5,0,51.46026371,0.0,10.29205274,0.0,11.8603037,1.73929494,1,5,1,1,1.97883743,47.49209839,1819.25,1136.0,51460263710.0,0.0,5,5,0
1KXyGPxfvLUcdNDhWKCNCMWVRb,35,22,13,503.41012237,324.56033847,4.7491521,5.1517514,11.2839424,3.83575885,212,34,9,12,7.33285406,175.98849748,490.94117647,3.0,1.55105249,0.6447235,35,22,13
1KZduaZ2rFo7QGcmZaCvJNo9Wg,9,4,5,3.37318299,2.89249432,0.84329575,0.57849886,1.36782821,0.17472633,9,9,3,3,0.3248218,7.79572318,11083.0,4440.0,1.16618483,0.85749701,9,4,5
1KagwcvdqNgSPKTjUGLNqHxzKp,19,11,8,154.74635732,108.50361733,4.18233398,13.56295217,24.4219773,27.30127359,65,19,7,9,3.15175097,75.64202335,1142.22222222,31.0,1.42618616,0.70117074,19,11,8
1Kb9hvF9jA4H6JJYJiEo9pxap8,6,2,4,1.58053086,3.79865748,0.79026543,0.94966437,1.33754231,0.1402059,6,6,3,3,0.21685963,5.20463116,16600.6,2002.0,0.41607617,2.40340608,6,2,4
1KggRVBmVnSDEdTZ23V87gxKYM,24,11,13,215.98271174,275.84904095,4.31965423,4.67540747,8.90782432,3.14324036,146,23,9,11,5.24017467,125.76419214,687.0,24.0,0.78297431,1.27718112,24,11,13
1KjmiD2a7ZDTGBmqdjEhgxkuVn,2,2,0,6.69095197,0.0,3.34547599,0.0,3.65414411,0.09527601,1,2,1,1,0.97323601,23.35766423,3699.0,3699.0,6690951970.0,0.0,2,2,0
1KmEQgyhUdaM2yJMq2iNsTTwnd,20,17,3,284.32444033,43.48003705,4.18124177,14.49334568,21.56050037,6.95752756,70,19,8,10,3.28688131,78.88515137,1095.26315789,73.0,6.53919499,0.15292402,20,17,3
1Kn7Mh8puLLuZXUB7zTKcGpHj9,3,1,2,0.60302589,12.2434505,0.60302589,6.12172525,6.62344483,6.9358245,3,3,2,2,0.70059356,16.8142454,5138.5,3241.0,0.04925294,20.30335795,3,1,2
1KrbQpFRvq9Tcd3JmWCDaUonJ5,13,11,2,149.01208327,48.0889838,4.25748809,24.0444919,24.37210895,26.31850049,41,13,7,7,2.01605376,48.38529027,1785.66666667,61.0,3.09867399,0.32271869,13,11,2
1KsKUqpvQrJUrWWA3P5V72WE4u,19,15,4,217.77670265,50.55332422,3.62961171,12.63833106,19.28834506,10.3827718,75,19,8,9,3.25105358,78.02528597,1107.33333333,2.0,4.30786117,0.23213376,19,15,4
1KvFYkWAfKApjwtum3fMLZm8Jw,5,3,2,1.87478101,1.36006755,0.624927,0.68003377,1.48564053,0.25332299,5,5,4,4,0.4549763,10.91943128,7912.5,933.0,1.37844698,0.72545409,5,3,2
1L1Z78prJHt6QVCb8nLnEmRz55,5,3,2,13.75760107,10.60988373,4.58586702,5.30494186,7.0400696,5.55742273,5,5,3,4,1.0585122,25.40429286,3401.0,460.0,1.29667784,0.77120158,5,3,2
1L4DuoQkwGCo6sBpKyK1pmCeDr,8,6,2,28.29690744,12.43146903,4.71615124,6.21573451,7.20674251,3.04772852,8,8,5,6,1.78786804,42.90883292,2013.57142857,50.0,2.27623199,0.43932253,8,6,2
1L4RnKCJ9dMTFvDJyDCKHmVH6Y,8,5,3,2.77557054,1.86294463,0.55511411,0.62098154,1.22606824,0.14669964,8,8,3,6,0.33665536,8.07972854,10693.42857143,1092.0,1.48988354,0.6711934,8,5,3
1LDDKdkWn7rfV9h1J4vxdkECKA,28,15,13,298.76246255,264.67762492,4.03733058,4.72638616,10.07450135,4.83655137,170,27,9,12,5.99962965,143.99111166,600.03703704,45.0,1.12877869,0.88591325,28,15,13
1LDhyNxLgzWaYBfxRQX8NzSqnw,17,14,3,183.5741634,60.35607402,3.46366346,20.11869134,23.84119355,17.59654565,59,17,9,9,2.91276865,69.90644753,1235.9375,153.0,3.04151929,0.32878305,17,14,3
1LEeZqaz5ZYEcXVipPZFoFESKq,15,13,2,174.32132147,29.99426953,3.41806513,14.99713477,18.52505944,10.14325471,55,15,7,8,2.28675136,54.88203267,1574.28571429,191.0,5.81182086,0.17206311,15,13,2
1LExyBVhMytriTs3Jx6urYXpTv,7,2,5,2.21522789,5.1128229,1.10761394,1.02256458,1.40068588,0.10096379,7,7,2,2,0.36251343,8.70032223,9930.66666667,1656.0,0.43326904,2.30803473,7,2,5
1LHEAK22iiqT6QWrAVhRcBfVqM,7,4,3,2.96165569,1.9997676,0.74041392,0.6665892,1.41789959,0.19478747,7,7,3,4,0.31621016,7.5890439,11384.83333333,2871.0,1.48099994,0.67521947,7,4,3
1LLq9vvk13sRCdZYVhaXGvMaMr,20,15,5,253.75272842,63.29836606,4.45180225,12.65967321,19.36290052,13.59864132,70,19,6,9,3.97466442,95.39194607,905.73684211,5.0,4.00883537,0.24944901,20,15,5
1LQ3F5vvx8b3mARkRhet8Hs8fq,15,11,4,138.06683181,70.81642798,3.63333768,17.704107,21.55279468,21.14680335,53,15,7,6,3.13062923,75.13510156,1149.92857143,29.0,1.94964411,0.51291412,15,11,4
1LQaovYt38F7pu85VP8YGjEQcD,42,25,17,575.97872072,396.33294433,4.76015472,4.55555108,8.39775634,2.9429767,230,41,9,12,8.74563015,209.89512354,411.63414634,3.0,1.45326986,0.68810345,42,25,17
1LR7SE1DtsrKGaFrj422e6KFMB,21,19,2,245.92753456,36.75817069,3.4156602,18.37908535,22.71308786,12.07161961,70,19,8,9,3.22320709,77.35697019,1116.9,71.0,6.69041821,0.14946749,21,19,2
1LTkB4gMC2n4LR7MATzMHRuz84,6,4,2,3.17166453,1.37871919,0.79291613,0.68935959,1.38910665,0.25058078,6,6,5,4,0.24982998,5.99591944,14409.8,4459.0,2.30044272,0.43469893,6,4,2
1LTxUDe3GBtx6HG4D6bmDduzGG,6,2,4,10.30719712,17.35184038,5.15359856,4.33796009,7.98508438,9.89142798,6,6,2,3,1.19197404,28.60737699,3020.2,819.0,0.59401175,1.68346837,6,2,4
1LUKt44U1RdbxZ9RLbU9pjWQtQ,6,4,2,14.87246578,6.41291138,3.71811645,3.20645569,6.62060601,5.61591212,6,6,3,4,1.76730486,42.41531664,2037.0,36.0,2.31914413,0.43119355,6,4,2
1LWpdfbxJS2qkMZUkVgJdrsRDy,18,14,4,139.65580281,63.64412708,2.53919641,15.91103177,22.70271806,14.96971593,64,18,8,10,2.74710477,65.93051441,1310.47058824,171.0,2.19432349,0.45572132,18,14,4
1LYLVxGEcev6HWopZNBHWLxLu9,18,15,3,219.85974085,37.6928499,4.148297,12.5642833,16.0767971,9.02810848,61,18,6,10,3.40056676,81.61360227,1058.64705882,113.0,5.83292963,0.17144044,18,15,3
1LYwihTp7KFWZaHJEW4SoR6bqV,20,16,4,217.18528649,28.886565,3.50298849,7.22164125,13.14472469,6.28747193,72,19,5,10,3.22094556,77.30269354,1117.68421053,61.0,7.51855703,0.13300424,20,16,4
1LZPw6jKiA4AQfuGSLQ3wkAcCs,17,11,6,152.19253537,82.37998235,3.30853338,13.72999706,20.37786394,18.82166328,64,17,6,9,2.82963254,67.91118098,1272.25,116.0,1.84744559,0.54128793,17,11,6
1LaXdquZhfTpD6dUF4PBYh4HnE,11,3,8,14.42978221,20.33877421,4.8099274,2.54234678,7.92582372,6.1670491,10,11,4,3,2.3197371,55.67369032,1551.9,204.0,0.70947158,1.40949974,11,3,8
1Lc15vwNxFVpGQsyaSSpY7PMHJ,27,20,7,247.12141558,65.43469758,3.05088167,9.34781394,24.79977516,12.58135082,93,26,9,10,4.02875221,96.69005294,893.57692308,35.0,3.77661126,0.26478764,27,20,7
1Lc661M2u8yqJYTHrAYZutesUw,22,17,5,215.8476701,71.64108665,3.04010803,14.32821733,24.91451845,15.32920613,79,22,9,12,3.30246374,79.25912983,1090.0952381,7.0,3.01290335,0.33190577,22,17,5
1LfopR6b4RxZSBZucRqppamaXg,6,2,4,13.74402591,15.03563035,6.87201295,3.75890759,7.92131343,5.49975809,6,6,2,3,2.10304942,50.47318612,1711.8,759.0,0.91409709,1.0939757,6,2,4
1LgmteeCRhSPEoRn8pgXivWG7W,16,14,2,179.46401216,29.08136093,3.451231,14.54068047,23.42767612,12.81928723,56,16,8,9,2.77378262,66.57078282,1297.86666667,210.0,6.17110088,0.16204564,16,14,2
1LhLbk6Gbja8d487qwJuNmTYsm,6,2,4,4.36132861,17.36418625,2.18066431,4.34104656,6.23314448,3.45296823,6,6,2,2,2.26700252,54.40806045,1588.0,271.0,0.25116804,3.98139829,6,2,4
1Lk3YvmE4Vij7tkvWWR7ykhxDM,9,4,5,14.49505918,23.46539538,3.6237648,4.69307908,6.98819142,4.76658854,9,9,5,5,1.99073754,47.77770097,1808.375,586.0,0.61772065,1.61885475,9,4,5
1LkinrWXFFAxzgHQSCmjNsxyMW,8,3,5,2.00648953,2.21713128,0.66882984,0.44342626,1.13489656,0.08688943,8,8,3,3,0.32675501,7.84212028,11017.42857143,320.0,0.90499356,1.10498024,8,3,5
1LmtdWDHKwzfE3NFYZb2FD8aET,18,15,3,200.55527539,45.08556473,3.39924196,15.02852158,20.27715998,10.51552931,65,17,8,8,3.48043676,83.53048226,1034.35294118,31.0,4.44832568,0.22480368,18,15,3
1LnuyTbunfnBX4okJWCDrkkGHh,13,7,6,31.18674041,24.548389,4.45524863,4.09139817,7.5505166,3.37619954,13,11,7,6,2.8526149,68.46275753,1262.0,71.0,1.27041902,0.78714186,13,7,6
1LqjRQ4bnjTMmTgdUmpFbYsJKX,8,5,3,80.29915072,71.7803645,16.05983014,23.92678817,36.0513223,73.05855462,8,8,5,6,3.57903707,85.89688965,1005.85714286,430.0,1.1186785,0.89391188,8,5,3
1Lv5UwiLFm6iitRyX2JoizM3Aw,6,1,5,0.11262096,2.49990609,0.11262096,0.49998122,0.98698442,0.07102994,6,6,2,2,0.3802683,9.12643921,9467.0,4168.0,0.04505008,22.19752069,6,1,5
1LvYGGJmFQiviwfXGUqfX37jUZ,3,3,0,16.83885035,0.0,5.61295012,0.0,11.66390089,18.93030755,1,3,1,1,1.07703815,25.84891548,3342.5,2884.0,16838850350.0,0.0,3,3,0
1LvaMa6yfvEBhvJnAvUcVYmsHk,8,5,3,2.88311622,3.18490725,0.57662324,1.06163575,1.40027768,0.20766043,8,8,4,6,0.27775635,6.6661523,12961.0,1655.0,0.90524339,1.10467529,8,5,3
1LvwcJFDYfoYUUwBYj4P75MnXf,6,4,2,3.27174471,2.93784426,0.81793618,1.46892213,1.49873774,0.2096672,6,6,3,4,0.2813731,6.75295442,12794.4,1589.0,1.11365492,0.89794422,6,4,2
1LyT6jNJp4957e17zX3XtQSb7H,6,3,3,2.05780105,1.36271077,0.68593368,0.45423692,1.09446425,0.13498874,6,6,4,3,0.26555331,6.37327944,13556.6,1446.0,1.5100791,0.66221697,6,3,3
1Lz17zb7isLKJBKqcxwJAjj2Bm,29,24,5,283.19108691,100.73232262,2.91949574,20.14646452,24.89468941,17.52868115,100,29,9,11,4.45465795,106.9117907,808.14285714,15.0,2.81132292,0.35570442,29,24,5
1M1hHmxYCMPE8wm3YDYz5CA1VA,40,18,22,397.73211726,533.5390818,4.85039167,4.94017668,10.35495844,3.16832535,225,40,9,11,8.49930383,203.98329197,423.56410256,9.0,0.74546014,1.34145335,40,18,22
1M4fiDeaFsrJD26bwVkj6ZSDYM,9,5,4,3.71923294,3.95892912,0.74384659,0.98973228,1.49607078,0.18531834,9,9,6,5,0.3590709,8.6177017,10025.875,2898.0,0.93945429,1.06444775,9,5,4
1M77jyh5GiE472XNDQqk3CxHSd,2,2,0,16.57352297,0.0,8.28676148,0.0,10.46013184,4.7235387,1,2,1,1,1.95971693,47.03320631,1837.0,1837.0,16573522969.999998,0.0,2,2,0
1M7tufFoPnmicuFWJdv4WgVYeU,8,4,4,2.97291592,3.82571849,0.74322898,0.95642962,1.43188542,0.1275024,8,8,3,5,0.34325878,8.2382107,10487.71428571,20.0,0.77708695,1.28685728,8,4,4
1M86TTZAdYhyrDzCyW1B8THqcn,2,0,2,0.0,1.77071289,0.0,0.88535644,1.21088356,0.1059679,2,2,1,1,0.94488189,22.67716535,3810.0,3810.0,0.0,1770712889.9999998,2,0,2
1MAknFAJGHmA7pEdPtpXsdyUMU,39,18,21,427.93374281,438.83298797,4.86288344,4.61929461,8.09195939,3.05842433,213,38,9,12,8.32826008,199.87824181,432.26315789,0.0,0.97516311,1.02546947,39,18,21
1MBDrSsBwBgjBMaXifsTroJFHX,10,7,3,5.10465385,2.07366502,0.72923626,0.69122167,1.41069734,0.24780286,10,10,7,7,0.37199904,8.92797685,9677.44444444,2996.0,2.46165789,0.40623029,10,7,3
1MDnS1rh7XKFm2H4BPRs43K8Dz,1,1,0,9.9292031,0.0,9.9292031,0.0,9.9292031,0.0,1,1,1,1,0.0,0.0,0.0,0.0,9929203100.0,0.0,1,1,0
1MGHjmYKDf9Y1a7B4Wb3qun2EY,31,14,17,298.54141253,410.96399357,4.08960839,4.83487051,7.99036219,2.6790173,189,30,8,11,6.56056372,157.45352934,548.73333333,0.0,0.72644177,1.37657282,31,14,17
1MJFkbmptNWb7ch4XWgntJgo7t,7,4,3,114.46477679,73.3763711,28.6161942,24.45879037,38.92291933,94.03548361,7,7,3,5,3.74090752,89.78178039,962.33333333,107.0,1.55996781,0.64103887,7,4,3
1MJwooF9Th5KFLx4mjzzvrvEX5,36,18,18,392.87820661,430.27953581,4.79119764,4.72834655,8.15813612,3.47632696,203,36,9,12,7.43757747,178.50185939,484.02857143,50.0,0.91307667,1.09519828,36,18,18
1MP2HmXxtRqbr7UmegyPkY2R3Y,9,3,6,2.66550452,6.66874776,0.88850151,1.11145796,1.49749931,0.19886086,9,9,4,4,0.41443619,9.94646866,8686.5,676.0,0.39970091,2.50187074,9,3,6
1MQVAwLYqWB6sFrdTwDiSA2ne5,7,3,4,75.13732958,80.3937935,25.04577653,20.09844838,34.50042866,95.77106964,6,7,3,3,3.16437152,75.9449165,1137.66666667,304.0,0.93461605,1.06995809,7,3,4
1MRdffHKeynJxSUVAn474c9Jyi,14,9,5,90.15691046,54.7021908,2.43667326,10.94043816,18.01827362,14.13675976,51,14,5,8,2.4742268,59.3814433,1455.0,114.0,1.64814076,0.60674429,14,9,5
1MSgpdfbaiyns3a7VWuy3yGabS,7,4,3,3.71663429,2.46518297,0.92915857,0.82172766,1.45733621,0.25682733,7,7,3,3,0.35557311,8.53375475,10124.5,92.0,1.50765048,0.66328371,7,4,3
1MUZp2LJWD7HidXRKU6FTcJXKm,6,3,3,1.81825178,1.91091278,0.60608393,0.63697093,0.99760654,0.07997708,6,6,3,3,0.31848261,7.64358258,11303.6,4791.0,0.95150956,1.05096159,6,3,3
1MYXdXjufibwvERVU2XLoh73Qe,15,8,7,36.60534116,33.80224087,4.57566765,4.82889155,7.8600406,1.71061212,15,15,8,6,3.36718332,80.81239979,1069.14285714,8.0,1.08292646,0.92342374,15,8,7
1Mc96BRCTHEfQSXiZJKpS1Vcgr,14,12,2,140.86989404,12.85123796,2.8748958,6.42561898,9.4597817,3.80750256,51,14,6,7,3.02188933,72.52534384,1191.30769231,197.0,10.96158164,0.09122771,14,12,2
1Md9VHQCEcn3jMPAQVbBbL82SY,7,2,5,1.5432543,3.91107305,0.77162715,0.78221461,1.37276306,0.13784397,7,7,2,3,0.34649256,8.31582156,10389.83333333,8.0,0.39458591,2.53430238,7,2,5
1MgEZ3SBpM4AG3ZxdievkRJStf,10,8,2,33.97759467,5.96043452,4.24719933,2.98021726,7.12674522,4.64191795,10,10,5,6,2.28104759,54.74514221,1578.22222222,50.0,5.7005231,0.1754225,10,8,2
1MmFxzMhzXsJcNdsNmDz9MshdF,7,0,7,0.0,4.16481233,0.0,0.59497319,0.90754937,0.07268401,7,7,1,1,0.30651776,7.35642623,11744.83333333,10036.0,0.0,4164812330.0,7,0,7
1MmJmFmdpxCKNEfoS1wK9H2b6W,9,3,6,92.54354035,183.91505301,30.84784678,30.65250884,39.32256137,44.40857313,8,9,4,3,3.40586566,81.74077578,1057.0,89.0,0.50318633,1.98733539,9,3,6
1MmTR1GtT7tTv9LbU2V1KVxhAq,16,10,6,146.94419938,62.78836661,3.58400486,10.46472777,23.63599352,14.96171255,61,16,8,7,2.43638332,58.47319978,1477.6,9.0,2.34030932,0.42729394,16,10,6
1MnPrAsyuzbDhEXBkbtXnPxSjY,9,7,2,23.60787181,11.43672635,3.37255312,5.71836318,7.80156161,7.44493132,9,9,5,6,2.23515716,53.64377183,1610.625,52.0,2.06421585,0.48444546,9,7,2
1MobZvAJgzFNwFyL13wxmshp7Z,5,1,4,1.00553979,2.75468137,1.00553979,0.68867034,1.00553979,0.102465,5,5,2,2,0.23349332,5.60383967,15418.0,4113.0,0.36502944,2.73950509,5,1,4
1MpUXzGsFbxP5MWUKpTY3iQ4jT,5,5,0,29.16084406,0.0,5.83216881,0.0,10.55451239,10.69313605,1,5,1,1,1.82625238,43.83005707,1971.25,351.0,29160844059.999996,0.0,5,5,0
1Mq51Wgd75bEZH9Py5yGQKBVvb,14,7,7,7.5091506,5.72206251,1.0727358,0.8174375,1.42383067,0.13107133,14,13,5,7,0.81278222,19.50677319,4429.23076923,304.0,1.31231537,0.76201195,14,7,7
1MrzN7VtJ5vfmpCMcyy5hpvzvH,14,12,2,148.39300378,35.93700092,3.09152091,17.96850046,24.13684285,13.22077733,52,14,7,8,3.17223616,76.13366773,1134.84615385,162.0,4.12925397,0.2421745,14,12,2
1MwfqavK5kJzB4AyKaLDqP4YJQ,9,5,4,24.25967827,9.1782886,4.85193565,2.29457215,7.23940254,7.15170577,9,9,4,5,1.82255411,43.74129857,1975.25,67.0,2.64315923,0.37833513,9,5,4
1MywcM4b6hHDCvCndZxXzUTnEC,6,4,2,18.83048532,9.1311654,4.70762133,4.5655827,7.62173895,4.82279713,6,6,4,5,1.21687399,29.20497566,2958.4,21.0,2.06222147,0.48491397,6,4,2
1N1SUUypiaShjr3SiWFLYTX6xL,9,5,4,18.90162904,20.4379973,3.78032581,5.10949932,7.05248604,3.77654014,9,9,4,5,2.38509317,57.24223602,1509.375,62.0,0.92482785,1.08128232,9,5,4
1N1U5wrJV6Pe177zBM19oD6T31,12,5,7,23.1597391,33.21044921,4.63194782,4.74434989,7.95323018,5.64058241,12,12,4,4,3.56724619,85.61390866,1009.18181818,124.0,0.69736302,1.43397337,12,5,7
1N4VJQ74iRoUDKDSCfJafYaU7k,7,3,4,3.76548385,3.06925189,1.25516128,0.76731297,1.48285431,0.13974187,7,7,4,3,0.32751588,7.86038119,10991.83333333,2864.0,1.22684093,0.81510159,7,3,4
1NAiAJWSpXQ89NncDXqhde24ot,9,3,6,13.7995208,30.13061226,4.59984027,5.02176871,7.92725333,4.43187221,9,9,2,4,1.92977754,46.31466095,1865.5,485.0,0.45799006,2.18345352,9,3,6
1NDijx5n77iBZq6WYsf2tEhSUR,10,7,3,29.75480483,16.05094932,4.2506864,5.35031644,7.25983314,5.05720136,10,10,5,5,2.08547889,50.05149331,1726.22222222,1.0,1.85377227,0.53944058,10,7,3
1NFCkcnzFx5PjD2X2Wzft7g3sK,25,14,11,285.84795928,265.20341264,4.08354228,4.82188023,7.93123238,2.62293758,152,24,9,11,5.67226891,136.13445378,634.66666667,7.0,1.0778442,0.92777788,25,14,11
1NFNrB5Zh8aZDzrPPouiuAG7AH,11,4,7,2.77680069,7.56493008,0.69420017,1.0807043,1.42032264,0.13591464,11,11,3,3,0.44467502,10.6722004,8095.8,468.0,0.36706231,2.72433312,11,4,7
1NGXPfjtfnpt31HZgRLSjQ9zc3,2,1,1,0.72710786,0.50728357,0.72710786,0.50728357,0.72710786,0.01208068,2,2,2,2,0.09240246,2.21765914,38960.0,38960.0,1.43333611,0.69767307,2,1,1
1NMt1HSv7U8KnFbwozJ4FfxW9w,36,19,17,448.98341087,403.20719517,4.72614117,4.80008566,7.97334722,3.04932566,222,36,9,10,7.09859155,170.36619718,507.14285714,2.0,1.11353026,0.89804475,36,19,17
1NNKTafosmkFesVzWi3K77TXcb,5,1,4,2.15958935,20.16938314,2.15958935,5.04234579,6.89770514,4.09819257,4,5,2,2,1.37378363,32.9708071,2620.5,559.0,0.10707265,9.33945296,5,1,4
1NQBmGmB9jsc4MZvcDWiVhLGPJ,10,3,7,10.82651653,35.59471762,3.60883884,5.08495966,7.84918265,4.67792149,10,10,4,3,1.9874862,47.69966875,1811.33333333,35.0,0.30416076,3.28773503,10,3,7
1NRnFNiaoujUttee3hC7rG57Tm,3,3,0,20.19234032,0.0,6.73078011,0.0,9.16917247,2.98528052,1,3,1,1,1.50911759,36.21882205,2385.5,0.0,20192340320.0,0.0,3,3,0
1NSCEuVbicUm5XFtt9tVWT2nTq,38,20,18,396.82253768,461.57480216,4.22151636,5.3054575,11.25869622,4.03441864,216,37,9,10,8.18684696,196.48432698,439.72972973,18.0,0.85971447,1.16317688,38,20,18
1NUTEhsGfEkP3aAKDo9R9MGkb6,6,5,1,27.2864753,6.51177935,5.45729506,6.51177935,7.15923478,2.76780619,6,6,4,5,1.31185774,31.48458567,2744.2,448.0,4.19032554,0.23864494,6,5,1
1NUeLLFcYycX5W5FMkyfEPzmjZ,42,17,25,415.06524327,575.25859865,4.82634004,4.75420329,10.24114705,3.1060735,226,42,8,12,10.05586592,241.34078212,358.0,5.0,0.7215281,1.38594741,42,17,25
1NZ5Jcbwpbx6t4VdaGGHtpCmiw,6,2,4,1.16278541,2.16162182,0.58139271,0.54040546,1.06028472,0.09433421,6,6,3,3,0.19603786,4.70490857,18363.8,9558.0,0.53792268,1.85900322,6,2,4
1NZT9foXoEdjubiryaewJ7GB71,19,16,3,133.57469166,55.28277711,1.9643337,18.42759237,23.77363918,12.89019953,78,19,7,9,2.9536442,70.88746069,1218.83333333,11.0,2.41620806,0.41387164,19,16,3
1NbhQMt85UvEtfiV6KfB2zsWNv,19,15,4,194.87258931,69.2704964,3.24787649,17.3176241,24.89925295,16.5454744,71,17,8,8,3.27819092,78.67658218,1098.16666667,131.0,2.81321197,0.35546557,19,15,4
1NcqbRWMxDmGdRFwrT3MpXntRR,10,4,6,3.40960963,4.36453055,0.85240241,0.72742176,1.45496836,0.28229999,10,10,4,4,0.3730484,8.9531617,9650.22222222,881.0,0.78120879,1.28006752,10,4,6
1NeNhkvX1cUt6dgE5HnQcLDHmM,16,10,6,184.00488946,76.22271401,4.3810688,12.70378567,22.70861326,19.78696934,60,16,6,8,2.71315882,65.11581169,1326.86666667,0.0,2.41404274,0.41424287,16,10,6
1Nevhqc39jU1BngHJAixtw3tF6,19,17,2,267.02588309,26.27310063,4.85501606,13.13655031,17.54448483,11.93200891,59,19,8,9,4.23114594,101.54750245,850.83333333,64.0,10.1634705,0.09839159,19,17,2
1NfK1DcdPMspKTQUrjiQD5X4ZY,9,3,6,14.70842651,23.77676335,4.90280884,3.96279389,6.21930572,2.8081872,9,9,3,3,2.0104712,48.2513089,1790.625,338.0,0.61860508,1.61654024,9,3,6
1NgtyqW37p4bCBs2YZ85zGoVee,6,3,3,2.16813297,2.18909813,0.72271099,0.72969938,0.96041527,0.02436686,6,6,3,4,0.73445406,17.62689734,4901.6,1035.0,0.99042292,1.00966968,6,3,3
1NhkHfKzUyf92cQTJdnv48xDAH,16,12,4,171.83508067,51.07723936,3.73554523,12.76930984,18.42070264,12.61142325,54,16,6,9,3.04414003,73.05936073,1182.6,0.0,3.3642202,0.2972457,16,12,4
1NiHWWwFrKgHGj5uzjHmbX9CPQ,17,13,4,226.10844943,45.4976171,4.26619716,11.37440427,18.43525717,9.0536041,63,16,6,10,3.32218249,79.73237974,1083.625,107.0,4.96967674,0.20122033,17,13,4
1NrAszf1JwA9bHtC8jx291PssG,10,6,4,3.92692136,2.6182112,0.65448689,0.6545528,1.25315226,0.12505646,9,10,5,5,0.43908984,10.53815609,8198.77777778,184.0,1.49984897,0.6667338,10,6,4
1NsGtW31Y4v271Aq99o8BmScvE,32,16,16,366.53585599,351.91213938,5.16247684,4.63042289,8.88195454,3.06654427,196,30,9,11,6.27812781,150.67506751,573.41935484,38.0,1.04155502,0.9601029,32,16,16
1NtXaWAfzZ9MgMBSgpvLeNZvZb,7,3,4,3.28995446,2.72197047,1.09665149,0.68049262,1.39335416,0.16847762,7,7,4,4,0.22766318,5.46391644,15812.83333333,494.0,1.20866648,0.8273581,7,3,4
1Nu4SG3SSGUv1Q39oayi6ihUJv,17,15,2,194.14870917,36.83187408,3.34739154,18.41593704,23.79561613,12.08484112,60,17,7,9,3.33661588,80.07878121,1078.9375,103.0,5.27121451,0.1897096,17,15,2
1Nu8FVjZjTryCTZHygV3KAH5To,3,3,0,24.16618889,0.0,8.0553963,0.0,8.84489207,0.48770795,1,3,1,1,1.16921078,28.06105879,3079.0,840.0,24166188890.0,0.0,3,3,0
1NvF3VyTcx7zz1CtKc1koncQsP,18,15,3,249.89423684,59.26015462,4.16490395,19.75338487,24.56071007,16.56895745,63,18,8,10,3.21007081,77.04169945,1121.47058824,88.0,4.21690153,0.23714094,18,15,3
1NvNCUmB49fkJrcYHXZ88CcBSe,14,8,6,39.43230945,25.6090471,4.92903868,4.26817452,7.85435724,6.12239441,14,14,5,6,4.5846395,110.03134796,785.23076923,133.0,1.53978043,0.64944325,14,8,6
1NxTtdCAo1veJrgwz4YSmGLx8P,30,24,6,296.73419674,82.55874285,3.49099055,13.75979048,21.86604058,14.0009727,101,29,8,10,5.05471095,121.31306284,712.20689655,70.0,3.59421893,0.27822457,30,24,6
1P4FT6qdqjC3AmNvgpvefo5eDa,14,8,6,127.28903577,106.75208209,3.97778237,17.79201368,24.52022645,34.88709294,54,14,5,5,1.93604435,46.46506433,1859.46153846,237.0,1.19237989,0.8386589,14,8,6
1P4KKah5ZDrhCq7fqBbMxMuwkt,5,4,1,3.68065194,0.93298773,0.92016298,0.93298773,1.20035494,0.06269762,5,5,5,4,0.22836119,5.48066859,15764.5,2803.0,3.94501645,0.25348437,5,4,1
1P71PyoCSP17UYD6aZzAT8Y1Ar,8,5,3,5.10458952,1.38701251,1.0209179,0.4623375,1.38709684,0.14293428,8,8,6,4,0.29582326,7.09975818,12169.42857143,4202.0,3.68027648,0.27171872,8,5,3
1P89cfTCCjs3TbziBKDBFDkrG4,15,11,4,132.70969428,64.00272775,3.15975463,16.00068194,18.54398134,18.58363068,52,15,7,8,2.60223048,62.4535316,1383.42857143,101.0,2.0735006,0.48227621,15,11,4
1PCGzbSVRXDbrjC2gVJRr5g5oh,11,6,5,5.94045447,2.94022004,0.99007574,0.58804401,1.37945119,0.18466821,11,11,5,6,0.30292066,7.27009584,11884.3,3631.0,2.02041153,0.49494867,11,6,5
1PDhxudSVEWgHbV8pJirZNNzCH,3,3,0,3.51015252,0.0,1.17005084,0.0,1.4504854,0.0415277,3,3,3,2,0.13844024,3.32256576,26004.0,23898.0,3510152520.0,0.0,3,3,0
1PH7H9BTuFh9Tpp98KHMDX7Ni3,8,4,4,111.50595208,91.34815834,27.87648802,22.83703958,39.9030316,134.21329015,8,8,4,4,2.94909304,70.77823288,1220.71428571,320.0,1.22066995,0.81922226,8,4,4
1PHM7ACzHxLH5rZegXK1AtwvDD,15,10,5,131.4065919,88.37261239,3.05596725,17.67452248,24.34363057,28.36705277,61,15,7,8,2.73913043,65.73913043,1314.28571429,71.0,1.48696059,0.67251278,15,10,5
1PJDN93md4J98wWWTBqNFyKfBs,9,4,5,4.30208113,2.94049039,1.07552028,0.58809808,1.46742757,0.11326344,9,9,4,5,0.3240871,7.77809036,11108.125,1023.0,1.46304887,0.68350417,9,4,5
1PKB8KJYVFyBKHfq7FjJA7EcvZ,3,1,2,0.57657702,1.74509401,0.57657702,0.87254701,1.26794596,0.12369316,3,3,2,2,0.17429616,4.1831078,20654.5,6438.0,0.33039883,3.0266451,3,1,2
1PLBWbCq2VtgWedmUoSXvGHoQf,10,4,6,4.30676744,2.95569957,1.07669186,0.4926166,1.46336174,0.17931584,9,10,3,5,0.57271136,13.74507274,6285.88888889,670.0,1.45710595,0.68629189,10,4,6
1PSJGnKzFRfyX2kdGim5Vnt2Rd,4,1,3,1.48817765,2.37603349,1.48817765,0.79201116,1.48817765,0.26588961,4,4,2,2,0.25304592,6.07310216,14226.66666667,5364.0,0.62632857,1.59660608,4,1,3
1PWmZuRSx4W4CuxN2WoRUU3Rdi,27,10,17,248.08972886,450.32552596,5.16853602,5.05983737,9.72027058,3.76390695,183,26,9,11,5.26997354,126.4793649,683.11538462,0.0,0.55091198,1.81517199,27,10,17
1PZmXzCJBjCXwkziKyomeSUPnj,4,4,0,33.36232205,0.0,8.34058051,0.0,11.11493349,7.14298289,1,4,1,1,1.26124022,30.26976527,2854.33333333,1752.0,33362322050.0,0.0,4,4,0
1PdF9jthhhPY9q9chW4nDBA23i,19,16,3,215.86177134,35.78010076,3.78704862,11.92670025,24.29852855,13.79749718,63,18,9,9,2.97206806,71.32963354,1211.27777778,45.0,6.03301183,0.16575469,19,16,3
1PeA5x9RuhaoKiZQTFY66KwAfL,17,13,4,202.60000197,70.00834453,4.22083337,17.50208613,23.37472852,19.68591065,54,16,7,7,2.85501859,68.5204461,1260.9375,137.0,2.89394076,0.34554957,17,13,4
1PicUhBwTvYEUSvLaMGA2xjtWX,18,17,1,225.30735852,21.15741978,3.21867655,21.15741978,21.15741978,8.34794263,68,18,8,8,2.90363904,69.68733691,1239.82352941,8.0,10.64909431,0.0939047,18,17,1
1Pm6eyQZzvBSEAb1hpgKJcQZRB,10,5,5,4.3245907,2.56924065,0.86491814,0.51384813,1.34474648,0.11125591,10,10,6,6,0.36861326,8.84671832,9766.33333333,1799.0,1.68321745,0.5941003,10,5,5
1Pmz68jpZUj5NTJ1gtdK7LYPDg,9,8,1,105.54979502,4.47792948,3.29843109,4.47792948,6.0212631,1.66655306,34,9,5,7,1.48929569,35.74309649,2417.25,39.0,23.57111596,0.04242481,9,8,1
1PnpekQi2Fjqv541SKkgELro1E,9,1,8,0.83363151,4.61862687,0.83363151,0.57732836,0.91121175,0.07377582,9,9,2,2,0.25326697,6.07840723,14214.25,4241.0,0.18049337,5.54036983,9,1,8
1PqKSZDMqSoP9mk7NTzpZ7ZtrA,9,8,1,6.48087355,1.05855943,0.81010919,1.05855943,1.17319695,0.12354633,9,9,7,6,0.43203672,10.36888135,8332.625,1927.0,6.1223521,0.16333592,9,8,1
1PqYuGnJTUdvLHYsEmFbVrcy4p,6,4,2,12.69560855,7.94300092,3.17390214,3.97150046,6.93264871,4.13461767,6,6,5,4,1.29115558,30.98773402,2788.2,1277.0,1.59833905,0.62564948,6,4,2
1PtpksbcfywSXe9H1kZnAj9ARd,10,5,5,5.47146708,5.44842867,1.09429342,1.08968573,1.46465423,0.11423167,10,10,4,6,0.45678194,10.96276663,7881.22222222,116.0,1.00422845,0.99578935,10,5,5
1PumPebP8R3977dj8Mbev6BtUb,8,6,2,63.10611594,13.61593106,2.1035372,6.80796553,7.36112376,2.12460813,35,8,7,6,1.40070035,33.6168084,2570.14285714,379.0,4.63472646,0.21576246,8,6,2
1PxJ3tmoozhvsRCpYZizzg2Zbp,9,9,0,45.50654338,0.0,5.0562826,0.0,11.4582922,8.79612056,1,9,1,1,2.88230584,69.17534027,1249.0,54.0,45506543380.0,0.0,9,9,0
1PzTngYJ6E9vaFLpcE8QousA3G,16,9,7,6.87133102,4.27027587,0.76348122,0.61003941,1.43819773,0.21254449,16,15,7,6,0.53928814,12.94291535,6675.46666667,741.0,1.60910705,0.62146269,16,9,7
1Q2iYaHRwcM2gMqYrkKuHF1DLh,7,5,2,4.3002725,1.79605028,0.8600545,0.89802514,1.46142722,0.13093391,7,7,3,5,0.25237478,6.05699464,14264.5,616.0,2.39429405,0.41765964,7,5,2
1Q5ZkD1APZQDJzTrMbu6PEgarb,16,14,2,160.02633731,10.26145365,3.01936485,5.13072682,7.94842551,4.8581411,55,16,8,8,2.48138958,59.55334988,1450.8,135.0,15.59489939,0.06412353,16,14,2
1Q7toumcwW1Dk9B7oiVWNgg49P,34,19,15,413.41211922,325.81122105,4.86367199,4.65444601,10.36710459,3.1958344,201,34,9,12,7.57556434,181.81354419,475.21212121,7.0,1.26887011,0.78810273,34,19,15
1QBVCpQgYbFDUvWJsm4zakd7Bk,2,2,0,20.49755056,0.0,10.24877528,0.0,11.51762242,1.60997306,1,2,1,1,1.11662531,26.79900744,3224.0,3224.0,20497550560.0,0.0,2,2,0
1QBanvMpfnxfJWMjXmUEzqzYmq,11,4,7,12.86449321,24.10338325,3.2161233,3.44334046,7.89073028,4.16193102,11,11,3,4,2.67538644,64.20927467,1345.6,252.0,0.53372147,1.87363644,11,4,7
1QF3jEasQRXWy33iM7nahvJvpH,11,7,4,6.60041341,3.68236337,0.9429162,0.92059084,1.44671183,0.17624921,11,11,3,5,0.44347537,10.64340885,8117.7,1851.0,1.79243946,0.5578989,11,7,4
1QFoS9UwJXMAjwZhSHR7zzAm2y,17,15,2,169.31830068,13.66411168,2.9704965,6.83205584,11.44032786,3.68254499,59,17,8,9,2.945237,70.68568799,1222.3125,22.0,12.39146054,0.08070074,17,15,2
1QHtnt5s1xAriAMARVossXu58d,5,2,3,1.10728278,2.11901353,0.55364139,0.70633784,1.48237401,0.19061686,5,5,2,3,0.21796715,5.23121169,16516.25,558.0,0.52254635,1.91370585,5,2,3
1QHvABH8BMqs1nEwakEJq7CKX9,39,21,18,432.30316208,425.78419285,4.69894741,4.83845674,8.19820834,3.20713701,237,37,9,12,8.52974186,204.71380471,422.05263158,4.0,1.0153105,0.98492038,39,21,18
1QKYot5nWebfngJaaPURfKZdfF,13,9,4,142.40510357,43.47301252,3.84878658,10.86825313,18.07924557,9.87531141,44,13,6,5,2.08695652,50.08695652,1725.0,47.0,3.2757128,0.30527707,13,9,4
1QLJNoAXcT54fNHWuiBcXJz4WM,32,14,18,321.13570473,446.29265539,4.9405493,4.74779421,12.23501026,4.78009838,185,32,9,11,7.81950673,187.66816143,460.38709677,15.0,0.71956305,1.38973228,32,14,18
1QNTEcoG13w2qa7ZSsY3BKL2Fh,10,5,5,4.54545392,4.54004864,0.90909078,0.90800973,1.37480708,0.158411,10,10,4,4,0.33921018,8.14104443,10612.88888889,631.0,1.00119058,0.99881084,10,5,5
1QNcc6oeyMdpWmXBnm7Rca3n4q,8,5,3,1.6697637,2.21026663,0.33395274,0.73675554,0.92818779,0.0758441,8,8,5,5,0.30018583,7.2044599,11992.57142857,1365.0,0.75545804,1.32370025,8,5,3
1QQWU7ahUXXt3UUY9m6foBtuCc,3,3,0,12.95357389,0.0,4.31785796,0.0,6.80817453,4.9155964,1,3,1,1,1.23668842,29.68052216,2911.0,1376.0,12953573889.999998,0.0,3,3,0
1QRACw3ctnpiTFMGToMJu5dQ8Z,9,6,3,6.61952539,3.15588093,1.10325423,1.05196031,1.49662659,0.11591035,9,9,3,7,0.29219297,7.01263126,12320.625,478.0,2.09752064,0.47675335,9,6,3
1QRs6K4oGzcKMiGi6eZq4sXJTs,11,6,5,4.36108751,4.71574538,0.72684792,0.94314908,1.41133287,0.16354002,11,11,4,6,0.59058025,14.17392588,6095.7,1674.0,0.92479283,1.08132326,11,6,5
1QUzCbtJ7VjvVB9PpU1PyxnD8D,6,1,5,0.07370101,2.20489199,0.07370101,0.4409784,1.23949034,0.17531893,6,6,2,2,0.28700352,6.88808457,12543.4,100.0,0.03342613,29.91671335,6,1,5
1QXddd6QrwvapHFHkPzRP8iArF,5,5,0,42.71716226,0.0,8.54343245,0.0,11.06114137,3.64922754,1,5,1,1,1.93939394,46.54545455,1856.25,267.0,42717162259.99999,0.0,5,5,0
1QYH3L2rQBpjmYhmWs2DQHWURu,36,11,25,226.48374522,556.84642069,4.19414343,4.88461773,7.95158172,3.11105855,209,36,9,12,7.81395349,187.53488372,460.71428571,47.0,0.40672569,2.45865954,36,11,25
1QYfVCxXecPPBvzHpvm6K2R4Bw,10,7,3,4.99706803,2.03146246,0.71386686,0.67715415,1.49553809,0.23736965,10,10,6,5,0.51501327,12.36031855,6990.11111111,121.0,2.45983774,0.40653088,10,7,3
1QYgtbeUf54ALw8dZvujCXqBJK,43,17,26,323.19533914,607.73976767,4.19734207,4.71116099,8.35600503,3.07384511,243,42,9,12,9.06692252,217.60614056,397.04761905,16.0,0.5317989,1.88041006,43,17,26
1QbVCafsihKSWyjESE5SDG2wcK,2,2,0,16.27628926,0.0,8.13814463,0.0,10.78426076,7.00193057,1,2,1,1,0.84985836,20.39660057,4236.0,4236.0,16276289259.999998,0.0,2,2,0
1QiLHQFHNo5JRiUzcbjuTPxZDj,15,11,4,155.40990273,45.69092226,3.79048543,11.42273057,17.23865378,9.40941164,54,15,7,8,3.1122638,74.69433123,1156.71428571,38.0,3.40132996,0.29400264,15,11,4
1Qio2hS9RjECVSCHnjxqyD9UNV,7,7,0,59.1436998,0.0,8.44909997,0.0,11.67694805,7.44857826,1,7,1,1,2.50900221,60.21605297,1434.83333333,365.0,59143699800.0,0.0,7,7,0
1QkpkHeRuhQ7kFX2gycMgFi5hu,13,7,6,5.12396165,5.17674563,0.73199452,0.86279094,1.48149683,0.23048097,13,13,4,7,0.45158053,10.83793276,7972.0,305.0,0.98980364,1.0103014,13,7,6
1Qooy6JkhoFPwx7X9iDjRZQ3Ho,35,21,14,486.14343229,349.64980165,4.91053972,4.60065528,9.9264303,2.78800241,219,33,9,12,8.02570323,192.61687758,448.55882353,0.0,1.3903724,0.71923177,35,21,14
1QrQVRWCfg58nNKe2pKhHDz6aw,19,13,6,182.47306939,56.74872895,3.31769217,9.45812149,18.39872351,8.27753121,72,19,8,8,3.18302387,76.39257294,1131.0,1.0,3.2154565,0.31099783,19,13,6
1QtuJdYV2rMFSLJtGuHdiNK797,38,19,19,424.27972986,494.65854506,4.46610242,4.89760936,9.56940242,3.88682666,216,37,9,12,8.20500185,196.92004435,438.75675676,1.0,0.85772243,1.16587834,38,19,19
1QuNdLTgcev2TAG9WoAFiX8VgZ,16,14,2,192.89953177,22.34078587,3.78234376,11.17039294,11.92909711,6.21714528,55,16,7,9,2.83182128,67.96371073,1271.26666667,9.0,8.6344112,0.11581566,16,14,2
1QvukT5iUyKA2MfsQNTziQXKg2,3,3,0,2.73849762,0.0,0.91283254,0.0,1.47830759,0.20515411,3,3,2,3,0.12135922,2.91262136,29664.0,10183.0,2738497620.0,0.0,3,3,0
1Qym84FJKLH9ff3SXJjNUczSuQ,18,13,5,143.18868252,102.3413566,2.75362851,20.46827132,24.90431026,32.34530453,63,18,7,8,2.5957501,62.29800229,1386.88235294,65.0,1.39912824,0.71473077,18,13,5
1R1eL3iizjgV3P9WyoWJ1BPZwx,8,4,4,5.08801347,1.98717163,1.27200337,0.49679291,1.37992254,0.17994763,8,8,4,4,0.31251163,7.50027903,11519.57142857,28.0,2.56042981,0.39055943,8,4,4
1R5gmxTcByBPabNjauJjD8Ehnq,4,3,1,81.05815338,6.68694981,27.01938446,6.68694981,37.76262379,144.28205479,4,4,4,4,3.01003344,72.24080268,1196.0,198.0,12.12184265,0.08249571,4,3,1
1R7TZHKJReTKQqiZfzqCHkL6jb,2,2,0,11.37450266,0.0,5.68725133,0.0,6.43811915,0.56380248,1,2,1,1,0.69835112,16.76042677,5155.0,5155.0,11374502660.0,0.0,2,2,0
1R7vJsGGxV34sJoe6oxjYLzKDR,8,4,4,17.83904043,13.31296786,4.45976011,3.32824197,6.14102795,3.24115016,8,7,5,5,1.75609756,42.14634146,2050.0,399.0,1.33997472,0.74628273,8,4,4
1RBetSe5LFEuS9efdHyRhsUHzN,16,12,4,180.44427114,70.54840758,3.60888542,17.6371019,24.32770258,17.31080241,57,16,8,7,2.58980385,62.15529231,1390.06666667,0.0,2.55773698,0.39097061,16,12,4
1RDzXRR3mkJmRNQtZwsUTnN9Po,5,2,3,2.383596,3.54837598,1.191798,1.18279199,1.39336744,0.06162178,5,5,3,3,0.1623578,3.8965871,22173.25,15966.0,0.6717428,1.48866502,5,2,3
1RFR7s8CaoyLeutY7aPmdxKcJf,3,0,3,0.0,1.54160212,0.0,0.51386737,0.98027897,0.11135461,3,3,1,1,0.13927038,3.34248907,25849.0,16792.0,0.0,1541602119.9999998,3,0,3
1RGVg3PrcJcBc8VDgEEqwgpSgh,32,19,13,393.48765988,346.2817478,4.42120966,5.09237864,8.93161384,3.45811207,185,32,9,11,7.18933196,172.54396702,500.74193548,6.0,1.13632226,0.88003204,32,19,13
1RKfDnAxaydswnZ39Ys6LvkcxW,11,6,5,5.03000833,4.59926563,0.83833472,0.91985313,1.49514964,0.21620915,11,11,6,5,0.37912695,9.09904692,9495.5,177.0,1.09365467,0.91436541,11,6,5
1RKhRBPqQqKxx3CSsFokQNbkCK,10,4,6,2.56145543,3.44474163,0.64036386,0.57412361,1.40751417,0.15455135,9,10,5,4,0.2840934,6.8182416,12671.88888889,3545.0,0.74358419,1.34483762,10,4,6
1RNSdKAViThDc1vhaCRxDBxStV,39,15,24,319.60512563,556.3789594,4.43896008,4.92370761,8.06264474,2.77838461,221,37,9,11,7.46847191,179.24332587,482.02631579,11.0,0.57443784,1.7408324,39,15,24
1RS4AV7SceCWazhccJxWZrksW6,6,2,4,49.76058062,56.04209242,24.88029031,14.01052311,33.19100224,100.13928493,6,6,3,2,5.84225901,140.21421616,616.2,30.0,0.8879144,1.1262347,6,2,4
1RT1rUVtPi8J8HaFP5NS2dP8Jo,32,18,14,334.90336988,291.98803334,3.76295921,4.49212359,12.73254429,4.6856514,191,31,9,11,7.19443012,172.66632285,500.38709677,2.0,1.14697635,0.87185756,32,18,14
1RTS5WdeTCDzPRgeyfjuAepfso,22,19,3,192.52474403,60.50965295,2.50032135,20.16988432,22.94510895,14.44064132,78,21,8,9,3.53469235,84.83261642,1018.47619048,16.0,3.18171952,0.31429546,22,19,3
1RXxvuveKvEmDwTJJyY4BRDAYS,10,4,6,11.16764051,28.71837417,2.79191013,4.7863957,7.99911433,6.07799486,10,9,5,5,2.62199563,62.92789512,1373.0,160.0,0.38886744,2.57157044,10,4,6
1Rd8GTAtJZFMQj4QLuBsdRo3cn,7,1,6,0.41806315,3.3904895,0.41806315,0.56508158,1.24713563,0.08626925,7,7,2,2,0.32745134,7.85883209,10994.0,2007.0,0.12330466,8.10999367,7,1,6
1RdqphAuG9kYDWpvekbrdoWpng,9,6,3,79.06060768,35.27826505,3.76479084,11.75942168,20.50240601,16.42091796,28,8,5,6,1.97219749,47.33273985,1825.375,920.0,2.24105714,0.44621798,9,6,3
1RgDCQjfTtAWUmB9GTbG6tCXNF,5,5,0,34.75584675,0.0,6.95116935,0.0,11.94988313,15.58895294,1,5,1,1,1.57102335,37.70456033,2291.5,683.0,34755846749.99999,0.0,5,5,0
1RhRiJjFk8Nyiaexqqz47RiwHy,15,14,1,197.01012975,18.65404682,3.58200236,18.65404682,18.65404682,8.1684944,56,14,7,10,2.09111277,50.1867065,1721.57142857,141.0,10.56125417,0.09468572,15,14,1
1RiCNjP5Q6XtqexqVmQ5xeDXya,2,2,0,5.22568398,0.0,2.61284199,0.0,3.60758548,0.98951461,1,2,1,1,0.72815534,17.47572816,4944.0,4944.0,5225683980.0,0.0,2,2,0
1RiYdfX3CJSAgfkmS3SyyNmG4p,7,3,4,2.33483616,2.36365427,0.77827872,0.59091357,1.10459476,0.07922272,7,7,4,3,0.22147486,5.3153966,16254.66666667,1891.0,0.98780782,1.01234267,7,3,4
1RihWWsbr5KNRKVoKvGV1sp8gK,19,15,4,177.46183703,70.07096515,3.16896138,17.51774129,24.90134855,19.19950063,62,19,6,9,3.12847004,75.08328103,1150.72222222,26.0,2.53260158,0.39485089,19,15,4
1RjCmd7Sm3GyxBJyhbKj5moozE,12,6,6,3.27978037,4.75929217,0.54663006,0.79321536,1.43027388,0.27168962,12,12,6,6,0.33643145,8.07435475,10700.54545455,251.0,0.68913197,1.45110088,12,6,6
1RjJjwjQx72KxyiRFRZn7zMYxf,9,3,6,2.75754344,4.49035321,0.91918115,0.7483922,1.49324205,0.14570047,9,9,3,3,0.55950577,13.42813848,6434.25,341.0,0.6141039,1.62838893,9,3,6
1RkdhPgg88imCdwLTzH3G57bAc,4,4,0,20.46619115,0.0,5.11654779,0.0,9.3729579,13.88469032,1,4,1,1,1.50922303,36.22135271,2385.33333333,741.0,20466191150.0,0.0,4,4,0
1RkuX3HTCBSkav7Wt6Pko7ixSt,10,6,4,5.10263377,2.16611662,0.85043896,0.54152915,1.24231888,0.05922187,10,10,6,6,0.32428213,7.78277101,11101.44444444,97.0,2.35565977,0.42450952,10,6,4
1RrVGp3DWpr7ajEXRkLMBho3pc,7,1,6,0.14303342,5.68911879,0.14303342,0.94818647,1.17132841,0.14541059,7,7,2,2,0.40395729,9.69497485,8911.83333333,1164.0,0.02514158,39.77475187,7,1,6
1RtN4iF4yM9H77JqB3oVTQw7tF,5,2,3,34.83499223,49.06534253,17.41749611,16.35511418,23.69250849,24.67456432,5,5,3,3,2.24334008,53.84016202,1604.75,350.0,0.70997145,1.40850735,5,2,3
1RxvLZs5hTqqGaiKdGqpTxcx4j,19,14,5,228.26753165,62.59079627,4.85675599,12.51815925,18.46473051,11.28382186,60,19,7,10,3.18740777,76.49778652,1129.44444444,6.0,3.64698239,0.2741993,19,14,5
1S3ptZg5puY33QA9f6aJPWzvir,7,6,1,20.93711122,2.44616047,3.48951854,2.44616047,5.52359642,3.44646191,6,7,6,7,1.68987639,40.55703333,2130.33333333,86.0,8.55917323,0.11683371,7,6,1
1S5f7kufruRMYij46Eu9yezqht,5,0,5,0.0,3.27528294,0.0,0.65505659,1.17590651,0.12085512,5,5,1,1,0.4182642,10.03834089,8607.0,5073.0,0.0,3275282939.9999995,5,0,5
1S5yWxKrwLM6cW1QDKdsLpgGWQ,13,6,7,2.49695714,4.09575265,0.41615952,0.58510752,1.13533504,0.13798668,13,13,5,4,0.58306677,13.99360246,6174.25,30.0,0.60964549,1.64029754,13,6,7
1S64cW3ZCRfYs8qZtBvwDR371Y,12,8,4,137.50389605,21.81598048,4.91085343,5.45399512,12.3377308,12.85716817,38,12,6,5,2.17917676,52.30024213,1652.0,227.0,6.30289783,0.15865718,12,8,4
1S8JK2gBEGrwP5WLwSQUyL9xtR,16,12,4,148.79752347,55.17109053,2.97595047,13.79277263,22.90761665,15.32243199,58,16,6,8,2.5540368,61.29688313,1409.53333333,6.0,2.6970198,0.37077963,16,12,4
1S9qkuekzr2UCcpqZ6MomoTS4j,29,15,14,286.57442243,327.63655711,4.09392032,4.68052224,8.28250689,3.28484114,170,29,9,11,6.42447419,154.1873805,560.35714286,0.0,0.87467169,1.14328611,29,15,14
1SBP3vNPDBUVgfAJxvihLkrmZG,3,3,0,25.58875891,0.0,8.5295863,0.0,9.80737936,1.63246452,1,3,1,1,1.51038389,36.24921334,2383.5,185.0,25588758909.999996,0.0,3,3,0
1SCnfzehvmmVgPLNuDnqjtb6qq,8,6,2,3.96025257,2.47117991,0.66004209,1.23558996,1.49450622,0.27985762,8,8,4,6,0.39436003,9.46464062,9128.71428571,2628.0,1.60257558,0.62399553,8,6,2
1SD9PuugKChGh9kbpdwJsSvxFx,11,8,3,6.44206707,3.15919557,0.80525838,1.05306519,1.43199777,0.18685033,11,11,6,7,0.49999306,11.99983334,7200.1,824.0,2.03914792,0.49040091,11,8,3
1SDgiSv4tdU9hRoCSzMaBUF7nt,10,5,5,4.63559423,4.27266523,0.92711885,0.85453305,1.41562845,0.06904297,10,10,3,5,0.61130922,14.67142129,5889.0,246.0,1.08494206,0.9217082,10,5,5
1SHLJzf4JFseKpjnzySn5UiA9m,24,7,17,168.39953144,421.99936841,5.26248536,5.08432974,10.05585234,3.75475791,156,24,9,11,5.36165253,128.67966069,671.43478261,29.0,0.39905162,2.50594146,24,7,17
1SKRzaTzXWM9oL15HncjLEogf5,5,1,4,1.30228614,2.98399286,1.30228614,0.74599821,1.36250887,0.18741561,5,5,1,2,0.19862343,4.7669623,18124.75,7734.0,0.43642401,2.29134963,5,1,4
1SQot19aNft5NzUmqyMc8Vig7j,3,1,2,6.52088209,7.73008675,6.52088209,3.86504337,6.52088209,6.02456082,3,3,2,2,1.02945382,24.70689162,3497.0,1832.0,0.84357166,1.18543575,3,1,2
1SSJbu1BGU9b4x8xfFZavmpgix,5,5,0,33.35473676,0.0,6.67094735,0.0,8.60124138,4.05288492,1,5,1,1,1.53534492,36.84827807,2344.75,893.0,33354736760.0,0.0,5,5,0
1SU3nbt8wCEe9YacKrJYhg3ecR,18,13,5,171.06845752,64.10325191,3.35428348,12.82065038,19.85994442,12.92031989,65,18,7,7,2.74574902,65.89797658,1311.11764706,74.0,2.6686393,0.3747228,18,13,5
1SVZ88tUWsvpbTp9f1CM7NDZSx,10,5,5,15.12479161,14.06935439,3.02495832,2.81387088,7.87363341,5.1023664,10,10,5,4,2.93292297,70.39015117,1227.44444444,405.0,1.07501675,0.93021807,10,5,5
1SWJiUJmszSxUp3GEww9zYDusd,8,3,5,7.29726826,21.26549911,2.43242275,4.25309982,7.07437647,4.4542817,8,8,3,4,2.51396648,60.33519553,1432.0,273.0,0.34315058,2.91417259,8,3,5
1SWqf3cebrkJGUgfbKsbx2B9z3,8,8,0,5.47403986,0.0,0.68425498,0.0,1.3494776,0.21023845,8,8,6,5,0.281813,6.76351193,12774.42857143,5498.0,5474039859.999999,0.0,8,8,0
1SXb7AzWpsYjZBC51vBh6yYzue,7,4,3,4.39165699,3.36477208,1.09791425,1.12159069,1.25566657,0.01954576,7,7,5,3,0.26720107,6.41282565,13473.0,1565.0,1.30518706,0.7661737,7,4,3
1SZNjBbfVPzMcMwQTqhUuoMfGd,6,2,4,1.96725941,2.57570191,0.98362971,0.64392548,1.41765966,0.24534367,6,6,2,2,0.21752003,5.22048072,16550.2,3806.0,0.76377604,1.30928433,6,2,4
1Sc18uBTfUBN3wMq4XpFn9Jpf5,5,5,0,34.15917405,0.0,6.83183481,0.0,10.78746417,7.41860724,1,5,1,1,2.454406,58.90574399,1466.75,24.0,34159174049.999996,0.0,5,5,0
1ScMwJaWx1smgeasT8TAAdeeq7,13,7,6,7.1030106,1.72780181,1.0147158,0.28796697,1.46515068,0.25071158,13,13,7,6,0.56611191,13.58668589,6359.16666667,96.0,4.11101005,0.24324922,13,7,6
1SepDJXTe5t9ivsEYYfsGhgct1,9,5,4,22.75729066,21.92043823,4.55145813,5.48010956,7.84546842,3.91689021,9,9,5,6,2.44357713,58.64585101,1473.25,70.0,1.03817681,0.96322706,9,5,4
1SfNC8Cu7kPR3uGZV51ab3ENxL,8,4,4,17.76774395,13.98520724,4.44193599,3.49630181,7.34109759,2.83433036,8,8,5,4,1.97693575,47.44645799,1821.0,206.0,1.27046698,0.78711216,8,4,4
1SftGaNdyYWWd3p6KiyWPmvnsL,6,4,2,3.04573537,1.31766817,0.76143384,0.65883409,1.20287518,0.1100738,6,6,5,5,0.26029992,6.24719816,13830.2,3769.0,2.31145856,0.43262727,6,4,2
1ShR1dkK1LHWyQ27WtM1NTkvSP,38,19,19,399.93292992,407.84371579,4.39486736,4.6878588,8.18636052,2.54566222,208,38,8,12,8.34638762,200.31330284,431.32432432,2.0,0.98060339,1.01978028,38,19,19
1SkR23YUvWTC1dz3j5ryJnKoXD,8,4,4,2.66287678,1.99215451,0.66571919,0.49803863,1.3854687,0.14514411,8,8,5,5,0.30263363,7.2632072,11895.57142857,271.0,1.33668185,0.74812118,8,4,4
1SnCT9M53LvvdJR8YG3yzQj5to,31,19,12,467.77334479,275.396573,5.31560619,4.74821678,10.21735185,4.09819094,187,31,9,11,6.72729538,161.45508907,535.13333333,0.0,1.69854454,0.58873935,31,19,12
1SnZhiVUs87AwHqueqs8oBQTjN,11,3,8,1.25731694,9.34369686,0.41910565,1.16796211,1.47707034,0.24692978,11,11,4,3,0.34035794,8.16859063,10577.1,143.0,0.13456311,7.43145707,11,3,8
1SopQMhL9WeGDjedX498yyLjR5,33,15,18,341.22955411,329.54109331,4.37473787,4.11926367,7.94390775,2.44950748,201,33,9,9,6.57309141,157.75419377,547.6875,0.0,1.0354689,0.96574605,33,15,18
1Spv9WoEC4nCCiAX77q5vWvQiy,18,17,1,225.32131563,4.73784693,3.36300471,4.73784693,5.81092453,2.51934826,63,18,9,11,3.11863025,74.84712597,1154.35294118,1.0,47.55774489,0.02102707,18,17,1
1Sq4mg6e8fDzQBRvH9NdjigE8V,7,7,0,40.15571916,0.0,5.73653131,0.0,10.13728717,9.74394246,1,7,1,1,2.05206156,49.24947748,1754.33333333,79.0,40155719160.0,0.0,7,7,0
1SsBiTSeDGvP5FJ9zS8opekAEV,11,3,8,1.99241273,6.36971829,0.66413758,0.79621479,1.49365953,0.24368314,11,11,3,4,0.44907379,10.77777085,8016.5,503.0,0.31279448,3.19698735,11,3,8
1SteVhn7HoYjeYottumGK8cPnM,16,14,2,173.44343268,26.75932783,3.15351696,13.37966392,16.24417647,6.03711301,55,15,7,7,3.03900051,72.93601216,1184.6,149.0,6.48160648,0.15428274,16,14,2
1SumJvyzZbA8PxndVYGaQJnSTA,15,12,3,191.27580513,50.81850825,3.98491261,16.93950275,21.97534787,15.5790113,59,15,7,8,3.00429185,72.10300429,1198.28571429,120.0,3.76390043,0.26568184,15,12,3
1Suny2vwRdHnFk1SgPi9DNVbyS,12,6,6,87.64189633,42.08820671,4.38209482,7.01470112,15.92380817,7.97344965,39,12,5,5,1.77937542,42.70501011,2023.18181818,48.0,2.08233857,0.4802293,12,6,6
1SvsxNRf1LJZjzHpjUYpFECnCg,8,8,0,41.09843937,0.0,5.13730492,0.0,7.91056768,7.64104854,8,8,7,5,1.73817078,41.71609877,2071.14285714,376.0,41098439370.0,0.0,8,8,0
1Sw5FRxWj6PWWibzuW76Co7SrU,9,6,3,4.26783097,2.12456628,0.71130516,0.70818876,1.24638286,0.14581631,9,9,4,5,0.44914382,10.77945167,8015.25,1237.0,2.00880105,0.49780938,9,6,3
1SxeYxspnn9BDBKC3HG24SGm5d,36,16,20,400.49758089,508.23464301,4.76782834,4.98269258,8.51709013,3.26574801,208,34,9,12,6.9501903,166.80456727,517.97142857,9.0,0.78801708,1.26900802,36,16,20
1SyLruKWBUKg4mazAWviV6oZ8C,5,2,3,2.25692012,1.21461816,1.12846006,0.40487272,1.28338585,0.15601481,5,5,3,3,0.15398599,3.6956638,23378.75,937.0,1.85813138,0.53817508,5,2,3
1SykmcxLopMP1uJzagAmSViEyb,3,0,3,0.0,1.79171946,0.0,0.59723982,0.7921623,0.03861682,3,3,1,1,0.11953977,2.86895453,30115.5,19791.0,0.0,1791719459.9999998,3,0,3
1T4AuFqLKwsz9CQA6iS1ANCEeJ,19,12,7,192.49340339,104.9487445,4.37485008,14.99267779,24.10045495,19.23711424,63,18,7,9,3.18537089,76.44890134,1130.16666667,12.0,1.83416585,0.54520697,19,12,7
1T58XWTwzbV9wfth1LXXzzH9Mj,5,2,3,1.82526235,1.55927596,0.91263118,0.51975865,1.19435295,0.17767302,5,5,3,2,0.17586712,4.22081094,20470.0,478.0,1.17058327,0.85427498,5,2,3
1T9xTCGMmqdR1QF19pR5pbL29Q,20,15,5,198.84925327,71.82991841,3.37032633,14.36598368,21.00727116,12.20168526,78,19,8,9,3.29099307,78.98383372,1093.89473684,20.0,2.76833467,0.361228,20,15,5
1TBdbNpvYsokfVFqUxuFxubGy8,7,4,3,2.87986727,2.69855151,0.71996682,0.89951717,1.33330976,0.14288698,7,7,3,4,0.50787679,12.18904303,7088.33333333,988.0,1.06719003,0.93704024,7,4,3
1TLXs5QHGohYfgDW79L1SNvgRt,11,8,3,7.59399746,2.25522426,0.94924968,0.75174142,1.47020319,0.19454333,11,11,6,6,0.440044,10.56105611,8181.0,1565.0,3.36729149,0.29697459,11,8,3
1TLstYQWms3N6vqA4JrS5bXCDz,4,3,1,1.87309046,0.11012112,0.62436349,0.11012112,0.92252445,0.11610415,4,4,3,3,0.23767606,5.70422535,15146.66666667,3196.0,17.00936623,0.05879114,4,3,1
1TR7AEYK4YXdJGFvCqMUCEpmZj,8,6,2,5.19764922,0.83639412,0.86627487,0.41819706,1.45183224,0.21126045,8,8,6,5,0.52700922,12.64822134,6831.0,776.0,6.21435409,0.16091777,8,6,2
1TVapKQm9WzGmGihh7havtza7M,32,18,14,421.71556719,346.64685845,4.58386486,5.25222513,7.99036219,2.77348796,206,30,9,12,6.57786161,157.86867853,547.29032258,3.0,1.21655673,0.82199209,32,18,14
1TYPhyYBxvoqySTZHnufy1kNFS,3,3,0,16.89170945,0.0,5.63056982,0.0,8.53276926,4.22008664,1,3,1,1,1.20381207,28.89148972,2990.5,704.0,16891709450.0,0.0,3,3,0
1Tdt3TYSHmqxjxfhm1dCCZbqwJ,20,12,8,148.81520158,98.26062311,3.03704493,12.28257789,20.20225572,16.81471275,75,19,7,8,2.90347228,69.68333475,1239.89473684,70.0,1.51449479,0.66028619,20,12,8
1TeLszoxmh2fXHisredFo4eXBa,7,5,2,3.28710845,2.48145145,0.65742169,1.24072572,1.27256498,0.12809449,7,7,5,6,0.34767492,8.34419817,10354.5,100.0,1.32467168,0.75490404,7,5,2
1ThVpvUKqXm9oCoreuZ6Az1eeQ,6,5,1,4.47981254,0.17849338,0.89596251,0.17849338,1.4348303,0.29471035,6,6,5,5,0.31441048,7.54585153,11450.0,4736.0,25.09791982,0.03984394,6,5,1
1Ti9y9ve2y67toxDcR1JXveJjq,10,8,2,96.5538074,24.92176458,3.01730648,12.46088229,22.76667068,13.00782778,35,10,5,6,1.72285441,41.3485058,2089.55555556,100.0,3.87427652,0.25811271,10,8,2
1TjjXU7bGrWRApfQ1XTiXmv5hT,19,14,5,198.76535628,86.54806121,3.48711151,17.30961224,24.11056659,22.8089012,76,18,6,8,3.53808354,84.91400491,1017.5,24.0,2.29658936,0.4354283,19,14,5
1TmtQYLa5tKpMBM9nyZqZbjtSL,29,16,13,360.53581114,325.24635216,4.87210556,5.16264051,10.57594164,3.51111074,183,28,8,12,5.59347428,134.24338272,643.60714286,5.0,1.10850071,0.90211941,29,16,13
1TwDdof4HkuT32aCmpuGSdRoju,7,1,6,6.27805759,27.78318227,6.27805759,4.63053038,7.52535458,5.09321338,7,7,2,2,1.37939843,33.1055623,2609.83333333,379.0,0.22596611,4.4254424,7,1,6
1TzUFQ96NATXDuiV851Vq1SbTa,46,24,22,515.92901868,496.0321248,4.56574353,4.63581425,7.93890068,2.92761535,238,46,9,12,10.01979218,240.47501237,359.28888889,2.0,1.04011211,0.96143482,46,24,22
1TztJaUpXnJ7SFYr693SF7WNPy,9,3,6,18.21517164,18.53610015,6.07172388,3.08935002,7.80523054,6.24264962,9,9,3,4,3.18372761,76.40946275,1130.75,17.0,0.9826863,1.01761875,9,3,6
1U1aa4yksHz5Zkg3qj9KKStnCc,41,18,23,427.14529664,532.83847612,5.27339872,4.67402172,9.94017562,3.88812134,223,38,8,12,8.50561134,204.13467218,423.25,2.0,0.80164124,1.24744081,41,18,23
1U6UHPFJQHXBBFweiafatDw3RQ,7,4,3,2.66989042,2.29749655,0.66747261,0.76583218,1.43224688,0.22031315,7,7,4,4,0.26753202,6.42076841,13456.33333333,2185.0,1.1620868,0.86052092,7,4,3
1U6py3pQFuxsV4ud9D33W5tUeM,3,1,2,0.17975176,2.10684929,0.17975176,1.05342464,1.05755638,0.16963456,3,3,2,2,0.07550811,1.81219456,47677.0,14657.0,0.08531781,11.72088268,3,1,2
1U7ppQt9c4eccNj8TPxjqUxo4K,5,2,3,2.57335499,3.949483,1.28667749,1.31649433,1.39852091,0.00657423,5,5,3,3,0.19042581,4.57021952,18905.0,1531.0,0.65156756,1.53476027,5,2,3
1UAhoSG38GSYLmfCipRrmsjj6r,6,5,1,4.14749065,1.00296515,0.82949813,1.00296515,1.30577435,0.11705325,6,6,5,5,0.24901087,5.97626096,14457.2,545.0,4.13522908,0.24182457,6,5,1
1UBgD5gq7iRyVcyhVMpmcRmHYH,35,21,14,434.67642872,349.59631385,4.4812003,5.06661324,8.20449824,2.92237787,198,35,9,10,7.7170418,185.20900322,466.5,21.0,1.24336674,0.80426794,35,21,14
1UH9G189XKSenr18YRE7qf6duZ,10,5,5,20.91951345,20.3342348,4.18390269,4.06684696,7.57422343,7.32125433,10,10,5,6,1.99139521,47.79348494,1807.77777778,336.0,1.02878292,0.97202236,10,5,5
1UNCEC97LpbgLJr6DgtrddQi6V,9,5,4,181.97668073,96.6847885,36.39533615,24.17119712,38.42855771,72.33411077,9,9,3,5,3.33835632,80.12055176,1078.375,442.0,1.88216454,0.53130318,9,5,4
1UP4xCkJAzEradDPJpHwv1W5t5,6,6,0,41.14818072,0.0,6.85803012,0.0,11.3161287,7.6507434,1,6,1,1,1.93735873,46.49660962,1858.2,922.0,41148180720.0,0.0,6,6,0
1UPKy5UptjbejEeCYwUqoqnnFe,10,7,3,22.12905399,12.0053099,3.16129343,4.00176997,7.43835411,3.29446094,10,10,5,7,2.33009709,55.9223301,1545.0,616.0,1.8432722,0.54251347,10,7,3
1UPrW4E6p16B9h5GFiqmaYPsEi,2,1,1,38.91385807,25.86416559,38.91385807,25.86416559,38.91385807,42.57361846,2,2,2,2,5.92105263,142.10526316,608.0,608.0,1.50454721,0.66465179,2,1,1
1UQrXK5mTecHiFyTSnGkGXpvvQ,39,15,24,290.73255744,519.14668458,3.68015895,4.47540245,7.87829696,2.80919597,221,38,9,12,8.42675865,202.24220771,427.21052632,0.0,0.56002006,1.78565032,39,15,24
1UTxKwRhu3etU5Kfs3dw614f7U,5,5,0,13.88190507,0.0,2.77638101,0.0,7.46706597,6.17124819,1,5,1,1,2.31399646,55.53591515,1555.75,567.0,13881905070.0,0.0,5,5,0
1UUVZvmZ1dmmDViS6SuMBCcifk,15,11,4,151.41864293,66.91164024,3.60520578,16.72791006,21.84197921,16.69753638,46,15,7,9,2.4656328,59.17518712,1460.07142857,169.0,2.26296415,0.4418983,15,11,4
1UUzjRUJ651ziSQLx6n6nvzFK1,9,5,4,1.6338791,2.83651142,0.32677582,0.70912785,1.17120786,0.11448682,9,9,6,4,0.36573286,8.7775887,9843.25,446.0,0.57601711,1.73605955,9,5,4
1UVDecFnHzLbZDcLCMtFRthwLS,9,5,4,6.42784851,2.44028997,1.2855697,0.61007249,1.42261071,0.15476996,9,9,4,5,0.30447515,7.30740361,11823.625,937.0,2.63405111,0.37964335,9,5,4
1UaxQv8YeWDUXdovfy46uy19iu,6,4,2,20.30662854,4.6446464,5.07665713,2.3223232,7.73634458,4.33729646,6,6,4,5,1.75901495,42.21635884,2046.6,586.0,4.37205048,0.22872563,6,4,2
1UcLr715DAjZsBDzFnfA7kbwZo,20,13,7,161.95584255,98.29001155,2.74501428,14.04143022,23.4618674,19.81467953,77,19,8,10,3.0591708,73.42009929,1176.78947368,32.0,1.6477345,0.60689389,20,13,7
1UdMuXBPBj3BFptrQZgEWWr8BQ,7,3,4,4.2559384,19.00423169,1.41864613,4.75105792,6.04698222,4.33988057,7,7,4,4,1.50711694,36.17080659,2388.66666667,572.0,0.22394688,4.46534463,7,3,4
1UdSnhTK8S2MBtgWvmQ6Uw7GUe,7,0,7,0.0,6.41370014,0.0,0.91624288,1.39900241,0.12060232,7,7,1,1,0.301537,7.23688803,11938.83333333,1149.0,0.0,6413700140.0,7,0,7
1UeEFusQ6hvjMpZbq2qoWp1rvj,16,13,3,181.80212934,38.70533155,3.43022886,12.90177718,20.55188828,10.83834449,63,16,7,9,2.31016043,55.44385027,1558.33333333,23.0,4.69708234,0.21289812,16,13,3
1Uftt5u1MwF3A7Q5RXoQqtncRm,13,7,6,94.30788795,87.27164207,3.36813886,14.54527368,24.5847618,32.55082732,49,13,6,6,2.10004375,50.40105002,1714.25,57.0,1.08062465,0.9253907,13,7,6
1Uggr48pQBEvi3z9ffjgSRDF2f,5,3,2,8.47944545,10.9187545,2.82648182,5.45937725,5.53050988,2.76692576,5,5,4,4,0.94718148,22.73235546,3800.75,2467.0,0.77659457,1.28767318,5,3,2
1UjjDrgys9trmKDkkQnbcMEtWe,9,3,6,2.89480521,5.62610268,0.96493507,0.93768378,1.44827188,0.12220786,9,9,4,4,0.28087148,6.74091556,12817.25,141.0,0.51453117,1.94351684,9,3,6
1UqbwbK5QYX6m9pf5aJCmhiQ5o,4,4,0,24.26392767,0.0,6.06598192,0.0,8.29179311,5.42505235,1,4,1,1,1.8954019,45.48964549,1899.33333333,162.0,24263927670.0,0.0,4,4,0
1UqxJesM1U3rMiuK77myEXi7Fi,3,3,0,16.61805344,0.0,5.53935115,0.0,11.99152188,21.57353863,1,3,1,1,1.49222798,35.8134715,2412.5,2054.0,16618053440.0,0.0,3,3,0
1UsefiMWVVkEZXszspBj6KZjhg,7,4,3,1.36024071,2.24797567,0.34006018,0.74932522,1.46651246,0.22318545,7,7,4,4,0.3734117,8.96188089,9640.83333333,800.0,0.60509583,1.65263078,7,4,3
1UshYiMCncmygsPFjeuCRLomK9,15,5,10,3.68426387,7.7892951,0.73685277,0.77892951,1.39871219,0.13659831,15,15,4,5,0.59996429,14.39914291,6000.35714286,619.0,0.47299067,2.11420663,15,5,10
1UsyZkT9EWR41ZaJLWH2ZpFVuj,22,20,2,260.42526392,20.78943686,3.51926032,10.39471843,17.60212378,9.36546175,80,19,9,10,4.67850733,112.284176,769.47619048,52.0,12.52680704,0.0798288,22,20,2
1UtR2WELKsRwXnHRCo8PphdPbK,19,15,4,232.14285945,55.69025626,4.1454082,13.92256406,17.83085213,9.66635879,68,19,8,8,2.85161063,68.43865517,1262.44444444,162.0,4.16846456,0.23989649,19,15,4
1UwmEsHfKCg3uJyUt5XMwN7ZcV,24,19,5,248.84746353,73.50695589,3.71414125,14.70139118,24.89966909,16.83003414,84,24,8,10,4.27398957,102.57574975,842.30434783,43.0,3.38535939,0.29538961,24,19,5
1UygNZsZx8ehwKqRbVhnWqKekA,5,5,0,35.45461659,0.0,7.09092332,0.0,11.23723179,14.99547188,1,5,1,1,2.43037975,58.32911392,1481.25,675.0,35454616590.0,0.0,5,5,0
1UzBG2tDfn55r7JusCb8rWcqQo,6,2,4,1.60293687,2.24680741,0.80146844,0.56170185,1.28788728,0.18774422,6,6,3,3,0.33595879,8.06301094,10715.6,3492.0,0.71342869,1.40168178,6,2,4
1V1N1BzB5Zj7Sdc5ivKz7FsqLv,23,18,5,259.29568346,54.62902421,3.75790846,10.92580484,21.09988612,10.3274225,81,22,8,10,3.54219777,85.01274655,1016.31818182,40.0,4.74648206,0.21068235,23,18,5
1V3hiA7sW1vpJV48uCNnmxgBcz,8,6,2,32.04653287,8.67785413,5.34108881,4.33892707,7.98475809,6.26951242,8,8,6,5,2.02751629,48.66039102,1775.57142857,170.0,3.69290984,0.27078917,8,6,2
1VAENYZKqQsXhA3a2AK82sK6Q4,1,1,0,9.13296771,0.0,9.13296771,0.0,9.13296771,0.0,1,1,1,1,0.0,0.0,0.0,0.0,9132967710.0,0.0,1,1,0
1VC54xqM7GGJR47bLBA17GbjcB,21,17,4,193.97236816,80.78535612,2.93897528,20.19633903,24.8126692,20.93447023,78,21,8,9,3.37126001,80.9102402,1067.85,54.0,2.40108328,0.41647868,21,17,4
1VCk5CCpZ8R3UJcH9BewH1NWnA,7,5,2,3.54825744,1.63475366,0.70965149,0.81737683,1.30036661,0.10137848,7,7,5,5,0.25582414,6.13977947,14072.16666667,1203.0,2.17051506,0.46072014,7,5,2
1VDfG5SHof1epNJUzcibYpGnj4,4,4,0,22.31201838,0.0,5.57800459,0.0,9.26397993,6.12492549,1,4,1,1,1.31099782,31.46394756,2746.0,1504.0,22312018379.999996,0.0,4,4,0
1VHYSWnWQyEW9T4GAzh7KQ4PWR,9,5,4,3.62730792,4.57139146,0.72546158,1.14284787,1.37336707,0.14501079,9,9,5,4,0.40912578,9.81901867,8799.25,1356.0,0.79348005,1.26027113,9,5,4
1VJbe2G2HPtzbztZ1nqeX8vbU5,8,3,5,8.24534065,15.4162165,2.74844688,3.0832433,7.3416106,6.11187931,8,8,3,3,1.55574762,37.33794296,2314.0,859.0,0.53484852,1.86968825,8,3,5
1VLQTHAL11auqw9PKXb1mYqXL1,4,2,2,1.30761634,1.84579155,0.65380817,0.92289577,1.40917997,0.2203667,4,4,1,3,0.17842392,4.28217413,20176.66666667,3732.0,0.70843121,1.41156966,4,2,2
1VNSmLHFexq3eM5hfvNSySE24i,1,1,0,4.37861441,0.0,4.37861441,0.0,4.37861441,0.0,1,1,1,1,0.0,0.0,0.0,0.0,4378614410.0,0.0,1,1,0
1VPfGdmsQMWj6KtC6sp6TkCC3v,6,5,1,19.40268396,3.01448362,3.88053679,3.01448362,7.10032962,3.72249789,6,5,5,5,1.23617883,29.66829201,2912.2,1284.0,6.43648678,0.15536426,6,5,1
1VRjb6Vi13Ub5zHFUQdXAjFfpi,1,1,0,7.44387853,0.0,7.44387853,0.0,7.44387853,0.0,1,1,1,1,0.0,0.0,0.0,0.0,7443878530.0,0.0,1,1,0
1VVKTR98fgmYZjMvUNh9MzNjwL,12,12,0,87.47651906,0.0,7.28970992,0.0,11.43251439,8.60935752,1,12,1,1,3.71551886,89.17245262,968.90909091,130.0,87476519060.0,0.0,12,12,0
1VVS1o3Kf2a9yL1LFEwM2rumuJ,9,6,3,3.13308485,4.08261442,0.52218081,1.36087147,1.44793079,0.25444402,9,9,5,7,0.30325047,7.27801118,11871.375,2116.0,0.7674212,1.30306539,9,6,3
1VZxBVWj9MxDoA4gPheimCbJad,8,2,6,7.96700167,28.56140499,3.98350084,4.76023416,6.81809163,4.00261297,8,7,3,2,3.30058939,79.21414538,1090.71428571,299.0,0.27894292,3.58496285,8,2,6
1Va7qqTrVUSGpyJyvt9p1bFLZm,5,2,3,7.99995772,4.31202445,3.99997886,1.43734148,5.13452616,2.32674087,5,5,3,3,1.30980535,31.43532836,2748.5,1515.0,1.85526724,0.5390059,5,2,3
1Vajk68ASSme7pzB5QDNDfwS8F,12,10,2,7.93026908,1.71372758,0.79302691,0.85686379,1.48176785,0.12944711,12,12,6,5,0.42179711,10.12313067,8534.90909091,591.0,4.62749691,0.21609955,12,10,2
1Vb1JV1K3XheDRP5tZvVQSseCU,7,2,5,6.51012938,23.79046949,3.25506469,4.7580939,5.69986909,1.8369685,7,7,2,3,1.58625248,38.07005948,2269.5,41.0,0.27364443,3.65437737,7,2,5
1VddiTMJTqRAZgYmDP7aftRBAN,15,10,5,160.53579304,77.29362653,3.82228079,15.45872531,24.01423222,18.77003278,53,15,6,7,2.70982311,65.03575461,1328.5,65.0,2.07696029,0.48147285,15,10,5
1VeEmvrgLF6Lzdn8HB5PHLoxx3,38,17,21,390.79919484,502.41506574,4.82468142,5.12668434,11.61892607,3.90041917,207,38,9,11,8.86050688,212.65216524,406.2972973,23.0,0.77784131,1.28560927,38,17,21
1VfAF9SY5JpjbNZn7ghW17Q3o7,14,12,2,167.23535981,11.86647502,3.48407,5.93323751,8.90378775,4.97008699,53,14,5,7,2.08695652,50.08695652,1725.0,131.0,14.093095,0.07095673,14,12,2
1VfDo7LxiLHifJtst8endRjJMk,42,22,20,473.91593845,434.78342782,4.47090508,4.3917518,10.61850108,4.92387494,233,40,9,12,8.87552616,213.01262778,405.6097561,51.0,1.0900046,0.91742732,42,22,20
1VhDJxsX6QSRBXVUZgpUqAusX2,6,5,1,4.02801821,1.45523272,0.80560364,1.45523272,1.45523272,0.21146016,6,6,5,4,0.54754517,13.14108414,6574.8,75.0,2.76795467,0.36127759,6,5,1
1VipRRgHuehHVp6PPvhtpGJwVH,11,5,6,25.03450838,26.62609918,5.00690168,4.4376832,7.42030749,3.99882483,11,11,3,5,2.33720704,56.0929689,1540.3,14.0,0.94022441,1.06357588,11,5,6
1Vj6tjMxZz82t9tq7G5CQ5AdtG,7,3,4,1.97277715,4.65311422,0.65759238,1.16327855,1.37911256,0.10614644,7,7,4,4,0.25188623,6.04526955,14292.16666667,1355.0,0.42396921,2.35866186,7,3,4
1VjVAxoM6tgjgTRFzSNb3jyVpJ,5,2,3,1.75123341,1.02521293,0.8756167,0.34173764,1.37432672,0.22817754,5,5,3,3,0.26814644,6.43551451,13425.5,997.0,1.70816555,0.58542335,5,2,3
1VpWsHyux2qsGXRWTcXK2HxA2x,11,9,2,141.40705253,24.90510016,4.41897039,12.45255008,22.19477566,11.90160431,36,11,6,6,1.72902358,41.49656597,2082.1,107.0,5.67783513,0.17612347,11,9,2
1VqDKhUSUR6Y2Y7McXgRLYsrKr,6,3,3,3.23610691,3.53757345,1.0787023,1.17919115,1.29238279,0.00801335,6,6,4,4,0.36165639,8.67975327,9954.2,252.0,0.91478155,1.09315716,6,3,3
1VvbLJnfbcsrtGb1DVhJiVyptF,4,4,0,20.48213385,0.0,5.12053346,0.0,11.45908529,15.03353812,1,4,1,1,1.32955805,31.90939308,2707.66666667,2410.0,20482133850.0,0.0,4,4,0
1W1jADyCLL6CGwEU6oGAkcwrQ1,7,3,4,2.01520263,2.94993857,0.67173421,0.73748464,1.38529813,0.15190263,7,7,4,3,0.37833672,9.08008127,9515.33333333,1024.0,0.68313376,1.46384216,7,3,4
1W4BdUuoSY2RkUCPECJJVyA3gg,13,9,4,6.96150337,2.7394567,0.77350037,0.68486417,1.41473987,0.16392529,13,13,8,10,0.46500113,11.16002713,7741.91666667,513.0,2.54119854,0.3935151,13,9,4
1W6R8japjRrBnmZhReWpHXTotC,8,8,0,66.28384622,0.0,8.28548078,0.0,11.77373751,8.61138029,1,8,1,1,2.37109522,56.90628528,1518.28571429,309.0,66283846220.0,0.0,8,8,0
1W6Y93k8MFGF21DxCNRdtTJVqH,9,2,7,38.49831416,210.80770392,19.24915708,30.11538627,36.49078019,91.2534452,9,9,3,2,3.14170394,75.40089451,1145.875,35.0,0.1826229,5.47576455,9,2,7
1W96MnaUAH8M39YxvJpQUKzyHg,5,2,3,1.98233052,3.11970199,0.99116526,1.03990066,1.34754275,0.04809528,5,5,2,3,0.25084049,6.02017176,14351.75,505.0,0.63542304,1.57375471,5,2,3
1WBgfyDEhoNmXzkh2BmzH2zugG,1,1,0,5.69346481,0.0,5.69346481,0.0,5.69346481,0.0,1,1,1,1,0.0,0.0,0.0,0.0,5693464810.0,0.0,1,1,0
1WCYNb4tJPtAgvzCUVxvUgZaig,11,4,7,18.46704074,29.00147831,4.61676019,4.14306833,7.36563423,3.78424974,11,11,3,5,2.6026605,62.46385194,1383.2,12.0,0.63676205,1.57044535,11,4,7
1WD9wBR9Uyv86KAHEsTj9vpNic,21,17,4,204.59441281,29.60803853,3.05364795,7.40200963,13.29812722,5.99776543,79,21,9,10,3.38028169,81.12676056,1065.0,55.0,6.91009682,0.14471577,21,17,4
1WFb8yNCAfsuEC9dWjkCrMH38K,5,5,0,23.04896678,0.0,4.60979336,0.0,8.07509121,4.4231018,1,5,1,1,1.85902401,44.6165763,1936.5,960.0,23048966780.0,0.0,5,5,0
1WGEeP44KYfyvikXKb1w7U9yHo,7,4,3,2.68881832,2.22166249,0.67220458,0.74055416,1.43491055,0.28966393,7,7,4,5,0.3281428,7.87542727,10970.83333333,246.0,1.21027309,0.8262598,7,4,3
1WMwAidSSpLX5k6Z6Ez9j1WADp,38,23,15,468.71292777,389.58584132,4.46393265,5.19447788,9.63365304,3.69547908,228,36,9,11,8.79904875,211.17717004,409.13513514,6.0,1.20310565,0.8311822,38,23,15
1WN74gWfB5PhcyFPh1DJKuxUeo,9,2,7,2.07667277,6.71432092,1.03833639,0.9591887,1.46452206,0.19689807,9,9,3,2,0.4268374,10.24409764,8434.125,481.0,0.30929007,3.23321084,9,2,7
1WNcrgfXnjQnV87qjF1NPvhtKc,5,2,3,1.19546446,1.18839912,0.59773223,0.39613304,0.86434669,0.06957041,5,5,3,3,0.23527105,5.64650524,15301.5,7087.0,1.00594526,0.99408988,5,2,3
1WNtEd8UrdAwc2xf8xTnSF8Uvz,7,3,4,14.01765166,21.61399907,4.67255055,5.40349977,7.8541525,6.96754219,7,7,3,3,2.15053763,51.61290323,1674.0,875.0,0.64854503,1.54191298,7,3,4
1WPgvN1yBKAHir9TEGQCF8jWhM,41,22,19,463.2555563,442.58126666,4.21141415,4.70831135,10.57594164,3.95105982,232,40,9,12,9.13184095,219.16418289,394.225,7.0,1.04671298,0.95537174,41,22,19
1WRga8meaXc4fov9qX1JQ9GwZa,13,7,6,6.19147757,4.37736098,0.8844968,0.72956016,1.26325144,0.10727012,13,13,6,5,0.50535182,12.12844359,7123.75,786.0,1.41443157,0.70699779,13,7,6
1WUsJY5qrxLCHkiFB675uhe49U,13,7,6,113.1603371,125.22222281,16.16576244,20.87037047,36.47345826,76.94681927,13,13,6,5,4.83113397,115.94721539,745.16666667,120.0,0.90367616,1.10659111,13,7,6
1WZZ6SQZ1jGwtgkBqZ9VBCddjx,7,2,5,1.32365999,3.20969609,0.66182999,0.64193922,1.4764103,0.18938596,7,7,3,2,0.2558302,6.13992491,14071.83333333,1561.0,0.41239418,2.42486448,7,2,5
1WaL8FbjG8CWU3YbrGDPfKbChx,34,13,21,298.72703913,505.15669326,5.15046619,4.8572759,9.28941524,4.4507375,200,34,8,12,7.36287574,176.70901766,488.93939394,10.0,0.5913552,1.69103103,34,13,21
1Wb6W1EwzBk76fB1R8FqUGuZjM,8,4,4,2.88912817,3.26110087,0.72228204,0.81527522,1.32070768,0.10378637,8,8,5,4,0.24638007,5.91312169,14611.57142857,2891.0,0.88593646,1.12874912,8,4,4
1WbiPLHQZyYW7toXqvMEQMT3dx,10,5,5,2.53448151,2.75824261,0.5068963,0.55164852,1.25656041,0.13453457,10,10,4,5,0.49233388,11.81601301,7312.11111111,118.0,0.91887548,1.08828674,10,5,5
1We4cWXtmFXEh7TtdsAVPgBYLT,40,26,14,593.51561159,362.85033785,4.4625234,4.97055257,11.36715417,3.80765595,235,38,8,12,8.07546302,193.81111239,445.79487179,3.0,1.63570362,0.6113577,40,26,14
1WfHrkkkkFuFqYgwvqND6tooz7,15,10,5,169.66557818,95.90789659,4.24163945,19.18157932,24.48355973,28.86995226,56,15,8,6,2.99732382,71.93577163,1201.07142857,144.0,1.76904702,0.5652761,15,10,5
1WgfWkkaxEkE6mQ2GB7fZQqeuk,5,2,3,6.27033946,14.26760425,3.13516973,4.75586808,6.20847612,1.8952788,5,5,3,3,1.32669983,31.84079602,2713.5,409.0,0.43948089,2.27541178,5,2,3
1WiS7oa9oqt1f7RR28u1qvi39G,10,6,4,4.0797132,3.76614033,0.6799522,0.94153508,1.49518849,0.17545306,10,10,6,5,0.50670921,12.16102093,7104.66666667,1697.0,1.08326107,0.9231385,10,6,4
1WkAvfJB1TyxX4c2NpapPcAJk1,28,11,17,241.82015695,433.07534075,4.7415717,4.81194823,7.95325651,3.13206471,177,27,9,12,6.29085496,150.98051906,572.25925926,4.0,0.55837896,1.79089844,28,11,17
1WkAzaG7q18cPok4ab4bXMSpLu,4,4,0,35.30719964,0.0,8.82679991,0.0,11.27270612,2.69470155,1,4,1,1,1.64835165,39.56043956,2184.0,70.0,35307199640.0,0.0,4,4,0
1WkEDVsnoEdieCv2MCCAddgEpT,4,3,1,3.80409831,1.4066877,1.26803277,1.4066877,1.4066877,0.00446824,4,4,4,3,0.13836043,3.32065029,26019.0,19500.0,2.70429486,0.36978216,4,3,1
1WpJytoaThXDQb8c9o8YoYHZVK,4,2,2,9.24421898,5.14419482,4.62210949,2.57209741,5.58524215,2.21836019,4,4,3,2,1.07174754,25.72194105,3359.0,496.0,1.79701961,0.55647695,4,2,2
1Wrs86u893Y27amj2mNhardDqQ,7,5,2,128.69401068,53.81894893,25.73880214,26.90947447,32.88383949,17.34994194,7,7,6,5,2.49221184,59.81308411,1444.5,120.0,2.39123976,0.41819311,7,5,2
1Wss6xZdvp8v7uettg9oMwRjkf,21,17,4,195.92387804,54.35812315,3.21186685,13.58953079,19.29234885,13.3654572,73,21,8,10,3.14314402,75.43545641,1145.35,69.0,3.60431646,0.27744512,21,17,4
1Ww4xuYKm3thFfAP7eggHmPCfM,18,15,3,188.27648346,27.49588376,3.19112684,9.16529459,18.66968943,7.6436409,67,18,7,8,3.75713672,90.17128123,958.17647059,81.0,6.84744252,0.14603993,18,15,3
1WwBKrPfd9Z7Suns7Mci5sLbWS,9,7,2,5.63064476,1.48299576,0.80437782,0.74149788,1.36490336,0.13180867,9,9,6,6,0.4258843,10.22122323,8453.0,761.0,3.79680435,0.26337939,9,7,2
1WytE8hpks2yXC186oGWxyemcJ,6,1,5,0.5250983,5.26965041,0.5250983,1.05393008,1.46123918,0.09361243,6,6,2,2,0.23777443,5.70658635,15140.4,1509.0,0.09964576,10.03555032,6,1,5
1WznYqGqHNKmVNsVmHdJf3q9Aa,9,3,6,2.15396278,5.38607316,0.71798759,0.89767886,1.37640765,0.12557222,9,9,4,4,0.30556705,7.33360919,11781.375,1056.0,0.39991339,2.50054143,9,3,6
1X1aPcyVaEXgB8F8UupcC9Ri4a,7,7,0,37.94887265,0.0,5.42126752,0.0,10.33262801,10.06303832,1,7,1,1,2.1272405,51.05377191,1692.33333333,616.0,37948872649.99999,0.0,7,7,0
1X2Sxzdgk3iRLfsLgGNUiPpmwz,3,3,0,16.94594649,0.0,5.64864883,0.0,8.13087908,8.01255303,1,3,1,1,1.95545899,46.93101575,1841.0,1242.0,16945946490.0,0.0,3,3,0
1X3NSRAF2wso4vQS1eiLJhSx7Q,2,1,1,34.38143921,19.39847332,34.38143921,19.39847332,34.38143921,56.12231672,2,2,2,2,0.76759062,18.42217484,4690.0,4690.0,1.77237861,0.56421353,2,1,1
1X3uQhnk2mjiAHfWkAHGfejvB1,10,10,0,10.65550084,0.0,1.06555008,0.0,1.3727801,0.09496648,10,10,7,7,0.45876756,11.01042139,7847.11111111,1002.0,10655500840.0,0.0,10,10,0
1X6d7ZedtFcvw7gbXyf97TN17w,9,4,5,58.15791844,95.63449179,14.53947961,19.12689836,31.51971247,60.34050997,9,9,3,5,3.8616251,92.67900241,932.25,124.0,0.60812702,1.64439331,9,4,5
1X7JvVk9HRF3t6xofbpRnHCJ9z,6,3,3,2.7152421,1.68581948,0.9050807,0.56193983,1.3516524,0.16188425,6,6,3,4,0.29326469,7.0383525,12275.6,3275.0,1.61063633,0.62087262,6,3,3
1X8r2P9dZkVY1ViKPwfpgvo6Qx,13,11,2,173.57294552,28.95752283,4.69116069,14.47876142,22.78704919,13.90899896,44,13,8,7,2.60523459,62.5256302,1381.83333333,19.0,5.99405365,0.16683201,13,11,2
1XB4DavnNeGJs36vQESL6MKW7M,13,6,7,3.85452042,5.45820284,0.64242007,0.77974326,1.39617837,0.21172237,13,13,5,6,0.48763418,11.70322042,7382.58333333,455.0,0.70618856,1.41605239,13,6,7
1XD7beEfYLd1eUxz8oyVriDeth,3,3,0,2.8935815,0.0,0.96452717,0.0,1.22660827,0.03636464,3,3,3,3,0.22722252,5.45334049,15843.5,12209.0,2893581499.9999995,0.0,3,3,0
1XD9cLAHraXijBdb4jB2zAg5iW,40,24,16,537.53071047,384.63349455,4.79938134,4.86877841,11.2839424,4.02189674,215,40,9,12,7.99453365,191.86880765,450.30769231,0.0,1.39751404,0.71555632,40,24,16
1XDyJ6pLaN4zrBkmWjQfhvzm2a,4,1,3,4.38609763,12.83634103,4.38609763,4.27878034,6.952154,3.3049934,4,4,2,2,0.72972973,17.51351351,4933.33333333,568.0,0.34169376,2.9265972,4,1,3
1XF6tfrC9ViRkq2WNmdabgXibT,21,18,3,270.14847397,51.77108075,3.65065505,17.25702692,20.25551939,9.5018233,78,21,9,8,3.29097724,78.9834537,1093.9,142.0,5.21813472,0.19163936,21,18,3
1XFw7PwcQ8qJdFtUwcruggkic2,7,2,5,1.19794838,3.88939919,0.59897419,0.77787984,1.30116631,0.10339584,7,7,2,3,0.25897107,6.21530567,13901.16666667,1526.0,0.30800345,3.24671685,7,2,5
1XGNxFvGwLz1RhB4w7TUDGJr48,8,4,4,19.47670898,15.47431519,4.86917724,3.8685788,7.09396921,4.32362833,8,8,4,4,1.85239635,44.4575125,1943.42857143,492.0,1.25864756,0.79450359,8,4,4
1XLfNKQ1aejkA4GZuvcw4UPDDh,9,5,4,2.4610807,2.67065864,0.49221614,0.66766466,1.39706261,0.20822346,9,9,3,6,0.28140664,6.75375942,12792.875,1689.0,0.92152575,1.08515687,9,5,4
1XMzPksnNfhBZmgYJbnWJ6k5nh,16,12,4,208.54832756,57.23659258,5.08654457,14.30914814,22.54031534,14.51528648,53,16,8,9,3.01810865,72.43460765,1192.8,72.0,3.64361885,0.27445242,16,12,4
1XNiEG8V49jwPzEGYfX1bR4Lzi,11,6,5,142.26213975,122.47248196,23.71035663,24.49449639,37.59883801,128.17764616,11,11,4,5,4.27299703,102.55192878,842.5,196.0,1.16158452,0.86089301,11,6,5
1XPLmQ9uVyfaqNCnL2pu8F9wmA,16,9,7,6.31092015,4.48274684,0.70121335,0.64039241,1.42009135,0.16007293,16,16,8,6,0.68271468,16.38515222,5273.06666667,1043.0,1.40782435,0.71031589,16,9,7
1XPX7VomVM5L3tn82wNi7ktBpG,5,2,3,2.06125037,2.31099584,1.03062518,0.77033195,1.36230717,0.10998942,5,5,2,3,0.32796593,7.87118227,10976.75,1204.0,0.89193167,1.12116212,5,2,3
1XSHVJWUpe8jpy6U6CC8tN3qGo,5,4,1,21.06797424,3.63751887,5.26699356,3.63751887,6.43973729,0.85915399,5,5,2,5,1.40776224,33.78629387,2557.25,1412.0,5.79185291,0.17265632,5,4,1
1XZgspwiGVfaYYjNBmiDgegUvv,6,6,0,36.96138918,0.0,6.16023153,0.0,10.92198203,7.31437834,1,6,1,1,2.48790601,59.7097443,1447.0,74.0,36961389179.99999,0.0,6,6,0
1XbmsBmUPmdRu1cszfD5ojegAM,7,6,1,1.96952298,1.02474334,0.32825383,1.02474334,1.02474334,0.10027288,7,7,4,4,0.22449955,5.38798927,16035.66666667,3442.0,1.92196709,0.52030027,7,6,1
1XeqhCgJdkqwUMyBEsgSYHkxed,11,6,5,21.33982102,19.95338407,3.55663684,3.99067681,7.59155934,4.83588763,11,11,6,5,3.23275862,77.5862069,1113.6,131.0,1.0694838,0.93503053,11,6,5
1XhmYHoKuf8oT1ygkESQgsP9y4,6,4,2,5.16230233,1.76756692,1.29057558,0.88378346,1.45052144,0.08459585,6,6,4,4,0.23134165,5.55219967,15561.4,2393.0,2.92056967,0.34239895,6,4,2
1Xhpjj5khbteLg4zNbr1XWZzXd,6,4,2,4.25826081,0.76408666,1.0645652,0.38204333,1.23701405,0.1223478,6,6,4,5,0.22320598,5.35694357,16128.6,1165.0,5.57300766,0.17943632,6,4,2
1XkBfPpKQarNZFNmTzuxGkfecq,16,13,3,178.3074689,25.18854664,3.56614938,8.39618221,12.10997776,6.21703845,57,16,6,10,2.55681818,61.36363636,1408.0,50.0,7.07891056,0.14126467,16,13,3
1Xm7U67QaRUtaU86ddXuvRVPep,14,9,5,111.14013608,50.34661543,3.00378746,10.06932309,15.61113451,13.79438427,51,14,7,8,2.1730046,52.15211032,1656.69230769,461.0,2.20749965,0.4530012,14,9,5
1XmcUYdSddfdEja7di8yzhdKcu,7,5,2,84.57762841,17.26508032,16.91552568,8.63254016,24.25990056,36.43531865,7,6,6,6,2.47309366,59.35424777,1455.66666667,274.0,4.89876831,0.20413294,7,5,2
1XoxaLrMArx7uak9Eo3WRnxa81,10,8,2,4.99158716,1.05572835,0.62394839,0.52786417,1.49708909,0.18401066,10,10,5,7,0.39933936,9.58414475,9014.88888889,864.0,4.72809806,0.21150154,10,8,2
1Xr8Tvo6gsoZAXDtLtb6Ezror5,8,3,5,1.74272617,3.14447326,0.58090872,0.62889465,0.88590369,0.06177295,8,8,4,4,0.30976497,7.43435933,11621.71428571,1511.0,0.55421879,1.80434156,8,3,5
1XsXXWpq88yqZK9M9moXiZRD1r,19,12,7,175.36655436,117.83780869,3.50733109,16.83397267,24.63826023,23.0484354,70,19,6,8,2.90922151,69.82131633,1237.44444444,0.0,1.48820278,0.67195144,19,12,7
1XwnBt7zkZjsZWjWt5koUde7RM,2,2,0,13.13678519,0.0,6.5683926,0.0,7.70677068,1.29590466,1,2,1,1,1.86431901,44.74365614,1931.0,1931.0,13136785190.0,0.0,2,2,0
1Xx3o5V2GTD3ygLtJAEZiT4C3t,14,11,3,129.19890923,52.7593941,2.93633885,17.5864647,22.09997982,15.553419,50,14,7,7,2.0095324,48.22877753,1791.46153846,16.0,2.44883232,0.40835789,14,11,3
1XxaN5eqR61ThJTCcWndq9DCvR,7,6,1,4.8054962,0.93903474,0.80091603,0.93903474,1.47201217,0.28395431,7,7,5,6,0.37929339,9.10304137,9491.33333333,3072.0,5.117485,0.19540849,7,6,1
1Y3CG8cfUXC3v8CgPf2zwG7jrW,8,4,4,20.14500654,14.13993454,5.03625164,3.53498363,6.77279968,3.7302604,8,8,4,4,1.75426384,42.10233206,2052.14285714,374.0,1.42468881,0.70190767,8,4,4
1Y4ZAdA94eAuM6qmEg21CemP35,19,10,9,191.32301757,184.79080497,3.75143172,4.5070928,7.96763757,3.0607556,124,19,8,11,4.18794028,100.51056679,859.61111111,101.0,1.03534923,0.96585768,19,10,9
1Y7AbrUEgi7VnH7355doHrV2zY,10,6,4,7.09726993,2.0496299,1.18287832,0.51240748,1.47990912,0.288974,10,10,5,7,0.36710969,8.81063258,9806.33333333,336.0,3.46270804,0.28879131,10,6,4
1Y8d6dTedDEQGk3Eh5GqcXcE3M,4,0,4,0.0,18.92737219,0.0,4.73184305,6.83110165,4.15881009,4,4,1,1,0.69301848,16.63244353,5194.66666667,68.0,0.0,18927372190.0,4,0,4
1YAkXSQDt5KuQ8mhDJ7Yhu44NK,8,2,6,12.44623293,28.6332391,6.22311647,4.77220652,7.9146215,4.94277531,8,8,3,2,1.91766228,46.02389468,1877.28571429,306.0,0.43467778,2.30055465,8,2,6
1YBEncWP2bBrXSan6jWCsCzPXW,10,6,4,3.42139651,2.74136183,0.57023275,0.68534046,1.18216525,0.13329593,10,10,6,6,0.31716199,7.6118877,11350.66666667,591.0,1.24806455,0.80124061,10,6,4
1YBu1ohc8kjxKVAhDWEPTK2WaF,12,9,3,117.31013603,45.64901114,3.08710884,15.21633705,20.05131187,13.80360066,50,12,7,8,2.05500778,49.32018682,1751.81818182,114.0,2.56982864,0.38913101,12,9,3
1YD5E6wgrtWzKdG8GM9nspYkUt,6,2,4,50.30524559,116.08296678,25.15262279,29.02074169,38.11024214,74.77177805,6,6,2,3,1.62440213,38.98565111,2216.2,13.0,0.43335596,2.30757181,6,2,4
1YDVAaCiRzPfzvDjEmZ3K7ng5X,7,5,2,10.48313648,11.88034732,2.0966273,5.94017366,7.91255361,5.04229116,7,7,4,4,1.55585968,37.34063243,2313.83333333,789.0,0.8823931,1.13328176,7,5,2
1YERMH9zSCK7WbHCe4hCjdmrAF,8,6,2,4.48849137,0.66246603,0.74808189,0.33123302,1.49462988,0.12458574,8,8,5,4,0.28489706,6.83752954,12636.14285714,356.0,6.77542873,0.14759214,8,6,2
1YF4fbN2FuKvHRnP5xxBK5bdGw,8,6,2,5.58558095,0.77956745,0.93093016,0.38978373,1.48172669,0.24240879,8,8,6,4,0.45720091,10.97282195,7874.0,521.0,7.16497456,0.13956784,8,6,2
1YG1ywNkDe2w3GqJhoqhECpgBy,34,19,15,397.33034976,317.44306223,4.36626758,4.88373942,7.97831518,2.53710049,190,34,8,11,7.03166617,168.75998816,511.96969697,3.0,1.25165863,0.79893988,34,19,15
1YJ3jUBH9R84nGGAJcmXYDRP7a,8,4,4,88.7355702,113.0593593,22.18389255,28.26483982,37.77548715,81.15547327,8,8,4,4,3.52595495,84.62291871,1021.0,192.0,0.78485824,1.27411543,8,4,4
1YJic4cLDYi6nLvreBTAXFhQ1i,3,3,0,29.43082888,0.0,9.81027629,0.0,10.58906403,0.62361655,1,3,1,1,0.94438615,22.66526758,3812.0,3084.0,29430828880.0,0.0,3,3,0
1YLUg88Wh4znmcV19XAbCz3wH4,10,6,4,30.61966982,15.18347719,5.1032783,3.7958693,7.91785257,5.9171614,10,10,6,6,2.07253886,49.74093264,1737.0,478.0,2.01664411,0.49587332,10,6,4
1YMMDea5uyxbbgk3vVpEWZ5Pe5,19,12,7,143.79388082,97.74832082,3.34404374,13.96404583,22.05762991,22.90446024,60,18,6,6,2.94599018,70.70376432,1222.0,0.0,1.47106241,0.67978081,19,12,7
1YMWZgTxasoxFDNPmV1tYVGp7r,17,14,3,154.0904493,48.79989994,3.34979238,16.26663331,19.78887292,14.5139361,51,17,7,9,2.72314675,65.35552194,1322.0,94.0,3.15759765,0.31669646,17,14,3
1YQZ7iTS3AszarHhh8rDTBGEpp,24,22,2,235.51005698,40.12475757,2.83747057,20.06237878,21.86106256,13.66227844,86,23,9,10,3.79572751,91.09746035,948.43478261,36.0,5.86944498,0.17037386,24,22,2
1YTbBBMq7pk9uWjCSV1ZSwTntR,21,13,8,217.02099727,73.99737424,4.42899994,9.24967178,20.76882734,14.80986969,74,21,6,8,3.37600225,81.02405402,1066.35,65.0,2.93282025,0.34096873,21,13,8
1YUPNHVS5V9VPXFNMLc7KW7CRT,9,6,3,22.73323778,14.81086914,3.78887296,4.93695638,7.38453415,3.50516688,9,9,6,6,1.94818372,46.75640939,1847.875,371.0,1.53490235,0.65150725,9,6,3
1YUTnUN4PCjXizqT592sdBc6um,13,11,2,130.83536633,18.85567109,2.7837312,9.42783555,12.84859478,6.34261376,52,13,7,8,2.3222061,55.7329463,1550.25,60.0,6.93878068,0.14411754,13,11,2
1YVM8Ypi27ST3cc1u6sfghLyZc,13,8,5,7.08840929,4.10859674,0.88605116,0.82171935,1.49266308,0.27464144,13,13,6,7,0.4359673,10.46321526,8257.5,265.0,1.72526284,0.57962183,13,8,5
1YauPBA86QocV6cJMBEQujJpzC,23,16,7,236.55587068,79.47441561,3.75485509,11.35348794,20.02231392,11.53415136,74,22,8,9,3.57384595,85.77230269,1007.31818182,13.0,2.97650343,0.33596467,23,16,7
1Yiad2BwWUHQ8D1kr4Mhs4zw8z,1,1,0,1.61587263,0.0,1.61587263,0.0,1.61587263,0.0,1,1,1,1,0.0,0.0,0.0,0.0,1615872629.9999998,0.0,1,1,0
1YijSUr4LUHph8fttVZQrXnNwb,10,5,5,4.06112063,4.43297455,0.81222413,0.88659491,1.47378055,0.23189095,10,10,3,6,0.29340119,7.04162856,12269.88888889,1887.0,0.91611639,1.09156436,10,5,5
1YjcDtkYTNd5yNzEa9377rJjx2,19,16,3,210.34139421,38.46922001,3.00487706,12.82307334,17.65918851,6.84649181,75,18,7,8,2.90010741,69.60257787,1241.33333333,63.0,5.46778422,0.18288944,19,16,3
1YtUptLzkf9Pj7vQZDYVyRXJdf,13,6,7,2.82249494,5.7542473,0.47041582,0.82203533,1.22742405,0.13821317,13,12,7,6,0.4624426,11.09862231,7784.75,1165.0,0.49050637,2.03870952,13,6,7
1YwUisNdw7za3FEzxmydXJ35kJ,9,3,6,2.76119204,2.88115913,0.92039735,0.48019319,1.33365032,0.13742972,9,9,2,3,0.35279418,8.46706029,10204.25,2911.0,0.95836152,1.04344757,9,3,6
1Ywmk7xF9LpVruMJoTfi6DVEuT,10,4,6,4.92843097,4.99062869,1.23210774,0.83177145,1.4316743,0.13793093,10,10,5,5,0.47195234,11.32685613,7627.88888889,1771.0,0.9875371,1.01262019,10,4,6
1YyaQd9mgJNZFT5bktZmDVKLby,43,23,20,527.85908078,476.28827713,4.97980265,4.53607883,10.63393009,3.74089865,235,41,9,11,9.21164859,221.07956622,390.80952381,10.0,1.10827645,0.90230195,43,23,20
1Z2kNA4Ecuiib7meEVvoUZLr7b,20,16,4,207.20557527,32.63961707,3.23758711,8.15990427,10.39316263,5.66193304,70,20,6,8,3.50338045,84.08113092,1027.57894737,43.0,6.3482845,0.15752287,20,16,4
1Z3aUnVkvMp99T9Lfs6N9kagFB,2,0,2,0.0,36.83979618,0.0,18.41989809,21.13493189,7.37140854,2,2,1,1,1.37772675,33.06544202,2613.0,2613.0,0.0,36839796180.0,2,0,2
1Z5iGBTwMeZJN1DDkYg4nCjjfJ,9,5,4,19.79545334,17.43626067,3.95909067,4.35906517,7.20329261,2.53259088,9,9,5,6,2.41367751,57.92826014,1491.5,274.0,1.13530382,0.88082149,9,5,4
1Z682P19nxt9bnfB3XriKkhNeP,9,4,5,16.29488039,20.91737114,4.0737201,4.18347423,7.31020084,4.40642589,9,9,5,5,1.98019802,47.52475248,1818.0,412.0,0.77901187,1.28367749,9,4,5
1Z6TNy4THSD1ku4PnsfFvVWWPS,5,4,1,1.60105066,0.65179339,0.40026267,0.65179339,0.78193112,0.09206352,5,5,5,3,0.20247754,4.8594609,17779.75,3892.0,2.45637756,0.40710354,5,4,1
1Z7qif29EB17RP7facf1Sp2vf8,31,15,16,355.01179186,356.67599426,4.73349056,5.02360555,9.7287495,4.12149837,192,30,8,12,6.43048526,154.33164632,559.83333333,31.0,0.99533413,1.00468774,31,15,16
1Z8o4vQHhZP84qi8VLdp1WNGtp,10,5,5,2.55108336,4.70742415,0.51021667,0.94148483,1.37279145,0.19940296,10,10,4,4,0.52052374,12.49256968,6916.11111111,2320.0,0.54192766,1.84526473,10,5,5
1ZAvU6FuVyP2T4SZQGR6QF2M7v,9,5,4,6.76913407,2.93401775,1.35382681,0.73350444,1.45455462,0.17571752,9,9,4,6,0.39782852,9.54788446,9049.125,5627.0,2.30712104,0.43344063,9,5,4
1ZB8FdaTMJUCAnw1B5BDpoYkpA,16,12,4,152.43199558,47.05831827,3.04863991,11.76457957,20.63162919,8.40215211,63,16,7,7,4.17568822,100.21651717,862.13333333,36.0,3.23921468,0.3087168,16,12,4
1ZEusNKkrqNqsWKdZanhFgUyaD,4,1,3,28.1943133,68.91186578,28.1943133,22.97062193,36.29930776,74.81282511,4,4,2,2,2.13438735,51.22529644,1686.66666667,971.0,0.40913583,2.44417607,4,1,3
1ZHa8ZsiVSB1eg4UdF6fvUG2sw,17,12,5,155.98752063,65.68889328,2.99976001,13.13777866,21.13287917,15.16242023,64,17,8,7,2.922671,70.14410392,1231.75,0.0,2.37464072,0.42111634,17,12,5
1ZJaz2YMzB4iGmLHVUN3JpqjWj,7,2,5,2.31585181,4.23033127,1.1579259,0.84606625,1.46604349,0.19587513,7,7,3,2,0.56596358,13.5831259,6360.83333333,201.0,0.54743982,1.82668479,7,2,5
1ZL5oXqaWS1AZYLf1XBTmkHaZ5,49,22,27,467.65409867,606.12384711,4.37059905,4.73534256,8.89415244,3.46433378,226,47,9,12,10.17248484,244.13963619,353.89583333,0.0,0.77154875,1.29609438,49,22,27
1ZMyHQtqJ43kUHLiQKiWNpAxDw,9,3,6,2.56930528,3.40858658,0.85643509,0.56809776,1.38567113,0.21512146,9,9,4,4,0.45456698,10.90960746,7919.625,1448.0,0.75377439,1.3266569,9,3,6
1ZS9rwayd2CDyvDv4G3W4QnDJQ,9,6,3,4.90156565,2.12114294,0.81692761,0.70704765,1.48862252,0.25078568,9,9,6,6,0.34472853,8.27348463,10443.0,1923.0,2.31081346,0.43274804,9,6,3
1ZVS48LSXCuGvwbHugkVwjg8UA,7,6,1,4.20688437,1.26634359,0.7011474,1.26634359,1.28806028,0.15169089,7,7,6,4,0.3083864,7.40127352,11673.66666667,5720.0,3.32207183,0.30101697,7,6,1
1ZYrpVy6RgKWhAxBhtNThgdSw5,10,6,4,3.39405676,2.42720956,0.56567613,0.60680239,0.96729881,0.04865922,10,10,4,5,0.37983587,9.11606096,9477.77777778,234.0,1.39833693,0.71513523,10,6,4
1ZcX3xwX5PNDLZB17ApncJ42ZE,11,8,3,5.36508638,2.23028844,0.6706358,0.74342948,1.4752391,0.17496095,11,11,4,8,0.51423429,12.34162298,7000.7,316.0,2.40555718,0.41570411,11,8,3
1ZdzatdkgA8qVCBEtD93U6kUDu,6,2,4,1.06716233,3.61510225,0.53358116,0.90377556,1.38616704,0.17259372,6,6,3,3,0.25430194,6.10324659,14156.4,1853.0,0.29519561,3.3875842,6,2,4
1Zire5mSurSYVk2gxkQA5ZvNkZ,30,16,14,362.39389624,264.60944288,4.70641424,4.48490581,11.25869622,3.87041502,180,30,9,11,6.46639827,155.19355838,556.72413793,1.0,1.36954257,0.7301708,30,16,14
1Zn83KM4y9LEnWES5zNmssaYER,22,19,3,233.3496478,27.65351155,3.03051491,9.21783718,14.63757943,4.87556732,84,22,7,11,3.65712074,87.77089783,984.38095238,22.0,8.43833693,0.11850676,22,19,3
1ZnqhtFGJtM5CfaAfipHPJq6ZE,37,22,15,450.64592387,277.3538724,3.98801703,4.40244242,11.33478785,3.07466149,218,36,9,11,7.32286134,175.74867217,491.61111111,23.0,1.62480487,0.61545852,37,22,15
1ZpacemdFVQSWrkemZAP2X7KT6,8,3,5,1.37454135,4.80619239,0.45818045,0.96123848,1.48483741,0.14543908,8,8,3,4,0.32727698,7.85464746,10999.85714286,1630.0,0.28599383,3.49657898,8,3,5
1Zr1GEmySLf4ZutKsyjYKd6h6U,5,5,0,34.92766429,0.0,6.98553286,0.0,11.88404202,11.00834334,1,5,1,1,2.67062315,64.09495549,1348.0,317.0,34927664290.0,0.0,5,5,0
1ZsAzSko5niqRH8V21NDxY5iaU,10,3,7,12.04557034,21.85827497,4.01519011,3.12261071,6.17496155,3.04627805,10,10,3,4,2.76662966,66.39911195,1301.22222222,206.0,0.55107598,1.8146318,10,3,7
1ZwTrcoxaz11CEu2t2e7NrT8c9,7,3,4,0.33200455,2.58684958,0.11066818,0.64671239,0.96541584,0.11539605,7,7,3,4,0.34972961,8.39351057,10293.66666667,4425.0,0.1283432,7.79160882,7,3,4
1ZyvTA1F2FURAPiKFykRkynuz8,7,5,2,1.86919689,2.06514285,0.37383938,1.03257142,1.38462416,0.17417163,7,6,3,5,0.38038884,9.12933221,9464.0,2753.0,0.90511748,1.10482896,7,5,2
1a3Snmjs1nGqTGBFkQp8cMxBAf,39,17,22,312.4948115,502.49320064,4.05837418,4.83166539,8.32272644,3.47243645,215,39,9,12,8.56928088,205.66274117,420.10526316,5.0,0.62188864,1.60800494,39,17,22
1a4giJ6Khf5wpM4WTrCxhaDxeV,5,2,3,1.46237455,2.94317539,0.73118728,0.98105846,1.43316873,0.16400363,5,5,3,2,0.38372372,9.20936925,9381.75,4582.0,0.49686966,2.01260025,5,2,3
1aDyUBvUHmLZbjyReLoTqyox67,13,5,8,2.55569833,7.72521889,0.51113967,0.96565236,1.42501458,0.18501849,13,13,4,6,0.47616948,11.42806755,7560.33333333,106.0,0.33082536,3.02274286,13,5,8
1aGi8JSQ1vs2FdHrhzQxvQZnko,32,17,15,369.44987284,347.99969529,4.67658067,4.70269858,11.14614274,4.51823833,189,32,9,11,6.40018352,153.60440443,562.48387097,34.0,1.0616385,0.94194022,32,17,15
1aHRFaSPuxPYsXyf1Zy9VBF5Zi,11,4,7,3.83892137,7.68711296,0.95973034,1.09815899,1.40467906,0.17394301,11,11,4,5,0.67978398,16.31481551,5295.8,308.0,0.49939703,2.0024148,11,4,7
1aHZMBcKTYV4FsYZHUVgY4o1ci,5,1,4,6.94520344,21.5064272,6.94520344,5.3766068,6.94520344,0.93529048,5,5,2,2,2.65388868,63.69332842,1356.5,234.0,0.32293618,3.09658707,5,1,4
1aJ1og6DJ5hYZ51g1Y8dQXi7jL,10,7,3,147.56663012,39.22949923,21.08094716,13.07649974,39.51122682,127.37640133,9,9,4,7,3.85714286,92.57142857,933.33333333,96.0,3.76162411,0.26584262,10,7,3
1aKoemM6xxTNXu4zVeKDAx7naF,7,4,3,15.89571223,16.71582146,3.97392806,5.57194049,7.3588859,7.14085371,7,7,3,5,2.00687541,48.16500976,1793.83333333,38.0,0.95093814,1.05159311,7,4,3
1aMpgZvJHJy3ccjdzMpeE2DCh3,6,2,4,7.93198429,8.97248488,3.96599214,2.24312122,7.20586633,5.78612374,6,6,3,3,1.26032769,30.24786444,2856.4,136.0,0.88403429,1.13117784,6,2,4
1aNJ3V14cHq6Ndn69KATdpMXyM,11,2,9,9.87475944,36.85560979,4.93737972,4.09506775,7.85564887,5.89285221,11,11,2,3,2.39345788,57.44298916,1504.1,47.0,0.26793097,3.73230457,11,2,9
1aPneXE49rWFphju9BcPutV2Ln,8,2,6,13.06568151,17.9117981,6.53284076,2.98529968,7.84405015,7.18831826,8,8,3,2,1.6740849,40.1780376,2150.42857143,80.0,0.72944556,1.37090423,8,2,6
1aRteXJk9m7iworVpxtERtaFbQ,12,6,6,24.04302514,18.55785399,4.00717086,3.09297567,7.68108459,4.92857506,12,12,7,6,2.48868778,59.72850679,1446.54545455,126.0,1.29557141,0.77186019,12,6,6
1aUrWukY8FnEDxusJKpYR9UwEf,3,1,2,0.72372676,0.90627011,0.72372676,0.45313506,0.72372676,0.05035843,3,3,2,2,0.29589446,7.10146714,12166.5,5064.0,0.79857732,1.25222689,3,1,2
1aXMnqpm2SzXYR7i3UqhoQueB1,17,14,3,245.60156752,49.33652136,4.09335946,16.44550712,24.41884167,12.78687303,66,17,6,9,2.43232972,58.37591318,1480.0625,29.0,4.97808846,0.20088032,17,14,3
1aYg9jxm54xyJST9xWMip2r7PB,22,15,7,189.22338121,67.83334216,3.05199002,9.69047745,16.33066637,8.61929465,83,22,8,10,3.94510254,94.68246099,912.52380952,28.0,2.78953351,0.35848288,22,15,7
1aZjGVghFfibNzhdFq4rczAsCs,28,12,16,255.0393341,350.73421431,4.18097269,4.80457828,7.80115972,2.8641682,180,27,8,12,5.71495767,137.15898401,629.92592593,18.0,0.72715841,1.37521616,28,12,16
1aaPaVtLZpfkkPzixQV8G8thgb,4,4,0,28.7735297,0.0,7.19338242,0.0,10.87289914,5.38443921,1,4,1,1,2.3715415,56.91699605,1518.0,502.0,28773529699.999996,0.0,4,4,0
1acr8e9XYccoqN8gt3svhMGLbu,7,2,5,1.28070537,3.34093521,0.64035268,0.66818704,1.46587852,0.20268346,7,7,3,2,0.25343784,6.0825081,14204.66666667,4386.0,0.38333739,2.60866807,7,2,5
1adyaZbPik263QQsqcDf667QvE,8,2,6,9.93422513,18.85194042,4.96711256,3.14199007,7.24059157,3.83545808,8,8,2,3,1.62959131,39.11019141,2209.14285714,412.0,0.52696035,1.89767598,8,2,6
1ahZqoTnnqUqteFB3Ytvsqn3dy,4,2,2,10.61474461,13.96769583,5.30737231,6.98384792,7.97341408,1.22668277,4,4,2,3,0.79376746,19.05041893,4535.33333333,857.0,0.75994958,1.31587677,4,2,2
1ajveraHYy6Gf8rtMNvepRtppG,5,3,2,2.94351646,1.87004223,0.98117215,0.93502111,1.42680626,0.08247986,5,5,4,4,0.22217079,5.33209905,16203.75,8145.0,1.57403743,0.63530891,5,3,2
1aqGz4twttfSjMk9o2iYKHTSRp,2,0,2,0.0,2.02239102,0.0,1.01119551,1.29844283,0.08251102,2,2,1,1,0.07964954,1.91158901,45198.0,45198.0,0.0,2022391019.9999995,2,0,2
1arXaUFd6L8bmGMe3pozgKg4kK,47,26,21,557.93024687,536.06502019,4.49943747,5.15447135,10.75508196,4.30375313,246,47,9,12,10.02178649,240.52287582,359.2173913,6.0,1.04078839,0.96081011,47,26,21
1ariNjdXJVVUPRrMez3X2QMLog,13,9,4,131.2749402,80.50512182,4.10234188,20.12628045,23.96059428,30.69129611,41,13,6,7,1.9828338,47.5880112,1815.58333333,101.0,1.63064085,0.61325583,13,9,4
1arjpL2dqLhzEMDDKJbMrVj8JA,13,2,11,0.46381795,9.66881151,0.23190897,0.87898286,1.48918361,0.26182526,13,13,3,3,0.51748302,12.41959248,6956.75,1671.0,0.04797052,20.8461348,13,2,11
1asNhkNp8d2Ao3L5wriz5MnLbZ,9,3,6,14.61858603,27.94639749,4.87286201,4.65773291,7.78418543,3.40031751,9,9,4,4,1.98991225,47.75789401,1809.125,219.0,0.52309376,1.91170319,9,3,6
1auPTVphkAtZQp3B6yyPMoywsi,15,12,3,160.90743612,23.35653257,3.42356247,7.78551086,14.15085957,5.07717188,55,14,7,7,2.62623105,63.0295451,1370.78571429,100.0,6.88918339,0.14515509,15,12,3
1augSe71ZjvvQciffKLk7X5NJh,6,3,3,1.97056388,3.64246526,0.65685463,1.21415509,1.49405823,0.28058299,6,6,4,4,0.30884321,7.41223705,11656.4,309.0,0.5409973,1.84843805,6,3,3
1axU1KtVRkMak37bhPwUgiwJNJ,5,2,3,0.63286643,1.11787142,0.31643321,0.37262381,0.58029132,0.01634789,5,5,3,3,0.29043384,6.97041205,12395.25,1007.0,0.56613526,1.76636233,5,2,3
1azmQhb7TX3JUcmU556HyjPXSZ,7,3,4,3.83523067,2.78724896,1.27841022,0.69681224,1.47822884,0.18706034,7,7,4,3,0.29548968,7.09175228,12183.16666667,296.0,1.37599143,0.72674871,7,3,4
1b6PR2wNwKBX4WfrwezQuenyLt,19,11,8,140.09408493,66.04373423,3.25800198,8.25546678,19.87897119,12.4964099,62,19,8,9,3.24389267,77.85342411,1109.77777778,71.0,2.12123204,0.47142415,19,11,8
1b81iPhfQM6nycHo9TzgKM4hu1,5,3,2,2.39777193,1.60748879,0.79925731,0.8037444,1.27147617,0.19078559,5,5,2,3,0.14439275,3.46542596,24932.0,7240.0,1.49162591,0.67040938,5,3,2
1bAMkRz3m8fgpe8rupU9HxUfLh,6,5,1,27.22642012,5.58827559,5.44528402,5.58827559,7.63286017,1.740396,6,6,4,6,1.2131015,29.11443591,2967.6,203.0,4.8720611,0.20525194,6,5,1
1bDNDkNHLpurkwJDnf9wqnpbH1,9,6,3,5.50868887,1.75501925,0.91811481,0.58500642,1.47558752,0.19146724,9,9,5,5,0.37873309,9.08959405,9505.375,1924.0,3.13881963,0.3185911,9,6,3
1bEEbaqHcXgoAmmj2Rezja3HB4,10,2,8,1.84592837,5.22913727,0.92296419,0.65364216,1.48281067,0.14649691,10,10,3,3,0.39740948,9.53782749,9058.66666667,321.0,0.35300821,2.83279533,10,2,8
1bETc6qSctkB8K3VFXD4akW6Jq,3,3,0,13.26240471,0.0,4.42080157,0.0,9.49459983,12.87624225,1,3,1,1,0.74992188,17.9981252,4800.5,3529.0,13262404710.0,0.0,3,3,0
1bJCKPT2VMLh3f8Po3bpSGC6b7,9,2,7,1.27714743,4.72205282,0.63857372,0.67457897,1.27277254,0.09501597,9,9,3,3,0.47377772,11.37066526,7598.5,1275.0,0.27046445,3.69734356,9,2,7
1bZr1bKCYL2RBZBZMs1VBPMFC1,5,5,0,32.79991117,0.0,6.55998223,0.0,11.22675862,10.55469123,1,5,1,1,1.85854414,44.60505937,1937.0,784.0,32799911170.0,0.0,5,5,0
1bcQ4yEKyCDvTBjp93wGDLWKCH,13,10,3,115.64995386,34.4506958,3.21249872,11.48356527,16.8646426,8.8839535,44,11,7,6,1.94673516,46.72164391,1849.25,78.0,3.35697005,0.29788767,13,10,3
1bgn7x4Mj1KkqMfqRhw7giVziJ,43,21,22,448.0347836,503.23282354,4.61891529,4.88575557,8.53102745,3.29616527,232,43,9,12,9.19148936,220.59574468,391.66666667,5.0,0.89031312,1.12320035,43,21,22
1bigpk185C4qDqSYCgki5pSgth,26,15,11,297.64837897,234.92612504,3.86556336,4.79441072,9.28941524,3.31146081,156,26,8,10,6.59388966,158.25335189,545.96,3.0,1.26698714,0.78927399,26,15,11
1bjkBHjGN4ievYd7nFNFqBfMR8,27,11,16,210.37866527,388.72677414,4.12507187,4.68345511,9.59872119,3.68933581,169,27,9,10,5.78170363,138.76088702,622.65384615,0.0,0.54119932,1.84774808,27,11,16
1brwGLeBnyRDcerzhubYiiJgMP,40,19,21,421.59448564,464.70483494,4.90226146,4.89162984,7.87690463,3.07758671,216,38,9,12,8.43851424,202.52434187,426.61538462,0.0,0.90723068,1.10225549,40,19,21
1bs1CgMPjgedYWrFoWsdDfvPYw,9,5,4,19.233246,16.90465895,3.8466492,4.22616474,6.6266223,2.57044074,9,9,3,5,2.2891662,54.93998887,1572.625,280.0,1.13774824,0.87892907,9,5,4
1bw7TWDGVHR7v9w6jMvXQUooqx,15,10,5,144.54440851,66.31485833,3.52547338,13.26297167,21.51237655,14.68935198,59,15,5,7,2.49591443,59.90194622,1442.35714286,8.0,2.17966851,0.45878536,15,10,5
1c2hc8ncfRPhPaEKyvwKqNSSBx,17,11,6,143.34331123,85.33479469,2.98631898,14.22246578,23.65180732,21.12411665,72,17,7,7,3.00312826,72.07507821,1198.75,1.0,1.67977566,0.59531759,17,11,6
1c79kngKhiNVS5ppG3wJxrdLcK,6,2,4,3.7872973,17.58103328,1.89364865,4.39525832,7.82178372,8.7359428,6,6,3,3,1.60556596,38.53358309,2242.2,1089.0,0.21541949,4.64210541,6,2,4
1cF821nvSsKGEkACrqUhorA9YV,20,19,1,214.33512243,9.51319548,3.01880454,9.51319548,9.51319548,3.9378352,70,20,8,8,3.27806,78.67344005,1098.21052632,44.0,22.5302973,0.04438468,20,19,1
1cFeF15nh4F5z3xN5ZGJjYEb9o,7,5,2,3.63875681,0.62832461,0.72775136,0.3141623,1.41824634,0.17457476,7,7,6,6,0.29139966,6.99359191,12354.16666667,463.0,5.7912053,0.17267563,7,5,2
1cGw8W9tWjacfMqzVguozZUvcV,12,6,6,4.69497273,3.04511518,0.78249545,0.5075192,1.28716136,0.15711036,12,12,4,5,0.43433435,10.42402439,8288.54545455,2027.0,1.54180465,0.6485906,12,6,6
1cHkZExUrqa8UVBDbSUNjT3SXX,3,3,0,19.49630796,0.0,6.49876932,0.0,8.30371996,1.95617723,1,3,1,1,0.80998988,19.439757,4444.5,2590.0,19496307960.0,0.0,3,3,0
1cQcPoNpC251k8hmzmtkQkLLrL,36,15,21,315.39548116,455.55396726,4.2621011,4.55553967,7.94390775,2.6427001,193,35,9,11,7.43757747,178.50185939,484.02857143,24.0,0.69233396,1.44438965,36,15,21
1cRfAZeXzCtZJNyLx4j7Z9BoqX,8,3,5,3.31009672,2.96114921,1.10336557,0.59222984,1.47869638,0.23235968,8,8,4,3,0.28770408,6.90489782,12512.85714286,3418.0,1.11784192,0.89458087,8,3,5
1cTxQv4SWforeTJxN57Qei1Mg9,34,15,19,285.18552125,418.26048769,4.07407887,4.69955604,7.88377167,2.76778516,194,34,9,12,6.87698987,165.04775687,523.48484848,26.0,0.68183711,1.46662596,34,15,19
1cUSGBnpiRvRFH6UhGaqtgtmkJ,8,5,3,4.30732343,2.72612174,0.86146469,0.90870725,1.49088431,0.22032265,8,8,5,4,0.40101846,9.62444303,8977.14285714,1689.0,1.58001874,0.63290389,8,5,3
1cUveXZrCmeCou97RjffyMZyRT,11,5,6,3.46605727,4.39243702,0.69321145,0.73207284,1.43993649,0.15565906,11,11,5,6,0.43639008,10.47336202,8249.5,398.0,0.78909663,1.26727191,11,5,6
1cVtM839dEiB6cHwq368ZLQbBU,9,5,4,2.43671234,3.18325383,0.48734247,0.79581346,1.38772413,0.2122264,9,9,4,5,0.45080299,10.81927183,7985.75,558.0,0.76547849,1.30637243,9,5,4
1ccAGzBMiQmGsdwzbEMcLJT8Yo,5,3,2,1.75316156,0.80883645,0.58438719,0.40441823,0.98738566,0.10650731,5,5,4,3,0.20053197,4.8127672,17952.25,1034.0,2.16751058,0.46135876,5,3,2
1cffofKrm2wwjyLEafZDpSKi4s,6,4,2,2.63283231,0.97935527,0.65820808,0.48967763,1.28672506,0.16540868,6,6,4,4,0.24846435,5.96314445,14489.0,588.0,2.6883322,0.37197784,6,4,2
1cjBLYK5tK1W3EKue84YL1UPjv,3,2,1,1.96247411,1.34176478,0.98123706,1.34176478,1.34176478,0.04411292,3,3,3,3,0.27055464,6.49331129,13306.0,11991.0,1.46260666,0.68371082,3,2,1
1ckbdXXcwBZ4SHYeRgkPrKM42e,6,2,4,1.4662006,3.16815336,0.7331003,0.79203834,1.37540156,0.19925418,6,6,3,2,0.2410413,5.78499116,14935.2,1872.0,0.46279344,2.1607912,6,2,4
1cmPGj1HQQMtNeN49TEnNU1YYY,9,5,4,15.12874588,17.95102427,3.02574918,4.48775607,7.76765141,4.71184248,9,9,5,6,1.97368421,47.36842105,1824.0,1.0,0.84277898,1.18655072,9,5,4
1coumE7VAFqUyxhSY4Lnym5X61,10,3,7,16.7688213,29.43901983,5.5896071,4.20557426,7.3237099,4.77464067,10,10,4,4,2.10910038,50.61840906,1706.88888889,26.0,0.56961208,1.75558075,10,3,7
1csPZ1PPbp6opt7MzvVHJntgSj,18,12,6,167.58113546,106.14682747,3.72402523,17.69113791,23.98916404,33.14586165,61,18,8,7,3.03752233,72.90053603,1185.17647059,31.0,1.57876726,0.63340559,18,12,6
1csYbYMiGMWnXZcwpo67Um5R9q,5,3,2,2.4368471,1.40855841,0.81228237,0.7042792,1.38794832,0.15620853,5,5,2,3,0.22893118,5.49434826,15725.25,1133.0,1.73002914,0.57802494,5,3,2
1d5EL82EatdYMAzhvbX93egbUi,25,20,5,217.11816352,72.07302755,2.68047115,14.41460551,20.57858832,12.83596169,87,24,9,9,4.12765144,99.06363463,872.16666667,13.0,3.01247458,0.33195301,25,20,5
1d5vHssJUPLaH1413yK32KnTHw,3,3,0,25.33985042,0.0,8.44661681,0.0,10.51934526,4.3382213,1,3,1,1,1.49781569,35.94757645,2403.5,580.0,25339850419.999996,0.0,3,3,0
1d78qGQeknzfTuSnp3PisVwWdx,12,3,9,1.45530844,8.1028852,0.48510281,0.90032058,1.48992519,0.16771814,12,12,2,4,0.48887078,11.73289878,7363.90909091,248.0,0.17960373,5.56781296,12,3,9
1dA4BHCaSfdh2yoojuK6EVfXxX,8,2,6,1.97287284,4.19500369,0.98643642,0.69916728,1.44821981,0.22075333,8,8,3,2,0.26263405,6.30321727,13707.28571429,2375.0,0.47029109,2.12634266,8,2,6
1dC2hN7KTt2oWwzHPukPPGJVs4,6,5,1,4.02092602,0.62206445,0.8041852,0.62206445,1.3636945,0.13810816,6,6,5,5,0.36655399,8.79729565,9821.2,1321.0,6.46384152,0.15470676,6,5,1
1dCucEdm2MDW28pFiXnSmp2jWC,8,7,1,116.96778112,16.8860607,16.70968302,16.8860607,34.6950532,82.69295635,7,8,4,5,3.33774834,80.10596026,1078.57142857,79.0,6.92688385,0.14436506,8,7,1
1dD6zVQT2tYF1C7nmwVEWEGvfX,5,5,0,38.00605115,0.0,7.60121023,0.0,11.83749406,9.79328577,1,5,1,1,2.0307432,48.73783669,1772.75,667.0,38006051149.99999,0.0,5,5,0
1dG1riCcK4QA5ZP4MRx4cDp7d7,6,3,3,81.62540892,74.01387511,27.20846964,24.6712917,33.15887978,43.023755,6,6,4,3,5.21890403,125.25369672,689.8,116.0,1.10283928,0.90675044,6,3,3
1dMH2TFaMwTzW194pWh5rPDWcj,14,9,5,41.36904586,16.74204901,4.59656065,3.3484098,7.58878259,2.82417467,14,14,5,7,3.40512224,81.72293364,1057.23076923,122.0,2.47096672,0.40469991,14,9,5
1dSytPbxSxpDRw49rQGxRZYDAt,3,3,0,9.11833469,0.0,3.0394449,0.0,5.40077564,2.79717968,1,3,1,1,2.35063663,56.41527914,1531.5,1166.0,9118334689.999998,0.0,3,3,0
1dUwLR5AogFd4u2AzpxP79r8Eo,22,15,7,222.30152793,101.35571974,3.76782251,14.47938853,24.46909186,19.82110555,77,20,8,9,3.65499903,87.71997679,984.95238095,1.0,2.19328054,0.45593803,22,15,7
1dXSLyVQKkpPTNWAZdsWABRkdE,17,15,2,189.33661625,37.31305177,3.20909519,18.65652589,23.5235153,13.46391796,57,17,8,10,3.02616371,72.62792897,1189.625,129.0,5.07427314,0.19707256,17,15,2
1dZtSQQ4LeKrqsHLi3VUSDkLfr,30,28,2,385.42902748,43.96800644,3.74202939,21.98400322,23.21465305,12.39065949,96,30,8,12,4.99712809,119.9310741,720.4137931,14.0,8.7661247,0.11407549,30,28,2
1desqPpziRzghNPeqBhCYkVRwy,16,13,3,186.07753452,38.21685344,3.95909648,12.73895115,24.22653409,15.06858878,53,16,8,9,2.8364324,68.07437756,1269.2,30.0,4.8689915,0.20538134,16,13,3
1dfeGqfGvnwHJeVKFdyJyTH2aq,10,5,5,74.4557911,65.83986374,4.13643284,13.16797275,22.95999279,34.828958,35,10,4,3,1.69838025,40.76112596,2119.66666667,770.0,1.13086186,0.8842813,10,5,5
1dg4gp7qEhEHj6BGCc5B1TVmfX,5,3,2,3.00727921,0.79947549,1.0024264,0.39973775,1.42073121,0.24153456,5,5,3,4,0.18635711,4.47257056,19317.75,11482.0,3.76156524,0.26584678,5,3,2
1dh3xSHu7fgqRMcpK3AmdGWTHM,26,15,11,307.31611166,271.73379373,4.39023017,4.76725954,10.35495844,4.35106143,169,26,8,11,5.5731005,133.75441204,645.96,21.0,1.1309455,0.8842159,26,15,11
1dh4yUUhYpHXXih9q4n76jx4K1,4,4,0,32.57421732,0.0,8.14355433,0.0,11.20790255,4.7869721,1,4,1,1,1.11835974,26.84063374,3219.0,513.0,32574217320.0,0.0,4,4,0
1dmmuotwSaiNqhCVsuUZwC2d7c,10,4,6,67.70439422,115.93378997,16.92609855,19.32229833,33.73167776,83.9378722,10,10,4,5,4.74516696,113.88400703,758.66666667,293.0,0.5839919,1.71235252,10,4,6
1doha6XomfsnKUfwMHadgP9gdY,10,3,7,2.19248373,6.18142998,0.73082791,0.88306143,1.35505298,0.1279366,10,10,3,4,0.66388001,15.93312024,5422.66666667,298.0,0.35468876,2.81937325,10,3,7
1dp654pGuLeqjQuT56fmqfZdep,17,15,2,170.08882085,9.27507815,2.83481368,4.63753908,12.39937606,6.11036618,57,17,9,8,2.77724204,66.65380906,1296.25,120.0,18.33826283,0.05453079,17,15,2
1dsC2SjmJtKiu6r87jngYrDbc6,10,8,2,90.39311558,21.84712756,2.82478486,10.92356378,18.92427939,9.68084224,34,10,6,6,1.94828623,46.75886951,1847.77777778,32.0,4.13752862,0.24169017,10,8,2
1dsMzFc5RKfEaE7cJnfytxj5dz,8,5,3,2.66468467,2.38977041,0.53293693,0.79659014,1.22142744,0.09496072,8,8,5,3,0.72790295,17.46967071,4945.71428571,297.0,1.11503794,0.89683047,8,5,3
1dsc17yJCkSJYv54Ub2x5VWyyq,17,16,1,212.53845599,15.21575738,3.17221576,15.21575738,15.21575738,6.14692828,67,17,8,11,3.0800492,73.92118069,1168.8125,133.0,13.96831263,0.07159061,17,16,1
1dtyZTArbkeMx1g4nqPe8r5g5a,7,4,3,4.40390595,1.70592824,1.10097649,0.56864275,1.43999626,0.18132875,7,6,5,4,0.37756297,9.0615113,9534.83333333,2020.0,2.5815306,0.38736709,7,4,3
1dvm6dW686Co6CMeh2rBs1EhQW,10,6,4,6.68332026,1.80029108,1.11388671,0.45007277,1.46122876,0.23764608,10,10,6,4,0.30902761,7.41666269,11649.44444444,1114.0,3.71235537,0.26937076,10,6,4
1dyzRpHnsQttHUQQzGMbP5m9Mx,7,4,3,2.82505202,1.12363481,0.70626301,0.37454494,1.3962066,0.27304031,7,7,3,4,0.24943992,5.98655796,14432.33333333,3066.0,2.51420835,0.39773951,7,4,3
1e27fEtMZnrpZsenPERve3joAR,8,4,4,3.42683896,3.82171448,0.85670974,0.95542862,1.3484061,0.21535216,8,8,5,5,0.66894959,16.05479016,5381.57142857,1598.0,0.89667582,1.11523025,8,4,4
1e2q5s84VeYjW8H32piHeGbrc5,6,3,3,0.89459092,2.15876546,0.29819697,0.71958849,1.14863962,0.11744243,6,6,3,3,0.26365128,6.32763065,13654.4,1925.0,0.41439931,2.41313142,6,3,3
1e2yFtoFShWxoMheqoJrYf6v2u,40,23,17,522.00450134,382.57598889,4.78903212,4.84273404,11.87631885,4.29711553,216,36,9,11,8.68489422,208.43746134,414.51282051,26.0,1.36444658,0.73289787,40,23,17
1e63g1uDsBzSuY7JeKgva5vgK9,6,3,3,1.4360647,2.37488281,0.47868823,0.7916276,1.10517747,0.1069649,6,6,3,3,0.22404501,5.3770802,16068.2,4628.0,0.60468866,1.6537436,6,3,3
1e9p59HdwFyaosJDwk2mkbgHkc,11,4,7,3.29528542,5.09404644,0.82382135,0.72772092,1.49635622,0.24006931,11,11,4,4,0.36943917,8.8665401,9744.5,461.0,0.64688955,1.54585894,11,4,7
1eA7oEJCHd79taeirRNdrwefJt,10,4,6,4.15661214,5.4143257,1.03915304,0.90238762,1.45516608,0.15734581,10,10,4,3,0.357261,8.57426398,10076.66666667,388.0,0.76770634,1.30258141,10,4,6
1eD287oyANh15iZSvh3YJBdq2S,18,12,6,153.00601255,68.08555166,3.06012025,11.34759194,17.26158901,9.272747,63,17,6,8,2.80901455,67.4163492,1281.58823529,64.0,2.24726111,0.44498612,18,12,6
1eEQEz5j62y8oMZLQSVvFy6uFX,5,5,0,30.02260978,0.0,6.00452196,0.0,7.61207768,2.74790933,1,5,1,1,1.89473684,45.47368421,1900.0,497.0,30022609779.999996,0.0,5,5,0
1eFLbqd6cznq3o4Db5uHxRDH9n,26,17,9,224.79648058,134.28037927,3.68518821,14.92004214,22.18024908,23.27580313,88,26,8,10,4.26904468,102.45707238,843.28,101.0,1.67408285,0.597342,26,17,9
1eGhPXajCyLvFyKjYYshSfPbXK,8,6,2,6.79328303,2.69065332,1.13221384,1.34532666,1.49809483,0.08996914,8,8,6,6,0.33113018,7.94712429,10871.85714286,2046.0,2.52477084,0.39607555,8,6,2
1eH57zp2t3sykB3bdRYSp3L4sT,44,27,17,563.90631842,344.91408261,4.51125055,4.79047337,7.97982524,2.59857968,232,42,9,12,8.9355807,214.45393674,402.88372093,2.0,1.63491822,0.61165139,44,27,17
1eMGurTeaoAGrC3VBhLuZT7xk6,41,20,21,435.82413985,538.55475942,4.89690045,4.80852464,10.3482406,3.87812216,228,40,9,10,8.52373624,204.56966971,422.35,7.0,0.80924759,1.23571576,41,20,21
1eMKGVYiUU7ZD4matQZ447ombX,13,12,1,181.65366892,3.661445,3.86497168,3.661445,11.26742534,4.40261262,46,13,7,8,2.33551387,56.05233281,1541.41666667,633.0,49.6125625,0.02015619,13,12,1
1eMvks731Dor2WvqSC1QuuJNpe,11,5,6,4.06425492,5.04547101,0.81285098,0.84091183,1.37250399,0.16036698,11,11,6,4,0.39545664,9.49095942,9103.4,1408.0,0.80552537,1.24142582,11,5,6
1eQJB51RCfrxJi6dEzVNgs7e9C,24,21,3,322.95446985,29.37573504,4.3060596,9.79191168,18.2080188,7.57413123,78,24,7,10,3.80165289,91.23966942,946.95652174,36.0,10.99391962,0.09095937,24,21,3
1eSVD4xxevusAK1XL6hvDNdhkT,28,15,13,363.3509641,306.83521814,5.11761921,4.72054182,9.59872119,3.72453159,185,28,9,10,6.54898262,157.17558281,549.7037037,40.0,1.18418924,0.84445962,28,15,13
1eW9mRZ9y77dNUiirpfSLU2YVD,6,2,4,6.95341832,11.53818017,3.47670916,2.88454504,5.84914808,3.83966334,6,6,3,3,2.40963855,57.8313253,1494.0,13.0,0.60264428,1.65935366,6,2,4
1eWApN5CiExHEqGMFUWQkVkXYV,5,5,0,43.75019918,0.0,8.75003984,0.0,9.64656656,1.57997124,1,5,1,1,2.25457961,54.10991076,1596.75,35.0,43750199180.0,0.0,5,5,0
1eWobfjzjwhv5u9LabDhfxVz6W,22,16,6,222.85353817,62.61993456,3.59441191,10.43665576,18.02460259,7.92809315,80,22,8,9,3.43886463,82.53275109,1046.85714286,31.0,3.55882739,0.28099143,22,16,6
1eXHi23NTHDNyq49EcuoNqjy4G,5,2,3,1.44786586,1.42205807,0.72393293,0.47401936,1.22271396,0.21572677,5,5,2,3,0.60849356,14.60384534,5916.25,3048.0,1.0181482,0.98217529,5,2,3
1eXvWJ1oUpxGGMUeFzeAdz1T33,6,3,3,0.71245666,1.1349358,0.23748555,0.37831193,0.49683625,0.01985339,6,6,3,3,0.32786288,7.86870913,10980.2,6587.0,0.62775063,1.59298925,6,3,3
1ebduE1d1J14GYuxTPcLvpzjdj,8,5,3,82.68877098,55.51047774,16.5377542,18.50349258,29.49461396,60.65496937,8,7,5,6,2.64761505,63.54276108,1359.71428571,55.0,1.48960655,0.67131821,8,5,3
1ecEGjK4ZDoutDXZESwh8PvhdC,35,16,19,358.57095937,398.69499998,4.37281658,4.63598837,10.21735185,3.17531917,203,34,9,12,8.10381356,194.49152542,444.23529412,25.0,0.89936157,1.11189986,35,16,19
1ecUP7Pxg4BNWnbjKUJ4yaNhZs,24,17,7,233.37419881,90.12929088,3.64647186,12.87561298,20.13366709,15.69973635,81,24,7,9,3.44039556,82.5694935,1046.39130435,152.0,2.58932692,0.38620075,24,17,7
1eh7LGjv4awVYeWh9HWf9QmpHx,25,19,6,262.70649055,125.24443702,3.64870126,20.87407284,24.66549952,24.96631812,78,23,9,10,4.46673215,107.20157163,805.95833333,4.0,2.09755017,0.47674664,25,19,6
1ehu5PAuzbE66rdWYZdP7USPw4,27,15,12,308.2340366,247.51523367,4.40334338,4.95030467,10.45503653,3.81777662,156,26,9,11,6.57950232,157.90805567,547.15384615,5.0,1.2453134,0.80301071,27,15,12
1ek8ofyzRw8BtXSS91c3a9v2Gg,7,6,1,93.85996451,15.02396762,3.91083185,15.02396762,15.02396762,11.53465362,25,7,5,6,1.0837389,26.00973358,3321.83333333,784.0,6.2473487,0.1600679,7,6,1
1ekyzhuVtEQHssuK9PCJnmXYYX,9,2,7,6.11572158,48.29649098,3.05786079,6.89949871,7.83762602,4.47165295,9,9,3,3,1.89623387,45.50961285,1898.5,174.0,0.12662869,7.89710427,9,2,7
1emrdkYpdvbnJvfs5HfnZU3epg,16,14,2,228.47309859,36.18894985,4.6627163,18.09447493,18.91715856,15.82083317,55,16,8,9,2.69474525,64.67388592,1335.93333333,36.0,6.31333873,0.1583948,16,14,2
1euBA3Pxuzw8EQSGwovdpjWtKo,7,2,5,12.89824605,29.76785075,6.44912303,5.95357015,7.92633048,1.28741676,7,7,3,3,1.50156413,36.0375391,2397.5,479.0,0.4332945,2.30789912,7,2,5
1ezBQrjjbjCxyBazBnbz1qq8aE,21,18,3,257.0373209,43.01136212,3.38207001,14.33712071,21.91016339,8.54467472,79,21,7,8,3.59676291,86.32230992,1000.9,3.0,5.97603303,0.16733509,21,18,3
1f4LjpjpC81n9m1BYPaasuoHBQ,6,2,4,2.27524967,3.52200579,1.13762484,0.88050145,1.41956218,0.12367035,6,6,3,2,0.2217814,5.32275354,16232.2,3359.0,0.64600963,1.54796453,6,2,4
1f4SGzGR49YD8oNUXvoBT5YprD,28,16,12,337.23980306,267.05949447,4.81771147,4.52643211,7.79904997,2.33495366,159,28,9,11,6.29696813,151.12723503,571.7037037,35.0,1.26278904,0.79189791,28,16,12
1f5kxGS8ydGef3g6TjedaMHEjn,9,4,5,2.8543208,3.73154865,0.7135802,0.74630973,1.17000832,0.05605475,9,9,4,5,0.36111947,8.66686729,9969.0,495.0,0.76491587,1.30733331,9,4,5
1f7kCc7Q47RHMHTRAQVF8AxPFT,3,3,0,17.0430161,0.0,5.68100537,0.0,11.01781687,15.77470831,1,3,1,1,2.85487708,68.51704996,1261.0,131.0,17043016100.000002,0.0,3,3,0
1f8AS4hAoA8EB8xkmWTWqj948f,9,3,6,0.67316424,5.21235903,0.22438808,0.86872651,1.13550831,0.14986593,9,9,4,3,0.47961631,11.51079137,7506.0,267.0,0.12914771,7.74307178,9,3,6
1f8LLMEGYmPvC27uQRg7JUk7Rk,8,3,5,67.71770734,69.25484822,22.57256911,13.85096964,36.31161865,93.12714712,7,8,4,4,4.47046301,107.29111229,805.28571429,130.0,0.97780457,1.02269925,8,3,5
1fBbURKwjmkUhKmgzw76tv76i2,4,2,2,0.95505473,2.6195363,0.47752736,1.30976815,1.37490842,0.18052023,4,4,3,3,0.33925991,8.14223786,10611.33333333,6285.0,0.36458923,2.74281276,4,2,2
1fFmK3SwNjBmXtVPZLKinuSTtG,12,4,8,3.18973455,6.17583307,0.79743364,0.77197913,1.47895184,0.19307271,12,12,3,3,0.42752113,10.2605072,8420.63636364,558.0,0.51648652,1.93615894,12,4,8
1fGWeHfwgdMwxBCMCgTqHHLkaJ,5,2,3,7.49967869,15.69877285,3.74983934,5.23292428,7.10421747,7.39980616,5,5,2,3,1.29624629,31.10991088,2777.25,432.0,0.47772388,2.09325939,5,2,3
1fLtWvRJoTpk5CkR6HgmhsfEjS,4,4,0,29.45525049,0.0,7.36381262,0.0,11.93960092,9.21611516,1,4,1,1,1.70132325,40.83175803,2116.0,1295.0,29455250490.0,0.0,4,4,0
1fN2m9i1fX1z1kCTczmnYqSb6s,9,6,3,3.31551382,1.62736657,0.55258564,0.54245552,1.2093257,0.0988328,9,9,5,6,0.30451056,7.30825351,11822.25,66.0,2.0373491,0.4908339,9,6,3
1fNbRXc1NNMPuVAWwpYEbmBkRH,7,1,6,0.47881558,2.60512994,0.47881558,0.43418832,0.6941474,0.03912651,7,7,2,2,0.26992577,6.47821849,13337.0,3142.0,0.1837972,5.44077939,7,1,6
1fSbpTEyTHX2vHRMRbdReZzX2E,18,15,3,223.30901398,56.98201645,3.85015541,18.99400548,21.73503542,14.49761794,54,16,7,8,2.64786051,63.54865227,1359.58823529,0.0,3.91893843,0.25517114,18,15,3
1fUGo1t4dEPpZuC4v8SsDv36qp,19,15,4,189.86056816,56.74745041,3.45201033,14.1868626,20.79263061,15.43834558,67,19,8,8,3.16359908,75.92637797,1137.94444444,50.0,3.34571098,0.29889013,19,15,4
1fUSCzymgf6VB7YKBf9v92L6TW,15,11,4,167.03394185,51.22703311,3.63117265,12.80675828,17.84471878,11.77358441,55,15,5,9,2.8760557,69.02533668,1251.71428571,3.0,3.26066008,0.30668637,15,11,4
1fWaHcx1ko8kybqJriN8KUBW1o,16,7,9,4.78939986,6.43342925,0.68419998,0.71482547,1.42130535,0.26756097,16,16,5,5,0.71568679,17.17648306,5030.13333333,73.0,0.7444552,1.34326417,16,7,9
1fYWnJKirKFFrnAemLPkWaUYmi,7,7,0,47.14930028,0.0,6.73561433,0.0,11.78581437,7.60030367,1,6,1,1,2.10137173,50.43292149,1713.16666667,188.0,47149300280.0,0.0,7,7,0
1fZ5WXQQ5AdkmJL7sLfrBNEk7U,22,18,4,245.05166347,56.06601447,3.26735551,14.01650362,20.17682027,8.76588782,82,22,9,7,3.78132346,90.75176312,952.04761905,12.0,4.37077017,0.22879263,22,18,4
1faBJFcZprJjsGt4mAsxmkup5W,20,18,2,251.35455569,37.17490583,3.4910355,18.58745292,18.74418407,11.87060974,70,20,9,9,3.25574754,78.13794088,1105.73684211,16.0,6.76140397,0.14789828,20,18,2
1fcUuQhiewrkaKSqshmo2vVqKN,27,16,11,301.54512166,249.92254769,3.63307375,4.62819533,9.88917778,2.61372953,176,26,9,10,5.84306136,140.23347275,616.11538462,0.0,1.20655429,0.82880647,27,16,11
1fcjRZtPjiTfVWy5LDkEmU2Z3p,16,13,3,186.11887399,60.49655738,3.57920912,20.16551913,20.77280433,18.7762706,60,16,9,6,3.02928307,72.70279367,1188.4,174.0,3.07652009,0.32504257,16,13,3
1fiFSoFmv6qPdCpArnf8jiBX4R,15,8,7,104.83179668,90.34699622,4.19327187,12.90671375,23.27490808,27.46413951,50,15,7,7,2.43902439,58.53658537,1476.0,106.0,1.1603241,0.86182818,15,8,7
1fiuVXK41fmW45ZE9QhkmsSRpx,34,14,20,291.03604596,416.96661317,4.61961978,4.90548957,8.84264316,3.1827035,192,33,9,12,6.71148523,161.07564544,536.39393939,22.0,0.69798405,1.43269749,34,14,20
1fjzvEfh8n86wf9RjqzidtCz8m,7,6,1,3.8652212,1.15458909,0.64420353,1.15458909,1.15458909,0.11279139,7,7,4,6,0.24145409,5.79489816,14909.66666667,6696.0,3.34770286,0.29871229,7,6,1
1fkC4wkrXQGmRym3P85X6Uko4F,5,4,1,2.42790911,0.35559178,0.60697728,0.35559178,1.10139291,0.15424339,5,5,4,5,0.26165168,6.27964023,13758.75,1103.0,6.82779875,0.14646009,5,4,1
1fknx4Gp3SVFbEqxr49ZKFuodM,6,3,3,2.32376338,2.7370939,0.77458779,0.91236463,1.28051796,0.13508454,6,6,3,3,0.33047533,7.93140801,10893.4,1677.0,0.84898928,1.17787117,6,3,3
1fmj13AK6QN8YwMaqSzEzVENED,8,4,4,73.31295756,80.35373413,18.32823939,20.08843353,24.632857,30.74316901,7,7,4,4,2.40251692,57.66040614,1498.42857143,132.0,0.91237773,1.09603727,8,4,4
1fqCZB1SvUkyWcnvHdZLnFUBJ6,2,0,2,0.0,1.51578003,0.0,0.75789001,1.43533065,0.45892581,2,2,1,1,0.08976437,2.15434484,40105.0,40105.0,0.0,1515780029.9999998,2,0,2
1frtKUmLNhJi4Dzo2o2Ai7wLFR,41,19,22,413.43061331,492.8444685,4.26217127,4.60602307,9.0257611,3.87051569,240,40,9,11,8.86481162,212.75547895,406.1,44.0,0.8388663,1.19208509,41,19,22
1frxJp5EJje1erUh5ufXfYxwuz,22,16,6,233.4292703,88.90028297,3.89048784,14.81671383,22.22388929,17.90385099,83,22,8,9,3.71188688,89.08528502,969.85714286,7.0,2.62574271,0.38084463,22,16,6
1fry3wxND1UYFy1ojbFt4FczaK,42,21,21,402.11777876,461.50368169,3.75811008,4.56934338,7.99066151,3.29235635,233,40,9,12,9.19912745,220.7790589,391.34146341,19.0,0.87132085,1.14768286,42,21,21
1fvj8uQRdkjzHf2Uy2waiCYU82,41,23,18,547.11053903,385.13019735,4.59756755,4.75469379,10.05585234,3.10831522,233,40,9,10,8.66061226,207.85469417,415.675,54.0,1.42058593,0.70393489,41,23,18
1fwgcWgPs2rgrhwaC954Jt48xS,6,2,4,0.7260904,1.98711408,0.3630452,0.49677852,1.4080943,0.20423767,6,6,3,3,0.35642153,8.55411667,10100.4,2917.0,0.36539945,2.73673096,6,2,4
1fxiBJqfXjCRMNqyW5DSKdvTXH,4,4,0,28.83616199,0.0,7.2090405,0.0,9.46723352,2.69232501,1,4,1,1,2.42533124,58.2079497,1484.33333333,1040.0,28836161990.0,0.0,4,4,0
1g4BPd7mA2noJRGWB8TCyoSSo2,6,2,4,9.08110538,15.96659598,4.54055269,3.991649,7.8053978,5.14334201,6,6,3,3,1.99622934,47.90950427,1803.4,35.0,0.56875651,1.75822164,6,2,4
1g6yo1FaNCLAwXRBA7MPdqSGkV,3,0,3,0.0,17.70624468,0.0,5.90208156,7.90715454,2.32492423,3,3,1,1,0.77494349,18.59864385,4645.5,808.0,0.0,17706244679.999996,3,0,3
1g9P5d938wcAcooP9GFnAdVv1v,19,12,7,143.11925215,89.8217666,2.86238504,12.83168094,23.76482015,18.13088603,70,19,7,9,3.35455816,80.50939587,1073.16666667,12.0,1.59336938,0.62760087,19,12,7
1gA4F5XhPg5HM1f3fi2iDgkQrX,29,14,15,347.96875729,368.9656416,5.3533655,5.05432386,9.79407153,4.31483408,192,29,9,12,6.16362969,147.92711263,584.07142857,13.0,0.94309258,1.06034129,29,14,15
1gCdf4WB9nTXgJ3Uj27MrH7FaB,2,2,0,12.87438231,0.0,6.43719115,0.0,10.16602088,13.90417112,1,2,1,1,4.28061831,102.73483948,841.0,841.0,12874382309.999998,0.0,2,2,0
1gDt9NnCtwxM42AenAr8waxQ5Q,4,2,2,1.76150069,1.71129858,0.88075035,0.85564929,1.27346299,0.07732887,4,4,3,3,0.14870093,3.56882237,24209.66666667,17040.0,1.02933568,0.97150037,4,2,2
1gK6CuhSL51vR2FBUqtVPF5mic,21,19,2,270.4867903,32.83445829,3.51281546,16.41722915,20.83114183,8.02108823,80,21,9,10,3.91304348,93.91304348,920.0,10.0,8.2378941,0.12139025,21,19,2
1gMUTn5iJZyrssmBmHiGTLbN5V,36,15,21,304.63258418,507.75002058,4.68665514,4.83571448,7.89717371,2.53163899,198,36,9,12,8.33278222,199.98677336,432.02857143,0.0,0.59996568,1.66676202,36,15,21
1gMezvVXNnCKL7tcBzyABT8bgT,7,3,4,3.04297999,2.61097286,1.01432666,0.65274321,1.42196098,0.23214091,7,7,3,4,0.29487249,7.07693988,12208.66666667,2167.0,1.1654583,0.85803156,7,3,4
1gMvcttwwKLLA1ABtHmcAHbbvS,12,8,4,96.52691777,74.75373384,3.57507103,18.68843346,24.56124089,32.51116193,42,12,7,8,1.70344561,40.88269454,2113.36363636,149.0,1.2912655,0.77443407,12,8,4
1gNqh44PiAmbs79YFMcsiqPtzV,10,4,6,3.69388775,4.90320306,0.92347194,0.81720051,1.42048383,0.20072884,10,10,3,5,0.4833945,11.60146809,7447.33333333,952.0,0.75336218,1.3273828,10,4,6
1gPPnAarSCo2fiCdohwYsGP9oQ,16,13,3,203.2081156,30.82470609,4.41756773,10.27490203,14.9324355,6.90117211,54,16,7,9,2.86320255,68.71686108,1257.33333333,364.0,6.59237804,0.15169033,16,13,3
1gQFMuJm6kC1z6j9CVzMsszdPx,8,4,4,2.81715482,3.32704464,0.70428871,0.83176116,1.23310001,0.09763576,8,8,4,4,0.31866061,7.64785473,11297.28571429,283.0,0.84674392,1.1809946,8,4,4
1gQtXmYzBvKbXYKWRGz4kbENV9,41,19,22,399.11909514,488.82486871,4.20125363,4.74587251,11.61892607,3.67000245,218,41,9,10,8.72515754,209.4037809,412.6,10.0,0.81648689,1.22475941,41,19,22
1gSPNRu8fCWUY6GVVokt8mqkZZ,20,17,3,245.74992031,30.37596892,3.90079239,10.12532297,13.9774325,7.08122964,72,20,8,11,3.80295786,91.27098855,946.63157895,93.0,8.09027429,0.1236052,20,17,3
1gTVk2TkycFENFf837R7BPsrd2,23,21,2,319.13841636,31.64675073,4.37175913,15.82337537,19.60175659,11.53399882,69,23,9,9,3.94147507,94.59540161,913.36363636,98.0,10.08439758,0.09916309,23,21,2
1gYgP3wob4srLmSTv1mhRFZnsu,44,20,24,452.68282246,534.53722272,4.61921247,4.77265377,10.69352107,3.39759858,249,41,9,12,9.25449871,222.10796915,389.0,1.0,0.84686866,1.18082065,44,20,24
1gd4nPQM9GXZDmg2HgYPXmrKMR,35,14,21,311.11557663,488.17007653,4.93834249,4.98132731,11.33478785,5.40382244,189,35,9,11,8.00575577,192.13813853,449.67647059,26.0,0.63730981,1.56909558,35,14,21
1gdL6XktNEiw2Kk1QsD5faJr54,10,5,5,26.76243009,24.92018385,5.35248602,4.98403677,6.91484475,1.84581958,10,10,4,5,2.1332631,51.19831446,1687.55555556,195.0,1.07392587,0.93116297,10,5,5
1gdzEwDjeVJPDyf5b3CFbKcVT6,41,21,20,453.61875961,472.49584018,4.77493431,4.67817664,9.61848723,3.74139796,238,40,8,12,8.40974128,201.83379081,428.075,0.0,0.96004816,1.04161442,41,21,20
1ggUYZEzuxLDPbmkjQge7xfWyr,38,20,18,437.06050648,375.49948043,4.24330589,4.63579605,8.05427124,3.15812689,217,37,9,11,7.9144385,189.94652406,454.86486486,0.0,1.16394437,0.85914759,38,20,18
1ggsWfV1E83c4aEHco1gbwPyoH,5,5,0,23.35075835,0.0,4.67015167,0.0,8.02580167,6.59206509,1,5,1,1,3.00563557,72.1352536,1197.75,284.0,23350758350.0,0.0,5,5,0
1gjNDZvhg7uoRzu9zLJ52TRhYb,4,4,0,34.30496325,0.0,8.57624081,0.0,11.01592837,2.49509277,1,4,1,1,4.01935244,96.4644585,895.66666667,322.0,34304963249.999996,0.0,4,4,0
1gkBUsvbf42gZwUk4hUua5zvKL,33,13,20,316.02847876,410.05745634,4.64747763,4.36231337,9.03489215,3.01575302,199,33,9,10,6.87063875,164.89533011,523.96875,7.0,0.77069316,1.29753324,33,13,20
1gmc4H6aHVAKAwUJxCFTLBa5Fx,9,4,5,2.65273798,3.82459985,0.66318449,0.76491997,1.32097873,0.1945659,9,9,4,5,0.24491254,5.8779009,14699.125,2283.0,0.69359883,1.4417556,9,4,5
1gnDkkoGnEdUGYe3C1jjyGbchV,16,9,7,31.67761949,32.24920064,3.5197355,4.60702866,7.74491207,4.80430097,15,16,7,7,4.07824182,97.87780379,882.73333333,59.0,0.98227611,1.01804369,16,9,7
1gnQafHXWENpow9BanvX1MTCAX,17,11,6,6.73256775,5.74892447,0.61205161,0.95815408,1.48415133,0.24965905,17,17,7,7,0.77583072,18.61993723,4640.1875,35.0,1.1711004,0.85389775,17,11,6
1gozfNvd3ux263irdHiErdTgh2,6,2,4,1.55142434,2.29813646,0.77571217,0.57453412,1.09231547,0.07563936,6,6,3,3,0.29575104,7.09802504,12172.4,371.0,0.67507929,1.48130747,6,2,4
1gueW1xYwopZEgsEk6G9gL3BkX,30,20,10,476.00802144,225.74378061,4.90729919,4.70299543,9.75140732,4.0521245,191,29,8,10,6.42975919,154.31422061,559.89655172,15.0,2.10862076,0.47424365,30,20,10
1gyEuTXowa7GtUVwM32gJwAmxi,11,7,4,5.15020697,3.94953389,0.73574385,0.98738347,1.46704924,0.15147612,11,11,6,6,0.51075421,12.25810113,7048.4,47.0,1.30400374,0.76686897,11,7,4
1gyUYwJpuShm9Y94hNpESmwsLg,21,18,3,254.01233097,32.74967562,3.84867168,10.91655854,21.38049032,8.30730502,72,20,8,10,3.16567007,75.9760816,1137.2,21.0,7.75617853,0.12892947,21,18,3
1gzyXQzgsfXJiWkmijxNhFxfUM,7,7,0,28.04303404,0.0,4.00614772,0.0,7.90266606,5.83554788,7,7,4,6,1.63487738,39.23705722,2202.0,429.0,28043034039.999996,0.0,7,7,0
1h7s5CSLhA7jZ6MHHrYcZeErWh,5,5,0,38.67636567,0.0,7.73527313,0.0,11.43736826,16.95103364,1,5,1,1,1.73056123,41.53346953,2080.25,541.0,38676365670.0,0.0,5,5,0
1hAAqJbW2eopcXApRHxdTECCQ6,15,12,3,189.17004522,40.37051156,3.70921657,13.45683719,19.19705837,11.80825992,60,14,7,9,2.251206,54.02894408,1599.14285714,38.0,4.68584712,0.21340858,15,12,3
1hDgHkqorjkv9h7zhi3LsV3eQo,6,5,1,3.88870873,0.13662599,0.77774175,0.13662599,1.35307729,0.15885074,6,6,5,4,0.22171857,5.32124557,16236.8,4018.0,28.46243771,0.03513403,6,5,1
1hEYHJpcJPNoNnjiXRvqkTEGuN,4,4,0,30.37852715,0.0,7.59463179,0.0,9.63118232,1.78822739,1,4,1,1,3.04998588,73.19966111,1180.33333333,619.0,30378527150.0,0.0,4,4,0
1hK6Xw8LsSXYzjH6ibRCQyRQCV,3,0,3,0.0,1.5674358,0.0,0.5224786,0.65860718,0.01114231,3,3,1,1,0.11482887,2.75589295,31351.0,28839.0,0.0,1567435799.9999998,3,0,3
1hQ36nkjLdSz9cH2WtUkijetND,9,3,6,15.82220974,28.20658758,5.27406991,4.70109793,7.66708239,3.8132135,9,9,3,4,3.40224454,81.65386887,1058.125,65.0,0.56094023,1.78272113,9,3,6
1hQvHgM2s2N2yX3pxAT3bRqfoa,8,3,5,2.47970185,3.8702064,0.82656728,0.77404128,1.44887638,0.23520816,8,8,2,3,0.26245899,6.29901578,13716.42857143,0.0,0.64071566,1.56075473,8,3,5
1hRvAE5PGgJBc58PbWyoSN3dr5,30,18,12,383.01977586,256.75443157,4.67097288,4.93758522,12.23501026,4.2753069,178,30,9,11,6.16329181,147.91900348,584.10344828,0.0,1.49177474,0.67034249,30,18,12
1hWQPkbzssCTFB6afJtrrQy7o4,35,15,20,360.19593869,469.04367142,5.37605879,4.9373018,8.25611951,2.96596555,201,35,9,11,9.75376524,234.09036577,369.08823529,7.0,0.76793689,1.30219034,35,15,20
1hXsnLo49zYJ2kixUXsqQZBUWT,11,7,4,91.462656,30.07013529,3.15388469,7.51753382,16.42825492,7.94540401,43,11,6,8,2.04058497,48.97403922,1764.2,299.0,3.04164431,0.32876954,11,7,4
1hZqdGfVQgPNGSjLhBCk4weHV3,39,21,18,429.62987287,437.94429405,4.38397829,5.03384246,11.5777202,3.56893916,212,37,9,12,8.37516836,201.00404065,429.84210526,26.0,0.98101489,1.01935252,39,21,18
1hbbgAJ6L6ZEtAbMSehqviki5L,7,4,3,4.30561758,2.607985,1.07640439,0.86932833,1.46154624,0.0579077,7,7,4,5,0.27838639,6.68127336,12931.66666667,3059.0,1.65093648,0.60571682,7,4,3
1hfydXhkLFh2aYoc1vmEVaCirN,3,3,0,12.1828683,0.0,4.0609561,0.0,5.88630907,1.71421275,1,3,1,1,3.88140162,93.15363881,927.5,639.0,12182868300.0,0.0,3,3,0
1hhZzBML7YtTbdAmkA3Sb9diez,41,24,17,526.85185901,408.18535381,4.50300734,4.85934945,9.1747612,3.56016475,238,39,9,12,8.10035439,194.40850537,444.425,6.0,1.29071721,0.77476305,41,24,17
1hi6QbwN6vWqrKiDCc3RjDLmRz,7,2,5,1.54986487,3.67601335,0.77493243,0.73520267,1.47078824,0.254382,7,7,3,3,0.34255265,8.22126364,10509.33333333,2264.0,0.42161568,2.37182829,7,2,5
1hja8k6jtu2bt4AxGbcGySdkX1,36,21,15,452.70646904,343.80037722,4.52706469,4.58400503,11.91435754,4.48161179,206,36,8,12,7.96661608,191.19878604,451.88571429,20.0,1.3167713,0.75943332,36,21,15
1hq3TsKUzNvdLpf6jqwbTbiouv,10,5,5,149.66540084,115.46417058,29.93308017,23.09283412,37.42603207,98.67203155,9,10,3,4,4.49438202,107.86516854,801.0,50.0,1.29620643,0.77148205,10,5,5
1hqSoJgXAsxsptZEjrK7ds1TVh,2,2,0,13.05797456,0.0,6.52898728,0.0,7.60777404,1.16378087,1,2,1,1,1.88778186,45.30676455,1907.0,1907.0,13057974560.0,0.0,2,2,0
1hrxhPNjVfWht2oWfso4XzVi4v,36,18,18,340.06779114,408.26905304,4.14716818,4.69274774,8.06769995,3.70746474,202,36,9,12,7.73860705,185.72656922,465.2,19.0,0.8329502,1.20055196,36,18,18
1hs7PyYtMZNgDd7rbhMGjSo93Q,5,4,1,22.76529398,3.16371124,5.69132349,3.16371124,7.13781401,3.56483709,5,5,3,5,1.32963989,31.91135734,2707.5,103.0,7.19575595,0.13897081,5,4,1
1hsyv62RwnXFFEaCVRMuEqKbj4,26,15,11,298.36513971,238.87436414,3.68352024,4.77748728,7.81286171,2.10129681,167,26,9,10,6.10997963,146.6395112,589.2,3.0,1.2490463,0.80061084,26,15,11
1hwNp6cytb7AdisbaiRwisq7Zr,22,14,8,169.57559174,140.02903735,2.97501038,17.50362967,23.17478578,33.23771437,76,22,6,9,3.27584713,78.62033105,1098.95238095,14.0,1.21100305,0.82576175,22,14,8
1hxFNZxjKdfhvfkgvq5UePFPqi,27,13,14,267.98906452,331.25126558,4.54218753,4.73216094,11.14614274,4.13390917,180,27,9,12,6.96324952,167.11798839,517.0,9.0,0.8090205,1.23606262,27,13,14
1hzR3FoBjiGjXpv27Hko2ygPni,33,18,15,423.68755003,369.83780013,4.98455941,4.80308831,10.62642011,3.6420356,202,32,9,12,7.65804693,183.79312637,470.09375,0.0,1.14560369,0.87290221,33,18,15
1i2z77D4aMy9E7PSvybrByGKCb,2,0,2,0.0,12.87389913,0.0,6.43694956,6.54092279,0.01081043,2,2,1,1,2.06185567,49.48453608,1746.0,1746.0,0.0,12873899130.0,2,0,2
1i4YqfUripEEm2sCBP7WRUUvbg,32,14,18,300.98362324,415.56227858,4.23920596,4.51698129,7.88328031,2.90136329,188,32,8,11,6.10469887,146.51277282,589.70967742,0.0,0.72428042,1.3806807,32,14,18
1i7o4XuK4KFFUceQoVfRVmAiKT,5,2,3,6.32148124,6.53939913,3.16074062,2.17979971,5.30772212,3.259817,5,5,2,3,1.17608625,28.22606991,3061.0,1250.0,0.96667616,1.0344726,5,2,3
1i8J1M4p5c7GnwnR5Yy313JZuP,34,18,16,367.72071551,375.98288931,4.22667489,4.88289467,9.16702353,2.91794471,196,33,9,12,7.51660867,180.39860804,478.93939394,3.0,0.97802513,1.02246861,34,18,16
1iAPiodNWnws9JsqjLS5viXRXf,9,4,5,3.15669029,5.74261197,0.78917257,1.14852239,1.47029986,0.08772439,9,9,4,4,0.34474091,8.27378174,10442.625,805.0,0.54969591,1.81918764,9,4,5
1iB4Ar33fNrsGSztTo95dQDTbe,26,25,1,272.34578979,7.06238843,2.80768855,7.06238843,7.06238843,3.41875,95,24,9,10,4.18643595,100.47446274,859.92,12.0,38.56284492,0.0259317,26,25,1
1iBVPoEhpATgkVxE6z79q8eoRP,5,3,2,2.24858215,2.53292944,0.74952738,1.26646472,1.44201683,0.21956149,5,5,3,3,0.19828702,4.75888849,18155.5,173.0,0.88773975,1.12645626,5,3,2
1iFVDmxJvXRJBXFVz92rGiYRFc,4,1,3,0.18983193,0.74816447,0.18983193,0.24938816,0.43918648,0.01684829,4,4,2,2,0.26083806,6.26011351,13801.66666667,123.0,0.25373021,3.94119403,4,1,3
1iLNufWdcebCCtKNPmK2oiJA82,34,20,14,420.87062755,282.55028485,4.4773471,4.70917141,12.97185974,4.10430357,186,33,8,10,8.04605486,193.10531663,447.42424242,0.0,1.48954239,0.67134712,34,20,14
1iM87aj53v9Cx3D7YD73divRjY,6,3,3,2.61073561,1.43467089,0.8702452,0.47822363,1.36804592,0.14127421,6,6,4,4,0.30575845,7.33820282,11774.0,2827.0,1.8197453,0.54952745,6,3,3
1iPVW91JqJ524nmYmevnJ7dEBJ,15,13,2,182.28909658,18.48801745,3.79768951,9.24400873,14.74515608,7.30658583,54,15,8,9,2.3253668,55.80880317,1548.14285714,48.0,9.85985096,0.10142141,15,13,2
1iWAH9GpcbHpeUzeSQF9ZY6q4x,6,5,1,4.01223616,1.4804272,0.80244723,1.4804272,1.4804272,0.17508767,6,6,5,4,0.25455728,6.10937478,14142.2,5806.0,2.71018809,0.36897808,6,5,1
1iXJxYMCfJgVWPSQM7BZwrtZky,12,6,6,157.85518603,135.27100217,26.30919767,22.54516703,35.59358586,62.57637173,10,12,5,5,4.9388875,118.53330007,728.90909091,36.0,1.1669551,0.856931,12,6,6
1iYo8N67SdmkRtTRmX9wNC7LPC,5,4,1,2.13349269,0.50524886,0.53337317,0.50524886,0.70356015,0.01464805,5,5,4,5,0.19145626,4.59495034,18803.25,2149.0,4.22265711,0.23681771,5,4,1
1iciv1AxUuejDGto5QHCnpD1S3,28,21,7,297.36191424,103.14246014,3.76407486,14.73463716,22.82703854,16.63806784,90,28,8,10,5.64525497,135.48611918,637.7037037,23.0,2.88302135,0.34685834,28,21,7
1idNWarmpuUy2SdK1gvR21FMUA,7,4,3,3.07888319,3.15543004,0.7697208,1.05181001,1.41440258,0.10299739,7,7,4,4,0.23185668,5.56456028,15526.83333333,2133.0,0.97574123,1.02486189,7,4,3
1idmx7ht2XEon9BpuxkZGT1kay,11,6,5,3.42695451,4.94676047,0.57115909,0.98935209,1.35923769,0.19374446,11,10,5,6,0.49040308,11.76967402,7340.9,21.0,0.69276742,1.44348589,11,6,5
1ihjjeqbYhnzUnSXL4bmyzxYYx,7,2,5,9.69022133,24.92974026,4.84511066,4.98594805,7.78560066,6.48424822,7,7,3,3,1.49470625,35.87294997,2408.5,859.0,0.38870126,2.57266985,7,2,5
1iohYL7SbNyiQWEgjMAGxAbQQP,18,18,0,243.54937118,0.0,3.47927673,0.0,10.16521664,3.98852007,67,18,9,12,3.13412198,75.21892764,1148.64705882,113.0,243549371180.0,0.0,18,18,0
1ipMTV4pXZfyWYnNPHBUw5enx2,19,15,4,207.44100053,32.26683845,4.14882001,8.06670961,16.84527071,7.02535768,61,19,8,10,2.7803999,66.72959753,1294.77777778,44.0,6.4289224,0.15554706,19,15,4
1isBTuPtuirUNCdFjRXQRCWQqH,32,13,19,307.45946464,424.87376969,5.21117737,4.72081966,10.42922965,4.19274952,184,31,9,12,6.42302158,154.15251799,560.48387097,1.0,0.72364897,1.38188548,32,13,19
1isq3asTiuKq2FwoNNGEb4jGtk,6,3,3,3.15907783,2.77470469,1.05302594,0.92490156,1.41531151,0.05986361,6,6,3,3,0.32481008,7.79544183,11083.4,5397.0,1.13852759,0.87832742,6,3,3
1isw3BoR2pwCaiLwsTPoNeAz6n,40,25,15,478.66648321,332.2805444,3.86021357,4.55178828,10.21735185,3.3014083,234,40,9,12,7.92280345,190.14728288,454.38461538,15.0,1.44054923,0.69417968,40,25,15
1ixUsViGpqQuDcHj9MrU88vT7k,4,1,3,1.58513299,8.28805211,1.58513299,2.76268404,5.20515211,2.56415069,4,4,1,1,0.82430163,19.7832392,4367.33333333,1664.0,0.19125519,5.22861625,4,1,3
1iz7NMHxBuykhi1FmnxK3G482g,6,3,3,1.69572566,2.92202885,0.56524189,0.97400962,1.41200347,0.17665217,6,6,2,4,0.1904379,4.57050963,18903.8,2035.0,0.58032475,1.7231731,6,3,3
1j1HPno8kgg4Z6vZXFE42CYhuR,4,1,3,26.91008842,64.60685983,26.91008842,21.53561994,32.76282746,54.90026102,4,4,2,2,4.08163265,97.95918367,882.0,716.0,0.41652061,2.4008416,4,1,3
1j51LnieVf6H1XX5hzkhCxZ2sT,6,6,0,50.59745115,0.0,8.43290853,0.0,11.20285605,11.78479418,1,6,1,1,2.06706477,49.60955443,1741.6,983.0,50597451149.99999,0.0,6,6,0
1j5feaAyf1tkXNuMx6NvJmN9zR,15,11,4,144.57640032,58.96245555,3.14296522,14.74061389,23.06238539,14.17714454,60,15,6,6,2.35459005,56.51016118,1528.92857143,210.0,2.45200779,0.40782905,15,11,4
1j8j55HbEYnpuPzwFVnLQrcKxi,10,6,4,2.69368967,2.72773496,0.44894828,0.68193374,1.35363052,0.10062136,9,10,6,7,0.7189615,17.255076,5007.22222222,168.0,0.98751884,1.01263891,10,6,4
1jA7FujgoznVHzGuoSfd1MuNcM,22,16,6,281.69701768,109.78591529,4.94205294,18.29765255,24.69210158,26.1418212,71,21,8,8,3.54996243,85.19909842,1014.0952381,58.0,2.56587575,0.38973048,22,16,6
1jAptWERjRFkpBPpRjsWEonuCB,9,2,7,9.97963973,16.12215397,4.98981986,2.30316485,5.34938328,2.22366682,8,9,3,2,2.60633484,62.5520362,1381.25,199.0,0.61900164,1.61550461,9,2,7
1jGT4q8NYshe86N3pm735SnvAT,12,10,2,130.81007957,42.83457865,3.3541046,21.41728932,24.9348719,20.85085967,46,12,7,9,1.9327444,46.38586559,1862.63636364,2.0,3.05384303,0.32745625,12,10,2
1jHgZ2ijcN7DEo7Fibqw33Jdbw,13,11,2,172.09155015,42.93350669,3.74112066,21.46675335,21.49778095,15.19891994,52,13,7,7,2.22359481,53.36627548,1619.0,149.0,4.00832737,0.24948062,13,11,2
1jHsitrf18LdjMvHwCVW2V1W3P,13,6,7,3.87787876,5.45572532,0.64631313,0.77938933,1.41243813,0.21333684,13,13,5,6,0.5014335,12.03440391,7179.41666667,2174.0,0.71079069,1.40688393,13,6,7
1jKv3NZFMMnz16YzBVBWifVGo9,6,3,3,8.47832936,14.0649875,2.82610979,4.68832917,5.47924835,1.22284283,6,6,3,3,1.40066921,33.61606101,2570.2,514.0,0.60279679,1.65893384,6,3,3
1jRDuaKP9SeTeKJGgwy8nTHifY,7,2,5,1.46343315,2.81380651,0.73171658,0.5627613,0.89860912,0.0752998,7,7,2,3,0.19784568,4.74829633,18196.0,4832.0,0.52009019,1.92274345,7,2,5
1jSTvjj45DuqZAoJ6CV3JfDmZT,9,6,3,4.9281209,3.3846699,0.82135348,1.1282233,1.33718491,0.11291875,9,9,4,6,0.48409057,11.61817357,7436.625,823.0,1.45601227,0.6868074,9,6,3
1jUEh9NZoxUiXVyNKSQcT8XBcj,3,3,0,11.99385474,0.0,3.99795158,0.0,5.81822242,1.74521091,3,3,2,3,0.91347374,21.9233697,3941.0,1360.0,11993854739.999998,0.0,3,3,0
1jVohBEdovP4iHqu84BWSXLXpq,9,5,4,5.56167935,4.35999097,1.11233587,1.08999774,1.49318428,0.11971263,9,9,5,4,0.3726901,8.94456235,9659.5,317.0,1.27561717,0.78393426,9,5,4
1jXcBHaxfUEbqomDnLSjiQVzaV,11,2,9,1.37822255,6.19938033,0.68911128,0.68882004,1.29813084,0.13747012,11,11,2,3,0.52613887,12.62733291,6842.3,271.0,0.22231618,4.49809817,11,2,9
1jaFTLJ4ceypChkUcY4PijRsaM,15,7,8,5.18386752,6.51672288,0.7405525,0.81459036,1.41980009,0.17789356,15,15,6,6,0.77928102,18.70274449,4619.64285714,621.0,0.79547153,1.25711602,15,7,8
1jbFuFJhhPuxqqhnQXGNzUCDi9,4,1,3,5.62044921,11.56262876,5.62044921,3.85420959,6.10652311,2.55413957,4,4,2,2,1.60833954,38.60014892,2238.33333333,548.0,0.48608749,2.05724282,4,1,3
1jbgtGmeSmgcVLZRdLmzx6MNeH,8,4,4,3.1127155,3.63844282,0.77817888,0.9096107,1.26254189,0.08890375,8,8,4,4,0.53331076,12.79945822,6750.28571429,19.0,0.8555076,1.16889668,8,4,4
1jd2Ts7SobAKdXehGgfqyqbsj5,22,18,4,214.36769173,60.77008715,3.29796449,15.19252179,20.30567822,13.10669168,72,22,8,8,3.85046348,92.41112356,934.95238095,234.0,3.5275199,0.28348529,22,18,4
1je47dGiGEQgFYfY6f414i2Cne,19,15,4,190.42788304,35.56395553,3.28323936,8.89098888,19.01123255,5.72275115,71,19,7,8,3.30645984,79.35503623,1088.77777778,52.0,5.35451921,0.18675813,19,15,4
1jf6hAXkoqs1vTM2VpS7zABxAb,10,3,7,9.70244349,24.88611481,3.23414783,3.55515926,7.15798001,4.73161086,10,10,2,3,3.12922542,75.10141008,1150.44444444,38.0,0.38987377,2.56493272,10,3,7
1jiwsvRcyAng2pQn9QSNfeQ2ai,22,18,4,223.05361301,57.07410793,3.09796685,14.26852698,24.68234323,13.39091522,86,22,9,9,3.58429736,86.02313673,1004.38095238,122.0,3.90814015,0.25587619,22,18,4
1jjALBjyQETf2e6AFWQG1CcJdV,21,16,5,218.16655328,50.15916404,3.51881538,10.03183281,17.39279063,7.71683589,78,21,9,9,3.39478523,81.47484558,1060.45,2.0,4.34948543,0.22991225,21,16,5
1jpgq3w58qEHbLEFd7DFiCQCaR,12,9,3,123.17362857,52.38992961,3.62275378,17.46330987,22.62723917,19.22049579,39,12,5,7,1.82774855,43.86596511,1969.63636364,207.0,2.35109361,0.42533398,12,9,3
1ju8WeNf9ycAruyBEG6CNRYY9P,4,4,0,26.33739568,0.0,6.58434892,0.0,11.6144784,15.55696973,1,4,1,1,1.22227252,29.33454052,2945.33333333,41.0,26337395680.0,0.0,4,4,0
1jvdhwkXVfUkD7fdKTV3dgRk4c,37,24,13,514.36297143,285.35407239,4.32237791,4.67793561,7.80693454,2.54613581,213,36,9,10,8.1192833,194.86279915,443.38888889,1.0,1.80254295,0.5547718,37,24,13
1jxgRtuNVmpQwDqiYsqRJtKN8B,33,14,19,271.59773835,407.94068893,4.05369759,4.33979456,7.8766296,2.76697536,189,32,8,12,6.76771237,162.42509693,531.9375,10.0,0.66577752,1.50200326,33,14,19
1k4gpF4HnFhVTU6GrTSBbi2Zst,18,17,1,219.5632317,20.79254316,3.59939724,20.79254316,20.79254316,11.40436169,57,17,5,9,2.75254115,66.06098768,1307.88235294,139.0,10.55971028,0.09469957,18,17,1
1k7YnV5z6MfA59JghecnMRfaKW,12,10,2,6.07748369,2.01891502,0.60774837,1.00945751,1.40806675,0.22356936,11,12,7,7,0.50767278,12.18414676,7091.18181818,14.0,3.01027217,0.33219588,12,10,2
1k8SQe7vMA26WvnjXWhJfj1N3i,5,3,2,2.960308,1.8121489,0.98676933,0.90607445,1.38985112,0.13126332,5,5,3,3,0.23073595,5.53766284,15602.25,8085.0,1.63358982,0.61214877,5,3,2
1k8b1iog5qpe3mw5PZ7KskLf6K,9,4,5,2.84961351,5.48714342,0.71240338,1.09742868,1.46026022,0.19566911,9,9,4,4,0.62854649,15.08511567,5727.5,319.0,0.5193255,1.92557461,9,4,5
1kAe76bVB9ZBJX8aD26b8VmerS,13,9,4,108.73408055,68.88621707,2.65205075,17.22155427,24.49271035,21.92709763,56,13,5,7,2.63978002,63.35472044,1363.75,39.0,1.57845916,0.63352922,13,9,4
1kD46ZUrKG9G6uHPmRuQ7Zs8BW,7,5,2,24.78544486,7.60823827,4.95708897,3.80411913,6.51879302,2.74369643,7,7,6,4,1.89856728,45.56561484,1896.16666667,286.0,3.25771144,0.30696396,7,5,2
1kDHXAYuCoYK9Dhy6awopE1U5Y,9,3,6,2.31869631,4.10703366,0.77289877,0.68450561,1.48818024,0.165198,9,8,3,4,0.44708001,10.72992021,8052.25,21.0,0.56456716,1.77126847,9,3,6
1kDqZx9UJw9ePx7ZNCxQQiWkTr,6,4,2,22.27001067,13.06920915,5.56750267,6.53460457,7.33841264,0.77214807,6,6,4,4,1.56767114,37.6241073,2296.4,514.0,1.70400599,0.5868524,6,4,2
1kKPfpJB62nLB2kZzKu6yZCbhT,33,14,19,271.19412524,511.33123475,4.37409879,4.96438092,8.94742814,3.77259508,199,31,9,11,7.14418605,171.46046512,503.90625,5.0,0.53036878,1.8854805,33,14,19
1kLunmf3EvwMA6nGPSZ4kLHuC2,10,5,5,3.71053485,3.4825672,0.74210697,0.69651344,1.14033806,0.13505482,10,10,5,4,0.37629788,9.0311491,9566.88888889,1081.0,1.06545966,0.93856205,10,5,5
1kNfwvnjW9yKonRTvkipQsXtwB,7,5,2,4.36720679,1.58010229,0.87344136,0.79005114,1.26767078,0.11995774,7,7,4,5,0.27842227,6.68213457,12930.0,683.0,2.763876,0.36181073,7,5,2
1kQbziP4SJD8wuW6jEihf24sNG,11,2,9,1.40034513,7.34980303,0.70017256,0.81664478,1.4476623,0.14373692,11,10,3,3,0.42017297,10.08415131,8567.9,833.0,0.19052825,5.24856542,11,2,9
1kVRn9BwcwA8xCskib98evEwwZ,11,5,6,20.97487965,28.23389662,4.19497593,4.70564944,7.8999646,4.04502109,10,11,3,5,2.34268237,56.22437691,1536.7,80.0,0.74289709,1.34608146,11,5,6
1kW6yh6nFyEtkiArnBZaofiarN,11,6,5,4.64305025,4.07288173,0.77384171,0.81457635,1.37471149,0.20719641,11,11,5,6,0.54069479,12.97667503,6658.1,1057.0,1.13999143,0.87719958,11,6,5
1kW7SvV6hJajdPWgANWbQmCDMA,39,20,19,454.82495166,441.94008527,4.99807639,5.0797711,12.73254429,4.22925853,224,38,9,12,8.28037044,198.7288905,434.76315789,2.0,1.02915523,0.97167071,39,20,19
1kcdZzWkuD4YrDB7TSQurzSdy7,6,6,0,39.33821561,0.0,6.55636927,0.0,10.94238195,14.60962982,1,6,1,1,2.25761947,54.18286718,1594.6,365.0,39338215610.0,0.0,6,6,0
1kdR8pV4deZVE5Yu1eZ8ySTbc7,5,5,0,32.69194382,0.0,6.53838876,0.0,11.37381975,7.26509939,1,5,1,1,1.8959842,45.5036208,1898.75,694.0,32691943819.999996,0.0,5,5,0
1kiKJQj3Vn9fSBgzorp2k62VgF,2,2,0,6.24573696,0.0,3.12286848,0.0,3.2256826,0.01057074,1,2,1,1,0.60362173,14.48692153,5964.0,5964.0,6245736960.0,0.0,2,2,0
1kiPoNqFkMJKqw3VqanekTWWmZ,5,4,1,22.51792226,5.73943956,5.62948056,5.73943956,7.58247946,2.82348801,5,5,4,5,1.17589417,28.22146007,3061.5,257.0,3.92336604,0.25488318,5,4,1
1kk9kFfPUqxmW9j6YRsr5natqf,7,3,4,13.04498002,13.42525558,4.34832667,3.35631389,5.8081261,1.94024158,7,7,3,4,1.51302886,36.31269263,2379.33333333,486.0,0.97167461,1.0291511,7,3,4
1kkwchLtdgh8eZmVA4CveZ65E1,9,3,6,32.50504487,97.47110077,10.83501496,16.24518346,26.49875993,34.99366685,9,9,3,4,4.26919656,102.46071746,843.25,39.0,0.33348392,2.99864532,9,3,6
1knHHfp298iTUStYt4va4ZQ2dU,9,5,4,4.40621164,2.36377328,0.88124233,0.59094332,1.20862549,0.11547846,9,9,5,5,0.73098302,17.54359248,4924.875,933.0,1.86405849,0.53646385,9,5,4
1knLvFZinmParxs12egteZUUzk,4,2,2,38.6142198,63.2556484,19.3071099,31.6278242,33.29454144,45.45014155,4,4,3,3,2.200489,52.81173594,1636.0,1256.0,0.61044698,1.63814389,4,2,2
1ko5yqkRa8orhTFTv1Gbdkjk6i,18,15,3,221.68184707,46.46536439,3.69469745,15.4884548,21.32804773,14.05269323,63,18,9,10,3.08888104,74.1331449,1165.47058824,50.0,4.77090517,0.20960383,18,15,3
1koFsNvT68cZmqA1Gvb1kvUwuk,10,4,6,19.35834919,30.28623602,4.8395873,5.047706,7.55007418,4.90248408,10,10,4,4,2.21841835,53.2420404,1622.77777778,70.0,0.63917976,1.5645051,10,4,6
1koSVqfdZ6FUKsSA9N6Xdp4cSH,6,4,2,2.78147218,2.35654381,0.69536805,1.1782719,1.30423677,0.08123477,6,6,4,4,0.21107189,5.06572544,17055.8,2609.0,1.18031847,0.84722897,6,4,2
1kq714Jq1jes37Eas1RfaqJYXq,8,3,5,1.91089147,3.69470456,0.63696382,0.73894091,1.19403179,0.14466274,8,8,3,4,0.30677461,7.36259054,11735.0,6.0,0.51719737,1.93349786,8,3,5
1krGMLkhfm28KPrdgTV2RfC5gN,10,7,3,90.87179961,43.96891493,3.13351033,14.65630498,17.02327887,13.39408167,40,10,6,6,1.82104317,43.70503597,1976.88888889,38.0,2.06672827,0.48385654,10,7,3
1ktSoBvW9gb2Sedj26iU9xWC4H,11,2,9,1.02323251,5.97440151,0.51161626,0.66382239,1.24438099,0.11288213,11,11,2,3,0.49851139,11.96427335,7221.5,1017.0,0.17126946,5.83875263,11,2,9
1kvgh61TQVGytMw6XLNHRdErmn,15,12,3,132.77854365,23.26117413,2.8250754,7.75372471,14.5957026,5.43733728,50,15,8,8,2.47410535,59.3785283,1455.07142857,0.0,5.70816172,0.17518775,15,12,3
1kvhWyvXeqbAmxL3qA78UaAF6E,6,2,4,8.77310499,13.95658699,4.3865525,3.48914675,6.61454761,4.67080082,6,6,2,2,1.19118523,28.5884455,3022.2,977.0,0.6285996,1.59083779,6,2,4
1kyRqFSctzs5QjLym6aQuapfd3,18,15,3,196.42988374,28.51643806,3.32932006,9.50547935,14.03674149,6.37769014,64,18,8,10,2.69378054,64.65073287,1336.41176471,227.0,6.88830363,0.14517362,18,15,3
1m8D2VMTATmETZrgXxwpo4n9aE,8,4,4,1.76330057,2.70117297,0.44082514,0.67529324,0.98556211,0.05519887,8,8,4,3,0.29244517,7.018684,12310.0,1204.0,0.65279069,1.53188459,8,4,4
1mAABnZ2h7qfKHAPcjwpdAnujk,19,16,3,240.90393983,16.41369593,4.46118407,5.47123198,12.30625655,7.0758717,61,19,8,11,3.13755871,75.301409,1147.38888889,20.0,14.6770076,0.06813378,19,16,3
1mAEmkh1LTj7jaJgfm9Tvz7Zog,8,3,5,4.07048175,3.46581612,1.35682725,0.69316322,1.49622365,0.25450861,8,8,4,4,0.2908218,6.97972326,12378.71428571,4611.0,1.17446558,0.85145109,8,3,5
1mAZRTf9dRUCYhbmiCcBYK9CMv,12,5,7,5.37695408,6.3541806,1.07539082,0.90774009,1.46490692,0.09199551,12,12,4,5,0.46107094,11.06570261,7807.90909091,1287.0,0.84620731,1.18174351,12,5,7
1mB59ZxaRzUP9SmcGnK8NzuzNe,6,2,4,0.8255104,1.89561655,0.4127552,0.47390414,1.16485481,0.14607291,6,6,3,3,0.18912132,4.53891171,19035.4,8327.0,0.43548385,2.29629639,6,2,4
1mC3yBKcFVLJrJ5rYBFJPUrNsD,13,11,2,155.13422515,43.6610136,3.52577784,21.8305068,22.23150165,18.75218788,50,12,7,10,2.05137946,49.23310699,1754.91666667,317.0,3.55315217,0.28144024,13,11,2
1mCfhqeg3VS6e8qhZ8pzzLgybE,28,15,13,313.09298168,293.4715074,4.40976031,4.6582779,8.84264316,3.64814915,171,27,8,11,5.68088837,136.34132086,633.7037037,12.0,1.0668599,0.9373302,28,15,13
1mHE37zRNhvPUt9FZcYaZZVoyR,21,15,6,211.54197658,103.07022815,3.52569961,17.17837136,23.51228492,20.01547044,76,21,8,10,3.295647,79.09552799,1092.35,21.0,2.05240621,0.48723298,21,15,6
1mLgHq5gnxX8NmYwqMPY8zSUtF,21,15,6,215.81849789,97.23018631,4.07204713,16.20503105,24.62054592,22.31065786,66,20,9,9,3.38903271,81.33678513,1062.25,25.0,2.21966558,0.45051832,21,15,6
1mMeePegvS532woBF7j7YkXMqF,7,4,3,3.9224736,2.72788869,0.9806184,0.90929623,1.13574259,0.01510569,7,7,5,3,0.26889752,6.45354048,13388.0,4524.0,1.43791556,0.69545113,7,4,3
1mMwZDdGLy3aFQJhuJvAkhXZaP,4,4,0,30.80586674,0.0,7.70146668,0.0,11.42480184,7.12643215,1,4,1,1,3.31085224,79.46045371,1087.33333333,88.0,30805866739.999996,0.0,4,4,0
1mNzSd1ZnrYXUSworts5bF1Rmu,9,3,6,1.69069467,3.76465457,0.56356489,0.62744243,1.44548122,0.13898421,9,9,4,4,0.35509087,8.52218085,10138.25,1188.0,0.44909689,2.22669098,9,3,6
1mZ6vqGsZKnWsNw5GpqHr3WkJg,31,20,11,416.78471987,229.52118687,4.00754538,4.68410585,7.98379389,3.60657937,191,30,9,10,7.6508926,183.6214225,470.53333333,0.0,1.81588779,0.55069482,31,20,11
1mZA9iFZVfrK1AzSA3aPZy5YHm,13,10,3,124.42977325,44.20545728,3.88843041,14.73515243,23.55538551,20.26192613,41,13,8,6,2.18678815,52.48291572,1646.25,343.0,2.8148057,0.35526431,13,10,3
1mfpLosdH4hXeBd4jKtpg2KY69,6,2,4,1.51495711,3.92601064,0.75747856,0.98150266,1.22372649,0.0767398,6,6,3,3,0.24603272,5.90478534,14632.2,2776.0,0.38587698,2.59149953,6,2,4
1mpX8JW3bAXAhEMd3frR4tQsUX,8,6,2,6.80587346,1.17987227,1.13431224,0.58993613,1.45514462,0.23430548,8,8,6,6,0.30973071,7.43353695,11623.0,758.0,5.76831377,0.17336089,8,6,2
1mqs852rXqU3D73sjZe4X8H35L,13,8,5,3.7520755,4.1834078,0.46900944,0.83668156,1.23578481,0.12445504,13,13,6,7,0.48811353,11.71472476,7375.33333333,152.0,0.89689451,1.11495832,13,8,5
1mvTGJiWLhrk6Z1uHyr93kABD1,35,20,15,438.10060684,386.17359554,4.42525865,5.2185621,7.99764634,3.305208,219,34,8,12,7.48578069,179.65873647,480.91176471,35.0,1.13446546,0.8814724,35,20,15
1mvWM8fRXesCydT2NaUPF6JksE,35,16,19,332.62582281,403.16522717,4.37665556,4.63408307,9.31280725,2.70964184,201,35,9,10,7.46432492,179.14379802,482.29411765,4.0,0.82503599,1.21206833,35,16,19
1mvxzf41pGS9jC6x5nrXGrhAhW,18,13,5,172.33100076,73.5526725,3.37903923,14.7105345,23.80584583,17.34300902,66,18,9,10,3.02580837,72.61940077,1189.76470588,17.0,2.34296042,0.42681045,18,13,5
1mwU3kG7T7FjL1pYeg9tkp6RyJ,12,10,2,45.10559074,12.67013316,4.51055907,6.33506658,7.96415714,2.37659705,12,12,6,8,3.21246045,77.09905086,1120.63636364,97.0,3.55999342,0.2808994,12,10,2
1mx5exi8p2N1wYy7eW3fPYKqLP,34,23,11,465.95678724,231.25043568,3.88297323,4.71939665,8.10995311,2.2851729,207,32,9,11,7.58814512,182.11548288,474.42424242,0.0,2.01494447,0.49629159,34,23,11
1mz9H4ZgsFhP6nmxyFDpq7PWdC,37,19,18,374.28263024,415.921697,4.20542281,4.95144877,10.36710459,3.68996811,207,37,9,12,9.6392711,231.34250651,373.47222222,2.0,0.89988725,1.11125033,37,19,18
1n5M8JeWVYTJd6GSo6TwPVTvP9,1000,0,1000,0.0,6578.5510609,0.0,6.57855106,11.99256054,10.22524917,255,551,1,1,288.01153199,6912.27676784,12.4994995,0.0,0.0,6578551060900.0,1000,0,1000
1n7dvwBf3BCr5zQruLyuGg3JHb,23,17,6,279.1995671,100.18162542,4.29537796,16.69693757,23.46664806,18.54181035,78,23,7,10,4.6585495,111.80518793,772.77272727,0.0,2.78693389,0.35881727,23,17,6
1nBFobxNiA39GkC2d7Hm15UgDF,16,13,3,168.27092087,53.50605608,3.17492304,17.83535203,23.26082507,14.18641476,62,16,5,9,2.78752839,66.9006814,1291.46666667,277.0,3.14489486,0.31797565,16,13,3
1nDSt38mbSFdfHPH7uEorcHMF7,18,16,2,258.06979711,38.47357736,4.03234058,19.23678868,22.33979798,10.9142063,64,18,9,7,2.80528053,67.32673267,1283.29411765,15.0,6.70771513,0.14908206,18,16,2
1nFFYQ3JYznnfE1DuhS8xJdZYB,7,4,3,2.32411992,2.76328236,0.58102998,0.92109412,1.46243234,0.21654677,7,7,3,4,0.32505154,7.801237,11075.16666667,2415.0,0.84107218,1.1889586,7,4,3
1nFdxevtazvuB8Mds21Wmu8Ex9,9,4,5,9.52319273,28.34339824,2.38079818,5.66867965,7.77907061,6.13141506,9,9,4,5,3.25607688,78.14584511,1105.625,22.0,0.33599333,2.97624957,9,4,5
1nJGJ1r61CSiQNWRmLWQTwiwrv,34,20,14,443.17123438,350.32637027,4.7145876,4.86564403,9.52540426,4.16099327,205,34,9,12,8.07065217,193.69565217,446.06060606,26.0,1.26502391,0.79049889,34,20,14
1nLqNWTAVxHMrxk76R1cdzwPad,5,3,2,12.87375026,11.75796361,4.29125009,5.87898181,7.7069582,4.35865516,5,5,4,4,1.17445559,28.18693418,3065.25,1768.0,1.09489625,0.91332855,5,3,2
1nM5nEYEdhg13REzm8K1zGjuvN,8,5,3,5.8474617,2.59953547,1.16949234,0.86651182,1.40402981,0.08325743,8,8,5,5,0.3232344,7.75762551,11137.42857143,123.0,2.24942563,0.44455793,8,5,3
1nQABuvK9kRknQDrWgDmC9v6e5,17,16,1,203.78396185,16.75852369,3.1841244,16.75852369,16.75852369,6.63792778,65,16,7,9,2.52631579,60.63157895,1425.0,30.0,12.16001872,0.08223672,17,16,1
1nQnPoRuAyZLfYQRsPoVbmFvtF,33,19,14,378.87959176,318.26547134,4.163512,4.68037458,7.68566854,2.44013343,199,33,9,11,6.72229678,161.33512283,535.53125,9.0,1.19045145,0.84001746,33,19,14
1nSDtZjPhwstSysHTo5KdVJMfY,19,15,4,193.74809511,66.78437702,3.58792769,16.69609425,23.26029466,18.59201935,64,18,8,10,3.13801453,75.31234867,1147.22222222,22.0,2.90109909,0.34469695,19,15,4
1nTLcQn6k3395ZAL5nH2b6V39a,9,5,4,33.15973847,4.74764701,6.63194769,1.18691175,7.23032981,7.44523972,8,9,3,5,2.37780713,57.0673712,1514.0,120.0,6.98445744,0.14317504,9,5,4
1nUm67eNNpF2fGYEo8vDHk4FYY,2,2,0,14.07492757,0.0,7.03746378,0.0,9.92048071,8.31178659,1,2,1,1,3.23159785,77.55834829,1114.0,1114.0,14074927569.999998,0.0,2,2,0
1nVHb1RS75mzCzTsp9o3iF4Rev,4,1,3,0.69999449,14.10448707,0.69999449,4.70149569,7.55434869,7.03253358,4,4,2,2,1.28494943,30.83878644,2801.66666667,821.0,0.04962921,20.14942585,4,1,3
1nVRBQAix3yB6F87UWdPoKBazp,7,4,3,17.38309914,11.76933765,4.34577478,3.92311255,5.40126815,1.03548878,7,7,4,4,1.38479292,33.23503013,2599.66666667,451.0,1.47698194,0.67705635,7,4,3
1nXEBHFYq3Dkxhg6dj3MTSqMkt,38,21,17,435.92457139,383.82056645,4.27377031,4.68073862,10.41403093,3.40384774,224,38,9,12,8.03426021,192.82224501,448.08108108,9.0,1.13575095,0.88047472,38,21,17
1ncNpVCFhNh46gJWEYYdU9SkDZ,4,4,0,25.54672684,0.0,6.38668171,0.0,10.62757048,6.03602115,1,4,1,1,1.03966115,24.95186754,3462.66666667,1688.0,25546726839.999996,0.0,4,4,0
1ne3cLPHasAR9VXzEF7xCNa79j,35,20,15,405.54815742,304.07767201,4.26892797,4.47173047,8.53783717,2.94520672,198,35,9,10,7.85673021,188.56152513,458.20588235,1.0,1.33369923,0.74979424,35,20,15
1ne5kZ4tLFZzLmG3reXdYNrRZn,45,18,27,343.00008379,636.49380565,3.81111204,4.82192277,9.39899672,3.75815668,244,45,9,10,10.00505306,240.12127337,359.81818182,24.0,0.5388899,1.85566662,45,18,27
1neS9UJCBAfXNZe5V4tnyyHooQ,6,2,4,2.29045125,2.64736497,1.14522563,0.66184124,1.29377516,0.15462589,6,6,2,3,0.19174638,4.6019132,18774.8,2411.0,0.86518152,1.15582681,6,2,4
1ngymJzLEcpa9RveVSdJ8GkRRY,37,21,16,466.63605041,359.78934812,4.4868851,4.73407037,12.99954584,3.84559345,199,37,9,12,8.8289393,211.89454323,407.75,0.0,1.29697017,0.77102776,37,21,16
1nm7RTGrRUCqAaJQvML5Kq1bhN,4,4,0,23.81288709,0.0,5.95322177,0.0,10.05328323,14.52170484,1,4,1,1,1.93583079,46.45993906,1859.66666667,130.0,23812887090.0,0.0,4,4,0
1nn81f6yAyeJHypFo7suJmit5J,9,3,6,9.55277797,21.87466609,3.18425932,3.64577768,7.33629323,4.30547975,9,9,3,4,5.99500416,143.88009992,600.5,74.0,0.43670509,2.28987486,9,3,6
1nqRYeAL7NX6BiWximTDphcFMJ,22,16,6,208.4996128,75.5216617,3.30951766,12.58694362,20.11195502,13.26674408,76,21,7,9,3.67722165,88.25331971,979.0,2.0,2.76079218,0.36221488,22,16,6
1nr3yTuYh4xGzfFERVwkYWHLw7,4,3,1,96.74747602,39.57152293,32.24915867,39.57152293,39.57152293,26.53627299,4,4,4,3,1.22102883,29.30469192,2948.33333333,342.0,2.44487624,0.40901866,4,3,1
1nrviq9wfkTsMVXxp9HCkeuMtK,5,4,1,1.80294273,0.11167731,0.45073568,0.11167731,0.78451996,0.08460291,5,5,3,4,0.23486047,5.63665128,15328.25,4208.0,16.14421703,0.06194168,5,4,1
1nsJEWzTE8aMQdSY2Yu8UqgvHH,1,1,0,1.11897372,0.0,1.11897372,0.0,1.11897372,0.0,1,1,1,1,0.0,0.0,0.0,0.0,1118973720.0,0.0,1,1,0
1nu8jFTtNo8XkXXEeBivT2G39d,4,2,2,0.88085083,0.7224936,0.44042541,0.3612468,0.71625851,0.04439866,4,4,3,3,0.10718965,2.57255151,33585.33333333,15771.0,1.2191815,0.82022242,4,2,2
1nuHByUwj92EW4ZWuzbwB76T4v,11,4,7,2.03407345,3.81967248,0.50851836,0.5456675,1.27272838,0.13809669,11,11,3,5,0.50299,12.07175991,7157.2,2016.0,0.53252562,1.87784393,11,4,7
1nvPSoBMXmS954ohf3Aa2PWqxe,9,8,1,214.14592923,12.06611863,26.76824115,12.06611863,37.4025436,120.73019644,9,9,6,7,2.9894125,71.74589994,1204.25,11.0,17.74770627,0.05634531,9,8,1
1nwUQRQ1KPPLVxc6EoyVpTtVKB,6,4,2,2.70068495,1.0323087,0.67517124,0.51615435,1.29275298,0.1516197,6,6,3,3,0.32838925,7.88134202,10962.6,3375.0,2.61616021,0.38223959,6,4,2
1nxkarpdodFjxNaammg7UjoGXP,7,3,4,1.52515844,4.10118963,0.50838615,1.02529741,1.39745397,0.21259429,7,7,3,3,0.28047577,6.73141848,12835.33333333,4060.0,0.37188196,2.6890253,7,3,4
1nz1Wt7d59frtJGsmGW4CUQVa7,3,3,0,28.88720612,0.0,9.62906871,0.0,10.92924888,0.90464995,1,3,1,1,0.85429521,20.50308495,4214.0,3324.0,28887206120.0,0.0,3,3,0
1o2eZB8Qnis3RyhHrbg4f4j7iv,13,7,6,5.78526638,4.40205857,0.82646663,0.73367643,1.41056473,0.2117001,13,13,5,4,0.57687685,13.84504447,6240.5,265.0,1.3142184,0.76090854,13,7,6
1o3e4aufeG5cVa8o1tLwub3Cai,27,22,5,354.69698182,63.8890746,4.17290567,12.77781492,19.45323834,10.15425826,86,26,9,11,4.05862458,97.40698985,887.0,46.0,5.55176271,0.18012297,27,22,5
1o4rKwysXH7A1c7b1DUafEZhAP,1,1,0,10.07759678,0.0,10.07759678,0.0,10.07759678,0.0,1,1,1,1,0.0,0.0,0.0,0.0,10077596780.0,0.0,1,1,0
1o5zmVvdp3hs2xMDj59T2QMmwY,42,16,26,347.69667375,669.77252197,4.63595565,5.23259783,8.51709013,3.03107843,234,37,8,12,9.37380922,224.97142131,384.04878049,3.0,0.51912651,1.92631271,42,16,26
1oBENf2RAYk2rexnKuw3yok7JL,35,16,19,338.26282135,466.54664946,4.63373728,5.01663064,12.10193055,5.19457828,194,35,9,12,7.25634337,174.15224093,496.11764706,15.0,0.72503537,1.37924306,35,16,19
1oCdnCYUKw2MJvXkGgbUCA5H4P,14,11,3,161.28844674,37.5560975,3.84020111,12.51869917,20.85525925,13.99933613,51,14,6,7,2.27416298,54.57991156,1583.0,7.0,4.29460081,0.23285051,14,11,3
1oCtKwLJwVKcf1rJYU2VpbTx9r,16,12,4,168.09596988,48.10045957,3.50199937,12.02511489,24.15592539,11.82809338,59,16,9,8,2.94037571,70.56901715,1224.33333333,152.0,3.49468532,0.2861488,16,12,4
1oFbRDDajGdhCcpcTp7rhdPkWm,16,7,9,4.49690739,7.54788396,0.64241534,0.83865377,1.4401053,0.17143338,16,16,5,7,0.66199186,15.88780464,5438.13333333,676.0,0.59578385,1.67846106,16,7,9
1oG347XyaxJwS9ipxYoLxqimBt,2,2,0,18.11202373,0.0,9.05601187,0.0,9.58624449,0.28114664,1,2,1,1,0.84646132,20.31507171,4253.0,4253.0,18112023730.0,0.0,2,2,0
1oJ3sVQT3AGrx84oULr3VrfYBe,5,5,0,38.44955538,0.0,7.68991108,0.0,10.50669874,3.82511588,1,5,1,1,2.45524297,58.9258312,1466.25,100.0,38449555380.0,0.0,5,5,0
1oQZzvWvcmjoGjX54vmMDepmAP,5,5,0,21.45205635,0.0,4.29041127,0.0,6.82832786,2.40338597,1,5,1,1,1.56538754,37.56930101,2299.75,61.0,21452056350.0,0.0,5,5,0
1oRakgxhkFTGdAULfNVb9Ei9eb,5,2,3,1.77230244,3.31464149,0.88615122,1.1048805,1.37245167,0.12645106,5,5,3,3,0.76992996,18.47831899,4675.75,2149.0,0.53468903,1.87024597,5,2,3
1oTEqBeK1FvsZuo2LEYH6hBUgz,29,15,14,308.40592093,327.45891807,4.97428905,4.96149876,9.9566535,4.59909383,176,27,9,11,6.25387765,150.09306366,575.64285714,13.0,0.94181561,1.06177896,29,15,14
1oVJk655XkESW1EnaUAPSiWxU7,9,3,6,6.49660402,21.90980723,2.16553467,3.65163454,7.01417612,4.9371358,9,9,4,3,2.13729128,51.29499072,1684.375,224.0,0.2965158,3.37250157,9,3,6
1oYs24xz6MfLx5zTzQjjy6Svov,9,4,5,4.15444446,4.09763138,1.03861111,0.81952628,1.47834916,0.20226093,9,9,5,4,0.31517778,7.56426672,11422.125,15.0,1.01386486,0.98632475,9,4,5
1odfhVWAABAmULxRok6qMGG31A,4,3,1,71.55293359,10.4263982,23.85097786,10.4263982,34.81681541,140.92773664,4,4,3,3,2.23048327,53.53159851,1614.0,1268.0,6.86267033,0.14571587,4,3,1
1og4A9G5k8SXhckV2RhuXhUENG,12,9,3,123.57783934,36.30826052,3.86180748,12.10275351,16.04593218,12.13736166,42,12,7,10,2.19026549,52.56637168,1643.63636364,182.0,3.40357367,0.29380883,12,9,3
1ois8xQMTRjakJVjDwhAERPDxj,4,2,2,2.55460882,2.65987168,1.27730441,1.32993584,1.41088888,0.01012297,4,4,3,3,0.34457455,8.26978911,10447.66666667,3511.0,0.96042559,1.04120508,4,2,2
1oj94hXME5kvuEnRcQfD7Qrqn9,12,5,7,10.21562521,25.9754111,2.04312504,3.71077301,5.47477241,2.58433937,12,12,3,6,2.87727966,69.05471191,1251.18181818,3.0,0.3932806,2.54271379,12,5,7
1onn9Y559A7aBnG6qQPN6TNq5Y,5,2,3,2.8029447,1.74946719,1.40147235,0.58315573,1.43203349,0.33455427,5,5,2,3,0.24637284,5.91294826,14612.0,4039.0,1.60217049,0.6241533,5,2,3
1oqBm3QfsUHAQKfVb4RJFX6gvi,40,20,20,415.41247231,483.01273092,4.774856,4.92870134,9.34148098,3.17674148,221,39,9,11,9.52380952,228.57142857,378.0,4.0,0.86004456,1.16273045,40,20,20
1oyGbbwUNhN2rpy3nzew6mQfPo,2,2,0,17.47803326,0.0,8.73901663,0.0,10.98014193,5.02264261,1,2,1,1,0.72609923,17.42638161,4958.0,4958.0,17478033260.0,0.0,2,2,0
1oyPWmeX67Kxf6WfvKT5ixg4Re,3,2,1,34.38855999,7.7675382,17.19428,7.7675382,25.44437787,65.12351238,3,3,3,3,1.53944836,36.94676074,2338.5,2198.0,4.42721479,0.22587565,3,2,1
1oyRECtnHv2M73tpyATQaFxbVh,8,5,3,19.11552886,13.89693559,3.82310577,4.63231186,7.55369069,6.73235714,8,8,5,5,2.28778938,54.90694507,1573.57142857,64.0,1.37552115,0.72699718,8,5,3
1p1AbUYz6stmiA41XC39KvQkku,5,2,3,2.04799912,2.95697036,1.02399956,0.98565679,1.45371941,0.08111514,5,5,2,3,0.3214501,7.71480233,11199.25,10011.0,0.69260049,1.4438338,5,2,3
1p1rx2BeNswXDsa17yy25CwKtP,9,7,2,36.25384246,2.75025449,5.17912035,1.37512724,7.89821992,5.2988102,9,9,5,7,2.10803689,50.59288538,1707.75,78.0,13.18199555,0.07586105,9,7,2
1p3kkTxaXxR5sTHynb8nrfibn2,12,6,6,5.02436667,5.92424423,0.83739445,0.98737404,1.41864675,0.13278373,12,12,7,5,0.43409153,10.41819677,8293.18181818,255.0,0.84810256,1.17910268,12,6,6
1p5RzxE9xELUunjXBfdLeDZnkW,12,4,8,2.4260827,6.03854458,0.60652067,0.75481807,1.28589935,0.11868441,12,12,4,4,0.36771534,8.82516807,9790.18181818,2461.0,0.40176613,2.4890102,12,4,8
1p88dGse61Gwb9wdXL9ixMP8Go,20,19,1,232.1098589,21.18661637,3.31585513,21.18661637,21.18661637,8.94041502,67,20,9,9,3.34098569,80.18365652,1077.52631579,79.0,10.95549449,0.0912784,20,19,1
1pAVfr3jZrDrEoM3d1ANxHCPWD,6,4,2,2.79589129,2.42726678,0.69897282,1.21363339,1.46332929,0.1953951,6,6,5,5,0.18723086,4.49354054,19227.6,8562.0,1.15186815,0.86815492,6,4,2
1pCYaRc8HrHnVEgKmYD89w5VCz,7,4,3,3.60686339,3.0793352,0.90171585,1.02644507,1.46676493,0.0976959,6,7,4,4,0.34269939,8.22478542,10504.83333333,1453.0,1.17131236,0.85374323,7,4,3
1pDov5zz9aL4EFGeqeXW7bys4M,6,2,4,1.9417877,3.2911161,0.97089385,0.82277902,1.31726806,0.12762683,6,6,3,3,0.30935808,7.42459397,11637.0,976.0,0.59000887,1.69488977,6,2,4
1pGitavmzrhGHxv62UQrWuz9go,3,0,3,0.0,84.15160547,0.0,28.05053516,39.26099096,135.79123517,3,3,1,1,2.1719457,52.12669683,1657.5,776.0,0.0,84151605470.0,3,0,3
1pGkYgHPhWXzAWbyQFAKhoCRHy,16,8,8,6.44443532,4.72116528,0.80555442,0.59014566,1.37540008,0.12662281,16,16,5,4,0.6514265,15.63423608,5526.33333333,84.0,1.36500947,0.73259565,16,8,8
1pJGF9p7kpzb6eU326EFZf2cDn,3,2,1,1.15587648,0.48333589,0.57793824,0.48333589,0.98801604,0.114098,3,3,3,3,0.12086418,2.90074029,29785.5,5115.0,2.39145593,0.41815531,3,2,1
1pKoHNGatNijUQGNCDxk9TU3hk,24,20,4,222.11367933,44.51027221,2.74214419,11.12756805,18.7714417,7.76189374,83,23,8,9,4.67347745,112.16345882,770.30434783,0.0,4.99016673,0.20039411,24,20,4
1pLWorGSM13oDAfd2d3nh4ULvW,22,20,2,297.94739733,26.83093442,4.19644222,13.41546721,19.98725256,7.02899185,74,21,8,11,3.25175276,78.04206633,1107.0952381,83.0,11.10462247,0.09005259,22,20,2
1pLdWSgiXgepaVmCPSjeUirL55,35,15,20,311.37100239,486.48309852,3.99193593,4.81666434,7.9365396,2.94280619,211,35,9,12,8.29718004,199.13232104,433.88235294,0.0,0.64004485,1.56239051,35,15,20
1pMXswhhzuRn4iFSwVEER5JCHX,40,14,26,344.25065509,617.22980869,5.13806948,4.64082563,9.82459035,4.16846425,233,40,9,12,8.23701965,197.68847169,437.05128205,27.0,0.55773498,1.79296626,40,14,26
1pNVYpPbHjYHQW1uPLnNzarjwx,4,2,2,2.42456815,1.03772626,1.21228407,0.51886313,1.30662426,0.20178124,4,4,3,3,0.31678986,7.60295671,11364.0,7346.0,2.33642362,0.42800457,4,2,2
1pQRYLie5Ty38RdBDqUHrqoPZn,5,2,3,1.96118205,2.95841722,0.98059103,0.98613907,1.45215579,0.309384,5,5,2,3,0.37252619,8.94062864,9663.75,1057.0,0.66291598,1.50848679,5,2,3
1pSmL1BuY175rmTaTiKoUBCQCn,8,5,3,3.98398059,2.07747356,0.79679612,0.69249119,1.22158044,0.1453783,8,8,5,6,0.27317665,6.5562397,13178.28571429,270.0,1.91770459,0.52145675,8,5,3
1pSqvRrVbF2QQYEW7DbwwaXpKu,19,11,8,186.61815219,111.96148848,5.04373384,13.99518606,19.70324283,18.66100838,59,18,6,7,2.72097418,65.30338022,1323.05555556,100.0,1.66680664,0.59994961,19,11,8
1pSstwbKhALkysxoiQ1cxcA831,9,4,5,1.88687256,4.28237061,0.47171814,0.85647412,1.46661612,0.19283985,9,9,4,5,0.49603004,11.9047209,7257.625,110.0,0.44061403,2.26956007,9,4,5
1pTa8p5XVrQZe7VZFg3osxjaLW,6,3,3,2.58850724,3.22475357,0.86283575,1.07491786,1.23714159,0.04162241,6,6,4,3,0.22468825,5.39251788,16022.2,3462.0,0.80269924,1.24579662,6,3,3
1pVQx5EZXWj59sEfb6bdFgWiht,9,3,6,9.0247812,20.01427669,3.0082604,3.33571278,5.43525635,2.03331522,9,9,3,4,2.2349837,53.63960888,1610.75,529.0,0.45091718,2.21770215,9,3,6
1paRUzgHo3ZUrtQtKCKGocCRg9,19,16,3,217.01574023,71.23820933,3.67823289,23.74606978,24.26770485,26.55288278,64,19,8,7,3.11943388,74.86641313,1154.05555556,60.0,3.04633907,0.32826287,19,16,3
1peBRuzWXhPt2JS7ySiBjAkhZh,34,16,18,313.7769409,428.12654998,3.64856908,4.9782157,7.99398003,2.88331259,199,34,9,11,7.00389105,168.09338521,514.0,0.0,0.73290699,1.36442961,34,16,18
1peGG4jzaFhF47TNnX7kr91cBT,4,3,1,1.76448785,1.16947704,0.58816262,1.16947704,1.16947704,0.14015442,4,4,4,3,0.37901386,9.09633269,9498.33333333,3795.0,1.50878366,0.66278554,4,3,1
1pg6ycX9Jo373YZFiPUXLswyF2,9,5,4,3.63516505,4.67708908,0.72703301,1.16927227,1.4262844,0.15212838,9,9,4,5,0.42551305,10.21231328,8460.375,329.0,0.7772281,1.28662358,9,5,4
1pkmreLGkhfZaHJAWcdPAkGU6s,11,5,6,27.96172156,13.32071052,5.59234431,2.22011842,7.48487932,5.52644863,11,11,3,6,2.83464567,68.03149606,1270.0,447.0,2.09911637,0.47639093,11,5,6
1pmBxD5zg25V4mtRUuaRGuV97m,4,1,3,19.5247815,101.14487383,19.5247815,33.71495794,36.48216271,43.09925352,4,4,2,2,1.50627615,36.15062762,2390.0,348.0,0.19303778,5.1803332,4,1,3
1pmPe2nmPddAdDvtyYbLCY364F,6,6,0,3.69147186,0.0,0.61524531,0.0,1.10212462,0.11888331,6,6,3,5,0.32335136,7.76043257,11133.4,3856.0,3691471860.0,0.0,6,6,0
1pnMMHj4nKCiG8SgYfAonp4pUV,21,18,3,276.6292368,31.84369304,4.12879458,10.61456435,13.33192927,6.95556652,71,19,8,8,2.9685825,71.24598004,1212.7,2.0,8.68709658,0.11511326,21,18,3
1ppeR8o2RtxfhTGpVLf7ytAtws,8,6,2,23.9768525,5.04244542,3.99614208,2.52122271,7.41444577,3.90064012,8,7,5,5,2.6734564,64.16295353,1346.57142857,474.0,4.75500486,0.21030473,8,6,2
1pqyXNFUPmeoRxqb4WcPuhBQHZ,9,6,3,3.05728487,1.18134591,0.50954748,0.39378197,0.91014569,0.08387933,9,9,5,5,0.29470754,7.07298105,12215.5,472.0,2.58796754,0.38640361,9,6,3
1psQ4aTCwbTbMRKhELVR4kkaux,5,5,0,32.45023157,0.0,6.49004631,0.0,11.08189322,9.84329397,1,5,1,1,1.31350908,31.52421782,2740.75,378.0,32450231569.999996,0.0,5,5,0
1puN5cCXMPEzdJCpkDYpDGpGxH,7,6,1,4.07989199,1.15316313,0.679982,1.15316313,1.44130625,0.24043076,7,7,5,5,0.20666692,4.96000612,17419.33333333,856.0,3.53800073,0.2826455,7,6,1
1pwMthMw2wjhLd99v8mW4HiwcU,24,22,2,324.31172147,9.54018175,3.95502099,4.77009088,10.46283057,4.82638991,85,24,9,7,3.47519516,83.40468396,1035.91304348,7.0,33.99429172,0.0294167,24,22,2
1q3p3Wr9kj1J2rqgLYq58sCKS7,15,6,9,29.33996892,45.66980244,4.88999482,5.07442249,7.50600884,3.70409924,15,14,5,5,3.32256576,79.74157822,1083.5,168.0,0.64243696,1.55657297,15,6,9
1q4GTiDh1QRfNiiqTCMh3keRgL,42,22,20,506.48286176,445.99723182,5.27586314,4.6947077,10.45503653,4.07586009,230,40,9,11,9.08028299,217.92679176,396.46341463,0.0,1.13561885,0.88057714,42,22,20
1q583HbwNVcnTV8ARMtXmBcv5c,6,6,0,34.88177854,0.0,5.81362976,0.0,10.00783035,5.75951088,1,5,1,1,2.56191289,61.48590948,1405.2,235.0,34881778540.0,0.0,6,6,0
1q6A4QcscTdimLaPEm4WHaWc5t,39,18,21,386.26762176,437.98603911,4.43985772,4.33649544,8.94742814,3.08619117,206,38,8,12,8.56338028,205.52112676,420.39473684,0.0,0.88191766,1.13389271,39,18,21
1q6DFFJJEXjTvXjtEkJbs7K3ud,16,14,2,169.16784155,41.46182125,3.19184607,20.73091062,24.98213935,14.92543756,57,15,7,8,2.50591675,60.14200195,1436.6,74.0,4.08008709,0.24509281,16,14,2
1q6aoSuK8XR5hhhnFv2ADTHq8m,8,3,5,11.30120026,18.18996035,3.76706675,3.63799207,7.88343686,6.59645251,8,8,4,3,1.83219427,43.9726625,1964.85714286,148.0,0.62128779,1.60956004,8,3,5
1q8SuyyD6cwYD9a3XX78F3vRC6,7,5,2,5.77315045,1.18693177,1.15463009,0.59346589,1.49373309,0.26884803,7,7,5,3,0.30266089,7.26386145,11894.5,2566.0,4.86392781,0.20559516,7,5,2
1q8vpi8sggYUHNFJgTPsM5rPri,14,13,1,176.93985521,4.98643535,3.5387971,4.98643535,11.81092906,5.17314114,48,14,7,9,2.52019386,60.48465267,1428.46153846,45.0,35.48423729,0.02818153,14,13,1
1qAWMjXfJs4WoJ2FEwVHHghega,17,14,3,163.62640768,30.7984031,2.97502559,10.26613437,23.59242727,11.14739356,65,17,9,9,3.02584577,72.62029838,1189.75,47.0,5.31282116,0.18822392,17,14,3
1qJQVz36SMAVT6FTjc5Lezc49P,17,13,4,192.09983831,50.77486796,3.49272433,12.69371699,20.92643219,12.22318905,68,17,8,6,3.17460317,76.19047619,1134.0,165.0,3.78336461,0.264315,17,13,4
1qKZgs3MRX3ZUW23f41jHyGRPh,10,4,6,2.7063949,2.78592795,0.67659872,0.46432133,1.15541093,0.13449068,10,9,4,3,0.3499676,8.39922229,10286.66666667,760.0,0.97145186,1.02938708,10,4,6
1qPfLxp1dKBjdK5uCMdVggpue3,1,1,0,11.44285763,0.0,11.44285763,0.0,11.44285763,0.0,1,1,1,1,0.0,0.0,0.0,0.0,11442857630.0,0.0,1,1,0
1qQu7BubHsxcERwfMrsQevQbBY,49,25,24,544.96075653,539.4018167,4.86572104,4.90365288,10.35495844,3.89798819,251,46,9,11,10.3690369,248.85688569,347.1875,0.0,1.01030575,0.98979938,49,25,24
1qR5HxS26YjHr6fRL2zo44uoeA,22,9,13,186.85170935,270.8655462,4.79106947,4.51442577,11.5777202,3.94738552,130,22,9,9,5.30712531,127.37100737,678.33333333,21.0,0.68983196,1.44962841,22,9,13
1qWJDovAPyRtkXK2ussmNER9M6,5,3,2,10.07182621,10.8164687,3.3572754,5.40823435,7.55712351,5.44696564,5,5,3,4,1.35249366,32.45984784,2661.75,959.0,0.9311566,1.07393321,5,3,2
1qWN1wthhB2hgBCNC8CrruFc1C,42,23,19,525.74548861,449.52730646,4.53228869,4.83362695,7.9918546,2.66293901,228,42,9,12,9.3429548,224.23091531,385.31707317,24.0,1.16955184,0.85502837,42,23,19
1qcWqvSWWxjUw41RJFLMivnetn,14,12,2,149.35055054,31.40052921,3.31890112,15.70026461,22.75048773,11.78924181,50,14,7,7,2.55835566,61.40053572,1407.15384615,147.0,4.7563068,0.21024716,14,12,2
1qjmhapDq1uHEJABefxjvYbQE9,8,4,4,70.90137701,81.18905922,17.72534425,20.29726481,35.35176028,128.01505076,8,8,5,4,3.89550162,93.49203896,924.14285714,261.0,0.87328733,1.14509848,8,4,4
1qn9jAVVrNLVrvVhYYJQdxCQKy,12,6,6,30.17630284,22.31003245,5.02938381,3.71833874,7.04418021,2.99951553,12,12,4,6,2.73291925,65.59006211,1317.27272727,17.0,1.35258893,0.73932292,12,6,6
1qnh3qnvW8couAv7hwbB6tRj2y,40,16,24,364.6761961,501.47334341,4.73605449,4.51777787,7.98428273,2.80882024,217,40,9,11,8.30670927,199.36102236,433.38461538,35.0,0.72720953,1.37511949,40,16,24
1qooHwaetqMoGcBndKL5enq8HW,20,13,7,179.7951866,92.49277324,3.66928952,13.21325332,18.75461395,19.03137619,63,20,8,11,3.77254426,90.54106227,954.26315789,15.0,1.94388362,0.51443409,20,13,7
1qp6pC1BBKh7YNS5RZ3zfNUHjv,4,2,2,5.92231599,8.11848185,2.961158,4.05924093,5.8329533,3.51077307,4,4,3,3,0.71268312,17.10439488,5051.33333333,1629.0,0.72948565,1.37082889,4,2,2
1qqMVHhhJRQmECQkuMJK58a7tr,19,16,3,202.6643442,26.79765685,3.75304341,8.93255228,16.74004246,7.59713485,58,19,8,8,3.16761989,76.02287725,1136.5,22.0,7.56276362,0.1322268,19,16,3
1qtBmUNJAEqN76R7PwPfHt3oWb,7,4,3,3.10331809,3.13727212,0.77582952,1.04575737,1.3342196,0.12472767,7,7,5,4,0.35714286,8.57142857,10080.0,2245.0,0.98917721,1.0109412,7,4,3
1qtFJbi2iK9KXexT4h2o4dK1f5,22,19,3,274.96180402,58.03792894,3.87270147,19.34597631,24.75817855,14.17428173,74,21,7,10,3.30954778,79.42914678,1087.76190476,50.0,4.7376226,0.21107633,22,19,3
1qv7h1ZLaU63RorTp3pjs4CxRz,4,4,0,29.07796731,0.0,7.26949183,0.0,11.34145134,11.31009144,1,4,1,1,3.03712036,72.89088864,1185.33333333,54.0,29077967310.0,0.0,4,4,0
1qvvXVaMtJQEdpvi3oPVngbRR9,36,21,15,409.73729966,307.59134138,4.05680495,4.27210196,11.14614274,4.20892021,213,35,9,11,7.66004012,183.84096298,469.97142857,1.0,1.33208333,0.75070378,36,21,15
1qwVMd82hQwiUosEszoeijuTY3,6,6,0,37.09354202,0.0,6.182257,0.0,10.24178874,6.32036804,1,6,1,1,2.09107807,50.18587361,1721.6,499.0,37093542020.0,0.0,6,6,0
1r786kjYg1qwb3wXQgMYzyzdxJ,11,8,3,5.23870821,1.52413458,0.65483853,0.50804486,1.02290308,0.07535551,11,11,7,8,0.46669,11.20056003,7713.9,658.0,3.43716905,0.2909371,11,8,3
1r8MF7GpTxDRzF5XeY4yUAEgWC,13,7,6,6.23122024,4.74096599,0.89017432,0.790161,1.37868247,0.12761879,13,12,5,5,0.45480865,10.9154077,7915.41666667,419.0,1.31433557,0.7608407,13,7,6
1r9hKNL9AHpfABKG2AFm9rm412,32,21,11,436.18701679,255.91620554,4.64028741,4.56993224,10.8000761,4.49672691,186,32,8,11,7.59700477,182.32811436,473.87096774,27.0,1.70441343,0.58671211,32,21,11
1r9wF2XAJzocYRH7CT7zEjxdQu,4,4,0,33.18622346,0.0,8.29655587,0.0,11.0959519,4.44213878,1,4,1,1,1.46321637,35.11719279,2460.33333333,52.0,33186223460.0,0.0,4,4,0
1rBdho9myWAuJD2pUYXYgaFjRW,27,9,18,184.63557274,403.69233534,3.84657443,4.80586113,7.8682068,2.90594972,172,27,7,10,6.00230858,144.05540593,599.76923077,5.0,0.45736705,2.18642773,27,9,18
1rHZFzRQTX1Wh7ehm1PSjwMYtK,1,1,0,11.94865423,0.0,11.94865423,0.0,11.94865423,0.0,1,1,1,1,0.0,0.0,0.0,0.0,11948654230.0,0.0,1,1,0
1rNJEuAYy8SiDo4yimoDGMzTwi,15,12,3,122.10902366,26.17577794,2.77520508,8.72525931,15.06302127,6.79466738,51,14,8,9,2.71317829,65.11627907,1326.85714286,129.0,4.66496254,0.21436399,15,12,3
1rRPMYUXmTfshN9tiGRTcYbbYb,9,3,6,1.62106401,4.50432375,0.54035467,0.75072063,1.34887029,0.1220258,9,9,4,4,0.43277683,10.38664403,8318.375,42.0,0.35989065,2.77862177,9,3,6
1rRR21ebsow1yxNYtbETif3mE2,10,8,2,20.50538962,8.031644,2.5631737,4.015822,5.33056895,1.63424757,10,10,5,7,2.29072398,54.97737557,1571.55555556,32.0,2.55307501,0.39168454,10,8,2
1rRR8HyBrrb3ftY1B1fqvWen1f,8,4,4,74.62166396,75.47887222,18.65541599,18.86971805,34.19176609,112.12055333,6,7,4,4,2.39657632,57.51783167,1502.14285714,11.0,0.98864307,1.01148739,8,4,4
1rSxZu1jxbWT4DaQgqYhVq4EJc,9,6,3,4.66825148,2.55701756,0.77804191,0.85233919,1.49624531,0.11831238,9,9,5,5,0.43102158,10.34451794,8352.25,3742.0,1.82566266,0.54774632,9,6,3
1rTEUemjwZNzs5RWypxTixQPgg,33,22,11,485.95113522,285.59535376,4.26272926,5.09991703,10.41403093,3.18926491,198,33,8,12,6.76731481,162.41555543,531.96875,10.0,1.70153726,0.58770385,33,22,11
1rTZ2ZiNcjZKHsrJEtvY9r8vDC,32,17,15,376.23874023,362.02452953,4.27544023,4.89222337,9.59772925,3.20484684,193,31,9,11,6.90893333,165.8143998,521.06451613,0.0,1.03926311,0.96222024,32,17,15
1rWxFdijky6hBvdZuiGtMaHKcz,34,15,19,295.94917312,362.45366456,3.69936466,4.4747366,7.91159482,2.69284501,199,34,8,11,7.55244755,181.25874126,476.66666667,11.0,0.81651588,1.22471592,34,15,19
1rY7s8Lccus7R4Qc25dYjsxNPY,3,3,0,22.86973007,0.0,7.62324336,0.0,10.51517934,4.20857653,1,3,1,1,1.99556541,47.89356984,1804.0,541.0,22869730069.999996,0.0,3,3,0
1rbwTVjnFmfX5b5f3PidVHUZsd,8,7,1,156.24438097,25.8424848,22.32062585,25.8424848,39.89009664,57.40469739,8,8,5,6,3.65694384,87.76665215,984.42857143,99.0,6.04602778,0.16539785,8,7,1
1rfZBZ7VeJYXdP1wt3DLNq9qA4,7,3,4,12.63367965,20.96161079,4.21122655,5.2404027,7.06470786,6.2428482,7,7,3,4,1.80195211,43.24685075,1997.83333333,233.0,0.60270557,1.65918492,7,3,4
1ri3QJSJWitNLvbfMLwXZYRqxv,8,5,3,4.12313021,1.16231411,0.82462604,0.38743804,1.30485341,0.17066175,8,8,4,5,0.28046432,6.73114378,12835.85714286,3929.0,3.54734591,0.2819009,8,5,3
1rnvJr42tfgkZ8BvoxgVn8se9j,33,18,15,371.08168017,373.16980921,4.31490326,4.72366847,10.36710459,4.12724093,194,33,8,11,7.76646666,186.39519989,463.53125,11.0,0.99440435,1.00562714,33,18,15
1rq8aCn4z1EjJ3gpGNpqZCXpk8,10,3,7,34.66635745,192.17333906,11.55545248,27.45333415,38.16004117,96.82318657,9,10,4,4,4.44139822,106.59355723,810.55555556,3.0,0.18039109,5.54351115,10,3,7
1ruvBGVuCqJSjJrMtS1KbqzyPx,26,13,13,293.85374178,247.75979419,4.45232942,4.19931855,9.11531195,3.58382261,172,26,9,12,5.83090379,139.94169096,617.4,55.0,1.18604289,0.84313983,26,13,13
1rvbURUZLW3tYiAR3pBWMXoZfT,3,3,0,19.88601613,0.0,6.62867204,0.0,10.32371774,13.98632691,1,3,1,1,0.94562648,22.69503546,3807.0,1390.0,19886016129.999996,0.0,3,3,0
1rwEVZQmqVW7kyW8C5dedDwmix,2,1,1,39.27854455,16.62065484,39.27854455,16.62065484,39.27854455,128.34499153,2,2,2,2,10.02785515,240.66852368,359.0,359.0,2.36323688,0.42314844,2,1,1
1rxBsqyePYspheLYJQ3c4hdiZg,2,2,0,10.20466206,0.0,5.10233103,0.0,6.02310171,0.84781865,1,2,1,1,12.85714286,308.57142857,280.0,280.0,10204662060.0,0.0,2,2,0
1rxVyVyWVfQW3qiEddzuTARFYW,14,9,5,116.98975267,29.60035844,3.34256436,5.92007169,9.95342484,4.86501031,50,14,6,7,2.49148211,59.7955707,1444.92307692,252.0,3.95230865,0.25301668,14,9,5
1s19C8Udpq2cnZWQsJZ1AxvfFD,12,12,0,165.17424914,0.0,3.44113019,0.0,6.94227432,2.6313898,44,11,7,8,1.99929318,47.9830363,1800.63636364,142.0,165174249140.0,0.0,12,12,0
1s2sijbvfM7CEW1aQ6q8yreq6g,22,18,4,193.42419739,83.52285212,2.93066966,20.88071303,23.21047807,21.57970836,73,22,8,8,3.85046348,92.41112356,934.95238095,16.0,2.31582366,0.43181181,22,18,4
1s6ibVXnXsgqPiFDxpKA9MEeFg,2,2,0,4.38153169,0.0,2.19076585,0.0,2.73351368,0.29457521,1,2,1,1,2.16476248,51.95429946,1663.0,1663.0,4381531690.0,0.0,2,2,0
1s6y3kiwBjeXX8ki7M2TAke8kW,23,17,6,223.16738165,101.70807654,3.38132396,16.95134609,23.09824611,18.25611482,85,21,8,11,4.35835351,104.60048426,826.0,43.0,2.19419528,0.45574795,23,17,6
1s7A8ijcY2SuBydECaxZ4ndcEB,9,4,5,2.5519344,3.33734841,0.6379836,0.66746968,1.17671252,0.15431078,9,9,5,5,0.51380861,12.33140655,7006.5,665.0,0.76465927,1.30777202,9,4,5
1s7n8GPj2uwrMDMrVABriae9u1,16,14,2,235.23858542,29.93117675,3.98709467,14.96558837,23.95957746,8.86485341,63,16,7,9,2.46823293,59.23759027,1458.53333333,49.0,7.8593163,0.12723753,16,14,2
1s7o14RVoTByTYyRPbR7vXsxdi,4,2,2,1.39664374,0.92376887,0.69832187,0.46188443,0.9712958,0.0583279,4,4,3,2,0.1545396,3.70895042,23295.0,7445.0,1.51189739,0.66142055,4,2,2
1sBHT6YyNA3y9GZfYJDoCT3r1h,8,4,4,1.50898904,2.88281405,0.37724726,0.72070351,1.07530247,0.06479462,8,8,4,4,0.28878881,6.93093134,12465.85714286,1465.0,0.52344307,1.91042743,8,4,4
1sEGrXnXXsG2kD7RYmcX7esBvT,17,16,1,255.86868099,24.27597549,3.99794814,24.27597549,24.27597549,10.20400314,66,17,9,8,2.88968043,69.35233031,1245.8125,38.0,10.53999585,0.0948767,17,16,1
1sHFXQKrw4APKWBgBnbKCCvnmz,4,3,1,3.30764447,0.05410556,1.10254816,0.05410556,1.46537715,0.25615455,4,4,4,4,0.21157387,5.07777299,17015.33333333,235.0,61.13317134,0.01635773,4,3,1
1sJqJ6Bye4VrNqfSMxgfg948AG,18,16,2,221.71401355,31.08229257,3.51927006,15.54114628,20.47800122,9.60526188,69,17,6,9,2.8223575,67.73657997,1275.52941176,3.0,7.13312935,0.14019092,18,16,2
1sKvm42GvEm3ysQw52mkutqfnx,6,3,3,12.0611839,15.5783756,4.02039463,5.19279187,7.43674221,5.86145513,6,6,4,4,1.51950025,36.46800608,2369.2,135.0,0.77422603,1.29161248,6,3,3
1sQUi2b97FWv88cnK9xPLVUc6x,11,6,5,5.53790696,3.73676428,0.92298449,0.74735286,1.34504407,0.16340745,11,11,6,4,0.41419778,9.94074671,8691.5,1075.0,1.48200597,0.67476112,11,6,5
1sQdRSLwVC8wG1WxJ9GQrne8JC,15,9,6,114.75337197,54.74810551,3.37509918,9.12468425,17.64512132,12.9514031,53,15,5,6,3.31709885,79.61037252,1085.28571429,28.0,2.09602453,0.47709365,15,9,6
1sRFjaQXJDFf7eMxZ2m12scL7S,30,16,14,307.63098244,253.74319976,3.70639738,4.69894814,7.9622657,2.80256204,174,28,9,12,6.96278511,167.10684274,517.03448276,53.0,1.21237134,0.82482979,30,16,14
1sRiS9upyJx655ZonqoT21pvbf,9,3,6,3.02673122,3.61506101,1.00891041,0.60251017,1.44240036,0.22633933,9,9,3,4,0.43278984,10.3869562,8318.125,845.0,0.83725592,1.19437794,9,3,6
1sZgBRcR3rBNdxjxABxACrn4TL,8,3,5,2.84549928,4.95696253,0.94849976,0.99139251,1.41024646,0.09230896,8,8,3,3,0.44902977,10.7767146,8017.28571429,248.0,0.57404091,1.74203612,8,3,5
1saVrDNLGXxjcpza9T3EFiQgo8,10,5,5,3.07383469,3.50830911,0.61476694,0.70166182,1.25336081,0.14236731,10,9,5,5,0.36665686,8.79976462,9818.44444444,2203.0,0.87615846,1.14134606,10,5,5
1sbyQaZJvBHuXtKpxNt8W5AqFx,12,8,4,3.68769367,4.33105418,0.46096171,1.08276354,1.42170467,0.21585007,12,12,8,7,0.60319878,14.47677075,5968.18181818,528.0,0.85145406,1.17446148,12,8,4
1scU5EvrL6YHf5ePFruc2cibtL,8,3,5,16.57991188,19.62080138,5.52663729,3.92416028,7.74081404,3.20574621,7,8,2,3,2.06659013,49.59816303,1742.0,123.0,0.84501706,1.18340806,8,3,5
1sfhFMSQGNBtJiGXrWqoeN3uVo,8,4,4,25.07501467,12.33480905,6.26875367,3.08370226,7.76382743,4.56314299,8,8,3,5,2.71259419,65.1022605,1327.14285714,3.0,2.03286606,0.49191632,8,4,4
1sjP3fPXdAZ5aJVoARSZ4SEpyf,6,6,0,41.82637987,0.0,6.97106331,0.0,11.61998977,13.92764116,1,6,1,1,2.59590424,62.30170176,1386.8,18.0,41826379870.0,0.0,6,6,0
1soJ8F24VZhbUYiPamsYMNkbN1,10,5,5,18.35095188,24.50182379,3.67019038,4.90036476,7.07895557,2.3428507,10,10,4,5,2.32308023,55.75392558,1549.66666667,16.0,0.74896269,1.33517999,10,5,5
1ssL9JihwAK1RUkCZpDJTDDtLk,12,11,1,145.25258811,5.53369891,3.54274605,5.53369891,11.82982434,6.78471824,43,11,7,8,2.35154394,56.43705463,1530.90909091,211.0,26.24873353,0.03809708,12,11,1
1stiSPXjfSYZJArW78HYYFh927,10,6,4,4.37815218,2.9537,0.72969203,0.738425,1.26686985,0.1519836,10,10,5,6,0.4610787,11.06588871,7807.77777778,2292.0,1.48226028,0.67464535,10,6,4
1su8jrp46uMU5T5weWDcHsHrpg,11,9,2,41.55691361,4.95682451,4.61743485,2.47841226,6.80140577,2.97613346,11,11,7,8,2.67419403,64.18065666,1346.2,65.0,8.38377746,0.11927798,11,9,2
1svDzd9hZHPTXogVCG9t349LeU,7,4,3,3.7273701,2.31535037,0.93184252,0.77178346,1.38367651,0.09931967,7,7,4,4,0.3900325,9.36078007,9230.0,305.0,1.60985143,0.62117533,7,4,3
1t43w5J7cbJ9s7pkUE3zjd418N,7,4,3,3.992572,3.36669411,0.998143,1.12223137,1.46134239,0.14910552,7,7,5,4,0.27870968,6.68903226,12916.66666667,1174.0,1.18590281,0.84323942,7,4,3
1t99TfmypZLvmcxMnpchEDEgnK,10,5,5,3.66456943,3.66747922,0.73291389,0.73349584,1.15576336,0.06574555,10,10,4,6,0.33224295,7.97383074,10835.44444444,1564.0,0.9992066,1.00079403,10,5,5
1tHwdXEVa3MGJwAP8d7wbW8U9w,4,4,0,28.47872872,0.0,7.11968218,0.0,11.86769376,10.46491022,1,4,1,1,1.63586792,39.26083005,2200.66666667,687.0,28478728719.999996,0.0,4,4,0
1tLK7PkCeaBz7YDfAgNWjcvRsV,7,3,4,2.21488127,3.35408523,0.73829376,0.83852131,1.38392796,0.18695494,7,7,3,4,0.27457511,6.58980259,13111.16666667,4337.0,0.66035331,1.51434087,7,3,4
1tMTQ7AUieHHwbUdQgJkSqETcs,14,8,6,6.26598322,3.83904627,0.7832479,0.63984104,1.46508703,0.14268618,14,14,7,7,0.62340153,14.96163683,5774.76923077,240.0,1.63217184,0.61268059,14,8,6
1tSC8nD22dUCPbxakPVUnUfHY2,8,4,4,3.16499449,4.17158489,0.79124862,1.04289622,1.38732612,0.09734052,8,8,5,5,0.26559305,6.37423326,13554.57142857,1628.0,0.75870312,1.31803859,8,4,4
1tUXb3ZPSxkrCW8maWMm11kERe,5,4,1,2.23633189,0.33808858,0.55908297,0.33808858,1.02444166,0.14452701,5,5,5,5,0.22258633,5.34207191,16173.5,6985.0,6.61463303,0.15117997,5,4,1
1tVwcqicRKPNvQ9T8M82V1pPjQ,4,4,0,22.35138327,0.0,5.58784582,0.0,8.40014504,5.76540639,1,4,1,1,1.92857143,46.28571429,1866.66666667,1039.0,22351383269.999996,0.0,4,4,0
1tWfrgaTKe59QeLduYwyjzC9p4,13,11,2,141.87519896,34.08187076,3.54687997,17.04093538,18.76364687,10.53221154,44,12,7,8,2.25870543,54.20893025,1593.83333333,163.0,4.16277616,0.2402243,13,11,2
1tXwrojRyDurvu7h3mzFruBmG8,3,3,0,21.39279143,0.0,7.13093048,0.0,8.11247783,0.96353956,1,3,1,1,0.81365126,19.52763024,4424.5,2249.0,21392791429.999996,0.0,3,3,0
1tbWEqtUvD6HdDm6a6DV9qAepD,30,13,17,318.89416708,383.10697777,5.14345431,4.61574672,11.33478785,4.55995086,187,30,8,11,6.53807615,156.91382766,550.62068966,21.0,0.83238935,1.20136088,30,13,17
1tecgDyQqHSLSEuebmfV17Kjhi,3,0,3,0.0,11.41896103,0.0,3.80632034,6.36889148,3.3843231,3,3,1,1,0.94662109,22.71890613,3803.0,2337.0,0.0,11418961030.0,3,0,3
1tgFhd7YANp5GPMBhy6unjhoyN,5,5,0,4.37129523,0.0,0.87425905,0.0,1.0252039,0.0105117,5,5,4,5,0.28016109,6.72386622,12849.75,3554.0,4371295229.999999,0.0,5,5,0
1tkSLW5m4BVTXWENfAMxnMoxPS,9,3,6,1.72518355,3.4845796,0.57506118,0.58076327,1.13402621,0.09070883,9,9,4,4,0.31156355,7.47752523,11554.625,1919.0,0.49509087,2.01983122,9,3,6
1tkdRAxLBTPWargqtUtEkNQZXV,9,5,4,28.22945728,16.65495681,5.64589146,4.1637392,7.25264766,5.18045565,9,9,4,5,2.18165291,52.35966972,1650.125,260.0,1.6949583,0.58998502,9,5,4
1tm5HtBtLdQtTCdu8XjdSLL8U1,19,16,3,196.08044268,28.21485293,3.21443349,9.40495098,13.12832002,4.90745783,69,19,8,7,2.81127983,67.47071584,1280.55555556,217.0,6.94954686,0.14389427,19,16,3
1tqxaWv464Jvi7Nf7uKdXmNx48,8,3,5,1.2636551,4.24374111,0.42121837,0.84874822,1.41671249,0.17453844,8,8,4,3,0.37543018,9.01032433,9589.0,593.0,0.29776913,3.35830648,8,3,5
1tsZ83E2tpsTcF7VSJq6YBUa3b,11,4,7,3.7678153,5.67732493,0.94195383,0.81104642,1.42948517,0.13606118,11,11,5,4,0.51827644,12.43863463,6946.1,111.0,0.66366032,1.50679491,11,4,7
1ttmu7VYG6cq1moTE9PKGi62Xj,6,3,3,1.86971985,3.98813585,0.62323995,1.32937862,1.44182864,0.13200025,6,5,3,3,0.44371041,10.64904972,8113.4,1467.0,0.4688205,2.13301252,6,3,3
1ttrUT4MxreZTsqVbVJLxB9YnN,10,7,3,4.14060944,1.41595314,0.59151563,0.47198438,1.22157722,0.0920735,10,10,7,7,0.50516862,12.12404696,7126.33333333,1357.0,2.92425598,0.34196733,10,7,3
1u2QEKdUoVa9vWK8nnw8VyUYH6,10,7,3,5.64039784,1.94067208,0.80577112,0.64689069,1.42624882,0.24364115,10,10,7,6,0.35688715,8.56529162,10087.22222222,1295.0,2.90641469,0.34406652,10,7,3
1u2ZZz4S9B4XAw9GxfvQdsJWGW,5,2,3,2.18957638,2.4382479,1.09478819,0.8127493,1.44367505,0.23403751,5,5,2,2,0.21078209,5.05877015,17079.25,3387.0,0.89801221,1.11357061,5,2,3
1u6oUkeeCk6iDMGLnWo4P1uXwi,12,6,6,25.48872415,29.90410429,4.24812069,4.98401738,7.98798691,7.14377139,12,12,5,5,2.48462793,59.6310704,1448.90909091,125.0,0.85234869,1.17322876,12,6,6
1u95qDJdPB93dxxrtH3j4uEXxk,6,4,2,15.63006188,10.34693859,3.90751547,5.1734693,7.43994188,3.88405721,6,6,4,5,1.31281453,31.50754868,2742.2,430.0,1.51059772,0.66198961,6,4,2
1uAXfU65HFQ6f3oRSgiaKnf4ru,7,3,4,2.18190866,2.58878724,0.72730289,0.64719681,1.40920259,0.22868776,7,7,3,3,0.50676865,12.1624475,7103.83333333,335.0,0.84283043,1.18647828,7,3,4
1uCnbtu7p9Dv59DfAyvi1hLg64,14,8,6,5.91124787,5.09398325,0.73890598,0.84899721,1.48837999,0.19281378,14,14,5,7,0.56783023,13.6279256,6339.92307692,83.0,1.16043724,0.86174415,14,8,6
1uDf7W9pextehzL1ESudHZwj6j,13,8,5,130.36565073,88.66288618,3.95047426,17.73257724,24.29892575,28.98414986,47,13,6,5,2.14052126,51.37251016,1681.83333333,100.0,1.47035199,0.68010926,13,8,5
1uGrzwhcbzLyoxTN5d3EnKcDs4,39,29,10,634.73913072,226.18684085,4.56646857,4.52373682,9.31280725,3.35196198,221,38,9,10,8.52336449,204.56074766,422.36842105,10.0,2.80626021,0.35634614,39,29,10
1uHXvh7VpNHQQcctHP2T8PxkfD,6,0,6,0.0,4.9575521,0.0,0.82625868,1.4507003,0.23869664,6,6,1,1,0.20007336,4.80176065,17993.4,2005.0,0.0,4957552100.0,6,0,6
1uHbQW1rhZRoCy2gwQrgGMo5jb,6,2,4,1.31069939,3.33318014,0.65534969,0.83329504,1.02906138,0.06117731,6,6,3,3,0.39672044,9.52129066,9074.4,1768.0,0.39322789,2.54305462,6,2,4
1uHhtkMmbs8eCp1LrbXY3UYhRv,16,11,5,132.86972648,55.92927753,3.01976651,11.18585551,23.39682114,13.20673162,57,16,7,7,2.76228963,66.29495115,1303.26666667,57.0,2.37567393,0.42093319,16,11,5
1uRufPRCvrtm18WQDV1Fp2qJkn,5,2,3,1.87145602,1.82006269,0.93572801,0.60668756,1.29698377,0.11537122,5,5,3,3,0.21372913,5.12949907,16843.75,3489.0,1.02823712,0.97253832,5,2,3
1uVJn4SQVgNP6QSBEdCou1f3bN,15,10,5,6.19844472,3.48703294,0.61984447,0.69740659,1.26823083,0.11163519,15,15,7,7,0.65376433,15.690344,5506.57142857,727.0,1.77756988,0.56256579,15,10,5
1uZ9Ak6htYPhSBisRvgdrRA2aD,14,11,3,139.79596291,43.3137446,3.49489907,14.43791487,21.11805113,14.79973361,49,14,7,7,2.18375251,52.41006019,1648.53846154,61.0,3.22751968,0.30983545,14,11,3
1uZQ7sovYSdkRPnudQeTMsT13s,9,6,3,30.0185905,8.13342658,5.00309842,2.71114219,7.18368232,3.54477548,9,9,5,7,2.40802676,57.79264214,1495.0,382.0,3.69076799,0.27094632,9,6,3
1uc3Z7Bh8xEQBoKnVqZYox7AiQ,9,4,5,3.12937563,3.61663878,0.78234391,0.72332776,1.49099049,0.24302326,9,9,5,5,0.390482,9.37156803,9219.375,596.0,0.86527182,1.15570619,9,4,5
1ud43nusqUMuJxtnbhhV4jycJt,16,13,3,167.56172446,22.26806897,3.64264618,7.42268966,13.15760727,8.44605354,51,15,4,8,2.56580823,61.57939751,1403.06666667,12.0,7.52475325,0.13289472,16,13,3
1ue6rRfrcDGni5YeEyRKiY2afn,11,7,4,19.52019287,23.76421201,2.78859898,5.941053,7.41649698,5.43335448,11,11,3,7,2.90956114,69.82946739,1237.3,105.0,0.82141132,1.21741687,11,7,4
1uhAL5KyhV8tZdzXxuSBw5qXsy,9,6,3,106.95580465,85.53168445,17.82596744,28.51056148,35.89725035,100.84526943,9,9,5,5,3.43429525,82.4230861,1048.25,41.0,1.25048168,0.79969184,9,6,3
1uk4xTr9qVyTnYCfFpMm2gVerE,19,12,7,161.13660044,68.74695836,3.42843831,9.82099405,17.4363827,10.72895001,68,19,9,8,4.00841272,96.20190523,898.11111111,39.0,2.3439088,0.42663776,19,12,7
1umbDXqhP2NwRsqU7tZrtSEBDg,8,4,4,2.64174699,2.55678324,0.66043675,0.63919581,1.45687386,0.20970818,8,8,4,5,0.31710079,7.61041903,11352.85714286,775.0,1.03323072,0.96783804,8,4,4
1umfY2CD5RKEFKja5W4Qa1BMxT,9,6,3,3.77816506,2.31661908,0.62969418,0.77220636,1.45866701,0.21805514,9,9,5,7,0.34797738,8.35145716,10345.5,791.0,1.63089612,0.61315984,9,6,3
1unyrFKppXpvuoqp56C49XE2vv,5,3,2,57.4054792,47.69120566,19.13515973,23.84560283,36.29055468,132.11810944,5,5,3,3,3.80952381,91.42857143,945.0,42.0,1.20369109,0.83077794,5,3,2
1uo9CFwB3cXsGaqMynxtX4rqqo,2,2,0,11.0566446,0.0,5.5283223,0.0,7.97989025,6.01018541,1,2,1,1,0.83837913,20.12109921,4294.0,4294.0,11056644600.0,0.0,2,2,0
1utVHvUySUuA6Pe5aGv9mwX234,9,7,2,5.77653582,2.01202081,0.8252194,1.00601041,1.45179917,0.23180539,9,9,5,6,0.33081394,7.93953456,10882.25,3676.0,2.87101197,0.34830924,9,7,2
1uu78YftgF5tDUNtvpkSM8kdb9,9,5,4,4.09203169,3.24286667,0.81840634,0.81071667,1.41204293,0.17148413,9,9,4,6,0.27460216,6.59045185,13109.875,2426.0,1.26185629,0.79248327,9,5,4
1v1DbjWB798rxtQh5d3hJzPosR,4,1,3,3.4638215,12.28003541,3.4638215,4.09334514,5.86736067,4.64092582,4,4,2,2,0.77675489,18.64211738,4634.66666667,1046.0,0.28206934,3.54522755,4,1,3
1v2dxPBqwchzatgQfJyXvhx1Gd,20,17,3,232.77850209,51.81967992,3.8796417,17.27322664,23.17101861,16.33993157,65,18,8,9,3.46592349,83.18216367,1038.68421053,34.0,4.49208684,0.22261368,20,17,3
1v43sRxHHayucNKbXrNG78ehqq,13,11,2,165.917658,23.46640276,4.04677215,11.73320138,14.5011338,7.64207357,48,12,6,8,2.78296721,66.79121304,1293.58333333,135.0,7.07043426,0.14143403,13,11,2
1v5qzb5oRdDsJoe81sRWUgazXv,37,12,25,296.35753773,578.69849101,5.48810255,4.70486578,9.88765357,3.78754282,209,37,8,12,7.75351481,186.08435537,464.30555556,24.0,0.51211044,1.9527038,37,12,25
1v8aALBBMnFPazKw6HDhcJ9hLg,9,6,3,3.41656778,2.69239306,0.56942796,0.89746435,1.25386839,0.12490341,9,9,6,6,0.37407456,8.97778932,9623.75,262.0,1.26897065,0.78804029,9,6,3
1vBCFhPMkB6SkxjQ1rNbV7kHSd,8,6,2,5.20778628,0.93050122,0.86796438,0.46525061,1.44249529,0.14589101,8,8,4,4,0.38329911,9.19917864,9392.14285714,1601.0,5.59675384,0.178675,8,6,2
1vCvDRd6LfS6qij6BZzYkueJsB,11,7,4,5.4673976,3.71705461,0.7810568,0.92926365,1.49277075,0.15805787,11,11,4,5,0.48239267,11.57742402,7462.8,1236.0,1.47089515,0.67985811,11,7,4
1vEG7z2bZSBG4uUorNseyHkv22,8,4,4,13.55262339,13.73676024,3.38815585,3.43419006,6.42529363,3.87190142,8,8,5,4,1.80025718,43.20617231,1999.71428571,24.0,0.98659532,1.0135868,8,4,4
1vJBCLSxHq4ReyHjpmZTq8roqY,5,5,0,36.96835087,0.0,7.39367017,0.0,11.27345141,12.56336445,1,5,1,1,2.79503106,67.08074534,1288.0,774.0,36968350870.0,0.0,5,5,0
1vKnz6HsHF1hu81tR6JKPAesxf,9,6,3,29.79454373,14.7823535,4.96575729,4.92745117,7.013959,3.09655737,9,9,5,4,2.15908239,51.81797736,1667.375,30.0,2.01554805,0.49614297,9,6,3
1vMRVqoa5J2bBbCKqvSLfivvst,42,15,27,331.78740093,547.02599924,4.95205076,4.48381967,9.67850332,3.54421658,239,40,9,12,9.21981385,221.27553251,390.46341463,10.0,0.60652949,1.64872445,42,15,27
1vQe6PpWzxdZpvpy6QNN6cLePn,32,19,13,433.26655953,313.20581297,4.76117098,5.3085731,10.2084046,3.20201584,194,32,9,11,6.98547822,167.65147722,515.35483871,17.0,1.3833286,0.72289404,32,19,13
1vSs26df6gckHc2aV1m8X1mZro,7,3,4,14.16888317,19.00203679,4.72296106,4.7505092,7.22365859,3.85479325,7,7,4,4,1.75310446,42.07450694,2053.5,571.0,0.74565076,1.34111042,7,3,4
1vTbGi2gzpQGo5pCBQBpxrSJeV,41,19,22,440.73034509,483.60532027,5.31000416,4.88490222,9.1747612,3.11277457,216,41,9,12,9.08288129,217.989151,396.35,14.0,0.91134304,1.09728165,41,19,22
1vTkT6xTTcezL3dGTpGRHTh1Nd,6,4,2,7.82504412,11.1381594,1.95626103,5.5690797,6.19842747,4.07909761,6,6,4,3,2.57805786,61.87338871,1396.4,107.0,0.70254374,1.42339893,6,4,2
1vUgwM4HvEAiRy3Ne4HWFPEMvA,8,3,5,68.64308244,109.08176779,22.88102748,21.81635356,37.77964256,108.90026867,8,8,4,3,4.37424058,104.981774,823.0,169.0,0.62928099,1.58911523,8,3,5
1vUp7wWRQh4A8t2t2s3BYaULjg,3,3,0,21.08795802,0.0,7.02931934,0.0,8.9791586,7.20892053,1,3,1,1,2.37859267,57.08622398,1513.5,890.0,21087958019.999996,0.0,3,3,0
1vVptGtgZV6ijKZKkMJLxD21Wi,30,14,16,278.57400637,308.94520437,4.28575394,4.29090562,9.63365304,3.48528723,173,30,9,10,6.85354165,164.48499967,525.27586207,7.0,0.9016939,1.1090238,30,14,16
1vXKaE7wVDm1RSCveEjik6Q6ta,17,13,4,197.38661921,49.89042879,4.48605953,12.4726072,18.23018325,15.17648045,56,17,6,9,2.68256334,64.38152012,1342.0,2.0,3.95640254,0.25275487,17,13,4
1vXmv9qnXVg1z62HEvAcofaU8r,8,4,4,2.89433875,3.89736316,0.72358469,0.97434079,1.34797156,0.19292381,8,8,5,5,0.30258639,7.26207344,11897.42857143,1619.0,0.74264025,1.346547,8,4,4
1vbCJbvHPa7rF1cybdcDxjt3NX,15,10,5,131.67261395,68.24577163,3.29181535,13.64915433,18.90543099,18.10289126,59,15,6,6,2.63736264,63.2967033,1365.0,57.0,1.9293886,0.51829891,15,10,5
1vcePPuJFfDWSd1HCTZ7c5ZKN8,7,4,3,2.10152259,1.55160201,0.52538065,0.51720067,1.09433313,0.12264894,7,7,5,4,0.20922934,5.02150413,17206.0,9979.0,1.35442116,0.73832278,7,4,3
1vdYCAawyMbvmAkQcNpJPMx8Eg,4,2,2,7.76795362,9.8613835,3.88397681,4.93069175,7.7888175,7.1121706,3,4,3,2,2.22680412,53.44329897,1616.66666667,211.0,0.78771438,1.26949567,4,2,2
1veBdcyi1AnaJiHq8ssT6kReEk,10,2,8,48.86907999,189.61211997,24.43454,23.701515,39.07361346,140.15080028,10,10,3,3,5.18815052,124.51561249,693.88888889,12.0,0.25773184,3.88000183,10,2,8
1vh9LvM6khg4ZuCRx5jzur52iD,15,15,0,198.17453036,0.0,3.30290884,0.0,6.33123138,2.62747604,56,15,8,9,3.03797468,72.91139241,1185.0,120.0,198174530360.0,0.0,15,15,0
1vic5GNGYRyJBgvyZFqgF1EgqP,4,4,0,27.81982904,0.0,6.95495726,0.0,10.3749626,9.60743691,1,4,1,1,1.73076923,41.53846154,2080.0,1382.0,27819829040.0,0.0,4,4,0
1vmgc18DFthWhS5sg5zQkWX17L,31,17,14,390.08013616,377.94643223,4.64381114,5.10738422,8.94742814,3.49713105,191,30,7,11,7.2840089,174.81621366,494.23333333,3.0,1.0321043,0.96889433,31,17,14
1vmzqDn1zsZt7YA5mLGqSLuEbh,5,2,3,1.7053056,1.3713568,0.8526528,0.45711893,1.2906292,0.15210569,5,5,3,2,0.21875855,5.25020509,16456.5,2346.0,1.24351708,0.8041707,5,2,3
1vnENEocSXTm9Pf9EzaUoZvXf4,18,15,3,206.04273278,33.65480024,3.37774972,11.21826675,20.90647981,8.14193207,68,18,9,9,2.74698146,65.9275551,1310.52941176,51.0,6.12223907,0.16333893,18,15,3
1vocqPpa2DF2aThHu7KcTiGv9e,1,1,0,8.51941431,0.0,8.51941431,0.0,8.51941431,0.0,1,1,1,1,0.0,0.0,0.0,0.0,8519414310.0,0.0,1,1,0
1vpjt4msjGHcRLhmQztk8bxGwV,5,2,3,1.21799543,1.45232119,0.60899772,0.48410706,0.9266033,0.06262682,5,5,3,3,0.18500437,4.44010484,19459.0,1696.0,0.83865431,1.1923864,5,2,3
1vtToLJMqPS6crMYg4SLmWYwi8,10,5,5,3.23349925,2.19958804,0.64669985,0.43991761,1.40429223,0.17315055,10,10,4,5,0.34740465,8.33771163,10362.55555556,5563.0,1.47004766,0.68025005,10,5,5
1vwbEKH4LdStFgp6nwe7eNJ5dt,4,2,2,2.13114057,0.51599738,1.06557029,0.25799869,1.47959312,0.2602959,4,4,3,3,0.19711986,4.73087664,18263.0,11701.0,4.13013835,0.24212264,4,2,2
1vydF22cighF6WDHmwB4SgUfHA,5,4,1,1.87130947,1.02782262,0.46782737,1.02782262,1.15643666,0.18654585,5,5,4,5,0.25217148,6.05211544,14276.0,4452.0,1.8206541,0.54925315,5,4,1
1vymikECT77bvg43DLRaU7mRE4,14,12,2,173.23574501,41.45252975,3.76599446,20.72626487,21.83803773,14.10859261,51,14,6,9,2.18426211,52.42229067,1648.15384615,87.0,4.17913565,0.23928393,14,12,2
1w2g4w1J1LVRodB74QEiDUpyQ5,10,6,4,3.90496222,1.80348415,0.65082704,0.45087104,1.49543359,0.219991,10,10,4,5,0.444152,10.65964797,8105.33333333,1088.0,2.16523235,0.4618442,10,6,4
1w4NrA1hQozFNDr6Do8ZJQT2Ng,3,2,1,11.24563118,1.33059248,5.62281559,1.33059248,7.60536514,6.71437497,3,3,3,3,0.90157776,21.63786627,3993.0,1990.0,8.45159683,0.11832084,3,2,1
1wB7TeXtdkVCgRrPg2xkyvoz9X,10,3,7,1.42236565,5.96434786,0.47412188,0.85204969,1.42907096,0.20363247,10,9,3,3,0.36142159,8.6741182,9960.66666667,702.0,0.23847798,4.19325921,10,3,7
1wBZ8vUAkg6p4oZYFugAB7ecGS,23,16,7,217.09294376,103.8581447,3.14627455,14.83687781,20.23262379,17.32354328,84,22,9,8,3.62986388,87.11673312,991.77272727,46.0,2.09028328,0.47840406,23,16,7
1wDNmGqNC5P5YDkKsRTw2sUbod,4,2,2,55.22324747,37.70729324,27.61162374,18.85364662,36.80040899,74.67076076,4,4,2,3,1.55529954,37.32718894,2314.66666667,402.0,1.46452431,0.68281557,4,2,2
1wFd4GNtUp2x9aPrchTghRUn1w,10,6,4,26.43045758,13.58545687,4.40507626,3.39636422,6.67047468,3.66115358,10,10,5,5,2.09207723,50.20985343,1720.77777778,191.0,1.94549641,0.51400763,10,6,4
1wGRcoNCbiD1kU6NiGX279poHB,13,8,5,5.58629249,3.69921877,0.69828656,0.73984375,1.42610846,0.13448682,12,13,6,8,0.5238332,12.57199675,6872.41666667,328.0,1.51012763,0.66219568,13,8,5
1wKGEEEquPDvaHeMyn8SoFtAt7,5,2,3,2.07599518,2.55034181,1.03799759,0.85011394,1.28412163,0.16809954,5,5,3,2,0.19658166,4.71795992,18313.0,6777.0,0.81400664,1.2284912,5,2,3
1wKpettGXfXg32Y4nKxNzQfKcv,12,7,5,34.61574864,18.42861621,4.94510695,3.68572324,7.89624016,5.28156159,12,12,6,7,2.7764145,66.63394798,1296.63636364,277.0,1.87836939,0.53237665,12,7,5
1wLRvpHJX83R4sS4UWiGYWabyg,33,12,21,292.85059174,527.05917723,4.43713018,5.0678767,7.8766296,2.34956003,213,33,8,10,7.56898817,181.65571616,475.625,0.0,0.55563133,1.79975452,33,12,21
1wMRdp1L4ebDwRUMrQtks9ajfe,7,2,5,0.16264823,4.06546943,0.08132412,0.81309389,1.47259098,0.31038753,7,7,3,3,0.24193819,5.80651665,14879.83333333,3232.0,0.04000724,24.99547293,7,2,5
1wSxiBn4piSnGW4FzQNgPyyg7M,6,6,0,46.06042801,0.0,7.676738,0.0,11.9435582,6.56957134,1,6,1,1,3.4370823,82.48997518,1047.4,148.0,46060428010.0,0.0,6,6,0
1wYm2D3PTZV4zdL59HmR1N6SHb,11,9,2,73.77009355,19.33395778,2.10771696,9.66697889,11.87143411,4.89527966,43,11,6,9,1.73812283,41.71494786,2071.2,159.0,3.81557125,0.26208395,11,9,2
1wYsNzkq437hsvW28wBVW1UDm9,6,2,4,1.72764317,3.32849225,0.86382158,0.83212306,1.2876464,0.08582736,6,6,3,3,0.22082367,5.29976814,16302.6,4747.0,0.51904678,1.92660864,6,2,4
1wcGCD2CvH72vk9Risy8NELWGQ,6,4,2,1.23150853,0.85836086,0.30787713,0.42918043,0.88142584,0.11445163,6,6,4,4,0.24392558,5.85421381,14758.6,1914.0,1.43472121,0.69699952,6,4,2
1wdMCNXHXXXJGVhB6AFZJZWVQR,9,9,0,66.12580339,0.0,7.34731149,0.0,10.94225322,9.65577555,1,9,1,1,2.75782821,66.18787705,1305.375,408.0,66125803390.0,0.0,9,9,0
1wnGvvrNbpzW9wY8WJyD2iUtcc,14,7,7,116.08978874,96.52784226,5.04738212,13.78969175,20.4300355,27.42214729,45,13,4,7,2.64048747,63.37169939,1363.38461538,17.0,1.202656,0.83149296,14,7,7
1wqtKXkHfobJVLR1KCeGW7XocH,9,5,4,17.48107253,23.91613954,3.49621451,5.97903488,7.90285164,5.33745143,9,9,5,6,2.18165291,52.35966972,1650.125,53.0,0.73093203,1.36811626,9,5,4
1wqxbHzSGyseAipKcpvtZYc2iX,3,3,0,22.26948193,0.0,7.42316064,0.0,9.68853767,9.87729459,1,3,1,1,1.48729601,35.69510432,2420.5,70.0,22269481930.0,0.0,3,3,0
1wywYEgcjC7q9zNzMZbYXJu3zr,10,3,7,86.69679569,158.50589893,28.8989319,22.64369985,37.88868528,107.81462201,10,10,3,4,4.35191404,104.44593687,827.22222222,26.0,0.54696258,1.82827863,10,3,7
1x1jDyQtGL7YUmvPLT7tH77ire,25,8,17,165.16976134,389.90853282,4.12924403,4.53382015,8.90782432,3.75886952,155,25,8,11,5.29444206,127.06660947,679.95833333,0.0,0.42361156,2.36065324,25,8,17
1x5ghnC6LvQYKnKMA4tE3stj9X,10,4,6,13.88650908,26.87973028,3.47162727,4.47995505,7.63672942,4.98806761,10,10,4,5,2.12431157,50.98347758,1694.66666667,29.0,0.51661638,1.93567225,10,4,6
1x6CdfyPVsz1tJV9nTsHwBhtU5,18,10,8,8.29295676,4.90297556,0.82929568,0.61287194,1.49003417,0.20704998,16,18,7,6,0.76144027,18.2745664,4727.88235294,175.0,1.69141303,0.59122165,18,10,8
1xAdBMKwytSNuqnkJYRFt5Uf6L,35,15,20,352.89169463,483.95840441,4.8341328,4.83958404,9.0171394,2.69921861,210,35,9,11,8.16598839,195.9837214,440.85294118,3.0,0.72917774,1.37140775,35,15,20
1xBrqGUYbcEcnYDSydvhDAGb23,7,3,4,11.85421143,18.44583309,3.95140381,4.61145827,6.55548334,2.67157723,7,7,2,4,1.53835197,36.92044726,2340.16666667,413.0,0.64264983,1.55605737,7,3,4
1xCkSYf5q85uYZN8CPfnBkWCse,32,19,13,444.84900278,306.77946051,5.491963,4.94805581,10.57594164,4.24053944,191,31,9,10,6.38919105,153.3405851,563.4516129,25.0,1.45006123,0.68962605,32,19,13
1xDsSxXgZZktFUZUGThwvLjLoL,28,16,12,356.654921,320.61684024,4.63188209,5.08915619,7.99736778,2.95886795,167,28,9,11,6.11090155,146.66163712,589.11111111,2.0,1.11240233,0.89895532,28,16,12
1xGCXnDM9K5z2EdWWGkfVGsCWZ,7,2,5,1.4176863,5.62138321,0.70884315,1.12427664,1.3917355,0.11312905,7,7,2,2,0.24312825,5.835078,14807.0,791.0,0.25219528,3.9651813,7,2,5
1xGdZ2m8GoZY6xqRAbFGPUcg4M,5,0,5,0.0,23.74770788,0.0,4.74954158,7.86885247,7.29905006,4,5,1,1,1.89174987,45.40199685,1903.0,132.0,0.0,23747707880.0,5,0,5
1xJg2LZqWpFPofYQJFvKsMGRvK,7,2,5,38.59945803,108.8194191,19.29972902,21.76388382,37.80858428,134.28111877,7,7,2,3,3.78349974,90.80399369,951.5,83.0,0.35471112,2.81919552,7,2,5
1xNhyMXpJC6SoJGMref2vt3erF,14,12,2,190.46901653,30.90986561,4.23264481,15.4549328,15.60693675,10.95682345,49,14,9,8,2.48883216,59.73197192,1446.46153846,39.0,6.16207844,0.16228291,14,12,2
1xQigPMdJBCda7jDGyiAK5gjgW,30,16,14,310.57348564,307.84314426,4.03342189,4.59467379,7.98838496,2.44017691,178,30,9,12,6.57886445,157.89274686,547.20689655,46.0,1.00886926,0.99120871,30,16,14
1xSHkMKDRYTZirXgUXjLRXhwCR,8,3,5,86.42942143,100.4651291,28.80980714,20.09302582,39.71420781,112.69974473,7,8,4,4,2.79317225,67.03613389,1288.85714286,56.0,0.86029274,1.16239502,8,3,5
1xUm9X5FR6ot77MQyL9Rruqx9i,10,7,3,5.58384596,2.50089709,0.79769228,0.83363236,1.4593306,0.2559931,10,10,5,6,0.34384319,8.25223657,10469.88888889,1866.0,2.2327372,0.44788075,10,7,3
1xVYcZt3rv6k8hPqf7ECUbLCDC,7,4,3,79.10507414,108.18885627,19.77626853,36.06295209,37.63068416,135.8145644,5,7,4,4,3.31440847,79.54580328,1086.16666667,33.0,0.73117581,1.36766013,7,4,3
1xVgVb4xyAFhLtrhJPUZKHTXdt,13,11,2,163.06238763,46.14455895,3.32780383,23.07227948,24.34692941,17.69959192,54,13,7,8,2.1674778,52.01946716,1660.91666667,182.0,3.53372947,0.28298714,13,11,2
1xW5kFHsshejtDU8bFiAJuA54B,10,5,5,4.72963884,5.2468045,0.94592777,1.0493609,1.47668591,0.12113995,10,10,5,4,0.37067121,8.8961091,9712.11111111,4147.0,0.90143226,1.1093457,10,5,5
1xXSN3HW8tcaD13qeteNJ9cZWE,23,20,3,231.05874404,24.39005123,2.92479423,8.13001708,10.7264672,4.75942179,84,23,8,10,3.71865903,89.2478167,968.09090909,98.0,9.47348334,0.10555779,23,20,3
1xXq3XMLzwaPDKhnsTQNXte9wr,18,12,6,159.75367449,84.4210015,3.19507349,14.07016692,19.18274758,14.82818945,69,18,8,7,2.79031596,66.96758309,1290.17647059,12.0,1.89234517,0.52844482,18,12,6
1xY5D4hAE96CecvsEGZ6UoWLBo,6,4,2,3.2054544,2.38582101,0.8013636,1.1929105,1.47298598,0.20925451,6,6,5,5,0.16973126,4.07355021,21210.0,5592.0,1.34354354,0.74430041,6,4,2
1xYahMfRgSe8PPwWgCukntLge6,7,5,2,4.94992685,0.90781544,0.98998537,0.45390772,1.48386764,0.18904658,7,7,3,5,0.28866586,6.92798054,12471.16666667,8175.0,5.45256958,0.18339977,7,5,2
1xd3MAg6ZurwjpWRzjcGo7S4cx,6,5,1,3.77344243,1.2651506,0.75468849,1.2651506,1.3092008,0.21418343,6,6,3,4,0.28074116,6.73778776,12823.2,3771.0,2.98260336,0.33527757,6,5,1
1xf2VJhXAqgTUeL5qVdgSY2c1c,17,13,4,164.00185591,56.95279549,3.48940119,14.23819887,16.9685112,15.14442387,61,17,7,7,2.61473512,62.75364293,1376.8125,98.0,2.87961029,0.34726921,17,13,4
1xfsjg1WRWsUygg7Niks2WaNeD,8,1,7,1.01411204,5.0744653,1.01411204,0.72492361,1.45490298,0.23238191,8,7,2,2,0.33661039,8.07864928,10694.85714286,2266.0,0.19984609,5.00385076,8,1,7
1xgUYDfVgZK97ce8pL9jUfFXTo,24,17,7,262.56313569,92.11578424,4.68862742,13.15939775,23.90817912,19.41748811,68,24,8,9,3.92379869,94.17116861,917.47826087,0.0,2.85035988,0.35083289,24,17,7
1xiVwW3Jqeg3dTWb5fLQusRxNd,3,3,0,14.23404864,0.0,4.74468288,0.0,6.60345085,3.66946669,1,3,1,1,2.21334153,53.12019674,1626.5,1202.0,14234048639.999998,0.0,3,3,0
1xjbwF9oCuf3hr24Me1MKPp8VF,5,5,0,29.45959686,0.0,5.89191937,0.0,10.8086033,9.0992486,1,5,1,1,1.39832977,33.55991455,2574.5,113.0,29459596859.999996,0.0,5,5,0
1xkDfQ3r768NrBuMMZkUvCWVnb,9,4,5,17.81052455,21.81721494,4.45263114,4.36344299,7.05640972,3.61378433,9,9,4,4,2.05728981,49.37495535,1749.875,180.0,0.81635189,1.22496195,9,4,5
1xktebkFZQVnydAaBStApf27Tt,2,2,0,6.2695844,0.0,3.1347922,0.0,4.55790343,2.02524557,1,2,1,1,22.92993631,550.31847134,157.0,157.0,6269584399.999999,0.0,2,2,0
1xoJeRu6gzTmihM6gSSBX6JPX4,6,4,2,117.07891738,45.29753269,29.26972935,22.64876634,31.51424191,37.87642557,6,6,4,5,3.38664158,81.27939793,1063.0,376.0,2.58466434,0.38689743,6,4,2
1xpXuW31mTCtYdNnjdNyn8LtCf,4,2,2,12.16745625,8.37121026,6.08372813,4.18560513,7.59531611,3.95044854,4,4,3,3,0.99805933,23.9534239,3607.0,596.0,1.45348831,0.68800003,4,2,2
1xpZrYeo94UsAF8sKujNfUcjmZ,7,3,4,6.55824122,16.70721527,2.18608041,4.17680382,7.23085155,4.82707922,7,7,4,4,2.22565688,53.41576507,1617.5,616.0,0.39253946,2.5475146,7,3,4
1xq5XZ5dBGhqTvhQFuHT4qU3xM,8,4,4,3.54471531,2.84027632,0.88617883,0.71006908,1.4068184,0.17990711,8,8,4,4,0.3093353,7.42404714,11637.85714286,810.0,1.24801777,0.80127064,8,4,4
1xqYh119BiVdxUrBpJLNCVZwKD,6,3,3,79.56446564,81.40598426,26.52148855,27.13532809,38.02544122,70.95247791,6,6,3,4,2.87402203,68.97652882,1252.6,455.0,0.97737858,1.02314499,6,3,3
1xr4xiNJ8tQUySpVzRNCYmYQta,7,2,5,2.20353939,4.03408731,1.10176969,0.80681746,1.46933023,0.24288962,7,7,3,3,0.4452782,10.6866767,8084.83333333,160.0,0.54622997,1.83073075,7,2,5
1xw96Tvw84Vhn4M7wbJwDigp2N,14,9,5,6.78130033,2.93702308,0.75347781,0.58740462,1.36413043,0.16311445,14,14,6,8,0.47971955,11.51326917,7504.38461538,689.0,2.30890264,0.43310618,14,9,5
1xwV7aW1oATxiA5XsHNgmSi6wN,7,4,3,4.02211155,1.88430473,1.00552789,0.62810158,1.49312571,0.23537765,7,7,5,5,0.26361073,6.32665764,13656.5,3319.0,2.13453349,0.46848644,7,4,3
1y1oAosgsQxgiRDM5trcwYPV4Q,40,23,17,470.70146849,393.88389009,4.20269168,4.80346207,9.15096619,3.39351263,217,40,9,12,8.03387503,192.81300069,448.1025641,11.0,1.19502595,0.83680191,40,23,17
1y2uUJ3Y3WaEqbkiLVaoJZDt1F,5,4,1,9.1399377,7.65316394,2.28498442,7.65316394,7.65316394,5.2023294,5,5,3,4,1.54738878,37.13733075,2326.5,72.0,1.19426916,0.83733218,5,4,1
1y45nG6NEN4TfjUjCR5TcHuPNB,21,13,8,167.57358418,99.77374318,3.28575655,12.4717179,23.85706607,20.30249403,72,20,7,8,3.2366824,77.68037761,1112.25,29.0,1.67953591,0.59540257,21,13,8
1y9H8y7pcAJKfEnNEkhwHZYHzw,8,3,5,2.4291863,4.92144887,0.80972877,0.98428977,1.4942107,0.15649863,8,8,3,4,0.28140075,6.75361801,12793.14285714,965.0,0.4935917,2.02596601,8,3,5
1y9gGooqGSodxZEAqL2kXCtZ6s,32,22,10,416.24175552,262.43780592,3.89010986,4.77159647,7.69593883,2.82509843,201,31,9,12,6.59223817,158.21371611,546.09677419,35.0,1.58605866,0.6304937,32,22,10
1y9sDDbRmQMfUhG3qgeDwbKsAM,11,5,6,4.63947566,4.68452706,0.92789513,0.78075451,1.40661793,0.21205079,11,10,5,5,0.43485614,10.43654724,8278.6,1003.0,0.99038294,1.00971045,11,5,6
1yBjRaUCV2mERdjCJpkdrAiSds,11,6,5,4.80222388,2.84408851,0.80037065,0.5688177,1.15469987,0.12245639,11,11,5,7,0.44357373,10.64576942,8115.9,529.0,1.68849312,0.59224405,11,6,5
1yEjDdwKLemQxF21SYWRqwwBNM,14,6,8,4.38245769,5.70516055,0.73040962,0.71314507,1.36355293,0.17241987,14,14,4,6,0.55628194,13.35076667,6471.53846154,163.0,0.76815677,1.3018176,14,6,8
1yGWzA7mbZQTpSTdNL6GBgXj5r,6,2,4,1.67070899,2.66414685,0.8353545,0.66603671,1.33794229,0.19030216,6,6,2,3,0.36442411,8.74617861,9878.6,284.0,0.62710845,1.59462053,6,2,4
1yHCeH37fUPosMUfZ8RzdDH3nU,10,2,8,0.66251723,5.99364407,0.33125861,0.74920551,1.28265618,0.15935622,10,9,3,3,0.45288083,10.86913981,7949.11111111,505.0,0.11053663,9.04677463,10,2,8
1yKBPM1wFQGGmppoCuo637BNLm,33,17,16,368.24213324,412.02660548,4.1845697,4.84737183,7.96191245,2.38881806,200,33,9,12,7.26080928,174.25942266,495.8125,6.0,0.89373387,1.11890131,33,17,16
1yKzUVvUrHAZ8AnkooPdaxDSrB,5,5,0,51.86531923,0.0,10.37306385,0.0,11.86624968,2.72691011,1,5,1,1,1.70879316,41.01103596,2106.75,496.0,51865319229.99999,0.0,5,5,0
1yLGZWtUXEciLG8rmhMptQTYUf,29,13,16,306.7891504,387.42652785,4.57894254,4.78304355,10.62642011,3.66155499,183,29,9,11,6.08695652,146.08695652,591.42857143,9.0,0.79186408,1.26284299,29,13,16
1yMZEpVsJSU5LoLXVU6ZiqiTZY,22,16,6,230.47647054,96.67312753,3.65835668,16.11218792,24.44152372,21.12567228,82,22,7,8,3.76700384,90.40809208,955.66666667,18.0,2.38408001,0.41944901,22,16,6
1yMte9krDH9TcDLL6LdhWbCRsy,7,5,2,5.68278995,1.83802257,1.13655799,0.91901129,1.4664684,0.16738342,7,7,4,4,0.27156489,6.51755742,13256.5,1316.0,3.09179552,0.32343665,7,5,2
1yPrmaFJiirJF29uegmjWznGcM,33,13,20,286.26088954,450.76159846,4.69280147,4.79533615,11.87631885,3.8394539,199,32,9,11,7.20765814,172.98379528,499.46875,7.0,0.63506051,1.5746531,33,13,20
1yR56afBSpp2sNNNnhJRPHCpSZ,11,5,6,18.06620512,27.07198035,3.61324102,4.51199673,7.52191947,6.2641081,11,11,4,4,2.81800391,67.63209393,1277.5,208.0,0.66733962,1.49848738,11,5,6
1yRJqvTHv6X2pb4PFi5ri3q2GD,10,6,4,3.39683177,3.82000177,0.56613863,0.95500044,1.47034192,0.23340739,10,10,6,7,0.32891731,7.89401553,10945.0,2717.0,0.88922256,1.12457785,10,6,4
1ySQVQQMXLaREhAc51kjYjpq1s,48,22,26,507.85945767,589.99793004,5.07859458,4.68252325,9.61715631,3.24993271,244,48,9,12,10.70479565,256.91509553,336.29787234,5.0,0.86078176,1.16173465,48,22,26
1yUYBhtaY9pxcTS1K8UKoykJaM,9,4,5,3.44987395,4.02130532,0.86246849,0.80426106,1.43134556,0.12879104,9,9,4,4,0.28740507,6.89772172,12525.875,3868.0,0.85789903,1.16563833,9,4,5
1ybi4a3vw5uj4q1T9vhF5nA1EZ,1,0,1,0.0,0.80312638,0.0,0.80312638,0.80312638,0.0,1,1,1,1,0.0,0.0,0.0,0.0,0.0,803126380.0,1,0,1
1ybwFS9vhPESTyTWoVVRWQNMjS,8,4,4,3.41929538,3.02218375,0.85482385,0.75554594,1.27212349,0.1166712,8,8,4,3,0.46962356,11.27096534,7665.71428571,419.0,1.1313989,0.88386156,8,4,4
1yfCrGQQNZu1gfqS5iF9YD3ELU,5,3,2,2.05163011,1.61018813,0.6838767,0.80509407,1.285231,0.18418391,5,5,3,4,0.17105591,4.10534193,21045.75,8617.0,1.27415553,0.78483354,5,3,2
1yh5o5z2wZh2ueeSreE3cHbzbX,11,7,4,7.18930938,2.45893207,1.0270442,0.61473302,1.46594566,0.15555089,11,11,5,5,0.3881025,9.31446005,9275.9,1521.0,2.92375274,0.34202619,11,7,4
1yjEsJrTvHkJt9edkoR8Ea4V5c,38,21,17,431.71156636,435.33488125,4.31711566,4.94698729,10.46406658,3.76902838,213,36,9,12,8.50031908,204.00765795,423.51351351,18.0,0.99167695,1.00839291,38,21,17
1yjzGdXb7QYGHt6xMet62kRrU1,3,3,0,28.67521241,0.0,9.55840414,0.0,11.46495944,2.84812395,1,3,1,1,1.24783362,29.94800693,2885.0,2877.0,28675212410.0,0.0,3,3,0
1yoZm3SSLoX2tV1EcQ4GRt3NgM,21,17,4,183.95912835,63.20785282,2.83014044,15.8019632,21.03338621,13.74199461,74,21,8,9,3.84451089,92.26826143,936.4,95.0,2.91038408,0.34359726,21,17,4
1yq3yAAjwTHAPgYj91NwNKbuBu,7,6,1,27.46839531,6.58072259,4.57806589,6.58072259,7.37800787,4.74089582,7,7,4,5,1.94963444,46.79122665,1846.5,16.0,4.17406978,0.23957434,7,6,1
1yqDk8hhbytZEbJQShr69QiYzc,8,7,1,32.41226528,1.89517614,4.63032361,1.89517614,7.64038313,3.98408323,8,8,5,5,2.00924892,48.22197417,1791.71428571,268.0,17.1025081,0.05847096,8,7,1
1yr3yNk13KeDECTvWCHJRdFw8x,16,13,3,203.82474937,40.8267548,4.07649499,13.60891827,23.6194918,13.1963012,63,16,8,10,2.72287213,65.34893102,1322.13333333,45.0,4.99243083,0.20030323,16,13,3
1yrSepwbxb26CjrBNqSt94bET7,1,1,0,10.42831107,0.0,10.42831107,0.0,10.42831107,0.0,1,1,1,1,0.0,0.0,0.0,0.0,10428311069.999998,0.0,1,1,0
1ysbEaP6tUFMYa5t8TKsrJnUTu,9,6,3,122.49648866,50.8874563,20.41608144,16.96248543,37.75992509,104.43327838,9,9,6,6,2.80046674,67.21120187,1285.5,212.0,2.40720401,0.41541971,9,6,3
1ysbZq86Xj9zfbu1zrkiUaTQx3,12,4,8,3.45092181,7.79164212,0.86273045,0.97395526,1.44565812,0.16104294,12,12,5,5,0.64124362,15.38984698,5614.09090909,479.0,0.44290045,2.25784372,12,4,8
1yvKz5cFgPBmM9pwjzQAt4Wzjr,10,5,5,28.43947993,20.30015116,5.68789599,4.06003023,7.9810578,4.91391806,10,10,4,5,2.14115781,51.38778747,1681.33333333,11.0,1.40094917,0.71380177,10,5,5
1yyvHEZ2L1EvCxNEYoRoMWSfqB,6,2,4,1.96417424,2.01105691,0.98208712,0.50276423,1.39858583,0.20321166,6,6,2,2,0.41761403,10.02273676,8620.4,1079.0,0.97668755,1.0238689,6,2,4
1z4tW2jTNgHa2xMF7R39n9VhLG,4,2,2,6.7709044,9.68868186,3.3854522,4.84434093,6.58291245,2.70048868,4,4,3,3,2.04390613,49.05374716,1761.33333333,837.0,0.69884681,1.43092876,4,2,2
1z7suRPCkjQ4ck8QdNf2LG7N2V,4,4,0,34.55980431,0.0,8.63995108,0.0,11.46324474,2.70837461,1,4,1,1,2.14968153,51.59235669,1674.66666667,259.0,34559804310.0,0.0,4,4,0
1zAMLT16czf6s8EtLpoFHtZnQX,6,3,3,14.43007702,10.80225234,4.81002567,3.60075078,6.22430931,2.81759869,5,6,3,3,1.22349103,29.36378467,2942.4,439.0,1.33583965,0.74859284,6,3,3
1zCgM4nbGucS3De4EUYKcUVwQy,33,17,16,368.61076455,376.04420696,4.78715279,5.15129051,9.88765357,4.13289615,189,32,9,11,7.49219563,179.81269511,480.5,29.0,0.98023253,1.0201661,33,17,16
1zERMTA4DpUEHLkKEhfHSZrfRp,17,15,2,185.8312183,43.48969156,3.09718697,21.74484578,23.20067515,18.60007556,59,16,7,11,3.16500907,75.96021759,1137.4375,87.0,4.27299463,0.23402791,17,15,2
1zL2KRCLXbUkoDsPvVqCETjBXF,10,7,3,165.87734493,37.224469,23.69676356,12.40815633,30.11803801,80.53110587,10,9,7,6,5.97345133,143.36283186,602.66666667,19.0,4.4561373,0.2244096,10,7,3
1zPXxnA5kP5oJdHzo2nfYUnq9S,10,8,2,5.56304484,2.40873878,0.6953806,1.20436939,1.49543102,0.22608397,10,10,5,6,0.39785844,9.54860258,9048.44444444,157.0,2.309526,0.43298928,10,8,2
1zRLbKksMQfFfUMB7wuuFbFM1Y,17,11,6,172.52635282,68.92950728,3.83391895,11.48825121,24.52175099,13.94865547,62,17,6,9,2.77657267,66.63774403,1296.5625,49.0,2.50293901,0.39953031,17,11,6
1zYRGMo7yxKZWHewXh6Mj79kfN,26,17,9,398.98038555,206.0662326,5.11513315,4.68332347,9.56940242,3.77244641,163,25,9,11,6.37890708,153.09376993,564.36,3.0,1.93617547,0.51648211,26,17,9
1zZVt4W9ZTWd4cWktLo2SHu1pE,7,3,4,2.32473323,5.01374336,0.77491108,1.25343584,1.40888353,0.13439771,7,7,4,4,0.29862302,7.16695239,12055.33333333,1200.0,0.46367216,2.15669622,7,3,4
1zcA4SDABmjavmpp26BTdc4zKH,5,2,3,13.72443648,8.47028931,6.86221824,2.82342977,7.85894303,6.35507099,5,5,3,3,2.5392347,60.94163287,1417.75,259.0,1.62030315,0.61716846,5,2,3
1zcSTqb3pjNc334nQcdjPymqEb,11,3,8,89.64727935,160.69391136,29.88242645,20.08673892,39.28533901,149.36995131,11,11,2,3,3.73134328,89.55223881,964.8,94.0,0.55787602,1.79251297,11,3,8
1zd8uRFPi4LrduU49vUnTVSiNu,19,16,3,225.1459085,58.98963185,3.46378321,19.66321062,20.93723967,16.05936601,65,19,8,10,2.90530846,69.72740316,1239.11111111,16.0,3.81670306,0.26200624,19,16,3
1zfWqaYo8EYnzuM9ecaG9A2tkq,9,3,6,2.37821519,5.76023787,0.7927384,0.96003965,1.38813276,0.19350194,9,9,3,4,0.31121677,7.46920251,11567.5,2356.0,0.41286753,2.42208438,9,3,6
1zhNR7UPPTP4jGGGiLe6m5xL8N,11,6,5,3.84612815,4.72988626,0.64102136,0.94597725,1.46275505,0.19864282,11,11,5,6,0.47739027,11.4573664,7541.0,245.0,0.81315447,1.22977864,11,6,5
1ziaspFJd8i6SKYTHeCoXDcmTc,33,15,18,307.92454551,428.10351544,4.21814446,4.97794785,10.29360008,3.59482035,198,32,9,11,7.12122149,170.9093157,505.53125,3.0,0.71927591,1.39028707,33,15,18
1ziiUF9GZ7DY1zpMXnjK53GXTB,5,0,5,0.0,99.70632801,0.0,19.9412656,37.43313122,87.07866998,5,5,1,1,1.36869119,32.84858854,2630.25,1933.0,0.0,99706328009.99998,5,0,5
1znZThRwKkvGtA2yE6Ym9ujTUQ,19,13,6,164.88849099,82.89643918,3.17093252,13.8160732,22.07867555,22.33049166,64,19,7,10,3.54699217,85.12781214,1014.94444444,30.0,1.98909015,0.50274242,19,13,6
1znrkRGEgf5AdhY7t1ArxLcxts,6,4,2,2.19395484,1.86761259,0.54848871,0.9338063,1.1628947,0.1781662,6,6,4,4,0.43762612,10.50302691,8226.2,2913.0,1.17473766,0.85125389,6,4,2
1zpo3gPXcujf2wFMmmM1b7dfqt,2,2,0,12.1664729,0.0,6.08323645,0.0,7.14892272,1.13568723,1,2,1,1,0.63570546,15.25693096,5663.0,5663.0,12166472899.999998,0.0,2,2,0
1zpxcgUUYT4MsUHB1usLMUxQYq,11,7,4,5.58853798,2.27887189,0.79836257,0.56971797,1.43573297,0.15450905,11,11,5,5,0.56704522,13.60908532,6348.7,76.0,2.45232652,0.40777604,11,7,4
1zpxkBoFsZXiFvP6bpkmqxTTLx,20,15,5,223.22723279,67.30124695,3.84874539,13.46024939,21.39196487,12.67761915,68,20,8,9,3.47190498,83.32571951,1036.89473684,29.0,3.31683651,0.3014921,20,15,5
1zqXfRV3U1QQci7XxFuMWf98yn,9,3,6,3.43611803,24.91793866,1.14537268,4.15298978,7.50233284,5.34883183,9,9,3,4,1.92667915,46.24029971,1868.5,185.0,0.13789736,7.25177029,9,3,6
1zrHuybq1LmUZaRmoyhgnchg3b,25,9,16,183.05950182,323.78370906,4.81735531,4.69251752,9.34148098,3.58150054,160,25,9,11,5.1535938,123.68625112,698.54166667,81.0,0.56537589,1.76873479,25,9,16
1zrtXfSajpNrg3ieUmjLQysebW,20,15,5,177.90652934,65.02738755,2.77978952,13.00547751,22.28157089,12.92751596,77,19,7,10,3.36896025,80.85504605,1068.57894737,11.0,2.73587078,0.36551434,20,15,5
1zsLg5QVekrPQKUvCGHXv79vtH,6,3,3,2.48269172,2.17056838,0.82756391,0.72352279,1.26781696,0.13270299,6,6,4,4,0.23751715,5.7004117,15156.8,2764.0,1.14379798,0.87428027,6,3,3
1zsZiDmW62G2YtEX9R4XmBrvr1,19,11,8,165.26183959,98.91143868,3.8432986,12.36392984,23.06535318,24.25875376,74,19,8,9,3.57458076,85.78993822,1007.11111111,14.0,1.67080615,0.59851348,19,11,8
1ztrJ4tXaPreFB7GjGJbusp4qF,12,9,3,9.29557795,2.94807828,1.03284199,0.98269276,1.42975105,0.09030479,12,12,6,7,0.42817754,10.27626102,8407.72727273,642.0,3.1530974,0.31714847,12,9,3
1zujEpT2gRKEfLQhwDiJzfYE94,37,18,19,385.18995991,435.954342,4.69743854,4.95402661,11.61132941,4.29719917,210,35,9,12,7.32741562,175.85797478,491.30555556,0.0,0.88355574,1.13179051,37,18,19
1zvBpU9RhrNKiFLrVvPd7mS2to,5,4,1,24.3526298,4.4257724,6.08815745,4.4257724,7.84036183,3.35039511,5,5,4,4,2.99937513,71.98500312,1200.25,491.0,5.50245869,0.18173694,5,4,1
312K9D6jb9m3qmwRa9t4Lax8sm,13,9,4,30.90151414,24.37437678,3.43350157,6.09359419,7.8869982,4.55880643,13,13,7,8,3.16553089,75.97274126,1137.25,3.0,1.26778684,0.78877613,13,9,4
312M6m3CaYLNk6A2AkBoniq16o,11,9,2,141.95834844,33.710749,4.43619839,16.8553745,21.36356068,15.85906051,38,11,5,8,1.92740122,46.2576293,1867.8,393.0,4.21107073,0.2374693,11,9,2
315DtHYWceuJZdTDJ4UhYf7XUR,14,5,9,5.12739011,6.62538304,1.02547802,0.73615367,1.24173159,0.1034845,14,14,5,4,0.54198031,13.0075275,6642.30769231,346.0,0.77390093,1.29215505,14,5,9
319qKGRM9wqzmL3PPFmqUHZq6m,29,21,8,293.16250846,127.07590848,3.18654901,15.88448856,24.89583795,17.45034118,104,28,9,11,4.34482759,104.27586207,828.57142857,59.0,2.30698731,0.43346576,29,21,8
31NgniA4aCFNvF2dYUUft7gHcz,16,13,3,144.18030724,34.5787444,2.77269822,11.52624813,15.76731087,7.115111,61,16,9,9,3.0506751,73.21620247,1180.06666667,17.0,4.1696224,0.23982987,16,13,3
31TfqwQGt5C7WsaurfLw1jkRgr,33,17,16,424.24560936,377.67691004,4.93308848,4.84201167,7.90753159,2.29405305,208,31,9,11,7.0918493,170.20438316,507.625,18.0,1.12330301,0.89023175,33,17,16
31V1tmmfJTMXWWrx4U6AzgZZfW,4,0,4,0.0,22.96155906,0.0,5.74038976,7.58467219,5.45535967,4,4,1,1,0.85707484,20.56979605,4200.33333333,9.0,0.0,22961559059.999996,4,0,4
31frosEJTkmWkPLh5bnoAGsUbZ,20,13,7,182.1287546,72.84904222,3.87507989,10.40700603,14.06842606,11.31895951,67,20,6,8,3.02735239,72.65645747,1189.15789474,0.0,2.50008441,0.3999865,20,13,7
321TnHwmMrMoa3zLsaBgzK3Xwk,33,17,16,409.35727779,386.23135359,4.9320154,4.88900448,9.39529844,2.68355423,191,33,9,10,7.17578174,172.21876168,501.6875,2.0,1.05987583,0.94350675,33,17,16
32GKBb75Ef1qLDcDh3GJ6dd3ds,6,3,3,1.92663424,3.08783942,0.64221141,1.02927981,1.21059888,0.10657533,6,6,2,4,0.38746341,9.29912175,9291.2,800.0,0.6239425,1.60271179,6,3,3
32JVZLA5V1AcN7RABPeqGuhTJb,4,3,1,2.26419779,1.23337681,0.7547326,1.23337681,1.23337681,0.05144561,4,4,3,4,0.16648939,3.99574527,21623.0,11001.0,1.83577133,0.54473015,4,3,1
32YMw6tB646ZK9RBj9RLviK7a2,7,5,2,24.03281941,9.44326631,4.80656388,4.72163316,7.39146516,4.19707125,7,7,5,5,1.70212766,40.85106383,2115.0,364.0,2.54496894,0.3929321,7,5,2
32bqJEykYUsyaNM2YZgRvVfEQA,6,4,2,2.88673425,1.79422656,0.72168356,0.89711328,1.25460847,0.11491741,6,6,5,3,0.22169399,5.32065572,16238.6,5017.0,1.60890175,0.62154199,6,4,2
32dzNEr1kVBXoX9ahnmrAXRdMk,3,3,0,22.85460724,0.0,7.61820241,0.0,11.48321364,15.81527538,1,3,1,1,1.22574055,29.41777324,2937.0,423.0,22854607240.0,0.0,3,3,0
32nCPggU78tKEMzZuD3Lx1hXXo,4,2,2,1.72245581,7.06068018,0.86122791,3.53034009,4.81916434,2.70218367,4,4,2,3,0.99429203,23.86300865,3620.66666667,1568.0,0.24395041,4.0991938,4,2,2
32x9sMRxhASQ1UsujzCAeCE72S,12,5,7,5.67232137,4.63897781,1.13446427,0.66271112,1.42707603,0.17766213,12,12,3,6,0.50117066,12.02809593,7183.18181818,286.0,1.22275243,0.81782704,12,5,7
32xsAuMHwLsufRMM3BnJpBzn6w,26,12,14,246.81455389,301.0640458,4.33007989,4.70412572,7.85245918,2.29392577,164,26,9,12,5.50290431,132.06970345,654.2,33.0,0.81980747,1.21979859,26,12,14
333T9bqidjCBDaHEQwWfgDbifM,6,4,2,83.41570956,20.04231872,20.85392739,10.02115936,33.27954905,84.51508239,6,6,4,4,1.97606763,47.42562301,1821.8,12.0,4.161979,0.24027031,6,4,2
334gnbU39xWPuYKjMHtJhe93MK,15,11,4,148.50315863,69.44544597,3.62202826,17.36136149,21.12494854,22.78790902,56,15,6,7,2.79472108,67.07330598,1288.14285714,172.0,2.13841464,0.46763615,15,11,4
33JT88VBfMeRGd2K2iswd1WK9v,7,4,3,1.67316877,1.52438554,0.41829219,0.50812851,0.67762835,0.0329741,7,7,5,4,0.32344045,7.76257075,11130.33333333,902.0,1.0976021,0.91107697,7,4,3
33SSmSiYU1snNP2ai2i3Nv4kf4,34,13,21,298.68858119,443.05475548,4.59520894,4.47530056,9.59872119,3.7354592,205,34,9,11,7.60758197,182.58196721,473.21212121,1.0,0.67415726,1.48333342,34,13,21
33aibPDCftcvWyGKnx266HgtfY,3,3,0,10.22391189,0.0,3.40797063,0.0,5.01935216,1.33704488,1,3,1,1,2.2478926,53.94942242,1601.5,725.0,10223911890.0,0.0,3,3,0
33mnHJh4du2xnXfhWYCXpxiqbt,7,6,1,4.03487612,0.30897673,0.67247935,0.30897673,1.24765233,0.18957794,7,7,5,6,0.32466068,7.79185643,11088.5,2018.0,13.05883495,0.07657651,7,6,1
33rWpm2P6tDw3TfTVC5r9b7MRc,3,3,0,9.35722889,0.0,3.1190763,0.0,7.28573981,8.69543216,1,3,1,1,1.40159626,33.6383103,2568.5,1693.0,9357228890.0,0.0,3,3,0
3474hNJbQVK8X9yp5MroTuAxAe,5,4,1,3.13461378,0.19982848,0.78365345,0.19982848,1.28247039,0.21615608,5,5,4,5,0.2832304,6.7975296,12710.5,2271.0,15.68652166,0.063749,5,4,1
348YDiBxiuk2maTsNypuAFzVWV,9,7,2,91.13953207,17.45216945,3.50536662,8.72608472,15.21903676,6.43996,30,9,5,4,1.58572844,38.05748266,2270.25,176.0,5.22224657,0.19148847,9,7,2
34MWcT5X2ThFy2Jcek7Gqcis9L,8,3,5,2.65493936,3.42114062,0.88497979,0.68422812,1.35084105,0.10442327,8,8,3,4,0.44712562,10.7310149,8051.42857143,184.0,0.77603924,1.28859464,8,3,5
34TShQxRUv4wvQ2Pg2vZwQiQmW,9,4,5,100.07888158,123.65308753,25.0197204,24.73061751,38.40980167,137.65632036,9,8,5,5,3.21895607,77.25494579,1118.375,238.0,0.80935206,1.23555625,9,4,5
34XbrNKpbtDD1dQZYAzGmcESbn,16,12,4,155.27972071,48.8801511,3.16897389,12.22003778,24.94822655,12.69929296,57,16,5,8,3.17422996,76.18151893,1134.13333333,26.0,3.17674388,0.31478773,16,12,4
34mneqZv3PQzUKLt5edpKr5w9H,48,24,24,517.87059608,530.1232983,4.75110639,4.27518789,8.7759797,3.30179549,234,45,9,12,10.62613829,255.02731897,338.78723404,0.0,0.97688707,1.02365978,48,24,24
34wMDKYyYkwH66T1BZQmdyPDnv,3,3,0,18.63563734,0.0,6.21187911,0.0,11.93660625,16.59284187,1,3,1,1,1.11888112,26.85314685,3217.5,414.0,18635637339.999996,0.0,3,3,0
354gH83wp5VqQfhv2CM7mVR9hd,7,1,6,0.17567655,5.74801888,0.17567655,0.95800315,1.48200743,0.21268068,7,7,2,2,0.31802588,7.63262121,11319.83333333,1433.0,0.03056297,32.71932924,7,1,6
35UYPDskmB8RFtmDT8tvG5Xgxa,22,15,7,228.43437536,81.93171995,3.4611269,11.70453142,18.78752956,11.85149635,84,22,6,9,3.39013453,81.3632287,1061.9047619,286.0,2.78810668,0.35866633,22,15,7
35VdybDiZWn6jGNPSUgUyGjEtv,7,3,4,10.35079891,16.06820328,3.4502663,4.01705082,7.31347528,3.42089434,7,7,3,4,1.55485171,37.31644112,2315.33333333,158.0,0.64417899,1.55236358,7,3,4
35X1b1iLgAfwEnBqvwcnswQ2Ym,9,3,6,15.29595438,18.81283786,5.09865146,3.13547298,7.43015947,4.10975382,9,9,3,4,2.51880357,60.45128564,1429.25,51.0,0.81305938,1.22992246,9,3,6
35grxMDskVYHgmzCSUhjEByfpM,17,13,4,172.77977405,87.55397874,4.11380414,21.88849469,24.89017614,30.50193251,54,17,8,9,2.82741017,67.8578441,1273.25,122.0,1.97340859,0.50673743,17,13,4
35wZrZaA9EVaibiX4NjbwK5Ra4,11,9,2,101.10722681,38.72208962,2.66071649,19.36104481,21.33601149,15.97542198,45,11,7,8,2.50976018,60.23424428,1434.4,29.0,2.61109945,0.38298043,11,9,2
36QjziB4ShLomqFUi6n71EX59e,7,3,4,2.79969655,1.95119646,0.93323218,0.48779912,1.20315327,0.09181329,7,7,4,3,0.35762181,8.58292356,10066.5,2796.0,1.43486143,0.69693141,7,3,4
36VivwbQRa7WRfVQ3Pf7YpGmrd,10,8,2,31.14082694,10.5818712,3.89260337,5.2909356,7.89348047,5.05572913,10,10,7,6,3.1268095,75.04342791,1151.33333333,106.0,2.94284691,0.33980701,10,8,2
36bZZPqVcVaCsyaw1kwdNXCoxv,33,18,15,332.5415482,313.30963857,3.69490609,4.41281181,7.97354941,2.26186666,210,33,9,11,7.35256574,176.46157774,489.625,3.0,1.06138308,0.9421669,33,18,15
36jfciQmHNZAqdtLA2DhHtwj15,14,9,5,156.85499747,48.12120675,4.35708326,9.62424135,21.07816901,16.04548804,51,14,5,7,2.90016732,69.60401562,1241.30769231,27.0,3.25958155,0.30678785,14,9,5
36vnRiB26VuAetMo8k9RivxS4y,27,11,16,271.46597578,350.15173925,5.42931952,4.93171464,12.99954584,4.98284754,175,27,9,11,5.876444,141.03465595,612.61538462,51.0,0.77528096,1.28985497,27,11,16
372bxiworpE9qYjaSSawUbjfda,7,4,3,86.6484725,79.38652031,21.66211812,26.46217344,39.77872216,143.26728551,7,7,4,5,3.25939339,78.22544138,1104.5,9.0,1.09147588,0.91619065,7,4,3
379t4svRKRJoTvXRHWcuPRBNz4,27,16,11,444.11303028,241.62499023,5.92150707,4.64663443,9.15096619,3.28718052,170,27,8,10,6.25166978,150.04007481,575.84615385,26.0,1.83802607,0.54406193,27,16,11
37TfLfTEYcZ56dvzEawmneieye,12,4,8,46.27920022,107.97035764,3.30565716,13.49629471,24.09773356,45.01655477,42,12,4,5,2.27233603,54.53606473,1584.27272727,289.0,0.42862876,2.33302125,12,4,8
37U3zJCRu6HvrHV6zTN3wHHr7Q,4,4,0,29.32956213,0.0,7.33239053,0.0,10.97996773,11.29129854,1,4,1,1,3.04482661,73.07583874,1182.33333333,113.0,29329562129.999996,0.0,4,4,0
37bKFFSaXNv2e9qTDBuoBEffZA,9,5,4,3.58353685,4.33677461,0.71670737,1.08419365,1.40732852,0.11029479,9,9,5,6,0.43451366,10.42832788,8285.125,149.0,0.82631383,1.21019395,9,5,4
37h58evz2h92R1Y7GpSieE4s3Q,10,6,4,34.13466942,15.24420885,5.68911157,3.81105221,7.64976295,4.05570725,10,10,5,6,2.14087485,51.38099643,1681.55555556,294.0,2.2391893,0.4465902,10,6,4
37kvkyArDtaMdNq8HvDrJSbAGe,9,6,3,3.59573202,1.84363956,0.59928867,0.61454652,0.9857135,0.07107927,9,9,5,4,0.43101513,10.34436313,8352.375,187.0,1.95034436,0.51272997,9,6,3
37qKLbmch55Ax8w1G5rrsqJC8q,10,5,5,3.53749526,3.32530716,0.70749905,0.66506143,1.2253182,0.12320874,10,10,5,5,0.46310854,11.11460507,7773.55555556,730.0,1.06381008,0.94001742,10,5,5
37vdiMjJndju2yw9dLcwHerKDj,6,6,0,43.46406997,0.0,7.24401166,0.0,11.46717587,13.29048065,1,6,1,1,1.98960982,47.75063557,1809.4,111.0,43464069969.99999,0.0,6,6,0
38MiQaS1CSL9ESxCovLNtZboKn,36,17,19,367.4275354,451.92477614,4.4808236,4.8594062,11.61132941,3.62091212,216,36,9,11,8.38211815,201.17083555,429.48571429,34.0,0.81302809,1.22996981,36,17,19
38PLc6cM8FFux75uXZT4NVvVSv,6,6,0,42.49070433,0.0,7.08178405,0.0,10.69104665,17.09667185,1,6,1,1,1.76852034,42.44448811,2035.6,147.0,42490704330.0,0.0,6,6,0
38S29SfrnNXVQ9mUTcKc4Ejp7U,4,4,0,22.23407439,0.0,5.5585186,0.0,8.8810215,5.07652408,1,4,1,1,1.50690666,36.16575973,2389.0,672.0,22234074390.0,0.0,4,4,0
38ejuBT2q9vhjRspu58cUZxx2p,5,4,1,17.77967535,3.63581316,4.44491884,3.63581316,7.85822614,7.08684567,5,5,4,4,2.07642394,49.83417448,1733.75,356.0,4.890151,0.20449266,5,4,1
38pT9ww5jjxbjQznUGM91xr1WU,31,26,5,369.56349886,86.56605096,3.39049082,17.31321019,23.77789065,11.90787117,110,27,9,10,5.15070584,123.6169401,698.93333333,27.0,4.26915049,0.23423864,31,26,5
38rV7zrRNXceDd5u9exPxSPt6b,16,13,3,168.71511799,52.38712094,3.18330411,17.46237365,18.4961734,13.82410319,65,16,8,8,2.3756104,57.0146496,1515.4,12.0,3.22054572,0.31050638,16,13,3
38sFTWmKwR6U7Uu1MJGFVk2Xqj,36,19,17,415.25984218,379.22951519,4.66584092,4.51463709,8.43526432,2.94628133,199,35,9,12,7.03714046,168.89137113,511.57142857,0.0,1.09500929,0.91323426,36,19,17
38xKx2GUmeShMnRSRUbEjCX9Dc,8,4,4,3.91106916,4.42452426,0.97776729,1.10613107,1.37422105,0.07812318,8,8,3,4,0.3474616,8.3390784,10360.85714286,1311.0,0.88395247,1.13128254,8,4,4
38y34WfCF4HUT2469cGaAW626o,14,12,2,158.80060562,30.72884557,3.11373737,15.36442278,21.22158575,9.66141564,57,13,7,9,2.66773072,64.02553725,1349.46153846,280.0,5.16780252,0.19350585,14,12,2
395BjanbRUe3MvgJRenfaqLCbZ,9,4,5,21.6042309,15.56736587,5.40105773,3.11347317,7.90124582,7.28982751,9,9,3,4,2.14461241,51.47069774,1678.625,166.0,1.38778976,0.72057024,9,4,5
3978pZXLnei22JHe5u4jro4VBm,33,15,18,308.97416763,410.60889404,4.61155474,4.77452202,9.02809351,4.0311079,190,33,9,11,6.82424027,163.78176648,527.53125,13.0,0.75247802,1.32894247,33,15,18
39FzkhwALhLo1tYgmD851Afy8a,1,0,1,0.0,0.78700439,0.0,0.78700439,0.78700439,0.0,1,1,1,1,0.0,0.0,0.0,0.0,0.0,787004390.0,1,0,1
39JrMV4N5MxyxNoXwah9SDbb1u,11,11,0,70.78715998,0.0,6.43519636,0.0,10.55364805,11.57965629,1,11,1,1,3.8277512,91.86602871,940.5,54.0,70787159980.0,0.0,11,11,0
39Nu869fja3pxEqo64ARAFV2Q3,40,18,22,371.85604455,532.46828685,4.27420741,4.97633913,9.79407153,3.62681454,215,39,9,12,8.61138371,206.67320903,418.05128205,6.0,0.6983628,1.43192048,40,18,22
39UHnsEfEDw1LorQievUdBjq3z,10,4,6,14.42137448,19.46104819,3.60534362,3.24350803,6.97705316,2.66439179,10,10,5,5,2.32274715,55.74593161,1549.88888889,47.0,0.74103791,1.34945863,10,4,6
39v6pqmXvmmPwU9XNBZ118Tpyy,5,2,3,8.04377364,17.87684184,4.02188682,5.95894728,7.34924837,3.66997997,5,5,3,3,1.7345218,41.62852325,2075.5,567.0,0.44995496,2.22244467,5,2,3
39xhQrAxXN1QSzbZh4ZzJiyaCm,5,5,0,46.35083798,0.0,9.2701676,0.0,11.27794988,4.6400869,1,5,1,1,1.74144395,41.79465473,2067.25,936.0,46350837980.0,0.0,5,5,0
3ADSt84vb4dyAT6RS917TMPzMo,25,20,5,259.058972,55.82038109,3.36440223,11.16407622,19.18895033,9.99003351,87,23,9,10,3.9006772,93.61625282,922.91666667,41.0,4.64093879,0.21547365,25,20,5
3AeD4dtiR8Px4X8wv4US8Sf4FU,36,21,15,403.5393956,367.10246883,4.07615551,5.17045731,10.3482406,3.09662628,198,36,8,12,7.72437469,185.38499264,466.05714286,23.0,1.09925547,0.90970664,36,21,15
3AunEwotFmp4xrCwYoSLujwB2c,6,3,3,2.01345122,2.1263683,0.67115041,0.70878943,1.4658356,0.21685223,6,6,3,4,0.37140204,8.91364903,9693.0,1785.0,0.94689674,1.05608136,6,3,3
3AyP2WtLFaw93uDfPuk4int4VZ,26,13,13,286.76876748,297.70030198,4.48076199,4.9616717,9.63365304,4.43155393,160,26,9,10,5.30816868,127.39604836,678.2,41.0,0.96328007,1.03811968,26,13,13
3AzYB3hpKQ4mndc1UpvzEmkyyP,37,16,21,317.25280703,445.66259791,3.77681913,4.74109147,8.95752586,3.36048773,211,37,9,12,7.65821663,183.79719908,470.08333333,1.0,0.7118677,1.40475541,37,16,21
3B4gJZ3osDRemwQViPTCygHDDd,7,3,4,14.50100487,24.26811611,4.83366829,6.06702903,7.95483856,3.72465958,7,7,4,4,2.45009074,58.80217786,1469.33333333,221.0,0.59753319,1.6735472,7,3,4
3B5u3LKWoafaNUyk9NzYPqDBtS,7,3,4,2.56594958,2.7297195,0.85531653,0.68242987,1.48241922,0.19789206,7,7,4,3,0.35613593,8.54726221,10108.5,4073.0,0.94000485,1.06382429,7,3,4
3BLVtW78PVcWDXsb6NyT8vySB5,32,19,13,400.40616783,287.05596952,4.44895742,4.70583557,12.19885678,3.95073009,184,32,8,11,6.66826004,160.03824092,539.87096774,18.0,1.39487142,0.71691196,32,19,13
3BvEVBHUUVxRpw9BTmXR5YLiVe,30,18,12,349.73565861,264.20335083,4.11453716,4.80369729,7.96721925,3.08537112,185,29,9,11,6.34226353,152.21432477,567.62068966,40.0,1.32373665,0.75543727,30,18,12
3CPGkeHxo7ZQJNQJ5vbgBMbzay,8,8,0,57.25817096,0.0,7.15727137,0.0,10.56781613,10.14472806,1,8,1,1,3.51268469,84.30443267,1024.85714286,41.0,57258170960.0,0.0,8,8,0
3CQoxN9PWT6P2nnwyGDPxufthZ,11,5,6,103.0572519,108.30987382,20.61145038,18.05164564,39.31891053,117.45488366,10,11,5,5,4.05496733,97.31921604,887.8,37.0,0.95150376,1.050968,11,5,6
3CbqNoXCNRBdBSeFxmFNafskQ7,12,4,8,4.44410594,4.98722752,1.11102649,0.62340344,1.45960696,0.23289418,12,12,3,5,0.44641347,10.71392337,8064.27272727,610.0,0.89109749,1.12221166,12,4,8
3CcraSPpbv2yYjC2v4chj2PWt2,24,9,15,182.30858793,294.97233184,4.05130195,4.46927776,7.88293243,3.19998707,159,24,9,11,4.98494883,119.63877182,722.17391304,3.0,0.61805318,1.61798374,24,9,15
3CeUhuY6XPTNMj7wBNTmYKjSuq,8,1,7,0.58282971,5.52328436,0.58282971,0.78904062,1.30723968,0.0795028,8,8,2,2,0.35898459,8.61563007,10028.28571429,932.0,0.10552231,9.4766692,8,1,7
3CfTnkdnLksCmRg7PwJnbhgWbb,4,1,3,18.43368558,82.75743057,18.43368558,27.58581019,28.70082727,16.17780332,4,4,2,2,1.98602427,47.66458257,1812.66666667,1303.0,0.22274357,4.48946741,4,1,3
3CzGSTgKkS9VCZUN7b8Krm93Ls,15,8,7,36.28880888,22.88683993,4.53610111,3.26954856,7.50331024,4.91280623,15,15,7,6,3.93565516,94.45572388,914.71428571,36.0,1.58557533,0.6306859,15,8,7
3D3sfZamFgBk3QGi1B6JrSPjSS,14,7,7,7.44997287,6.215691,1.06428184,0.88795586,1.49217941,0.20246285,14,14,7,5,0.64384768,15.45234427,5591.38461538,24.0,1.19857517,0.83432398,14,7,7
3D6X6QNkXcMrB6hneWeFFScRy3,9,5,4,19.79008339,18.01886033,3.95801668,4.50471508,7.98874537,5.52067712,9,9,5,5,1.76211454,42.2907489,2043.0,670.0,1.09829828,0.91049946,9,5,4
3DJudETGMUa4maYVghqGKYAKzm,36,18,18,370.77013303,422.5726722,4.11966814,4.59318122,8.11132198,3.14465928,212,33,9,12,7.51610594,180.38654259,478.97142857,5.0,0.87741153,1.13971605,36,18,18
3Da4vcraADDyw3dW26ftebBKWY,8,8,0,49.23236388,0.0,6.15404549,0.0,10.22207152,11.93181144,1,8,1,1,2.9535865,70.88607595,1218.85714286,112.0,49232363880.0,0.0,8,8,0
3DaDGxv2U6HHEyMVxiQJnXaeEw,8,4,4,16.10345774,15.99670683,4.02586443,3.99917671,7.91841178,5.22345641,8,8,4,3,1.98378336,47.6108006,1814.71428571,137.0,1.00667331,0.99337093,8,4,4
3DbvGortsRrHj4J6Ah2hex78Wf,10,5,5,3.2745857,6.01667487,0.65491714,1.20333497,1.4941277,0.16693927,10,10,5,5,0.37988486,9.11723669,9476.55555556,566.0,0.54425173,1.83738507,10,5,5
3DkzyHJJEMtfRhiCiHNakuyYz1,16,12,4,178.71885968,57.95962553,4.15625255,14.48990638,22.82945491,13.79637319,54,15,7,9,2.8957529,69.4980695,1243.2,32.0,3.08350611,0.32430615,16,12,4
3DwLA3F7dpVjWXKbUWQgQ8jL5Z,16,11,5,167.40965136,58.19131437,3.89324771,11.63826287,23.76322678,14.64326257,55,15,6,6,3.07674776,73.84194633,1170.06666667,98.0,2.87688383,0.34759832,16,11,5
3E3AeMMqjmeSFUGWjotAiTCugo,22,16,6,232.42645663,84.88629505,3.36849937,14.14771584,24.84002308,16.48629894,83,22,9,11,3.58141077,85.95385854,1005.19047619,43.0,2.73809166,0.36521787,22,16,6
3E6sk3WWBBAcWHgfxNZdDoSYKB,44,21,23,429.43041876,567.14244755,4.29430419,4.76590292,7.95190646,2.61915366,242,43,9,12,9.22526818,221.40643623,390.23255814,38.0,0.75718265,1.32068531,44,21,23
3EVVwc2Q9dx9Lp1YtjvPNFTUkq,11,6,5,4.56630135,6.0528634,0.76105022,1.21057268,1.47634274,0.22479971,11,11,4,6,0.38811924,9.31486173,9275.5,772.0,0.7544035,1.32555058,11,6,5
3EcESKY9xBLQMrZp7Y3aoFGP5s,2,2,0,11.34634553,0.0,5.67317277,0.0,6.50313404,0.68883572,1,2,1,1,0.97113569,23.30725654,3707.0,3707.0,11346345530.0,0.0,2,2,0
3Eo6sXsjg5BZRqyiqZQYaWCMnQ,10,7,3,5.89525073,1.58010924,0.84217868,0.52670308,1.21520601,0.12666137,10,10,4,6,0.48471792,11.63323011,7427.0,971.0,3.7309134,0.26803088,10,7,3
3EsgSoQksKpD62NPVY5j3Ek4jr,9,6,3,153.03343421,48.20117755,25.50557237,16.06705918,37.1043487,71.16404794,9,9,5,6,3.88611523,93.26676562,926.375,136.0,3.17488995,0.31497155,9,6,3
3EvhWgs4naTvc2atZGNanpQzPZ,41,21,20,426.04464349,493.19311862,4.13635576,4.69707732,7.93708103,2.80403637,220,39,9,12,8.63827235,207.31853629,416.75,7.0,0.86384953,1.15760901,41,21,20
3F6x9Asrk4uunURVUSMKi1MFph,2,2,0,8.76181139,0.0,4.3809057,0.0,4.47804697,0.00943643,1,2,1,1,2.07612457,49.82698962,1734.0,1734.0,8761811390.0,0.0,2,2,0
3F8RDF9KiF1jaisjYqBLHXZGvd,38,16,22,307.84086244,534.50335639,3.70892605,5.34503356,7.97982524,3.62458562,214,37,9,11,8.81302104,211.51250496,408.48648649,9.0,0.57593813,1.73629762,38,16,22
3FmgDzaffC1KQwXmmvzsvFsPF9,19,15,4,258.45826509,70.06694016,4.69924118,17.51673504,21.21484467,18.73593438,65,19,6,9,3.06948984,73.66775615,1172.83333333,47.0,3.68873344,0.27109576,19,15,4
3Fn4a2UdMc5JziTyX8YgiPVmU2,7,4,3,4.36990204,1.1590677,1.09247551,0.3863559,1.43719949,0.19222328,7,7,4,4,0.31569255,7.57662121,11403.5,688.0,3.77018706,0.26523883,7,4,3
3G8AD2GtuLWYcUUiz3DBJ92Hst,12,5,7,4.29620319,3.86879006,0.85924064,0.55268429,1.43214667,0.2637605,11,12,5,4,0.38413037,9.21912892,9371.81818182,220.0,1.11047721,0.90051375,12,5,7
3GAQysM4rUNv9djf2NnzFRtVgh,5,5,0,33.15167807,0.0,6.63033561,0.0,10.48426117,12.85421083,1,5,1,1,1.49083756,35.78010146,2414.75,80.0,33151678070.0,0.0,5,5,0
3GAtA9wksHzyrV3pkZ717Jam7B,3,3,0,20.46685026,0.0,6.82228342,0.0,8.09920793,3.07081424,1,3,1,1,1.29403307,31.05679367,2782.0,216.0,20466850260.0,0.0,3,3,0
3GEuF4p98mnARo2mUQ4m7je5Xv,10,10,0,6.57084299,0.0,0.6570843,0.0,1.47437359,0.20147856,9,10,5,5,0.38379076,9.21097831,9380.11111111,1427.0,6570842990.0,0.0,10,10,0
3GNbo3vJvX65vcnw2s3LN46zMp,3,3,0,24.02198713,0.0,8.00732904,0.0,11.53714603,16.53649675,1,3,1,1,0.80106809,19.22563418,4494.0,1971.0,24021987129.999996,0.0,3,3,0
3GZmWUCx6PzXnYtLv1pMHQvZUU,8,3,5,9.58868176,22.2915445,3.19622725,4.4583089,6.77309823,4.60084938,8,8,4,4,3.0589949,73.41587764,1176.85714286,18.0,0.43014883,2.32477676,8,3,5
3GjU8CWMj8PmSn9ryXvtxYfTkG,6,2,4,1.80188888,3.52000306,0.90094444,0.88000077,1.33773121,0.19032971,6,6,3,3,0.28476507,6.83436165,12642.0,4375.0,0.5118998,1.95350729,6,2,4
3GsvdedAPWy1yeeyBZU81AaPhN,43,25,18,529.41307244,443.08829077,3.98054942,5.03509421,8.7759797,3.2107273,238,43,9,12,9.05064049,217.21537172,397.76190476,8.0,1.19482524,0.83694248,43,25,18
3GwFLwnAtW4cTTca9RGHENi6Vw,9,4,5,3.52229925,4.27463633,0.88057481,0.85492727,1.2150712,0.04597983,9,9,3,4,0.46656299,11.19751166,7716.0,896.0,0.82399975,1.21359261,9,4,5
3HDC7py78PJdNghpiig9d6qkXf,44,27,17,591.18752193,398.42881385,4.31523739,5.10806172,11.1086304,2.79717848,244,41,9,12,8.97859753,215.4863407,400.95348837,0.0,1.48379711,0.67394659,44,27,17
3HkMTStVUSH4JYoFNhu3LVTFdy,10,5,5,3.03666926,5.31347346,0.60733385,1.06269469,1.48110143,0.27469147,10,10,5,4,0.32661949,7.83886772,11022.0,5759.0,0.57150361,1.74977023,10,5,5
3J2mXe2MRdRMd7tY7mkENYZtqj,10,3,7,1.89905822,6.5348087,0.63301941,0.9335441,1.48895914,0.23364182,10,10,4,4,0.4134024,9.92165769,8708.22222222,804.0,0.29060655,3.44107865,10,3,7
3JHhC6A5JS6LxnVxTaEjzHCv46,6,3,3,2.18380376,2.84162541,0.72793459,0.94720847,1.44847253,0.19168024,6,6,2,4,0.25069638,6.01671309,14360.0,1420.0,0.76850515,1.30122746,6,3,3
3JMHfEotrv2DSKRrbW6xe8sm9z,6,3,3,0.94243036,2.11274422,0.31414345,0.70424807,1.39734026,0.16476912,6,6,2,3,0.43306708,10.39360985,8312.8,917.0,0.44606931,2.24180407,6,3,3
3JgdBLRaVj6LHRugEsdgnNG6tM,6,2,4,9.22424598,23.46450242,4.61212299,5.86612561,7.00914642,2.82221556,6,6,3,1,1.64684355,39.5242452,2186.0,50.0,0.39311492,2.54378542,6,2,4
3JmB9eW89MxAqeywzThVj8aaGd,6,3,3,2.90269045,3.18856954,0.96756348,1.06285651,1.40052224,0.13209112,6,6,4,3,0.44425797,10.66219118,8103.4,1100.0,0.91034253,1.09848763,6,3,3
3JqLYAH8g7UMi3xDmKJ2sdTSw5,9,8,1,8.91915763,0.29088771,1.1148947,0.29088771,1.38156359,0.13429885,9,9,6,7,0.37804702,9.07312847,9522.625,1917.0,30.6618579,0.03261381,9,8,1
3JsS6QSWdGmFLkuw6iwiq36SRR,8,4,4,3.08148877,3.11413889,0.77037219,0.77853472,1.48036203,0.29932901,8,8,3,4,0.31337437,7.52098489,11487.85714286,1249.0,0.98951552,1.01059557,8,4,4
3K3Mux28GoEsB2qyGJtHeQU2Y5,9,4,5,15.17436795,15.22076627,3.79359199,3.04415325,6.71559822,5.41391737,8,9,4,3,2.06170807,49.48099363,1746.125,136.0,0.99695164,1.00305768,9,4,5
3KBZThxF3Wjp2Wa6p3o5o379Kv,29,15,14,311.61116155,337.17250366,4.26864605,4.81675005,9.79407153,3.33860191,176,29,9,11,6.24419253,149.8606207,576.53571429,42.0,0.92418913,1.08202961,29,15,14
3KHowjfxAN6ejAPLimjS9fn6Lc,8,1,7,0.95853047,6.04459014,0.95853047,0.86351288,1.20228625,0.09504582,8,8,2,2,0.74056659,17.77359821,4861.14285714,493.0,0.15857659,6.30610119,8,1,7
3KUmoscjnYADKE4epb4pM44eXZ,12,8,4,5.61416095,3.4260891,0.70177012,0.85652227,1.34355217,0.10532095,12,12,7,8,0.41036269,9.84870466,8772.72727273,858.0,1.63865001,0.61025844,12,8,4
3KdhWtKX1n419TcWSLLbjqUYSL,18,13,5,217.12761656,53.48247116,4.17553109,10.69649423,23.49352834,11.644817,64,18,6,9,2.83385812,68.01259492,1270.35294118,34.0,4.05979028,0.24631814,18,13,5
3KkvsRrCCSZkgXMD65pyPBjHqs,35,15,20,285.3316562,471.7644987,3.7543639,4.67093563,8.65137279,3.33624696,208,35,9,11,8.2136626,197.12790229,438.29411765,12.0,0.60481799,1.65338997,35,15,20
3KrbgqpoYkgou6VVzrSqEGjKii,6,3,3,1.33661038,2.56691332,0.44553679,0.85563777,1.12056903,0.14778645,6,6,3,4,0.26356635,6.32559229,13658.8,1265.0,0.52070725,1.9204649,6,3,3
3L5JBYZQyFh5H7oofZZXCTEnHk,8,3,5,8.33150924,32.56070739,2.77716975,6.51214148,7.25288539,4.09201197,8,8,4,4,1.97554092,47.41298213,1822.28571429,373.0,0.25587617,3.90814034,8,3,5
3L6q4N1UaMg2sqtoAGG4gsLzxU,40,20,20,430.83804661,470.48641513,4.22390242,4.85037541,9.34443318,3.20906139,227,39,9,12,9.23137616,221.55302781,389.97435897,2.0,0.91572898,1.09202615,40,20,20
3LA9GMxJtEL4LoTypqRcA8A6Ns,11,9,2,112.58197183,39.37091582,2.96268347,19.68545791,22.31819695,15.15562378,43,11,4,7,1.79631755,43.11162118,2004.1,3.0,2.85952129,0.34970888,11,9,2
3LBFPW21K6Bg7rc9cmN7c8kT5h,17,15,2,223.68567969,23.91944578,3.99438714,11.95972289,14.5667038,6.87906361,58,17,9,11,2.61426043,62.74225026,1377.0625,28.0,9.35162469,0.10693329,17,15,2
3LJj5z5fikDPKrVmCaSGedmSBL,31,18,13,345.78578705,275.95782425,4.11649746,4.67725126,8.53517919,2.76430285,175,31,9,12,6.44352962,154.64471094,558.7,7.0,1.25303853,0.79806006,31,18,13
3LdPrnSp9wxj8pFVsmB7EZSsNt,8,2,6,1.28693247,3.4608732,0.64346623,0.5768122,1.10051344,0.17103512,8,8,3,2,0.41038335,9.8492004,8772.28571429,2413.0,0.37185196,2.68924227,8,2,6
3Lsmbk9si2faY9aLravy5Z7bRd,4,1,3,23.00527977,65.25667625,23.00527977,21.75222542,25.27156928,10.72574286,4,4,2,2,1.86818889,44.83653347,1927.0,283.0,0.35253527,2.83659564,4,1,3
3M2SdqJFreiJJt74sn52LAwYrp,8,4,4,19.98077334,19.42542247,4.99519333,4.85635562,7.9996186,5.76794262,8,8,4,5,2.3883992,57.32158089,1507.28571429,510.0,1.02858887,0.97220574,8,4,4
3M5ji1e2SniPru7gwK2YButFJt,28,14,14,261.53525445,328.13290002,4.15135325,4.97171061,9.35587796,3.41146453,177,28,8,12,5.75795273,138.19086547,625.22222222,17.0,0.79704063,1.25464118,28,14,14
3M5rqf5sXh3mcwrP6XmGjBxbeP,14,10,4,130.72910069,46.52242293,3.73511716,11.63060573,24.56554401,20.1724093,47,13,6,8,2.36602629,56.78463094,1521.53846154,37.0,2.81002348,0.35586891,14,10,4
3MDBWGMmjnNt8KgVAHfm4D99GJ,6,3,3,12.66197819,11.59878337,4.2206594,3.86626112,7.84864738,7.22857391,6,6,3,4,1.5058981,36.14155442,2390.6,648.0,1.09166434,0.91603249,6,3,3
3MMqqPyYP7CHXUJ114RaVNastT,16,12,4,120.44026163,46.14424134,2.93756736,11.53606034,18.536623,11.49838142,52,16,8,8,2.74963084,65.99114008,1309.26666667,188.0,2.61008217,0.3831297,16,12,4
3MP7kSdoEBnK3vNzqhzVqsksK7,42,18,24,409.53170752,596.20022947,5.18394566,5.05254432,9.18225258,3.61839183,229,42,9,11,9.17054986,220.09319664,392.56097561,1.0,0.68690297,1.45580969,42,18,24
3MfmDXMCSMKpmhYdsGMRJusSQ8,4,2,2,1.72011697,1.90693558,0.86005849,0.95346779,1.31640211,0.16446184,4,4,3,2,0.25719185,6.17260431,13997.33333333,1531.0,0.90203203,1.10860808,4,2,2
3Mgqgaphy3k7s5621xx4Nw6MzP,5,3,2,1.01924905,0.35570435,0.33974968,0.17785218,0.45166251,0.01160032,5,5,3,4,0.25713827,6.17131837,14000.25,8671.0,2.86543881,0.34898669,5,3,2
3MhaDXuDnYfnCXKokexx4VCZ16,14,6,8,4.70483733,5.43712401,0.78413955,0.6796405,1.4911807,0.21524004,14,14,5,5,0.52478134,12.59475219,6860.0,380.0,0.86531727,1.15564548,14,6,8
3MkAjg9NPuzmqQxhTZ2mmcJUuf,41,16,25,312.92008374,539.26315573,4.06389719,4.68924483,7.98190823,2.90632678,235,38,9,12,9.23017755,221.52426127,390.025,48.0,0.58027343,1.72332549,41,16,25
3Muejb2dStBZCon8fS1aYcYqhM,3,3,0,25.60516096,0.0,8.53505365,0.0,11.32250728,4.13007963,1,3,1,1,10.7946027,259.07046477,333.5,153.0,25605160959.999996,0.0,3,3,0
3MvjEMoFXttsZ47Zdx7PUkXDKJ,18,16,2,214.74514835,21.0656573,3.20515147,10.53282865,14.83101643,6.14176734,70,18,9,8,3.19615626,76.70775016,1126.35294118,147.0,10.19408724,0.09809608,18,16,2
3My8CdEet6F4JLvqcqbw6tncdx,4,3,1,2.37512736,1.40478333,0.79170912,1.40478333,1.40478333,0.24785806,4,4,4,3,0.23884822,5.7323573,15072.33333333,3356.0,1.69074284,0.591456,4,3,1
3NFxfZxwyxX6J7JwCUozK9eF2s,40,20,20,446.35127678,479.40975587,4.55460487,4.70009565,10.8000761,3.06334515,216,38,9,12,9.55167018,229.24008436,376.8974359,0.0,0.93104337,1.07406382,40,20,20
3NHVPDtnrgUtKsn6UEa9N67Xwu,35,19,16,396.07490836,367.64758689,4.21356285,4.65376692,9.64440367,3.38012049,197,32,9,12,7.46842394,179.24217463,482.02941176,21.0,1.0773222,0.92822741,35,19,16
3NP1CxAdjS5Aph26paERTWNBQL,13,7,6,7.46623845,5.43117854,1.06660549,0.90519642,1.35484656,0.1123196,13,13,6,6,0.50816953,12.19606874,7084.25,1497.0,1.3746995,0.7274317,13,7,6
3NSL56egBQuQw69MFZtu3Yra5e,24,22,2,291.15771154,24.30568149,3.30861036,12.15284075,20.18516658,6.31552995,88,24,8,8,4.55095086,109.22282071,791.04347826,27.0,11.97899807,0.08347944,24,22,2
3NcXQdP4ZmCPtX9FCpmkD11X1c,33,19,14,402.92761337,329.42634035,4.74032486,5.14728657,7.97745676,2.7552916,182,33,9,12,6.88377652,165.21063639,522.96875,14.0,1.22311899,0.81758194,33,19,14
3NcfBAFmQQy9mbMcYj2xzUD1sj,2,2,0,12.2815263,0.0,6.14076315,0.0,9.629834,12.1736154,1,2,1,1,0.64493013,15.47832318,5582.0,5582.0,12281526300.0,0.0,2,2,0
3NgQbqVUdMQdxv7hBTa6F3YaGV,34,18,16,375.18136061,330.09270703,4.31242943,4.7156101,9.03489215,3.88688221,198,34,8,12,8.14758933,195.54214389,441.84848485,0.0,1.13659391,0.87982171,34,18,16
3Nk2S7Wrf3UiW2o5Nk7C34EewE,9,5,4,14.20308849,12.65726309,2.8406177,3.16431577,7.74252042,5.14227055,9,9,5,5,2.40040007,57.6096016,1499.75,430.0,1.12212951,0.89116273,9,5,4
3P5gN8Q6z3fACUaNfCkUAzjkLg,9,4,5,3.8872368,3.26533594,0.9718092,0.65306719,1.41972203,0.15698023,9,9,4,4,0.45833599,11.00006366,7854.5,574.0,1.1904554,0.84001467,9,4,5
3P617ntYGeYFeUjJ7runYcfvdR,9,6,3,4.848827,2.14949469,0.80813783,0.71649823,1.21900108,0.11201993,9,9,6,6,0.32802196,7.87252702,10974.875,463.0,2.25579855,0.443302,9,6,3
3PCJHHjQHHU4ubEubyQm5XfgEV,6,2,4,1.7280878,3.66465266,0.8640439,0.91616317,1.47746013,0.10541937,6,6,3,3,0.33956498,8.14955951,10601.8,3474.0,0.47155569,2.12064032,6,2,4
3PDfJQt4UjdagNZrj9fHbTGst4,34,10,24,223.08330368,568.64364071,4.55272048,4.98810211,9.62417608,3.40928087,203,33,8,11,7.30312903,175.27509682,492.93939394,14.0,0.39230774,2.54901927,34,10,24
3PTVpi2KD52xtFvaiNTeNiisMY,9,4,5,2.68650122,3.29018739,0.67162531,0.65803748,1.33587791,0.12811026,9,9,3,5,0.37655427,9.03730241,9560.375,3.0,0.81651921,1.22471092,9,4,5
3PW8kcTdk7qdjiZ6UpCQKffD7L,43,25,18,626.0969391,431.38751267,5.30590626,4.8470507,9.88917778,3.36646972,244,42,9,12,8.44456856,202.66964535,426.30952381,19.0,1.4513562,0.68901074,43,25,18
3PgMKQ4tae8yVqYUqZ3jrcopdZ,5,3,2,2.49443455,0.58025254,0.83147818,0.29012627,1.03455488,0.08488917,5,5,3,3,0.15817397,3.79617527,22759.75,2179.0,4.29887743,0.23261887,5,3,2
3PqnAPnxiWAF5uRqpE8S2vDjYi,2,1,1,4.41947367,5.7749301,4.41947367,5.7749301,5.7749301,0.45931553,2,2,2,2,0.90611628,21.74679084,3973.0,3973.0,0.76528609,1.30670087,2,1,1
3PugXcAsJMYMfybDutiDff8Ko4,9,5,4,2.38019962,3.67308818,0.47603992,0.91827205,1.42752273,0.20225245,9,9,4,4,0.36467236,8.75213675,9871.875,2212.0,0.64801048,1.54318493,9,5,4
3Px2aj2PimWh55yuwYaHhLJ44A,37,17,20,382.029429,455.60602012,4.44220266,4.79585284,10.17200891,2.86920802,214,36,8,11,7.33654118,176.0769884,490.69444444,16.0,0.8385083,1.19259404,37,17,20
3PzVgJyo6QuNC8SSWJvRmwXtTi,9,6,3,4.2237291,0.76866449,0.70395485,0.2562215,1.25009919,0.18841496,9,9,6,5,0.46122063,11.0692952,7805.375,781.0,5.49489297,0.18198717,9,6,3
3QDw45MF3D4tLK1VVb6jn7z4gy,23,16,7,249.89036614,99.27577256,3.72970696,14.18225322,20.92354458,14.49118917,87,23,9,9,3.60475172,86.51404124,998.68181818,8.0,2.51713343,0.39727731,23,16,7
3QEqVUwDqVqcnuCPTKrZPbULYU,38,18,20,334.44995627,438.36035668,3.84425237,4.76478649,8.93161384,2.760764,204,37,9,12,8.36630865,200.79140757,430.2972973,0.0,0.76295667,1.31069043,38,18,20
3QGXsphK2mtMYysm6tiqJLSjfQ,17,10,7,136.31856963,100.39899314,3.40796424,14.34271331,23.28557276,25.902128,64,17,7,7,2.61461643,62.75079437,1376.875,125.0,1.35776829,0.73650269,17,10,7
3QViSYsujVquSQuXoURSxHXS3c,5,1,4,2.00488879,22.16331501,2.00488879,5.54082875,7.72889624,3.88721984,5,5,2,2,2.07762228,49.86293464,1732.75,284.0,0.09045979,11.05463561,5,1,4
3QZwgMQ6kTZVHyyk3gi4psGmuc,12,8,4,6.31382429,2.56783253,0.78922804,0.64195813,1.43398954,0.17597405,12,12,6,5,0.53648359,12.87560625,6710.36363636,9.0,2.45881467,0.40670003,12,8,4
3QenrRe8NrXEnHfHyDcPhjUDEX,38,15,23,384.36943951,504.31183577,5.26533479,4.58465305,10.24114705,3.58824601,223,38,9,11,7.92809952,190.27438843,454.08108108,19.0,0.76216621,1.31204977,38,15,23
3Qqidt8QGw14WMt8HQi5taFwJX,10,5,5,31.1924884,16.8122131,6.23849768,3.36244262,7.98654449,7.68397565,10,10,5,4,2.02247191,48.53932584,1780.0,107.0,1.85534696,0.53898275,10,5,5
3QuNdw5JYqzRBQsGxhZ4gTTL7J,18,16,2,238.8502498,21.40906359,3.91557787,10.70453179,12.67580778,5.89899627,60,18,7,8,2.80245444,67.25890649,1284.58823529,237.0,11.15650149,0.08963383,18,16,2
3R5NEumeUsUdsNbmGCjj5pndvY,5,4,1,3.7343559,0.33699026,0.93358898,0.33699026,1.20967288,0.09411796,5,5,4,4,0.28466937,6.83206484,12646.25,7428.0,11.08149506,0.09024053,5,4,1
3RFvKJEEJkT1CiypREGoQSJ5nS,36,13,23,305.64260371,500.89561334,5.26970006,4.77043441,8.32272644,3.58051789,208,36,9,12,8.45637584,202.95302013,425.71428571,41.0,0.61019221,1.63882786,36,13,23
3RiSB8QJ5Pwm5ec4V1vrkz9Wo9,30,12,18,278.99217078,435.19337609,4.64986951,4.88981321,8.91621171,3.55281853,175,30,9,12,6.67519182,160.20460358,539.31034483,1.0,0.64107633,1.55987666,30,12,18
3RmabeEnZT6Shp6majXtWRLoMa,35,17,18,425.78168056,429.84614795,5.38964153,4.77606831,9.18225258,3.33628786,221,35,9,10,7.46386975,179.13287396,482.32352941,18.0,0.99054437,1.0095459,35,17,18
3RnGNBgKT5L9oUpB2J4ZPA2SsG,10,5,5,20.62632779,18.95730662,4.12526556,3.79146132,7.89094824,6.19247184,10,10,5,5,2.62496962,62.99927084,1371.44444444,34.0,1.08804105,0.91908297,10,5,5
3Rz7p8pGovdfqhXdyxwf9W7hNm,6,4,2,20.74746626,11.55831718,5.18686656,5.77915859,7.67277123,3.1924138,6,6,4,4,2.14030916,51.36741974,1682.0,323.0,1.79502482,0.55709536,6,4,2
3SA7YyRHjDKfxDwdzK7UsynqyR,5,1,4,1.86164888,13.43518254,1.86164888,3.35879563,6.83064335,5.09237479,5,5,2,1,1.26805213,30.43325114,2839.0,1679.0,0.13856521,7.21681875,5,1,4
3SQgLb5mbAWCtf8GjRWyjMf7TL,11,4,7,16.28022966,21.48269245,4.07005741,3.06895606,7.46818043,5.31878187,11,10,4,5,2.43720804,58.49299303,1477.1,225.0,0.75783004,1.31955709,11,4,7
3SRofrZRt5UEzJ96CNKQ2bm1dN,18,16,2,215.52164641,12.94708405,3.47615559,6.47354202,8.83915059,4.4136109,66,18,8,7,2.71770505,65.22492118,1324.64705882,125.0,16.64634643,0.06007324,18,16,2
3SeTJLD3eamNvg8UsWdssPK81Y,6,5,1,4.39531726,0.61488488,0.87906345,0.61488488,1.4396534,0.09385733,6,6,4,5,0.27588744,6.62129851,13048.8,4042.0,7.14819538,0.13989545,6,5,1
3SiZKtzGqCv5p3xfMKfRcT7YWt,6,3,3,64.09696607,92.53611286,21.36565536,30.84537095,38.87530691,96.78154584,6,6,4,4,3.1152648,74.76635514,1155.6,261.0,0.69266975,1.44368944,6,3,3
3SidDcgpaGG5JrUMkd68jTUQPD,7,4,3,2.51670882,3.30931302,0.6291772,1.10310434,1.21480854,0.151012,7,7,5,4,0.52425912,12.58221888,6866.83333333,513.0,0.76049283,1.31493679,7,4,3
3SkfGxn9rGEmW42Y7pkMau1s2e,7,2,5,11.40632269,23.69366725,5.70316134,4.73873345,7.20556171,4.43670868,7,6,3,3,1.43865725,34.52777408,2502.33333333,116.0,0.48140807,2.07723978,7,2,5
3SnZGMBWZ4whZzyVbMjX74fEDb,10,3,7,6.906052,32.00596116,2.30201733,4.57228017,7.26841791,3.52790798,10,10,4,3,2.268431,54.44234405,1587.0,107.0,0.21577393,4.63448019,10,3,7
3SroV1SDThFj9wxstaUD1859ys,19,15,4,157.4716653,68.43476643,2.91614195,17.10869161,20.48019228,17.91267574,64,18,6,9,2.87565457,69.01570959,1251.88888889,151.0,2.30104775,0.43458464,19,15,4
3TVBHEZ3W25hmkpWRNpSwDS31H,6,2,4,1.62270296,3.90255807,0.81135148,0.97563952,1.34330674,0.14331301,6,6,1,2,0.3074453,7.37868721,11709.4,1306.0,0.41580495,2.40497378,6,2,4
3TWsX5QvujJ8oWimRR1KMTcevF,5,3,2,14.03156655,7.96274152,4.67718885,3.98137076,7.04278474,4.208339,5,5,3,4,1.06186859,25.48484625,3390.25,242.0,1.76215271,0.56748771,5,3,2
3TdzWAMxnCr6YNhCMh41VJEqrB,6,5,1,3.47938978,0.82054557,0.69587796,0.82054557,0.89509578,0.01192783,6,6,4,5,0.26926356,6.46232554,13369.8,382.0,4.24033705,0.23583031,6,5,1
3TrVttFhPBtTFQfQ6XtUGQCH8G,3,3,0,15.70303716,0.0,5.23434572,0.0,7.13790523,2.54864336,1,3,1,1,1.15089514,27.62148338,3128.0,594.0,15703037160.0,0.0,3,3,0
3TsyNQHeKWw8X4xheeg5XyDZ8x,7,1,6,0.83654659,5.20372045,0.83654659,0.86728674,1.46928135,0.13355647,7,7,2,2,0.52419551,12.58069213,6867.66666667,1685.0,0.16075933,6.22047895,7,1,6
3TziZ2siduH4pMdSLX3GDUuJBv,40,17,23,328.42938867,489.80732596,4.21063319,4.75541093,8.00977611,3.00229372,215,37,9,12,8.86587522,212.7810053,406.05128205,14.0,0.67052772,1.49136266,40,17,23
3U4GnhqdTxm52bJshkdBqneX4L,12,5,7,117.51596643,177.31381341,23.50319329,25.33054477,37.40708627,105.74670205,12,12,5,5,4.02193784,96.52650823,895.09090909,130.0,0.66275697,1.5088487,12,5,7
3U9DkdNsTjwY8ANQeFNz2BrVUV,8,4,4,14.03689249,23.22093633,3.50922312,5.80523408,7.8410742,4.49452804,8,8,5,4,2.89988493,69.5972382,1241.42857143,29.0,0.60449296,1.65427899,8,4,4
3UKohhNjuERAvd98qmGyoN3hw7,39,22,17,494.42163917,424.502608,4.84727097,5.05360248,9.16702353,3.19481161,214,39,8,12,7.96135716,191.07257173,452.18421053,0.0,1.16470813,0.8585842,39,22,17
3UMAiSLAqypJEVLAZp9sA2C94J,27,13,14,271.76597782,329.30152666,4.85296389,4.98941707,11.36715417,3.86167615,167,25,9,11,5.38519073,129.24457741,668.5,5.0,0.82528004,1.2117099,27,13,14
3UQjAepw3pztRh4sDC1Ah3vsGB,13,7,6,5.66103152,6.74109565,0.80871879,1.12351594,1.49694285,0.14623584,13,13,5,6,0.5886521,14.1276503,6115.66666667,254.0,0.83977914,1.19078928,13,7,6
3UVebgeHW2Tm7Wmwwi2xxxwUe4,13,10,3,107.96200284,31.93770582,3.17535302,10.64590194,17.93854815,11.40726701,44,13,7,5,2.39813478,57.55523482,1501.16666667,101.0,3.38039318,0.29582358,13,10,3
3UXR13bDoQ1zMqvaD2k1hoGFmy,10,5,5,2.9413936,3.35291259,0.58827872,0.67058252,1.48167281,0.22211424,10,10,5,5,0.29401623,7.05638941,12244.22222222,3885.0,0.87726522,1.13990613,10,5,5
3UboLkvUYThYZ2gSJMtcFXJoJd,14,13,1,153.97245595,15.73478985,2.85134178,15.73478985,15.73478985,5.30881302,56,14,8,8,2.48262692,59.58304599,1450.07692308,36.0,9.78547902,0.10219224,14,13,1
3Ue76t9k9DstB5HhjBMxBtR67e,25,21,4,263.35999755,43.35523776,3.21170729,10.83880944,16.79605365,5.72151856,90,25,8,11,4.08626561,98.07037457,881.0,22.0,6.07446784,0.16462347,25,21,4
3UeMe3X1PpjkqUfQn51vUuuETz,2,0,2,0.0,28.00627097,0.0,14.00313549,17.25039032,10.54466396,2,2,1,1,0.96282428,23.10778283,3739.0,3739.0,0.0,28006270970.0,2,0,2
3UpLwnSeEUNRy8cGDyMnfYHhjc,12,8,4,123.22288375,61.01317368,3.73402678,15.25329342,23.00877639,21.90091756,44,12,5,7,2.18591301,52.46191212,1646.90909091,38.0,2.01961112,0.49514483,12,8,4
3UtC8UcjEEQsjXmxqTTZ4cusgP,9,6,3,23.6541942,15.12295559,3.9423657,5.0409852,7.50320616,4.24806997,9,9,5,6,2.89156627,69.39759036,1245.0,56.0,1.56412509,0.63933506,9,6,3
3UwTJ8kaWYQaq3yoF4JTbVM1SD,7,4,3,3.35266383,2.79874229,0.83816596,0.9329141,1.29407166,0.09789444,7,7,5,5,0.22993155,5.51835727,15656.83333333,92.0,1.19791802,0.83478166,7,4,3
3UxsjQz1CAsDKzYWcwmwmjom1K,19,15,4,183.78776442,41.92767538,3.06312941,10.48191884,12.84963237,5.42490655,69,18,7,10,4.01785714,96.42857143,896.0,7.0,4.38344751,0.22813094,19,15,4
3V3pgkqFUYAqiNz3p9Zm24tmLj,4,4,0,18.72411636,0.0,4.68102909,0.0,5.89350918,1.63388174,4,4,4,3,1.35678392,32.56281407,2653.33333333,1337.0,18724116360.0,0.0,4,4,0
3VFZWvgD3dAkQCwEf4R4QTDTt3,5,5,0,34.82531797,0.0,6.96506359,0.0,11.65037226,7.54269384,1,5,1,1,1.63766633,39.30399181,2198.25,194.0,34825317970.0,0.0,5,5,0
3VHEiqshN4UfjXbzB4depEZX9x,42,16,26,386.20209412,574.94287926,5.14936125,4.52710929,11.91435754,3.38102781,232,42,9,12,8.9770101,215.44824231,401.02439024,0.0,0.67172255,1.4887099,42,16,26
3VJdvm68rXUVNQ2mjs3JDuYNix,39,19,20,437.37959184,467.41903202,4.65297438,4.97254289,12.97185974,4.07003731,221,38,9,11,8.15645123,195.75482948,441.36842105,17.0,0.93573338,1.06868048,39,19,20
3VPjSEQQrZKyAwCVho6WARS9qi,14,7,7,97.48993088,110.56531074,3.74961273,15.79504439,24.73543616,39.54991657,46,14,5,4,2.18650719,52.47617268,1646.46153846,43.0,0.88174067,1.13412031,14,7,7
3VWUTQtYMJR2CVFHi5Pz6KvZZb,5,3,2,3.25051149,1.72354636,1.08350383,0.86177318,1.30023823,0.09828957,5,5,3,2,0.32975337,7.91408093,10917.25,2121.0,1.88594375,0.53023851,5,3,2
3VfvxFp9XgsZyTixqhBGfaKYr5,7,4,3,3.64666508,1.22682758,0.91166627,0.40894253,1.4308078,0.27199255,7,7,3,4,0.37770162,9.06483878,9531.33333333,1074.0,2.97243487,0.33642453,7,4,3
3VuovdpwDtGFGvNUvgLzA26cJH,33,16,17,328.62545735,375.88044685,4.38167276,4.64049934,8.64208769,3.53064838,190,30,9,10,8.02060851,192.49460419,448.84375,7.0,0.87428186,1.14379589,33,16,17
3VyK5WHD3LEvM4AFbssvQ4BBuc,15,15,0,168.62823673,0.0,3.30643601,0.0,9.93715863,5.52426838,48,15,9,7,2.26516854,54.36404494,1589.28571429,57.0,168628236730.0,0.0,15,15,0
3WTpvnUGptLMyL8scpCfe7ATgw,20,17,3,236.58283878,32.44372582,4.00987862,10.81457527,20.04389805,9.05208217,63,20,7,10,3.18257956,76.38190955,1131.15789474,36.0,7.29209833,0.13713474,20,17,3
3WYMe1xrwo6oWhjmPw5sbSEUuE,13,7,6,4.76102363,4.33836841,0.68014623,0.7230614,1.40849467,0.17507865,13,13,5,6,0.45920808,11.02099389,7839.58333333,544.0,1.09742262,0.91122598,13,7,6
3WgdRWjFRVC3ekS83tCqDWCULF,13,6,7,17.24609632,36.7547121,2.87434939,5.25067316,7.77475857,5.00128154,12,12,5,5,2.92247328,70.13935868,1231.83333333,176.0,0.46922137,2.13119024,13,6,7
3WibaYy9wZWJDt8NBoWiHnC1pN,2,1,1,0.98811102,0.43144218,0.98811102,0.43144218,0.98811102,0.07747005,2,2,1,2,0.09348464,2.24363136,38509.0,38509.0,2.29025131,0.4366333,2,1,1
3Wkg24VZALLSUSRfLmcFUku1kd,4,4,0,15.8891082,0.0,3.97227705,0.0,7.91489197,5.92260752,4,4,2,2,5.35980149,128.63523573,671.66666667,239.0,15889108200.0,0.0,4,4,0
3WohqPBpg7JcGpQiRxQ3chrRd9,45,22,23,501.9839128,501.79492674,4.73569729,4.68967221,10.61850108,3.03147056,248,45,9,11,9.38055194,225.13324648,383.77272727,1.0,1.00037662,0.99962352,45,22,23
3WqdqeVkydihgMxhMAV5XVhLsJ,9,5,4,5.12945599,1.99736287,1.0258912,0.49934072,1.35138463,0.14853327,9,9,4,5,0.31564065,7.57537565,11405.375,2380.0,2.56811422,0.38939078,9,5,4
3XSfJr7kQx7EgbqzQQtGBzEXQ1,32,17,15,358.56910099,327.55052109,4.32010965,4.61338762,10.86060037,4.64307311,188,29,8,11,6.5747614,157.79427359,547.5483871,22.0,1.09469861,0.91349344,32,17,15
3Xoms4xbkzkr9hzD6Vq5KRp5ug,23,19,4,292.38165064,79.35114037,4.11805142,19.83778509,24.88028583,19.42048632,80,23,7,10,3.41924621,82.06190908,1052.86363636,57.0,3.68465594,0.27139576,23,19,4
3Y9ahS8XKknRyaMe19skR9ftVR,1,0,1,0.0,3.25662863,0.0,3.25662863,3.25662863,0.0,1,1,1,1,0.0,0.0,0.0,0.0,0.0,3256628629.9999995,1,0,1
3YBC5qUkL7xVNhkbuCDr7qFELZ,4,2,2,1.69744596,1.88491467,0.84872298,0.94245734,1.29058418,0.06283925,4,4,2,2,0.16136744,3.87281855,22309.33333333,14231.0,0.9005426,1.11044164,4,2,2
3YGQyksPnafT3Y4W99bbEJr6EF,17,13,4,142.16671035,31.38910494,2.90136144,7.84727624,11.78805417,6.12407912,60,16,7,8,2.73998668,65.75968033,1313.875,42.0,4.52917376,0.22079082,17,13,4
3YLqYMbpDFeB3mPTWyWMswSWxz,9,5,4,5.13021926,4.54017829,1.02604385,1.13504457,1.37638994,0.06604807,9,9,4,5,0.36209563,8.69029508,9942.125,1917.0,1.12995987,0.88498718,9,5,4
3YT1wdTumu2iUyvHVAmhHuNCQW,6,5,1,17.13997321,6.04513147,3.42799464,6.04513147,7.27999074,6.26317489,6,6,3,5,1.3208101,31.69944232,2725.6,562.0,2.83533506,0.352692,6,5,1
3Yc3fqWaG29b2w52zL7gKxnNGL,14,10,4,116.11229801,43.59605305,2.90280745,10.89901326,17.53876513,9.80283279,51,14,8,7,2.30235647,55.25655532,1563.61538462,128.0,2.66336721,0.37546456,14,10,4
3YfE35Hb67S1Keinejj6r24wLi,18,12,6,182.89116635,103.76445066,3.81023263,17.29407511,23.81840154,27.51033002,63,17,7,7,3.16786583,76.02877996,1136.41176471,64.0,1.76256093,0.56735627,18,12,6
3YsdcP5snMaFCa5sZBTbbS6PFy,8,6,2,5.79331148,2.47522809,0.96555191,1.23761404,1.34988766,0.15205153,8,8,7,7,0.30974593,7.43390243,11622.42857143,3742.0,2.34051621,0.42725617,8,6,2
3Yvv3MUrZ91wdA9wxQYv1nd2o4,4,1,3,0.37692427,2.03063524,0.37692427,0.67687841,0.93644929,0.05198916,4,4,2,2,0.1840334,4.41680157,19561.66666667,654.0,0.1856189,5.38738256,4,1,3
3ZHS4FatftP7hmNgAGJmUSMA5w,2,2,0,11.37562471,0.0,5.68781236,0.0,9.50414058,14.56436112,1,2,1,1,0.68143101,16.35434412,5283.0,5283.0,11375624710.0,0.0,2,2,0
3ZHa5W1ziGSt724zWtW1q5VYqx,15,13,2,173.70980375,31.5508303,3.47419608,15.77541515,18.01868299,12.6488018,58,14,8,9,2.45028927,58.80694249,1469.21428571,87.0,5.50571259,0.18162953,15,13,2
3ZabADpqYuhAMLKpC9hMDM85zW,4,2,2,7.53902319,4.26712761,3.76951159,2.13356381,5.38756612,2.50485994,4,4,3,3,0.76040273,18.24966556,4734.33333333,1039.0,1.76676769,0.56600537,4,2,2
3ZbMeCSSFXho21bxiayfJFcD38,40,20,20,429.73713179,478.01167071,4.34077911,4.82840071,9.88765357,3.76486515,219,40,9,12,8.21821587,197.23718099,438.05128205,18.0,0.89900971,1.11233504,40,20,20
3ZbYV6f3yUpMfH26Fkvxde2qku,5,4,1,3.72478098,1.09065193,0.93119524,1.09065193,1.49521964,0.10189196,5,5,3,4,0.41057224,9.85373364,8768.25,2028.0,3.41518763,0.29280968,5,4,1
3ZiZUNEZqNkftu3RXqEdTELkuB,16,14,2,221.56408415,38.1544812,4.26084777,19.0772406,23.39722701,14.55882473,54,16,7,8,2.40588104,57.74114502,1496.33333333,32.0,5.80702652,0.17220517,16,14,2
3ZpmktjSsubv23csziMnnzAdxJ,18,14,4,224.23352154,68.13643348,4.07697312,17.03410837,24.52427574,15.51418671,63,18,6,9,3.14895807,75.57499357,1143.23529412,2.0,3.29094891,0.30386373,18,14,4
3ZxhAfNbhvpBwtd9usEumS6uTy,9,4,5,3.10358749,5.21682391,0.77589687,1.04336478,1.47047858,0.23268627,9,9,3,4,0.33130486,7.95131659,10866.125,2490.0,0.59491897,1.68090119,9,4,5
3aNdxJK6TKudGE7rz66MRqhnbM,34,16,18,349.2033432,436.54862764,4.42029548,5.01780032,10.52752523,3.6200747,205,34,9,11,7.21136336,173.07272065,499.21212121,19.0,0.79991855,1.25012729,34,16,18
3aU34xiQr31nfCHJfnhCaVcvyY,19,17,2,236.45096818,34.06419964,3.47722012,17.03209982,22.41990566,9.90319021,72,18,9,9,2.8489778,68.37546714,1263.61111111,68.0,6.94133344,0.14406454,19,17,2
3ac3K7Kh2DTFLaVHN79tpR8dyG,29,19,10,429.5307398,238.89341003,4.52137621,5.08283851,9.35659547,3.50872239,170,28,8,12,5.74293528,137.83044667,626.85714286,19.0,1.79800163,0.55617302,29,19,10
3bPkrxokitmHgXDGJcLFLrKnEm,7,4,3,2.65174684,1.43344129,0.66293671,0.47781376,0.96053845,0.08236225,7,7,4,5,0.26680171,6.40324115,13493.16666667,807.0,1.8499166,0.54056491,7,4,3
3bR9UbmjrNCXAaWpR2oGA1ZXVc,6,4,2,18.37271921,2.98314217,4.5931798,1.49157108,7.16536417,3.71222541,6,6,3,4,1.27578142,30.61875399,2821.8,564.0,6.15884801,0.16236803,6,4,2
3bRqBgxPdv79MVELgZedzBNMFf,21,17,4,225.82992938,49.14831234,3.64241822,12.28707808,21.45396734,13.63926982,63,21,8,10,3.20284698,76.8683274,1124.0,23.0,4.59486641,0.21763418,21,17,4
3bf4kJtq7Y9bA1XTBDZo88Pxsj,19,14,5,175.07452978,55.69420471,3.80596804,11.13884094,15.35103089,11.21025385,62,18,8,10,3.07385798,73.77259143,1171.16666667,170.0,3.14349636,0.31811712,19,14,5
3bfwk3hXbUdvkpMVpR48ctraF1,2,2,0,18.91477232,0.0,9.45738616,0.0,10.07342483,0.37950364,1,2,1,1,0.7374027,17.69766489,4882.0,4882.0,18914772320.0,0.0,2,2,0
3buq3qoVbEU7pviqGLx3VHPxu6,7,3,4,3.25419354,3.16658451,1.08473118,0.79164613,1.49486292,0.19010051,7,7,4,4,0.28143322,6.75439739,12791.66666667,1240.0,1.02766673,0.97307811,7,3,4
3bv6wxcUXHRG342fuveZJkFGU8,24,18,6,240.35477009,98.02052002,3.38527845,16.33675334,24.07870461,20.10832069,84,24,7,8,4.29505135,103.08123249,838.17391304,33.0,2.45208626,0.407816,24,18,6
3cK5RZVqcJugkg897SQsNcQqAD,10,6,4,4.19486162,4.29724884,0.6991436,1.07431221,1.26285689,0.12482706,10,10,7,4,0.54325045,13.03801076,6626.77777778,317.0,0.97617377,1.02440777,10,6,4
3cauKm29rr5xsmnpMwQzrVpyEC,11,4,7,3.13065742,5.76084721,0.78266435,0.82297817,1.35369209,0.22670195,11,10,4,4,0.40098911,9.62373856,8977.8,738.0,0.54343698,1.84013977,11,4,7
3ccpDtEgZVwJ75GBMoXoeX3rjR,9,6,3,5.50830649,2.59020224,0.91805108,0.86340075,1.47312902,0.26248759,9,9,6,6,0.61388924,14.73334186,5864.25,792.0,2.12659321,0.47023568,9,6,3
3cpWF2s1AHLhvhX8ijzKTCYmiG,10,5,5,3.80944566,3.94721768,0.76188913,0.78944354,1.35293388,0.17929652,10,10,5,4,0.3340034,8.01608165,10778.33333333,108.0,0.96509642,1.0361659,10,5,5
3crWRMiQDz33VD1dP2jQiNTpv1,7,4,3,5.16631364,1.61290093,1.29157841,0.53763364,1.43221186,0.16866464,6,7,4,4,0.35430165,8.50323956,10160.83333333,5534.0,3.20311902,0.31219571,7,4,3
3criqCZwXRPVQoPP9NZTcMRybQ,34,17,17,353.18054006,373.69141105,4.15506518,4.73027103,7.93417079,2.73814861,199,33,9,11,7.35467096,176.51210301,489.48484848,6.0,0.94511281,1.05807475,34,17,17
3ctptoPopAN5BBNupcvKTWsewh,10,6,4,18.62112137,17.59344994,3.10352023,4.39836248,7.57740378,3.06038392,10,10,7,4,2.08615028,50.06760672,1725.66666667,8.0,1.05841216,0.94481152,10,6,4
3dBTB5utcgwBxBokzH11T5EaRN,2,2,0,23.24257987,0.0,11.62128994,0.0,11.671107,0.00248174,1,2,1,1,0.61951471,14.86835312,5811.0,5811.0,23242579870.0,0.0,2,2,0
3dHB5gGYdqD7EqwTDmSNdYCYSW,8,3,5,9.44005696,26.90046387,3.14668565,5.38009277,7.14102402,5.4130762,8,8,4,4,2.70386266,64.89270386,1331.42857143,416.0,0.35092543,2.84960822,8,3,5
3dKjdggsSDsPWRZTnT9r5Gb1tM,13,7,6,20.4081422,20.62473977,2.91544889,3.43745663,5.0039174,1.8484961,13,13,5,7,2.82039564,67.68949533,1276.41666667,68.0,0.98949817,1.01061329,13,7,6
3dmGe7fLYJFWAydve3nDMxA6ms,8,5,3,124.68379193,26.66440114,24.93675839,8.88813371,36.90442892,97.84325784,8,8,5,6,3.66492147,87.95811518,982.28571429,122.0,4.67603946,0.21385619,8,5,3
3doh4aDQWAGApkqLwUTMxv5hEw,7,5,2,4.15777104,2.06865218,0.83155421,1.03432609,1.38043358,0.12646173,7,7,4,5,0.25605462,6.145311,14059.5,626.0,2.00989373,0.49753874,7,5,2
3dokMcb2EdkNtysP5AJv2NRhbv,6,4,2,2.29825592,1.96468273,0.57456398,0.98234137,1.20621531,0.14596182,6,6,5,4,0.32008536,7.68204855,11247.0,15.0,1.16978476,0.85485812,6,4,2
3dpC4Ho5kPyMBsapsvBqF4tx7S,6,6,0,45.80516838,0.0,7.63419473,0.0,10.74880404,6.10645125,1,6,1,1,1.86683261,44.80398258,1928.4,665.0,45805168379.99999,0.0,6,6,0
3eCB6uex8ik7iKBdefJZ8K8K1q,10,2,8,14.99790274,33.00680724,7.49895137,4.12585091,7.98029381,5.99362701,10,10,2,3,2.02474691,48.59392576,1778.0,7.0,0.45438817,2.20076152,10,2,8
3eQTNG424CtAYQ1gDmTju2JXx1,43,26,17,546.77426089,398.17058383,4.55645217,4.79723595,7.88739096,2.64638801,242,42,9,11,8.99518115,215.88434767,400.21428571,24.0,1.37321611,0.7282175,43,26,17
3ecarSxHeYhUVmYoTuBAZ9YnW9,7,4,3,1.41975152,2.27442628,0.35493788,0.75814209,1.41851626,0.22166086,7,7,5,5,0.22424784,5.38194805,16053.66666667,256.0,0.62422402,1.60198897,7,4,3
3egnYAYwmFUVzhsVoKiTAp19Qw,3,2,1,1.975687,1.39762109,0.9878435,1.39762109,1.39762109,0.04224486,3,3,2,3,0.21731257,5.21550163,16566.0,16053.0,1.41360703,0.70741018,3,2,1
3etpqvmd7U9HXrFw6KfybTHD1n,7,4,3,3.65291003,3.17006542,0.91322751,1.05668847,1.12067848,0.01268526,7,7,4,3,0.30860229,7.40645493,11665.5,2394.0,1.15231377,0.86781919,7,4,3
3fj3tQaLgoSaZ6JJeg3Z4EutNZ,9,4,5,16.52272506,17.02516522,4.13068126,3.40503304,7.0764155,3.82779659,9,9,4,4,2.42689812,58.2455549,1483.375,262.0,0.97048838,1.03040904,9,4,5
3fmNwedNgLTNB7Wys3YF1hFmFW,8,2,6,1.56878241,6.30169722,0.78439121,1.05028287,1.36701569,0.07260303,8,8,3,3,0.49007215,11.76173159,7345.85714286,1232.0,0.24894601,4.01693516,8,2,6
3fqYvjJXAswzp6W8qBKrFQRUZj,3,3,0,19.96490088,0.0,6.65496696,0.0,11.18585625,13.82448859,1,3,1,1,1.74714875,41.93157001,2060.5,1755.0,19964900880.0,0.0,3,3,0
3fuyiaPS28CtMUsCPG5EjQQArM,7,3,4,2.40544372,3.81762975,0.80181457,0.95440744,1.35837059,0.12474,7,7,4,4,0.41930349,10.06328377,8585.66666667,2759.0,0.63008827,1.58707922,7,3,4
3fw87SEE8dKCxBrrpScTPqETzf,2,2,0,0.70849711,0.0,0.35424855,0.0,0.3626733,7.098e-05,2,2,2,2,0.41171089,9.8810613,8744.0,8744.0,708497109.9999999,0.0,2,2,0
3gAV3uFDkQAqow68p4GgAxvuK1,9,5,4,2.73267223,2.21306458,0.54653445,0.55326614,1.44495071,0.23179371,9,9,3,4,0.35671819,8.56123662,10092.0,2617.0,1.234791,0.80985365,9,5,4
3gAtPHhDLnNu3ASUHiCXGbnUhf,32,12,20,209.45269429,413.49340911,3.43365073,4.8080629,7.97982524,2.96198616,188,31,9,10,7.50857835,180.20588037,479.4516129,16.0,0.50654421,1.97416133,32,12,20
3gPWxiVUCMwDkqhbKWSqRf6yft,4,3,1,16.37185746,4.85869017,5.45728582,4.85869017,7.30990424,3.77160738,4,4,3,3,1.0,24.0,3600.0,308.0,3.3696031,0.29677086,4,3,1
3gk3EDnRupdnD63yywNV6dWGCD,7,6,1,132.87587462,13.03305443,22.1459791,13.03305443,38.21282651,92.41494577,7,7,5,4,2.43764812,58.5035549,1476.83333333,247.0,10.19529807,0.09808443,7,6,1
3gmUqyEhSM5BgooMPN6kn22Qy6,8,4,4,13.8350393,21.28016981,3.45875983,5.32004245,7.72832319,4.11276345,8,8,3,4,1.63881121,39.33146908,2196.71428571,117.0,0.65013764,1.53813584,8,4,4
3gobaodioUXySCp5Z9CLWdhhC9,32,19,13,439.63210789,299.5978892,4.53228977,4.83222402,11.2839424,3.65052436,206,29,9,10,6.83028337,163.92680091,527.06451613,18.0,1.46740723,0.68147409,32,19,13
3hXvcupr3Bzsuww9zZ26xWY6k2,5,5,0,28.39884401,0.0,5.6797688,0.0,9.00377348,7.21307367,1,4,1,1,2.27560051,54.61441214,1582.0,716.0,28398844009.999996,0.0,5,5,0
3hdvNmxu7mk9ehA3WAAD3sEGQp,5,2,3,37.09299941,70.97576317,18.5464997,23.65858772,33.57310798,120.50470368,5,5,3,3,2.82463711,67.7912907,1274.5,203.0,0.52261501,1.91345441,5,2,3
3hndi8CvEB8Rjk12QxfxnECHm5,5,2,3,14.29515506,16.35221862,7.14757753,5.45073954,7.26758407,1.62775517,5,5,2,3,1.0139417,24.33460076,3550.5,977.0,0.87420279,1.14389935,5,2,3
3iD9eZMUobJgykfwVxotVu2pYt,8,3,5,14.44697408,8.33819026,4.81565803,1.66763805,7.48239452,4.38973464,8,8,4,3,2.11409396,50.73825503,1702.85714286,127.0,1.73262706,0.57715825,8,3,5
3iGcJwtVhus6pmbJtQZ5xRFx4C,29,17,12,341.70575433,290.76344887,4.1169368,4.92819405,8.67312646,3.40726079,174,29,8,10,6.29134939,150.99238547,572.21428571,8.0,1.17520189,0.85091762,29,17,12
3iTZ2xrrk1X9iCft1FHftLnniJ,2,1,1,0.74715452,1.11396167,0.74715452,1.11396167,1.11396167,0.03363687,2,2,1,2,0.0572237,1.37336873,62911.0,62911.0,0.67071834,1.49093881,2,1,1
3icLEbGQRfeeXq8CPAr3v6gD4m,6,4,2,16.78346181,4.83138182,4.19586545,2.41569091,6.58079695,3.81527761,6,6,3,4,1.85109009,44.42616207,1944.8,202.0,3.47384298,0.28786563,6,4,2
3inKXzKqdjAtdoVNm8oXz39kc8,7,4,3,2.86952948,3.17636728,0.71738237,1.05878909,1.25495772,0.0932892,7,7,4,4,0.43733549,10.49605183,8231.66666667,816.0,0.90339977,1.10692966,7,4,3
3itR2e7982ywH2WBxQHtPoDfU3,8,5,3,13.18538861,15.50529993,2.63707772,5.16843331,7.18758175,6.02666298,8,8,5,6,2.33398166,56.01555988,1542.42857143,14.0,0.85037946,1.17594562,8,5,3
3iyjtLra7AqsKC76K2sckSha9N,13,5,8,3.63950908,6.78218997,0.72790182,0.84777375,1.34510587,0.11982891,13,13,5,4,0.46575815,11.17819562,7729.33333333,1763.0,0.53662742,1.86349033,13,5,8
3j2SPHZbMNaYMQ9mKPAdS7N5JD,8,7,1,21.46796329,2.43132003,3.0668519,2.43132003,6.89581202,2.64227577,8,8,5,6,1.70720141,40.97283382,2108.71428571,272.0,8.82975627,0.11325341,8,7,1
3j9Xmv7obSSpeAQM9fvwi4N2gC,7,0,7,0.0,26.66450433,0.0,3.8092149,6.70450526,5.50734143,7,7,1,1,1.97892808,47.49427393,1819.16666667,122.0,0.0,26664504330.0,7,0,7
3jPZLwBvjycCK7X9pHotcqCkzN,8,2,6,2.62678249,3.23303843,1.31339125,0.53883974,1.42741189,0.24403242,8,8,3,2,0.28383173,6.81196148,12683.57142857,1736.0,0.81248106,1.23079792,8,2,6
3jPn5cbKzLwBnnmhCsQZF8Ds9G,8,4,4,3.67696647,4.17391064,0.91924162,1.04347766,1.45848873,0.19260637,8,8,4,3,0.45962756,11.03106134,7832.42857143,388.0,0.88094039,1.13515059,8,4,4
3jQR5MoJsX3QMHd5tChj5Q6UoJ,17,15,2,179.84908701,16.71120582,3.10084633,8.35560291,10.6632264,4.89185962,59,17,7,10,2.81016734,67.4440162,1281.0625,151.0,10.7621849,0.09291794,17,15,2
3jSRg4PxNt71WxmSovy92f8xaJ,7,3,4,1.88969681,3.04708499,0.62989894,0.76177125,1.09060017,0.08002136,7,7,4,3,0.61671996,14.80127912,5837.33333333,151.0,0.62016544,1.61247295,7,3,4
3jTJX52YmdFPCVNTQ9mn2bG7kz,33,18,15,406.58220299,362.26120523,4.62025231,4.96248226,7.96763757,2.37196949,196,32,8,10,6.88583383,165.26001195,522.8125,39.0,1.12234542,0.8909913,33,18,15
3jnv5v8HyXMyKjSUAJqaA9Fv4i,2,2,0,2.88332138,0.0,1.44166069,0.0,1.72765021,0.08179001,1,2,1,1,0.55900621,13.41614907,6440.0,6440.0,2883321379.9999995,0.0,2,2,0
3jtyCt1ymAWQPaC5HWWy2mf91V,7,3,4,2.52804305,3.25854005,0.84268102,0.81463501,1.19261396,0.08705932,7,6,4,4,0.47068053,11.29633261,7648.5,1416.0,0.77582077,1.2889575,7,3,4
3k5RH4VZWxptnwi4xLvZ76EpiQ,5,5,0,34.43306062,0.0,6.88661212,0.0,10.6701039,12.75548371,1,5,1,1,1.8735363,44.96487119,1921.5,494.0,34433060620.0,0.0,5,5,0
3kGvbwrw8KLXKHE1phdSELiZuz,7,3,4,1.97441902,3.2371369,0.65813967,0.80928422,1.44578472,0.23733887,7,7,2,4,0.25137324,6.03295783,14321.33333333,3845.0,0.60992756,1.63953896,7,3,4
3kLyTeY3Y88fatneNz5s88QYbz,27,13,14,319.50197612,287.638545,4.91541502,4.49435227,8.43178489,3.07222311,171,25,8,12,6.15992103,147.83810464,584.42307692,21.0,1.11077594,0.90027157,27,13,14
3kNA1GCkxobqTNvd8bq8xvdswa,34,18,16,367.06605231,397.61853902,4.31842414,5.23182288,7.99759685,3.47990517,204,33,9,12,7.5261324,180.6271777,478.33333333,34.0,0.92316131,1.0832343,34,18,16
3kTWRwU3hRvBvoadMzv5zDrvL2,8,8,0,48.84688733,0.0,6.10586092,0.0,9.5625,8.96983225,1,8,1,1,3.44074276,82.57782632,1046.28571429,164.0,48846887330.0,0.0,8,8,0
3kUzZgcjoMfFuB5GPudT8ZjE4u,5,3,2,10.48350046,2.98241371,3.49450015,1.49120685,4.29625469,1.46418511,4,5,3,3,1.37785858,33.06860588,2612.75,736.0,3.51510604,0.28448644,5,3,2
3kWd6nXchhAtxs923cni82s27p,6,6,0,26.82576408,0.0,4.47096068,0.0,7.15970663,5.02338962,1,6,1,1,2.4979184,59.95004163,1441.2,151.0,26825764079.999996,0.0,6,6,0
3koFtQrhUvQcuARu2ZCwNCjTGz,13,11,2,167.66318228,36.13842844,3.4216976,18.06921422,20.28224358,11.78310863,53,13,6,9,2.46702073,59.20849752,1459.25,22.0,4.63947077,0.21554183,13,11,2
3m7MRiZNDuvf1ve7kVKJYdH1a1,28,21,7,451.5602337,114.74169155,4.60775749,4.09791756,8.20449824,2.37344605,179,28,8,10,6.91814947,166.03558719,520.37037037,25.0,3.93545038,0.25410052,28,21,7
3m8DPDKAMPNR6cDAuUoAv6EbH8,1,1,0,4.35653554,0.0,4.35653554,0.0,4.35653554,0.0,1,1,1,1,0.0,0.0,0.0,0.0,4356535540.0,0.0,1,1,0
3mAcu6uEVB8qxHFG4ikc24ivmF,12,5,7,2.05810362,3.27599523,0.41162072,0.46799932,0.94669464,0.08442891,12,12,5,5,0.51065805,12.25579326,7049.72727273,24.0,0.62823767,1.59175427,12,5,7
3mCzWUbT6CYGKu98r8A2rBg6ym,8,6,2,24.52224288,9.10741041,4.08704048,4.5537052,7.79372838,5.58605635,8,8,6,5,1.99177996,47.80271894,1807.42857143,257.0,2.69255933,0.37139386,8,6,2
3mGjuUDXnst7moZgCDwehhAF89,11,5,6,4.14027513,4.17747876,0.82805503,0.69624646,1.2896867,0.17090127,11,11,4,5,0.40468081,9.71233939,8895.9,277.0,0.99109424,1.00898579,11,5,6
3mMyrErtFW6Wp1bUuvLgHBSeKB,10,8,2,106.69096624,34.94209257,4.44545693,17.47104628,24.76802796,20.80438968,31,10,5,5,1.48924435,35.74186431,2417.33333333,208.0,3.05336511,0.32750751,10,8,2
3mNmrKjoQfyC3MpsPdTVMVYffw,6,3,3,14.51660801,16.41055176,4.83886934,5.47018392,7.89329663,3.48126958,6,6,4,3,1.46044625,35.05070994,2465.0,487.0,0.88458988,1.13046738,6,3,3
3md8G5PuRhNDwunRUY6ESLTynD,11,5,6,148.76305579,160.24882289,29.75261116,26.70813715,38.80185849,70.08186163,11,11,4,6,4.82250502,115.74012056,746.5,49.0,0.92832542,1.07720846,11,5,6
3mqMeCFMk8uTnEcFuBUJoZfYn6,13,7,6,21.41720462,33.75301043,3.05960066,5.62550174,6.98808307,3.66194318,13,13,6,6,3.28542094,78.85010267,1095.75,84.0,0.63452724,1.57597647,13,7,6
3mzzQKUp59ujt4FqqbJpTWkCUH,36,15,21,329.27861612,479.84617951,4.70398023,4.65870077,9.94101524,3.40033294,201,36,9,12,7.66004012,183.84096298,469.97142857,19.0,0.68621702,1.45726493,36,15,21
3n6ZiC3GnVVaagBQQKRTrNkf4s,4,2,2,0.9335277,1.38205681,0.46676385,0.6910284,1.23692582,0.17424542,4,4,3,2,0.16537784,3.96906822,21768.33333333,9293.0,0.67546261,1.48046685,4,2,2
3n99UyCEm41ET1V99GM3ApiaF1,8,5,3,23.99711445,7.35508267,4.79942289,2.45169422,6.37496391,2.48830442,8,8,6,4,1.67944019,40.30656448,2143.57142857,92.0,3.26265734,0.30649863,8,5,3
3nEVtKvm5uwssTkY9hLGHjAnUs,8,6,2,4.87163307,1.05984201,0.81193884,0.529921,1.21773709,0.14860307,8,8,7,3,0.31517335,7.56416029,11422.28571429,211.0,4.59656536,0.21755374,8,6,2
3nVxWDbopCmLDZA5JUBfBBCBaw,45,25,20,485.54142338,458.87656579,4.04617853,4.83027964,7.98267344,2.49774857,236,44,9,12,9.12127145,218.9105148,394.68181818,10.0,1.058109,0.94508222,45,25,20
3ndh5YWZQ4YwdBQBHr7zdko8Fp,4,2,2,1.16026639,2.69450703,0.58013319,1.34725351,1.45565135,0.20344493,4,4,2,2,0.37752998,9.0607194,9535.66666667,510.0,0.43060433,2.32231758,4,2,2
3ngPvWoZy8CVoDo7YnxKkoxjtA,9,4,5,16.32645409,26.71409008,4.08161352,5.34281802,6.33943025,1.80885819,9,9,5,5,1.78096593,42.74318224,2021.375,323.0,0.61115516,1.63624569,9,4,5
3nnkJmY5ZpQPfL1oVegtzAF1Ks,19,11,8,149.91556703,111.93850308,3.56941826,13.99231289,24.25826858,28.63736199,63,19,8,9,3.37957651,81.10983624,1065.22222222,17.0,1.33926721,0.74667698,19,11,8
3nrbYbvZxLCts2qpsjKWNzmhmy,2,2,0,14.34977393,0.0,7.17488697,0.0,7.94600415,0.59462171,1,2,1,1,1.18110236,28.34645669,3048.0,3048.0,14349773930.0,0.0,2,2,0
3ntjdAANnimJFYmTDTSCZY75Wt,32,13,19,264.42651707,436.08429745,4.26494382,4.95550338,7.99117268,3.16378081,188,31,9,12,6.85082873,164.4198895,525.48387097,61.0,0.6063656,1.64917007,32,13,19
3nwMn3JT6YyGQVvLEaLC8Qs3rD,8,4,4,0.67136173,3.04276589,0.16784043,0.76069147,1.49441352,0.19967251,8,8,4,3,0.34671106,8.32106545,10383.28571429,1969.0,0.22064193,4.53223017,8,4,4
3o7w4oEfAYvZaZc7bfE3JtzSj8,18,16,2,199.80194737,20.77302163,3.17145948,10.38651081,14.60847465,6.05011146,67,18,8,9,2.88461538,69.23076923,1248.0,153.0,9.6183382,0.10396806,18,16,2
3oBadijjoLTLB2GyTqn9QoowaU,6,4,2,4.81749652,1.57097896,1.20437413,0.78548948,1.39575706,0.15377008,6,6,4,3,0.43096224,10.34309383,8353.4,4776.0,3.066557,0.32609862,6,4,2
3oXs5FWBkY86jWtzNgoQwXHdcc,9,1,8,1.31321275,4.84159026,1.31321275,0.60519878,1.45189273,0.24582367,9,9,2,2,0.42459089,10.19018134,8478.75,2370.0,0.27123583,3.68682855,9,1,8
3ojhpFAF4iLYYANneT5m6Qhifn,60,26,34,640.89593575,845.91819189,5.12716749,4.83381824,9.63611525,3.43074912,286,59,9,12,12.46698362,299.20760697,288.76271186,1.0,0.75763347,1.31989945,60,26,34
3ovgDsC4Qo1UoP3SzdRh8korNb,39,14,25,322.30083986,558.38037454,4.73971823,4.89807346,10.45503653,3.56646335,213,39,9,12,8.94936543,214.78477038,402.26315789,12.0,0.5772066,1.73248191,39,14,25
3p2YsmebohUSk8WXm4SxYGzSar,11,5,6,2.44384619,4.16901906,0.48876924,0.69483651,1.48301705,0.24417618,11,11,5,4,0.36467883,8.75229191,9871.7,496.0,0.58619214,1.70592531,11,5,6
3p3P61iuqpnHXF1hc2CaB7E8n6,11,7,4,84.06202794,110.91531089,12.00886113,27.72882772,35.25338399,123.12903963,11,10,6,5,4.31241016,103.49784379,834.8,70.0,0.75789381,1.31944605,11,7,4
3pHGFcWCB2QwKAA8RCRkMktHey,13,12,1,175.0563182,7.60491524,3.43247683,7.60491524,9.01588789,5.01098783,53,12,8,8,1.98593297,47.66239139,1812.75,29.0,23.01883883,0.04344268,13,12,1
3pJaHh961dBCy9M6oHNPXehQvo,4,1,3,4.85571163,15.04046095,4.85571163,5.01348698,5.84329353,0.26789428,4,4,2,2,0.8277765,19.86663601,4349.0,1234.0,0.32284327,3.09747821,4,1,3
3pZenLiYUXC332P96Hmn7r4X1W,21,12,9,170.303674,134.90759101,3.54799321,14.98973233,21.89946625,25.65284521,80,21,7,7,3.42189059,82.12537427,1052.05,181.0,1.2623728,0.79215902,21,12,9
3padTMHgc5cJJ1fxGbvUPLW5gr,7,4,3,63.24493552,67.63530043,15.81123388,22.54510014,34.44186646,54.67217377,7,7,4,4,3.5667107,85.6010568,1009.33333333,60.0,0.93508767,1.06941844,7,4,3
3peQ36rLMQzRu5qUvc5KX98mxJ,6,5,1,3.87469716,1.3056837,0.77493943,1.3056837,1.41772165,0.22361763,6,6,5,5,0.28354048,6.80497141,12696.6,2338.0,2.96756187,0.33697697,6,5,1
3piiVF7KrdAjUUCAtjHYVU1DcA,6,2,4,22.00468634,59.92974411,11.00234317,14.98243603,19.79637249,12.62036033,6,6,3,2,2.06753963,49.62095107,1741.2,720.0,0.36717471,2.72349913,6,2,4
3q5FrVGHNJ9KXvxuq75PyMaCwC,41,19,22,432.93719229,503.92671029,4.91974082,5.0392671,8.63829876,3.02959967,218,41,9,12,8.11267606,194.70422535,443.75,0.0,0.8591273,1.16397186,41,19,22
3q5x8uY6EjH1hAP32TJCAWTsHG,4,4,0,33.34348985,0.0,8.33587246,0.0,10.66911076,6.4561157,1,4,1,1,1.30940834,31.42580019,2749.33333333,1248.0,33343489849.999996,0.0,4,4,0
3qAcwjhtV4DA4FC3XHBnWU8zY3,13,4,9,1.78994581,7.65604836,0.44748645,0.85067204,1.42792301,0.17456283,13,13,3,3,0.50183542,12.04405,7173.66666667,500.0,0.233795,4.27725148,13,4,9
3qGNe6qjtt6wLnAv4vAcS79uAE,38,22,16,493.48293844,365.49515602,4.52736641,4.68583533,8.968614,3.30950714,220,38,9,12,7.44883123,178.77194945,483.2972973,33.0,1.35017641,0.74064396,38,22,16
3qKFa76offxQGxwjYvmUT4h7xr,11,4,7,2.85786288,4.11033598,0.71446572,0.58719085,1.30235656,0.18885343,11,11,3,5,0.41513394,9.96321452,8671.9,467.0,0.69528693,1.43825514,11,4,7
3qNGFFLuVVJpdTFDXdzxAAsxmU,7,7,0,45.42108582,0.0,6.48872655,0.0,11.28268901,13.33292096,1,7,1,1,6.80743776,163.37850615,528.83333333,215.0,45421085820.0,0.0,7,7,0
3qVcmB2p7hd2jJDCuBFp3oCDuE,6,3,3,1.96674352,3.09023839,0.65558117,1.03007946,1.29943576,0.11143748,6,6,3,4,0.24790998,5.94983955,14521.4,541.0,0.63643748,1.57124625,6,3,3
3qeqDRt18erK6AhW2TR7crMjFT,3,3,0,12.96905002,0.0,4.32301667,0.0,6.40153199,4.53348803,1,3,1,1,1.0060081,24.14419449,3578.5,1179.0,12969050019.999998,0.0,3,3,0
3qgVddrqnXH9PoKBhei4orwLER,38,23,15,470.82560567,329.74971319,4.31950097,4.45607721,12.99954584,3.73013981,217,38,8,12,8.0192655,192.46237207,448.91891892,2.0,1.42782719,0.70036487,38,23,15
3qnYeyGoZyjadvJxf6tBwaUVBZ,2,2,0,7.50669051,0.0,3.75334525,0.0,6.33324371,6.65587604,1,2,1,1,6.46319569,155.11669659,557.0,557.0,7506690509.999999,0.0,2,2,0
3r18kNNSodg2vCDNvNkXXt3i9X,9,5,4,5.69597289,2.94320406,1.13919458,0.73580101,1.49449786,0.18490602,9,9,5,3,0.5444852,13.06764472,6611.75,798.0,1.93529663,0.51671666,9,5,4
3r7FLYN4dazaeZwUKMRMqCA3up,7,4,3,2.35260343,2.60204485,0.58815086,0.86734828,1.38500959,0.17479087,7,7,4,4,0.30795113,7.39082705,11690.16666667,194.0,0.90413639,1.10602782,7,4,3
3r9xnSCsxQhWnh1xh5RzmNa3KU,8,2,6,2.16885476,4.62690315,1.08442738,0.77115053,1.42857494,0.13650163,8,8,3,3,0.41026309,9.84631414,8774.85714286,141.0,0.46874868,2.13333933,8,2,6
3rK7MywtGEp3Vr2RTTkzY4iyjm,4,4,0,22.08032118,0.0,5.52008029,0.0,9.70666756,11.03009184,1,4,1,1,2.19646126,52.71507016,1639.0,1466.0,22080321179.999996,0.0,4,4,0
3rjPoUEgcyDRQCp1DVQaD1eLN7,6,2,4,1.4578736,2.64734481,0.7289368,0.6618362,1.43221911,0.20265517,6,6,3,2,0.2416302,5.79912476,14898.8,1354.0,0.55069275,1.81589461,6,2,4
3rku86NhQhRU6FiK2nJVjiP333,2,2,0,6.35125117,0.0,3.17562559,0.0,3.3940855,0.04772473,1,2,1,1,1.53911928,36.93886276,2339.0,2339.0,6351251170.0,0.0,2,2,0
3sxMsnvgKCZ9Lg86tmUN29w1y3,9,2,7,2.69899474,5.67845766,1.34949737,0.81120824,1.49505189,0.16464139,9,9,3,3,0.37363293,8.96719036,9635.125,58.0,0.47530419,2.10391579,9,2,7
3tDJqxHtxNai2j5gYUmB8DJTq6,5,5,0,32.46969748,0.0,6.4939395,0.0,10.37807533,8.79030297,1,5,1,1,1.88778186,45.30676455,1907.0,1328.0,32469697480.0,0.0,5,5,0
3tDcW8AgP6KNCznt3NkZyti2nA,23,19,4,241.01110876,54.95141892,3.01263886,13.73785473,23.50460657,11.41641775,87,23,9,11,3.61908243,86.85797843,994.72727273,43.0,4.38589419,0.22800368,23,19,4
3tLBBdbhGvsqiqMgTkTmXsXt6P,25,19,6,229.26142621,66.05402513,2.97742112,11.00900419,21.07724176,10.74033098,86,25,7,10,3.86992744,92.87825853,930.25,120.0,3.47081689,0.28811661,25,19,6
3tbio4He8maYCzVKwB3KfNU8kA,4,3,1,1.8940045,1.37783873,0.63133483,1.37783873,1.37783873,0.2193193,4,4,4,3,0.17246611,4.13918653,20873.66666667,11406.0,1.37461987,0.72747384,4,3,1
3tpRESCu1Q15P2c8AKVDheqQ32,10,4,6,2.91378044,5.07107369,0.72844511,0.84517895,1.37933839,0.14478948,10,10,3,5,0.40851321,9.80431713,8812.44444444,1207.0,0.57458846,1.74037605,10,4,6
3tvXyCRg2EkCTihPM7F9XT6iWf,18,16,2,229.85044659,23.09580339,3.70726527,11.5479017,19.85424419,10.74687447,67,17,7,10,3.55050183,85.21204386,1013.94117647,100.0,9.95204379,0.10048187,18,16,2
3txM4H1sdEX26p8aMgScdmVJi2,4,4,0,14.0855866,0.0,3.52139665,0.0,5.61943109,3.59115519,1,4,1,1,4.44627419,106.71058049,809.66666667,36.0,14085586599.999998,0.0,4,4,0
3u25UE9gMXEqYZjEx8PeYQVnBf,9,8,1,90.86550369,9.32582199,3.13329323,9.32582199,9.32582199,8.10537924,32,9,6,6,1.66647379,39.99537091,2160.25,16.0,9.74343107,0.10263325,9,8,1
3uGeTBR9Pf6abGm5CLidsXoVGq,22,14,8,187.71364664,94.10321473,3.75427293,11.76290184,21.3665396,16.95286635,72,21,8,9,3.99302805,95.83267311,901.57142857,66.0,1.99476338,0.50131259,22,14,8
3uUZM6Sj7C9XMG1HRGVqJNLeod,4,1,3,1.09451394,1.76024754,1.09451394,0.58674918,1.09451394,0.07696521,4,4,2,2,0.25610016,6.14640393,14057.0,1317.0,0.62179547,1.60824588,4,1,3
3ubLa9wWnBDiy2uff3W2sLoRJH,4,1,3,26.40573019,88.60534532,26.40573019,29.53511511,38.39747189,101.76899015,4,4,2,2,1.76557136,42.3737126,2039.0,3.0,0.29801509,3.35553475,4,1,3
3ut1oKA9mQdoFGin9Eqc6tLFE8,34,16,18,358.97662114,421.75558112,4.78635495,4.4867615,9.13098938,3.42179079,204,34,8,10,6.83033404,163.92801702,527.06060606,3.0,0.85114848,1.17488314,34,16,18
3uv4eQUDC5XvKi32nFg54pq6dF,17,14,3,191.25210632,49.51557176,4.06919375,16.50519059,23.59723574,16.10799639,52,17,9,10,2.8517675,68.44242004,1262.375,20.0,3.86246386,0.2589021,17,14,3
3v3ybm5mgY7H3trcvGJUdMHJdy,8,4,4,16.83105737,19.09676972,4.20776434,4.77419243,6.59900612,3.05674156,8,7,4,3,1.79897202,43.17532838,2001.14285714,34.0,0.88135625,1.13461497,8,4,4
3vNrGdqbdmAxGmm5EAHUPfjhZw,26,19,7,261.72269446,99.23341212,3.44371966,14.17620173,20.78173224,15.46844529,93,26,8,8,4.35919791,104.62074978,825.84,2.0,2.63744528,0.37915479,26,19,7
3vZ3Tu9mWHNSUfcFkghbvPdi3Y,5,2,3,10.30532034,10.59072113,5.15266017,3.53024038,7.8709586,9.29726355,5,5,2,2,1.25775177,30.18604245,2862.25,1523.0,0.97305181,1.02769451,5,2,3
3vb6JNd1yu2psgjxvodhwBv7VW,7,5,2,83.19353707,31.09562809,4.15967685,15.54781404,16.56585106,11.14593985,26,7,5,6,1.11795456,26.83090937,3220.16666667,231.0,2.67540944,0.37377456,7,5,2
3vmBa1e9K78P1Mu2igtTgdnT7o,4,3,1,9.55683473,3.68283376,3.18561158,3.68283376,5.35401327,1.81816927,4,4,4,4,1.37632216,33.03173187,2615.66666667,503.0,2.59496772,0.38536125,4,3,1
3vxBpyiUuS2GTUtgb2shCrWUky,6,6,0,42.5595177,0.0,7.09325295,0.0,11.88674528,12.01642516,1,6,1,1,2.56191289,61.48590948,1405.2,281.0,42559517700.0,0.0,6,6,0
3vxTkKN9ELCZSLrtLgVUs1CHeZ,16,12,4,145.13015152,70.06490322,3.3751198,17.51622581,22.30609382,21.79091448,50,16,8,8,2.56727204,61.61452886,1402.26666667,19.0,2.07136733,0.48277289,16,12,4
3wAgmYgTcQKSC66RV1h4TB3Z97,32,18,14,399.61406167,329.20879614,4.49004564,4.98801206,7.99810952,2.67813152,189,31,9,12,6.67583897,160.22013519,539.25806452,56.0,1.21386204,0.82381685,32,18,14
3wMy3HJoK6zLzJp9gHrApSYsh2,4,4,0,27.66553909,0.0,6.91638477,0.0,9.87826987,5.56157071,1,4,1,1,1.28525527,30.84612638,2801.0,154.0,27665539089.999996,0.0,4,4,0
3wT8Sb3p5ygf3GKA8wrDHZzpNL,15,10,5,115.19752878,70.98030854,3.03151392,14.19606171,22.76444578,22.90921705,50,15,6,8,2.71991365,65.27792768,1323.57142857,87.0,1.62295052,0.61616173,15,10,5
3wXt5o6W4jSJbPtwVdUZcSDhj6,6,2,4,11.18455414,15.01977599,5.59227707,3.754944,7.55688035,5.45917035,6,6,3,3,2.13878327,51.33079848,1683.2,21.0,0.74465519,1.34290342,6,2,4
3wdQnAyQMbVopyRYEMo1Xcq6p4,2,2,0,14.57356234,0.0,7.28678117,0.0,8.64653367,1.84892686,1,2,1,1,0.88365243,21.20765832,4074.0,4074.0,14573562340.0,0.0,2,2,0
3wi9eULNyMC5YQ4KdgbaYa9ecZ,7,5,2,11.72262608,7.38551856,2.34452522,3.69275928,4.6993164,1.22143911,7,7,4,3,1.8714261,44.9142263,1923.66666667,901.0,1.58724482,0.63002253,7,5,2
3wsZka5yBYe4LoxBQBbkJRMZ2U,5,5,0,33.10265392,0.0,6.62053078,0.0,11.36577425,11.96448609,1,5,1,1,1.45631068,34.95145631,2472.0,376.0,33102653920.0,0.0,5,5,0
3ww1LGsLYH8nBMF5jDXjgMwS71,16,12,4,195.00515674,52.12037519,4.06260743,13.0300938,22.43996761,11.11274566,55,14,7,9,3.02571861,72.6172466,1189.8,95.0,3.74143808,0.26727691,16,12,4
3wyezBoYj9K13t3mypkjA2bSj4,23,15,8,260.44208158,107.17945113,4.06940752,13.39743139,22.35649606,16.41271403,85,22,7,10,3.91633289,93.99198932,919.22727273,57.0,2.42996282,0.41152893,23,15,8
3x27Fyd8dDaW4VJvn6LyB27GJv,8,5,3,122.85414034,70.8272202,24.57082807,23.6090734,38.75715715,61.03415325,8,8,4,6,3.07354555,73.7650933,1171.28571429,24.0,1.73456109,0.57651472,8,5,3
3xBSPCyWuHAcUvkRzCtjP8m4aQ,18,11,7,162.82849317,121.6238639,3.70064757,17.3748377,24.18530117,31.60015473,62,18,6,8,2.64488526,63.47724621,1361.11764706,333.0,1.33878737,0.7469446,18,11,7
3xEdWyDrLvQ7DkjPtgeUKAT4hR,5,2,3,57.64656885,74.11605415,28.82328443,24.70535138,36.75566537,107.99259287,4,5,2,2,2.31884058,55.65217391,1552.5,347.0,0.77778788,1.28569758,5,2,3
3xNimNm2kMv9BKp77KsA2STX37,16,12,4,168.45283423,68.94573641,3.30299675,17.2364341,24.5463835,18.29734311,65,16,8,8,2.51666123,60.39986951,1430.46666667,40.0,2.44326688,0.40928808,16,12,4
3xScZWnYVgCQrU1L8GHaC4axtH,10,7,3,111.17373785,21.69234788,3.97049064,7.23078263,9.36999011,4.55459334,40,10,5,5,1.78679755,42.88314123,2014.77777778,279.0,5.12502097,0.19512115,10,7,3
3xWroRmdkJYNsWSenzotJorzhN,25,17,8,302.74351796,117.54406999,4.14717148,14.69300875,22.3678443,16.65472152,85,24,6,7,4.14031052,99.36745256,869.5,0.0,2.57557457,0.38826288,25,17,8
3xX8u5SY5dhk4AAtdL6G8cqTff,6,2,4,1.44955216,2.47525317,0.72477608,0.61881329,1.37295888,0.22955841,6,6,3,3,0.31917723,7.66025357,11279.0,3164.0,0.58561774,1.70759855,6,2,4
3xg5AehxWhxNsj7g84n9Dp6C6n,7,3,4,1.30940127,3.45811346,0.43646709,0.86452836,0.96456454,0.07395187,7,7,4,4,0.31897927,7.65550239,11286.0,1093.0,0.37864613,2.64098832,7,3,4
3y3eGnPMQPmV3A33T8XH5DTLHs,3,0,3,0.0,21.61256101,0.0,7.204187,7.68492345,0.11640048,3,3,1,1,0.56057303,13.45375273,6422.0,2646.0,0.0,21612561010.0,3,0,3
3y8RVMwRVW33CcjxrLynBYU9Ln,4,1,3,1.125019,2.65707327,1.125019,0.88569109,1.16739361,0.09252098,4,4,2,2,0.30256338,7.26152122,11898.33333333,4525.0,0.42340534,2.36180302,4,1,3
3yPUm3HwN32TGPMmFXD3epRJdU,20,16,4,185.08666549,40.35251247,2.84748716,10.08812812,14.09199267,7.09941141,64,19,8,8,3.91102979,93.86471496,920.47368421,0.0,4.58674452,0.21801956,20,16,4
3ykaM4tmyVaxixUtXCqMF4qZ7N,59,22,37,480.08652978,862.42767441,4.70673068,4.66177121,8.63330303,2.96448506,280,58,9,12,12.22482436,293.39578454,294.48275862,0.0,0.55666874,1.79640048,59,22,37
3ymNCxTESBtxacTCyEDQW3KJJQ,9,4,5,17.5564353,23.07024051,4.38910883,4.6140481,6.21123251,2.55697742,9,9,3,3,1.94410693,46.65856622,1851.75,257.0,0.76099923,1.31406177,9,4,5
3z6enc8q5mhVeTGzD2hN1WqJdN,6,2,4,43.36344544,88.14392735,21.68172272,22.03598184,38.00742458,124.44899622,6,6,3,1,2.4623803,59.09712722,1462.0,102.0,0.4919618,2.03267813,6,2,4
3z72b3j53tEu2BCy7n9EeNQ7C7,6,2,4,56.00729781,99.88482703,28.0036489,24.97120676,35.80797026,48.34967864,6,6,3,2,3.75547674,90.13144169,958.6,464.0,0.56071877,1.78342521,6,2,4
3zCscU5XvmbeBzNtV8L3w9N4xk,14,11,3,168.16366322,44.63344356,4.42535956,14.87781452,23.37797864,13.55501218,44,14,7,6,2.16817234,52.03613621,1660.38461538,38.0,3.76766052,0.26541669,14,11,3
3zTuvpusPx7ZE7SGDqCyQFwsyG,25,13,12,260.8617308,273.77250788,4.07596454,4.34559536,7.94364647,2.15201187,155,25,9,11,5.54414784,133.05954825,649.33333333,0.0,0.95284122,1.0494928,25,13,12
3zbGDHTzsMbRmWph9R4C7E5jZm,4,4,0,23.65852967,0.0,5.91463242,0.0,10.29563864,10.11101353,1,4,1,1,3.24909747,77.97833935,1108.0,249.0,23658529670.0,0.0,4,4,0
3zkNWNqydcsbVMwdxC6BeperUL,5,2,3,1.53529766,1.87487066,0.76764883,0.62495689,1.45203806,0.22055068,5,5,2,3,0.21351997,5.12447917,16860.25,2364.0,0.81888191,1.22117731,5,2,3
bc1q12DnHPSakyZmJaSNkYqEXKrJf,4,4,0,31.17316873,0.0,7.79329218,0.0,11.19333042,7.07848534,1,4,1,1,2.37937872,57.10508923,1513.0,145.0,31173168730.0,0.0,4,4,0
bc1q1325ej4y3VEaZMHSVqnFhLoYK,4,4,0,27.19765675,0.0,6.79941419,0.0,9.96675584,9.39229009,1,4,1,1,3.419886,82.07726409,1052.66666667,457.0,27197656750.0,0.0,4,4,0
bc1q1F2gqz8LGpUqGg649QYKDAREi,10,5,5,3.88818432,4.1072126,0.77763686,0.82144252,1.42773271,0.16691942,9,10,5,3,0.37006579,8.88157895,9728.0,419.0,0.94667228,1.05633176,10,5,5
bc1q1Gc25T9NcP8P3k9mmh1LN2jCc,19,13,6,131.69180203,71.36610223,2.63383604,11.89435037,20.36884588,16.00722952,64,19,9,8,2.95701378,70.96833075,1217.44444444,10.0,1.84529907,0.54191758,19,13,6
bc1q1NogQ1gqzoJBai5UbFSANVYC6,38,17,21,378.22660194,459.14393108,4.849059,4.68514215,9.9566535,3.99012014,218,35,9,11,8.50031908,204.00765795,423.51351351,22.0,0.82376479,1.21393876,38,17,21
bc1q1XiZqAxSFFopEXFaescqWouWN,11,5,6,3.9641751,2.68032871,0.79283502,0.44672145,1.38442846,0.12178121,10,11,5,5,0.66139996,15.87359912,5443.0,530.0,1.47898841,0.67613782,11,5,6
bc1q1fZHkRawPpT1vURoeofCxinxT,20,17,3,206.96863163,30.15498907,3.04365635,10.05166302,22.90484866,8.11178219,71,20,7,10,3.32960132,79.91043178,1081.21052632,2.0,6.86349549,0.14569835,20,17,3
bc1q1i1XGYeKgegwsoiuLsJMWkzij,13,6,7,19.70768242,28.76061657,3.28461374,4.10865951,7.92354058,6.70155498,11,13,6,5,3.06970795,73.67299083,1172.75,35.0,0.68523157,1.45936067,13,6,7
bc1q1o7EZwnXQmeCVk7CvPRUEZFT8,8,4,4,2.11589899,2.55742089,0.52897475,0.63935522,1.14196046,0.15063321,8,8,3,5,0.3033075,7.2793799,11869.14285714,1729.0,0.82735658,1.2086687,8,4,4
bc1q1uc5iW44xD9YmSjBa2Pwtjjma,8,3,5,21.03056863,30.38440379,7.01018954,6.07688076,7.62742686,1.06706135,8,8,4,3,1.6064257,38.55421687,2241.0,257.0,0.69215012,1.44477329,8,3,5
bc1q2ATwFjAPY2GdpmUQEp6DRh7Jy,9,7,2,4.74660671,0.6779019,0.67808667,0.33895095,1.24181272,0.20997463,9,9,5,6,0.3546798,8.51231527,10150.0,1912.0,7.00190796,0.14281822,9,7,2
bc1q2HKM1sfBjhZtSy1MB8vy3BS9W,17,12,5,157.3803435,49.4237156,3.21184374,9.88474312,16.85776704,11.266178,61,17,7,8,2.70042194,64.81012658,1333.125,162.0,3.18430821,0.31403995,17,12,5
bc1q2JMwEprjexCsmPCZXcmFNWDGu,26,19,7,236.865521,78.47403684,3.0761756,11.21057669,19.91360911,9.56112629,85,26,8,10,4.1676314,100.02315351,863.8,0.0,3.01839348,0.33130207,26,19,7
bc1q2LLmyF4SMkvrWX9679V7mSa71,41,12,29,229.9867349,691.17253489,4.034855,4.93694668,9.59772925,3.71589819,230,40,9,12,8.75965691,210.23176592,410.975,3.0,0.33274866,3.0052713,41,12,29
bc1q2RxX3hRQHp2Ps5PGojh7repqN,7,1,6,0.48523315,4.00854663,0.48523315,0.6680911,1.37512084,0.21594805,7,6,2,2,0.2984291,7.16229846,12063.16666667,2171.0,0.12104965,8.26107332,7,1,6
bc1q2jf7yF767WrZR7fk2ANtKnVkR,10,6,4,3.31760169,3.95046232,0.55293362,0.98761558,1.4115297,0.2020612,10,10,5,5,0.35806644,8.59359459,10054.0,362.0,0.83980087,1.19075847,10,6,4
bc1q3Bgaf4cbian5eRkTLtQBD8ud7,7,2,5,2.73514452,24.16919468,1.36757226,4.83383894,6.22336341,3.58910209,7,7,3,3,2.75475067,66.11401607,1306.83333333,363.0,0.11316656,8.83653295,7,2,5
bc1q3YbUmfCaMMk7SznA8ptQetrGj,22,19,3,205.09633792,45.02848856,2.73461784,15.00949619,19.37649194,10.28807987,81,22,8,11,3.70733621,88.97606905,971.04761905,86.0,4.55481284,0.21954799,22,19,3
bc1q3g5GhkKFp6U7qhnx7VBmLz23M,4,1,3,0.61760327,3.2157109,0.61760327,1.07190363,1.41024212,0.19070159,4,4,2,2,0.14903747,3.57689919,24155.0,211.0,0.19205808,5.20675822,4,1,3
bc1q3izzTvk3PG1hqbcTZHG1Ayz86,6,2,4,1.23058869,2.33846066,0.61529435,0.58461516,0.92299127,0.0582582,6,6,3,3,0.21257499,5.1017998,16935.2,1523.0,0.52623878,1.90027804,6,2,4
bc1q3x5DtqeojcEXExNL1EDp8pqXG,4,1,3,0.32463028,3.65069469,0.32463028,1.21689823,1.4658884,0.18435395,4,4,2,2,0.14940652,3.58575658,24095.33333333,1498.0,0.08892288,11.24569985,4,1,3
bc1q3x84We9FXrAecARcfzFFJznZj,19,17,2,273.57951246,37.75473554,4.41257278,18.87736777,23.83441205,12.58326821,64,19,7,10,3.43002329,82.32055897,1049.55555556,100.0,7.2462304,0.13800279,19,17,2
bc1q3xdvwUcmYsFnwp4KQ6fQWuXbB,7,5,2,3.93288694,0.81304522,0.78657739,0.40652261,1.40195369,0.17674905,7,7,4,5,0.38599689,9.26392537,9326.5,338.0,4.83723026,0.20672987,7,5,2
bc1q48c5pxQcd7DSbAeSW1WJC8NG5,15,10,5,138.99579617,62.13845787,3.39014137,12.42769157,15.41116427,9.82165071,53,15,7,7,3.15177287,75.64254893,1142.21428571,25.0,2.23687232,0.44705279,15,10,5
bc1q4BM9xaQLU7G1tbWuD1bdX9yov,18,15,3,215.32652442,48.45314458,3.47300846,16.15104819,20.00124242,10.01207374,69,18,8,10,3.02910315,72.69847555,1188.47058824,16.0,4.44401548,0.22502172,18,15,3
bc1q4Ws59mwrSNAKwwgKsbf5ZPBto,2,2,0,9.47037916,0.0,4.73518958,0.0,6.83109549,4.39282158,1,2,1,1,0.8699855,20.87965201,4138.0,4138.0,9470379160.0,0.0,2,2,0
bc1q4eK6H9Pjq4gPSDTko4EZNiMBZ,48,21,27,471.45957874,675.51781286,4.40616429,5.00383565,7.99117268,2.97809502,257,48,9,11,10.71428571,257.14285714,336.0,1.0,0.69792324,1.43282233,48,21,27
bc1q4fDGe6hkDYE9SiMF3yTw3o56q,6,3,3,2.58195221,1.66935888,0.86065074,0.55645296,1.14046244,0.09306914,6,6,4,4,0.2561767,6.14824092,14052.8,1070.0,1.54667294,0.6465491,6,3,3
bc1q4oBk53eGTYooTYWsWWGwTNqWR,10,6,4,29.29135472,21.35142509,4.88189245,5.33785627,7.36720828,2.89290647,10,10,6,5,3.27703044,78.64873066,1098.55555556,329.0,1.37186884,0.72893266,10,6,4
bc1q4sz7r4yCvfi7NarwwkxNk8v7c,8,4,4,74.91120636,97.5652626,18.72780159,24.39131565,33.93805975,52.54310021,7,8,4,4,2.4691358,59.25925926,1458.0,438.0,0.76780613,1.30241211,8,4,4
bc1q4tdaLnyks5BcRNQtavyx8RWPq,20,16,4,210.39052711,79.42607949,3.33953218,19.85651987,22.69168691,19.08122308,71,18,8,11,3.46750482,83.22011558,1038.21052632,1.0,2.6488847,0.37751737,20,16,4
bc1q4ttLX3rxQmW6uztBvTMRPRwmJ,5,3,2,87.0292748,42.77877512,29.00975827,21.38938756,38.54868919,77.15919952,5,5,3,4,2.35371036,56.48904871,1529.5,646.0,2.03440315,0.49154466,5,3,2
bc1q4yWKEe2hSuHbHXYDgB3ALhsHu,31,12,19,243.21608563,444.49315579,4.26694887,4.7794963,7.80453892,3.04474904,189,31,9,11,7.09872486,170.36939661,507.13333333,14.0,0.54717622,1.8275648,31,12,19
bc1q4z5X3KTCr9rioiTQzRVxRR6kj,4,3,1,2.46047544,0.56913159,0.82015848,0.56913159,1.32431852,0.1715984,4,4,4,3,0.17009213,4.0822112,21165.0,5796.0,4.3232101,0.2313096,4,3,1
bc1q576MnY3wDLWQS4i6xvTKvykBR,9,4,5,14.65972758,21.75325253,3.6649319,4.35065051,6.24391988,1.65091348,9,9,4,5,2.87913626,69.09927022,1250.375,80.0,0.67390969,1.48387836,9,4,5
bc1q57kcVn9FpEEQ73H1eT8JieyVz,10,7,3,7.68939245,3.00727081,1.09848464,1.0024236,1.49947598,0.1476633,10,10,4,6,0.42539783,10.20954782,8462.66666667,1063.0,2.55693382,0.39109342,10,7,3
bc1q5MBZNJWhpZkr5nmMz3U7nsaMD,10,5,5,3.05939606,3.00217491,0.61187921,0.60043498,1.05293263,0.07548173,10,10,5,3,0.35258782,8.46210769,10210.22222222,437.0,1.0190599,0.98129659,10,5,5
bc1q5TwWUJ1vGAFsdj5ndoFjCN9sz,6,5,1,27.45775177,6.72569674,5.49155035,6.72569674,7.5759143,3.53985061,6,6,5,5,1.37216039,32.93184937,2623.6,1466.0,4.0825141,0.2449471,6,5,1
bc1q5h3HsnY8TLufMxHvMhZwHoLTP,36,19,17,421.15769337,385.12315332,4.48040099,4.81403942,9.94017562,3.34148552,200,36,9,12,7.46578183,179.178764,482.2,17.0,1.09356628,0.91443932,36,19,17
bc1q5hdzh33svL8MafFEEQ9wbTnnj,9,8,1,36.8555325,0.9992499,4.60694156,0.9992499,7.3405109,5.01045278,9,9,5,6,1.87487794,44.9970705,1920.125,90.0,36.88319859,0.02711262,9,8,1
bc1q6A1NneHDZugoxWU4WK38xYWQ4,5,2,3,2.72991969,2.56054573,1.36495985,0.85351524,1.38347981,0.08390422,5,5,2,3,0.19216911,4.61205861,18733.5,7164.0,1.0661476,0.93795643,5,2,3
bc1q6JVjUYfVTJEqZ8PU8KkkeYajL,8,5,3,4.73413299,2.78862592,0.9468266,0.92954197,1.37993602,0.06258836,8,8,4,5,0.3636626,8.72790245,9899.28571429,2600.0,1.69765796,0.58904681,8,5,3
bc1q6doReEeMVcYPtC4Xt1t92HBUB,16,13,3,205.1458355,54.27908941,3.66331849,18.0930298,21.05819726,14.74296134,62,16,7,8,2.37990304,57.11767298,1512.66666667,123.0,3.77946347,0.26458782,16,13,3
bc1q6yZdsLcnMmKFtiAtdaWTecdEx,4,0,4,0.0,2.61717033,0.0,0.65429258,1.16853056,0.15592661,4,3,1,1,0.12201322,2.92831723,29505.0,17427.0,0.0,2617170330.0,4,0,4
bc1q72fTYLN7kFxtUFSqPof1wNo2H,6,6,0,31.45998438,0.0,5.24333073,0.0,7.09411891,3.98733413,5,6,3,4,1.31829501,31.63908012,2730.8,302.0,31459984379.999996,0.0,6,6,0
bc1q7EbPcMJAntKdGB5LgzNbV492X,4,3,1,1.52745695,0.56042938,0.50915232,0.56042938,1.04532445,0.11282982,4,4,4,4,0.1669733,4.00735919,21560.33333333,1835.0,2.72551191,0.36690355,4,3,1
bc1q7JNwHb6t5cg8XhBZJNsaLbpXJ,34,16,18,382.9417666,435.61135178,4.90950983,4.78693793,9.13098938,3.43689708,200,34,9,11,7.24699567,173.92789605,496.75757576,9.0,0.87909042,1.13753941,34,16,18
bc1q7PrcyxTgpAGxBttCyT2CpNsTt,7,2,5,1.21026896,2.6023769,0.60513448,0.52047538,0.9494687,0.07119673,7,7,3,3,0.25571209,6.13709009,14078.33333333,6129.0,0.4650629,2.15024675,7,2,5
bc1q7TUrJdSe2BZBLyfmaDdq99jNs,7,5,2,3.30072505,2.55490312,0.66014501,1.27745156,1.43334204,0.20261907,7,7,4,5,0.29327902,7.03869654,12275.0,1322.0,1.29191789,0.774043,7,5,2
bc1q7YoTWS9xBwyV3ApPLG5ShFd5M,2,2,0,13.96974462,0.0,6.98487231,0.0,10.38190606,11.5398383,1,2,1,1,1.6,38.4,2250.0,2250.0,13969744620.0,0.0,2,2,0
bc1q7cPTxG1AVsQ141E3kPoRqkS7e,17,13,4,176.2138028,68.71327908,3.32478873,17.17831977,24.65729221,21.32493442,60,17,7,6,3.13162616,75.15902789,1149.5625,29.0,2.56447961,0.38994266,17,13,4
bc1q7euWqicT3rp7yhqRyAqPkngq4,18,15,3,174.74954255,40.75524417,3.12052755,13.58508139,20.98182965,13.99063727,64,17,9,9,3.2,76.8,1125.0,32.0,4.28778053,0.23322089,18,15,3
bc1q7hVZet3jKwTEFrWcR8DwX8PsW,10,5,5,3.75869416,2.80453344,0.75173883,0.56090669,1.19832868,0.17037937,10,10,5,5,0.47290986,11.34983652,7612.44444444,510.0,1.34022084,0.74614569,10,5,5
bc1q7opmRiHxhhfcEuVFMJEehtwqS,5,2,3,1.02815898,3.0305983,0.51407949,1.01019943,1.48116527,0.17146014,5,5,3,3,0.51214568,12.29149625,7029.25,5556.0,0.33925941,2.94759698,5,2,3
bc1q7sFwsG1gzbG7HQBGYbrs1ELRE,9,5,4,105.56472133,99.4991367,21.11294427,24.87478417,37.13889381,50.81158591,9,9,5,5,3.82216324,91.73191772,941.875,28.0,1.06096118,0.94254156,9,5,4
bc1q7wbP8LpWPU8Tp3sEbKeMmAS2u,6,1,5,14.70193647,97.16516859,14.70193647,19.43303372,38.77688908,136.36297364,5,6,2,2,3.48364622,83.60750919,1033.4,400.0,0.15130871,6.60900479,6,1,5
bc1q89rERwAJnCKgikKsXk319P8dm,41,22,19,435.61070152,395.27135829,4.10953492,4.49171998,7.75159713,2.62634506,231,41,9,11,8.52827954,204.67870891,422.125,12.0,1.10205481,0.90739589,41,22,19
bc1q8H6DJsCYinYDADMiYFmYxHCs7,3,3,0,21.06027138,0.0,7.02009046,0.0,11.23832699,8.91224736,1,3,1,1,1.05509965,25.32239156,3412.0,1828.0,21060271380.0,0.0,3,3,0
bc1q8mq5DCwMqFBShveKfTZhKEUHu,9,6,3,4.87279392,2.2915712,0.81213232,0.76385707,1.26181558,0.07381098,9,9,4,7,0.28082492,6.73979816,12819.375,706.0,2.12639866,0.4702787,9,6,3
bc1q8rZ2jctCdipFaM4t9obJYXecq,4,4,0,27.79151172,0.0,6.94787793,0.0,11.27587118,16.41010237,1,4,1,1,2.21356835,53.1256405,1626.33333333,990.0,27791511719.999996,0.0,4,4,0
bc1q97ZeHMQf4RY142fiidLt9LaeH,9,3,6,2.74568528,3.45950688,0.91522843,0.57658448,1.45722511,0.24902266,9,9,3,4,0.31569255,7.57662121,11403.5,95.0,0.79366377,1.2599794,9,3,6
bc1q9UrAidBM5cbo8CMvyAo2qMyTT,9,4,5,3.51745741,5.6105819,0.87936435,1.12211638,1.46680083,0.08454274,9,9,3,5,0.36393045,8.73433077,9892.0,625.0,0.62693273,1.59506747,9,4,5
bc1q9WfVT8WZm8PeTewbiGbmLPjYC,27,20,7,256.13959755,55.9641769,3.12365363,7.99488241,14.41420417,7.10869968,98,27,7,10,4.0741708,97.78009924,883.61538462,1.0,4.57684919,0.21849092,27,20,7
bc1q9XQwhBDJ4ZY3qQTcszjFFNQPS,37,19,18,396.38792457,409.4282373,4.45379691,4.60031727,7.91280787,2.63769192,197,36,9,11,8.12946933,195.10726383,442.83333333,4.0,0.96814994,1.03289786,37,19,18
bc1q9gy65LSnoXaTrTud59Mi5VWka,12,5,7,4.90311537,6.29570226,0.98062307,0.89938604,1.355836,0.09413591,12,12,4,5,0.52683394,12.64401458,6833.27272727,114.0,0.77880357,1.28402083,12,5,7
bc1q9mHuRAJNwT5aQ5YLpLT22KMCn,11,3,8,2.33513418,6.37612876,0.77837806,0.7970161,1.48003931,0.20266962,11,11,4,3,0.4599816,11.03955842,7826.4,893.0,0.36623071,2.73051922,11,3,8
bc1q9php193hE4JnmAFw99nVYPw9m,8,4,4,3.77132655,3.29874976,0.94283164,0.82468744,1.46788537,0.16882478,8,8,3,5,0.23994972,5.7587934,15003.14285714,157.0,1.14325936,0.87469216,8,4,4
bc1q9vfMsiaxSmZtJ7dTBGirFBzU2,20,15,5,225.97750403,64.60995168,3.64479845,12.92199034,20.4552664,10.9361498,76,20,8,10,3.25900515,78.2161235,1104.63157895,40.0,3.49756497,0.2859132,20,15,5
bc1qACy4LKaKjunGxM8fYZryrc7Ty,37,13,24,239.81322781,570.12753263,4.06463098,4.75106277,8.0170656,3.55481144,211,36,9,12,8.01682544,192.40381047,449.05555556,31.0,0.42063085,2.37738151,37,13,24
bc1qAPGbH5cVNsxXR6YSQkYBBjHxQ,36,18,18,337.23688065,362.28771685,3.70589979,4.64471432,7.94364647,2.41911673,209,36,9,12,7.85830111,188.59922664,458.11428571,4.0,0.93085375,1.07428261,36,18,18
bc1qAqunuS5LBdGdvwRkzbNRqp9sm,12,3,9,2.55176224,6.27951251,0.85058741,0.69772361,1.38108424,0.19828383,12,12,2,4,0.36639865,8.79356767,9825.36363636,529.0,0.40636311,2.46085329,12,3,9
bc1qB6XtCRFkGx2br4spHcvuhh1by,42,16,26,363.32206835,666.89738187,4.71846842,5.09081971,10.52752523,3.61380255,232,42,9,12,8.12193914,194.92653937,443.24390244,1.0,0.54479456,1.83555429,42,16,26
bc1qBH7fMhmRkrm9NChqymMwjX5N2,4,1,3,0.56154933,2.54364601,0.56154933,0.847882,1.45295296,0.18911651,4,4,2,2,0.17269776,4.14474631,20845.66666667,3990.0,0.22076552,4.52969289,4,1,3
bc1qBXENrY8AQRzXC5AwG12crNWjZ,9,5,4,25.76554648,16.90429647,5.1531093,4.22607412,7.8879766,3.91837801,9,9,5,5,2.04807282,49.15374769,1757.75,242.0,1.52420105,0.65608143,9,5,4
bc1qBhYtmrc7c5QPzEjeCQmZbG3C6,35,17,18,396.53541285,432.10061128,4.50608424,4.8011179,10.62642011,3.97895723,216,33,9,11,8.2452004,197.8848097,436.61764706,16.0,0.91769232,1.08968984,35,17,18
bc1qBpFknsNY8MovtQcSajuSFdPpT,9,5,4,2.90375453,3.90319974,0.58075091,0.97579993,1.49947251,0.20280569,8,9,4,5,0.26454297,6.34903139,13608.375,2661.0,0.74394208,1.34419067,9,5,4
bc1qCChjUS2pgyDVeUR1nEEJqnts5,6,3,3,2.19662515,2.00264617,0.73220838,0.66754872,1.48042315,0.14811461,6,6,4,3,0.25725679,6.17416284,13993.8,2148.0,1.09686133,0.91169227,6,3,3
bc1qCPPsy87RKGSkg3j9vZGXYCW2w,18,9,9,125.57814878,112.25099357,3.69347496,12.47233262,24.72994503,25.75333457,57,18,7,7,3.08716707,74.09200969,1166.11764706,107.0,1.11872639,0.89387361,18,9,9
bc1qCSum2ScubstaY5avebnusi8qq,9,5,4,3.46694768,2.90084445,0.69338954,0.72521111,1.26342749,0.07155944,9,9,5,6,0.39454217,9.469012,9124.5,1157.0,1.19515118,0.83671423,9,5,4
bc1qCiMp4b24LRDPb4uukxUpZawCZ,7,5,2,5.07731567,1.60512409,1.01546313,0.80256204,1.37155365,0.09177588,7,7,5,4,0.22015431,5.28370348,16352.16666667,3998.0,3.16319199,0.31613636,7,5,2
bc1qCixrKvLvaMq2jw2WAaZjeNdCi,20,17,3,229.13103348,39.04924001,3.18237546,13.01641334,24.40960151,9.40261753,79,20,8,9,3.57796725,85.8712141,1006.15789474,142.0,5.8677463,0.17042318,20,17,3
bc1qCuie8jG9n3FGp3o5kS9EJ8d1i,8,5,3,3.58785336,2.81834954,0.71757067,0.93944985,1.19678835,0.06674849,8,8,4,5,0.28822729,6.91745491,12490.14285714,3998.0,1.27303349,0.78552529,8,5,3
bc1qCydvvnrQ4oTK51E5bL5hiyYyG,33,19,14,469.3428579,302.39398629,5.72369339,4.79990454,12.73254429,4.17849953,194,31,9,10,7.77275487,186.546117,463.15625,22.0,1.55209058,0.64429229,33,19,14
bc1qD6BhVFnUPqKbPAC1X915gVw2c,8,5,3,28.0738487,7.54472779,5.61476974,2.51490926,7.66823567,3.41860479,8,8,4,5,2.39498194,57.47956662,1503.14285714,37.0,3.72098895,0.26874576,8,5,3
bc1qD9FZ9tAFj6p7nSKyg7GFHCojL,9,4,5,2.85209132,6.00688734,0.71302283,1.20137747,1.37118395,0.17354528,9,9,4,5,0.33726023,8.0942455,10674.25,3367.0,0.47480353,2.10613429,9,4,5
bc1qDEANkjwppZJaSyaeggDUrot3W,4,2,2,1.16618778,1.6760166,0.58309389,0.8380083,1.483553,0.29388407,4,4,3,3,0.27990877,6.71781049,12861.33333333,7259.0,0.69580921,1.43717558,4,2,2
bc1qDH2rnfd6TkQ3b85DTtmsHwzqr,4,2,2,6.49258702,3.50148191,3.24629351,1.75074095,5.10494525,2.89399277,4,4,2,2,0.94895,22.77480011,3793.66666667,1653.0,1.85423977,0.53930458,4,2,2
bc1qDaVuUcZEcosSaesaAPZ8VEcxo,11,9,2,251.65794106,24.89269671,27.96199345,12.44634835,38.1585195,82.06544994,11,11,6,7,4.06687754,97.605061,885.2,58.0,10.10970985,0.09891481,11,9,2
bc1qDffHN53RjwaDaoAgA5RAeaoR1,38,22,16,484.51152494,392.58938784,4.48621782,4.90736735,7.9036439,2.22906507,212,37,8,12,9.1083151,218.59956236,395.24324324,4.0,1.2341432,0.81027874,38,22,16
bc1qDqf6A9S121z5KL4ijmWSAvgop,17,11,6,162.23276334,84.97459492,3.60517252,14.16243249,23.26239385,19.9809198,66,17,7,9,2.93563019,70.45512461,1226.3125,97.0,1.90919137,0.52378196,17,11,6
bc1qDuVbjwzKUVd4ZqXo2i8aXBTyi,16,11,5,160.4155918,58.83611521,3.6458089,11.76722304,16.66096374,12.39787643,58,16,6,8,2.77164708,66.51952985,1298.86666667,112.0,2.72648171,0.36677305,16,11,5
bc1qDvrAFiWzXQTYXgJRRxbMEvCJ8,6,3,3,56.6599642,67.5561246,18.88665473,22.5187082,31.23268585,75.87172564,6,6,2,3,3.6525974,87.66233766,985.6,91.0,0.83870951,1.19230793,6,3,3
bc1qDw2EXiAiGUvhwsbD6LrWAXU28,11,4,7,3.58698257,5.3438784,0.89674564,0.7634112,1.39222973,0.12615551,11,11,5,5,0.44703282,10.72878767,8053.1,1938.0,0.67123207,1.4897977,11,4,7
bc1qDxojsgQzWcxqsTQiLESAX7biV,7,2,5,2.33391536,3.39101404,1.16695768,0.67820281,1.27096779,0.09134429,7,7,2,3,0.38068382,9.1364117,9456.66666667,685.0,0.68826473,1.45292931,7,2,5
bc1qE2T7tbe9y4z1KQa93XAt7SCvJ,2,2,0,17.36295991,0.0,8.68147996,0.0,9.39093782,0.50333046,1,2,1,1,0.5118726,12.28494241,7033.0,7033.0,17362959910.0,0.0,2,2,0
bc1qE75L5LyX4im7qAFisMw4DSbV8,19,12,7,220.33930623,108.27434586,5.00771151,15.46776369,23.21032735,19.66601521,63,18,7,8,3.07065346,73.69568308,1172.38888889,122.0,2.03500935,0.49139823,19,12,7
bc1qEAuTrxUKE99pFeHzR797Bncen,23,19,4,223.96390252,44.97998765,3.02653922,11.24499691,19.4282049,6.60567993,74,23,8,11,3.69644357,88.71464576,973.90909091,26.0,4.97918995,0.20083588,23,19,4
bc1qEUXwZQYRKxUDf5Gcs63hYLg8j,21,20,1,255.37714028,17.16448988,3.70111798,17.16448988,17.16448988,7.72413845,69,20,9,10,4.02144772,96.51474531,895.2,149.0,14.87822487,0.06721232,21,20,1
bc1qEWmHrQBffpn8ruBL7e2LdkRSn,6,3,3,2.93887592,3.1059767,0.97962531,1.03532557,1.47345738,0.20290255,6,6,3,3,0.21253232,5.10077574,16938.6,8424.0,0.94620025,1.05685874,6,3,3
bc1qEmYtVK2p9etox9bSKjhGDr2tA,20,12,8,174.37964779,127.74430268,3.41920878,15.96803784,24.31173536,25.73449417,75,20,5,7,3.20991131,77.03787132,1121.52631579,166.0,1.36506791,0.73256429,20,12,8
bc1qEn39dv6NcQnjLiBuFFCL6RwpQ,17,15,2,250.2717424,14.59930256,4.72210835,7.29965128,10.73185937,6.76932109,55,17,8,10,3.30863347,79.40720317,1088.0625,69.0,17.14271907,0.0583338,17,15,2
bc1qEshLFKLffYQpnbmPucnTh5oaa,9,5,4,23.2256128,23.83352529,4.64512256,5.95838132,7.36135306,1.96252114,9,9,5,6,1.88506349,45.24152376,1909.75,80.0,0.97449339,1.02617423,9,5,4
bc1qEvtfhCMSVvgXmrLrktSuG6qXr,34,17,17,333.90635345,372.6295746,3.97507564,4.65786968,10.29360008,3.36595807,197,33,9,12,7.8245406,187.78897451,460.09090909,22.0,0.89608119,1.1159703,34,17,17
bc1qEy2fimKKE5kB6sDJwnMNvVfgf,35,18,17,356.34780642,375.20213793,4.00390794,4.87275504,7.74971135,2.51236951,212,34,9,12,7.5115066,180.27615833,479.26470588,12.0,0.94974887,1.05290991,35,18,17
bc1qF1xr3dnV5zMHYuNeP28tDwqtE,41,20,21,439.86635555,513.03769417,4.27054714,4.83997825,8.95677464,3.21999651,236,41,9,12,8.45318462,202.87643088,425.875,3.0,0.85737629,1.16634902,41,20,21
bc1qF2JqKLRdWbheKAsMdTFLevq2q,8,3,5,58.31939799,83.94186421,19.43979933,16.78837284,39.24010105,128.42935205,6,8,3,3,3.97225725,95.33417402,906.28571429,0.0,0.69475939,1.43934723,8,3,5
bc1qF2ZjqYbaLnXVwdbZZAHrEWPgS,32,13,19,308.03580997,467.55520358,4.4642871,4.62925944,8.01785951,3.08522043,196,32,9,9,7.1150781,170.7618744,505.96774194,0.0,0.65882233,1.5178599,32,13,19
bc1qFAnorroazeJ356W5vDy3qGnY2,41,15,26,335.04392952,565.7452819,4.13634481,4.63725641,8.95752586,3.28595111,227,40,9,11,8.21777093,197.22650231,438.075,1.0,0.59221692,1.68857046,41,15,26
bc1qFEF9Ygrcptoc9t7vV1BiTjxX8,8,2,6,39.49708655,104.58271792,19.74854327,17.43045299,37.22639978,78.7635173,8,8,3,3,2.73141123,65.5538695,1318.0,78.0,0.37766361,2.64785905,8,2,6
bc1qFGQQwaZPWwAzZiFHSiEiauf7y,27,14,13,266.3928458,366.48584774,3.91754185,5.3113891,8.77568824,3.54620227,173,27,9,12,5.61420345,134.74088292,641.23076923,17.0,0.7268844,1.37573457,27,14,13
bc1qFW8T7U2cmZ8rgXvA9zDkfyqeh,20,16,4,260.27419106,72.14200759,4.19797082,18.0355019,23.16003853,17.82976917,72,20,7,11,3.26180258,78.2832618,1103.68421053,9.0,3.60780355,0.27717695,20,16,4
bc1qFd3pSqMH4ByPgogucM7mfFpfF,14,10,4,156.61163774,52.49490934,3.48025862,13.12372733,17.00609981,10.05984229,58,14,7,7,2.40604596,57.74510308,1496.23076923,148.0,2.9833681,0.33519162,14,10,4
bc1qFzckchCn6wYjsvhUnqHbxHrSX,15,12,3,187.0779585,50.53268881,4.25177178,16.8442296,19.95264519,11.14324975,49,15,9,9,2.57458112,61.78994687,1398.28571429,119.0,3.70211764,0.27011567,15,12,3
bc1qG6ASgvXaovdqF4rYHTLpNvA3M,6,4,2,2.029645,2.74621553,0.50741125,1.37310776,1.44771692,0.24506731,6,6,3,3,0.20297928,4.87150284,17735.8,1712.0,0.73906981,1.35305215,6,4,2
bc1qGEfshvNCyitYQGSXnJdWbNAHf,8,5,3,3.6892615,0.94185482,0.7378523,0.31395161,1.42746193,0.22137585,8,8,4,5,0.31632858,7.59188592,11380.57142857,1928.0,3.91701717,0.2552963,8,5,3
bc1qGNKiXAyBH3zMoQtuzG3qSz58F,36,16,20,315.09121923,448.95480736,4.37626693,4.72584008,8.39775634,3.26829594,208,34,8,11,7.62896585,183.09518043,471.88571429,7.0,0.70183282,1.42484074,36,16,20
bc1qGPjqfhuBuxEnT7FEXoTz1NCG3,8,3,5,1.99217244,3.38887604,0.66405748,0.67777521,1.276941,0.14425534,8,8,4,3,0.31887836,7.65308059,11289.57142857,863.0,0.58785639,1.70109573,8,3,5
bc1qGVoyTQ6PcZ5QiXfFVsTFduu9b,8,4,4,4.36267226,2.53368081,1.09066807,0.6334202,1.3552554,0.16150005,8,8,5,3,0.25157735,6.0378564,14309.71428571,958.0,1.7218713,0.5807635,8,4,4
bc1qGokerDaNkmCMc1k1v51T7a7kV,3,3,0,2.01539262,0.0,0.67179754,0.0,0.95587554,0.04329159,2,3,2,2,0.08414164,2.01939932,42785.0,3101.0,2015392620.0,0.0,3,3,0
bc1qH4qPjMrJTnP594Sg2jhiU77gs,22,14,8,292.08040063,190.19229464,3.84316317,4.75480737,7.70966316,3.18738003,153,20,7,10,4.43427767,106.42266409,811.85714286,66.0,1.53571101,0.65116418,22,14,8
bc1qH6dz1kTSfMLzMi4bPXpu1DH1z,6,6,0,38.71843977,0.0,6.4530733,0.0,11.96961053,8.84622474,1,6,1,1,2.29240958,55.01782985,1570.4,957.0,38718439770.0,0.0,6,6,0
bc1qHBpVcnUc185ymzAb3vQecAU93,9,6,3,4.56175438,2.18963279,0.7602924,0.7298776,1.1784329,0.12737567,9,9,6,5,0.38910506,9.3385214,9252.0,485.0,2.08334219,0.47999796,9,6,3
bc1qHGDv8YbBVFot3PixgXTU93aLu,6,6,0,47.54709165,0.0,7.92451528,0.0,11.71110442,13.93369229,1,6,1,1,1.70293283,40.87038789,2114.0,387.0,47547091649.99999,0.0,6,6,0
bc1qHKXcTtWKoyh9c3C6iZkcgF2RF,23,18,5,257.55075652,31.36561006,4.02423057,6.27312201,15.10860036,6.7242471,77,23,8,9,4.02950903,96.70821674,893.40909091,13.0,8.21124652,0.12178419,23,18,5
bc1qHQ77wzfzFkzwBtKTX5inidgeA,37,20,17,402.41882921,423.34127357,3.90697892,4.98048557,10.46406658,4.10605155,217,37,9,11,7.30140845,175.23380282,493.05555556,4.0,0.95057783,1.05199171,37,20,17
bc1qHsnV7NSXvPTUoM1iN5boZU2k7,13,13,0,150.61798123,0.0,2.73850875,0.0,10.93555017,4.41743504,54,13,7,7,2.26664568,54.3994963,1588.25,83.0,150617981230.0,0.0,13,13,0
bc1qHvcBME662U1hreA2gnb6dR2po,6,3,3,2.13106662,3.215465,0.71035554,1.07182167,1.40209259,0.2192268,6,6,3,3,0.28309899,6.79437577,12716.4,3314.0,0.66275535,1.50885241,6,3,3
bc1qHwWNfWxcwEFMKZZnEPYz6fC7K,20,14,6,162.92493908,100.36675974,3.13317191,16.72779329,23.06651956,24.74372356,67,18,7,10,3.57441472,85.78595318,1007.15789474,125.0,1.6232958,0.61603067,20,14,6
bc1qHyEgdrVLasRec33xPnQYnEuxv,42,21,21,466.74592651,446.28160673,4.4451993,4.74767667,10.75508196,3.67992161,224,42,9,12,9.1802463,220.32591118,392.14634146,11.0,1.04585517,0.95615533,42,21,21
bc1qJ1dnvArYVj5wPVwFjhTaN1iV4,33,12,21,271.7280677,479.00711885,4.45455849,4.98965749,8.43178489,3.16435136,183,33,9,11,6.97674419,167.44186047,516.0,2.0,0.56727355,1.76281796,33,12,21
bc1qJ2YFvmFGyFVitEA1KG2wgXvVT,5,4,1,3.21256213,1.0981793,0.80314053,1.0981793,1.13900006,0.06168851,5,5,4,4,0.76404733,18.33713588,4711.75,1599.0,2.92535302,0.34183909,5,4,1
bc1qJ8EQRgJa1LM3WEPqrRqmYLZ1d,6,6,0,55.09001598,0.0,2.39521809,0.0,4.96665598,2.9861793,23,6,5,6,0.76857387,18.44577284,4684.0,1409.0,55090015979.99999,0.0,6,6,0
bc1qJ9RuHrxbEEqEUwVkdR2sZBmbf,17,15,2,247.67939465,26.61930954,3.7527181,13.30965477,20.23740758,8.13172946,67,17,8,12,3.16153466,75.87683188,1138.6875,109.0,9.30450109,0.10747487,17,15,2
bc1qJAAqD6gRJSF33L19DTdDTtuyA,8,4,4,3.66418558,2.78042754,0.91604639,0.69510689,1.25671126,0.08339397,8,8,5,4,0.32126876,7.71045016,11205.57142857,3296.0,1.31784969,0.75881188,8,4,4
bc1qJK8dkbRzSuPrtAK3Kn6PViHpX,5,3,2,2.97943014,1.4132535,0.99314338,0.70662675,1.35765861,0.08503938,5,5,4,4,0.19601704,4.70440902,18365.75,4344.0,2.10820645,0.47433685,5,3,2
bc1qJSWBou14WDJCqfqDd3mWVFpYA,29,23,6,265.7535156,86.37298711,2.9203683,14.39549785,21.83458478,14.93899458,103,28,9,9,4.74085222,113.78045339,759.35714286,55.0,3.07681284,0.32501164,29,23,6
bc1qJTpYtRK4zrbqzxfxWWeQER5zJ,30,18,12,359.88817079,268.24861763,4.44306384,5.15862726,9.87908434,3.18662946,177,30,9,9,7.07029663,169.68711906,509.17241379,7.0,1.34162172,0.74536659,30,18,12
bc1qJXcqVqxmCTa7dxD8sgACodJ6r,4,4,0,32.00737477,0.0,8.00184369,0.0,10.92444189,4.70812691,1,4,1,1,1.55821671,37.39720098,2310.33333333,675.0,32007374769.999996,0.0,4,4,0
bc1qJevPxZECQ5fd3619xxtSFEHgv,32,15,17,382.4607949,405.90282216,5.09947727,4.66554968,10.75508196,3.71924487,197,30,9,12,6.85545795,164.53099085,525.12903226,2.0,0.94224719,1.06129263,32,15,17
bc1qJpPJpBBzQeNN7DuwuDn3pMg5P,5,1,4,5.73223095,24.98702247,5.73223095,6.24675562,7.92827309,1.97496446,5,5,2,2,1.23403891,29.61693376,2917.25,358.0,0.22940832,4.35903973,5,1,4
bc1qJrgX3ag1QrcqDUTcDKcARbodd,14,4,10,2.5312452,9.70789076,0.6328113,0.97078908,1.36986758,0.09856204,14,14,4,5,0.45248431,10.85962351,7956.07692308,250.0,0.26074101,3.83522338,14,4,10
bc1qJwuNMEVqryMbASa9oigQ4b7Jw,7,3,4,18.13951222,13.8005402,6.04650407,3.45013505,7.96955369,4.45312517,7,7,4,3,2.18203859,52.36892615,1649.83333333,232.0,1.31440595,0.76079996,7,3,4
bc1qKG2gTKYL9fhD9SaGoLaX2fohC,32,16,16,332.83351563,347.00285889,4.43778021,4.50653063,9.35587796,3.10879996,197,31,9,11,6.88718835,165.29252037,522.70967742,7.0,0.95916649,1.04257186,32,16,16
bc1qKJWFrQjEJ7yviKmGg52pECGpm,6,6,0,40.41892969,0.0,6.73648828,0.0,11.83046738,12.1089544,1,6,1,1,1.68177147,40.36251518,2140.6,130.0,40418929690.0,0.0,6,6,0
bc1qKKCgZBedG5RhH989Z9UPZPfXr,8,8,0,50.3542343,0.0,6.29427929,0.0,8.62016315,4.95283922,1,8,1,1,2.89422304,69.46135293,1243.85714286,354.0,50354234300.0,0.0,8,8,0
bc1qKZwEMesrR411y5cjkA1zZY7Rh,6,4,2,73.32368956,61.79908577,18.33092239,30.89954288,36.85440566,75.66530612,6,6,5,5,3.03285594,72.78854254,1187.0,120.0,1.18648502,0.84282564,6,4,2
bc1qKco36MY8RKWfpLkvVFcTKwUDw,11,4,7,2.99205516,4.63482942,0.74801379,0.66211849,1.21303162,0.12474942,11,11,5,4,0.38308876,9.19413023,9397.3,1477.0,0.64555885,1.54904545,11,4,7
bc1qKeUBBJutdKnQv82LTh9M1Te9d,16,13,3,217.73507886,33.7782166,4.73337128,11.25940553,17.38239322,9.98904871,53,16,7,9,2.63427484,63.22259622,1366.6,47.0,6.44602057,0.15513447,16,13,3
bc1qKhN2mFydcSDayzDpHRRfq2a8H,30,14,16,303.96125016,371.1981197,4.47001838,4.69871038,9.7287495,4.26479473,188,30,9,12,6.2933269,151.03984568,572.03448276,5.0,0.81886527,1.22120211,30,14,16
bc1qKmj4RRTskMc41pHDgxrxxVvFh,13,6,7,4.90370959,3.75154541,0.81728493,0.53593506,1.21257783,0.19136831,13,13,6,7,0.49249852,11.81996443,7309.66666667,622.0,1.30711722,0.76504233,13,6,7
bc1qKmk1xKyHg9XCZ4g1D8xVcxuZG,10,4,6,17.0393824,29.33056263,4.2598456,4.8884271,7.23024229,2.24063047,10,10,5,4,2.83837057,68.12089356,1268.33333333,98.0,0.58094291,1.72133954,10,4,6
bc1qKxPuApNdDvQW2jYwRxQ1dHSCx,5,4,1,15.72206954,7.7701047,3.93051738,7.7701047,7.7701047,3.56945435,5,5,4,4,1.76448965,42.3477515,2040.25,177.0,2.02340511,0.49421641,5,4,1
bc1qLD8f6hrRNLD2ZkosehNCF8A3B,26,23,3,343.93540241,21.69703799,3.90835685,7.232346,10.79903147,7.57952388,87,26,9,12,4.15954153,99.82899663,865.48,1.0,15.85172145,0.06308463,26,23,3
bc1qLVqX4yRdmovGkeCaNG9ih4AML,3,3,0,16.12674905,0.0,5.37558302,0.0,9.84246945,10.65041938,1,3,1,1,0.71928072,17.26273726,5005.0,4945.0,16126749050.0,0.0,3,3,0
bc1qLci8ic6Dgbdq4daDqXZz28jbC,8,4,4,3.14248635,2.77319811,0.78562159,0.69329953,1.26939147,0.10548715,8,8,3,4,0.37190632,8.92575156,9679.85714286,108.0,1.13316331,0.88248533,8,4,4
bc1qLrRKbKJ9kWGecFMoqSskP9nGf,8,3,5,18.7269756,18.97127037,6.2423252,3.79425407,7.20906726,3.88250486,8,8,4,3,3.04017372,72.96416938,1184.14285714,124.0,0.98712291,1.01304507,8,3,5
bc1qLwkBUZCGgjpQpQHDmJHbsC6Ga,30,10,20,194.99897084,493.66832306,4.14891427,4.88780518,7.97986309,3.41609633,187,29,9,10,5.98726845,143.69444285,601.27586207,14.0,0.39499997,2.53164579,30,10,20
bc1qM1CptNN5ooEvsJrKkHycSXACb,14,9,5,99.2602989,70.87856278,3.54501067,14.17571256,22.79857638,27.66613811,45,14,7,7,2.02089991,48.50159772,1781.38461538,87.0,1.40042765,0.71406759,14,9,5
bc1qM3cnF4nHH2kwwwPbn3fGP75ZV,6,0,6,0.0,3.6924349,0.0,0.61540582,1.47602779,0.22669566,6,6,1,1,0.24563654,5.89527696,14655.8,5714.0,0.0,3692434900.0,6,0,6
bc1qMHNM5ezj9K7Q9ZUGLcH15Uwr6,3,2,1,64.2074432,19.98286035,32.1037216,19.98286035,34.72002421,37.211199,3,3,2,3,2.06303725,49.51289398,1745.0,127.0,3.21312575,0.31122342,3,2,1
bc1qMVLUdSqT1qS4TPit9WrJ2unDE,8,7,1,5.46952958,1.28617528,0.78136137,1.28617528,1.39075731,0.26692608,8,8,4,7,0.27868707,6.68848978,12917.71428571,2874.0,4.2525538,0.23515282,8,7,1
bc1qMmfsJQTcq8Q3qbeM7KRmFsi7b,4,4,0,21.66423671,0.0,5.41605918,0.0,9.09027591,9.22424628,1,4,1,1,1.35355308,32.48527384,2659.66666667,1381.0,21664236710.0,0.0,4,4,0
bc1qMn8qPcXedjnTkpzvbKywUt1a7,6,3,3,1.99840769,1.48934558,0.6661359,0.49644853,1.02762323,0.08323616,6,6,4,4,0.20452221,4.90853312,17602.0,4352.0,1.34180255,0.74526614,6,3,3
bc1qMnS5Lr6q1dRR5kQgBgyDBoNVa,11,6,5,116.64413189,138.62433918,19.44068865,27.72486784,36.60497495,105.9024359,11,11,5,5,3.8585209,92.60450161,933.0,104.0,0.84144049,1.18843817,11,6,5
bc1qMpSqPruCwYw6NPgbptvFMvL7o,12,7,5,6.28433828,3.59809897,0.89776261,0.71961979,1.4424871,0.13824774,12,12,7,5,0.46326084,11.1182602,7771.0,807.0,1.74657182,0.57255017,12,7,5
bc1qNFVdyucrA8KodBL6FX7XG1xyU,3,3,0,22.73974138,0.0,7.57991379,0.0,11.54156681,11.14227853,1,3,1,1,1.17897495,28.29539872,3053.5,643.0,22739741380.0,0.0,3,3,0
bc1qNRUP6cDVbtzLpVV6eaqbZGVJG,6,4,2,23.88062927,10.24306434,5.97015732,5.12153217,7.62215136,2.48279503,6,6,5,4,1.21465686,29.15176463,2963.8,705.0,2.33139503,0.42892774,6,4,2
bc1qNc4NBtSGCj88fiS3KWtkkBA2M,25,20,5,249.41751427,62.64487878,3.37050695,12.52897576,23.43220801,13.54380302,86,24,7,11,3.83131568,91.95157643,939.625,17.0,3.98145098,0.25116471,25,20,5
bc1qNhhnxdp4WtfnsdUQZwMVZqFkY,10,6,4,30.62674978,20.95388936,5.1044583,5.23847234,7.78472635,5.31971247,10,10,4,6,2.195717,52.69720792,1639.55555556,423.0,1.46162601,0.68416954,10,6,4
bc1qP57m8GhqgeYqpXsGbujWfBVcW,8,5,3,96.43836128,62.96781653,19.28767226,20.98927218,37.76964292,72.19291382,8,8,6,4,4.6875,112.5,768.0,47.0,1.53155003,0.65293329,8,5,3
bc1qP6aukPTf3Ph3jeRNSqcbqBRXC,18,16,2,149.52041559,18.67651284,2.41161961,9.33825642,15.37793701,7.28079075,64,18,9,8,2.74648835,65.9157205,1310.76470588,251.0,8.00579942,0.12490945,18,16,2
bc1qP9dmRFME4mQeWo1CQP8BaBWTk,20,15,5,194.21896231,79.34639253,3.29184682,15.86927851,24.68231598,17.84229466,64,19,9,10,3.00474433,72.113864,1198.10526316,97.0,2.44773525,0.40854091,20,15,5
bc1qPETziwZABCFgvHD8Cjtdw4wqc,4,3,1,2.01697347,0.53875817,0.67232449,0.53875817,1.10580903,0.07381616,4,4,3,3,0.43410105,10.41842518,8293.0,481.0,3.74374549,0.26711217,4,3,1
bc1qPFtR1TsACD1TDPTXEipPYWQSg,10,4,6,21.50274001,36.39534898,5.375685,6.0658915,7.91067687,2.47957925,10,10,4,3,2.35602094,56.54450262,1528.0,123.0,0.59081011,1.69259122,10,4,6
bc1qPGpjuyakf3fVBkyqazFC5Qv9Z,5,3,2,1.82810274,1.9678193,0.60936758,0.98390965,1.15697822,0.1260465,5,5,2,4,0.24784427,5.94826251,14525.25,6727.0,0.92899929,1.07642708,5,3,2
bc1qPJ9ogU5cHHRizBSW6HkUmAbE5,7,4,3,3.13568794,1.76120241,0.78392198,0.58706747,1.1708783,0.10180148,7,7,4,5,0.29823956,7.1577494,12070.83333333,2431.0,1.78042451,0.5616638,7,4,3
bc1qPcMnkMcMBCejLBkvP9nwM7S8Z,19,13,6,169.41287371,68.65644222,3.32182105,11.44274037,24.03633204,16.00010066,68,19,6,7,3.30258397,79.26201519,1090.05555556,103.0,2.46754519,0.40526107,19,13,6
bc1qPwdqwqVX3F7mtX1QUbjo9QcDC,35,15,20,316.94628261,409.86962733,4.46403215,4.6576094,9.0257611,3.15442953,216,33,9,11,8.20540323,196.92967755,438.73529412,18.0,0.7732856,1.29318326,35,15,20
bc1qPxnghUBg9sEuEt4dPbJfbBMnK,9,3,6,2.04673206,2.42561386,0.68224402,0.40426898,0.98460932,0.08417242,9,9,4,4,0.38230258,9.17526184,9416.625,928.0,0.84379962,1.18511549,9,3,6
bc1qPy6pTXEh4udNoF9joSY1tcHxZ,16,12,4,133.23514424,67.38597987,2.77573217,16.84649497,24.89361137,21.17863078,50,16,7,6,2.62978475,63.11483393,1368.93333333,321.0,1.97719384,0.50576731,16,12,4
bc1qPzynxdADrAELC72bfw3r9bP5M,17,9,8,9.4697188,6.77687822,1.05219098,0.84710978,1.38762524,0.19201493,17,17,7,7,0.75680931,18.16342351,4756.8125,265.0,1.39735709,0.71563669,17,9,8
bc1qQ2VAr1nta56NMSrBU4Sq3jiAz,9,4,5,2.61923642,3.98511438,0.65480911,0.79702288,1.35544459,0.21049287,9,9,3,4,0.34051006,8.17224134,10572.375,1034.0,0.65725502,1.52147945,9,4,5
bc1qQ8fwT88QdK3aA8QLQLKY2sAAs,9,3,6,3.61922825,2.43579986,1.20640942,0.40596664,1.40850148,0.24470997,9,9,2,3,0.56562641,13.57503388,6364.625,530.0,1.48584796,0.67301637,9,3,6
bc1qQ95sWQNZM8WYWKn6jp9YKRfCs,7,3,4,2.92690006,2.59244658,0.97563335,0.64811164,1.44133299,0.2774271,7,7,2,4,0.30799504,7.39188091,11688.5,5854.0,1.12901075,0.88573116,7,3,4
bc1qQBKyVrJqSUoMjFNEcemmmT9qh,18,15,3,174.47249015,35.76818706,2.76940461,11.92272902,16.37648403,9.391932,63,18,8,9,2.77664353,66.63944467,1296.52941176,100.0,4.87786786,0.2050076,18,15,3
bc1qQden5tKKdC2nVHetBSqfndghT,8,5,3,4.34678904,1.83248683,0.86935781,0.61082894,1.4221839,0.20549095,8,8,5,6,0.32926112,7.90226694,10933.57142857,5057.0,2.37207109,0.42157252,8,5,3
bc1qQi2JvNbGbYQ31xpYpW3ge4oD8,5,5,0,37.95863252,0.0,7.5917265,0.0,9.87386989,3.64513307,1,5,1,1,1.54556188,37.09348503,2329.25,128.0,37958632519.99999,0.0,5,5,0
bc1qR44DB4mD7fVcuegf466tJ31EL,18,15,3,210.36813861,47.14686673,3.89570627,15.71562224,21.1546512,12.81899825,65,18,7,9,2.66318538,63.91644909,1351.76470588,35.0,4.46197496,0.224116,18,15,3
bc1qR5LLsSyRCYUEoE1Kk85tWTr7k,21,15,6,189.34884953,79.85450971,3.15581416,13.30908495,21.83073742,17.45694013,79,21,8,9,3.1309793,75.14350322,1149.8,12.0,2.3711729,0.42173221,21,15,6
bc1qRfqf7MKncCuX14j9dGErmu7E9,8,8,0,43.2336262,0.0,5.40420328,0.0,9.90981143,6.68933612,1,8,1,1,3.1918936,76.60544649,1127.85714286,41.0,43233626200.0,0.0,8,8,0
bc1qRkBu5zXPn1ib4tw5fsRGu3HNn,10,5,5,4.80542927,2.43802011,0.96108585,0.48760402,1.4622844,0.24612542,10,10,5,5,0.4040404,9.6969697,8910.0,2262.0,1.97103759,0.507347,10,5,5
bc1qSFkC5WzKEyssoQVHaqyuGNxAT,10,3,7,1.70626621,6.35001121,0.5687554,0.90714446,1.36946457,0.13349456,10,10,3,3,0.33205227,7.96925442,10841.66666667,819.0,0.26870287,3.72158294,10,3,7
bc1qSLxZX8F344CNPHSiHNwGGKVgZ,29,12,17,279.72234899,383.10193564,4.90740963,4.72965353,7.91907246,3.02667048,182,29,8,12,6.15422187,147.70132487,584.96428571,10.0,0.73015123,1.36957929,29,12,17
bc1qSQqbn7VFd2SrFVQXd7iLNAth6,8,3,5,2.53488152,4.94638666,0.84496051,0.98927733,1.30716814,0.066852,8,8,4,3,0.33620621,8.06894896,10707.71428571,932.0,0.51247136,1.95132854,8,3,5
bc1qSc4jL7ZRudF3FyujBRwLiNsSH,19,16,3,214.91546458,30.01068566,3.41135658,10.00356189,13.0189657,10.39740093,69,19,6,11,3.0522845,73.25482807,1179.44444444,63.0,7.16129805,0.13963949,19,16,3
bc1qSdGEPGtg4n1hNbMxqvU6QhKVj,14,13,1,151.04399885,18.95330415,2.64989472,18.95330415,18.95330415,5.48513249,58,14,8,8,2.18466997,52.43207917,1647.84615385,35.0,7.96927004,0.12548201,14,13,1
bc1qSxapXhBsoiwhA4qD1W54wb5zq,37,20,17,435.0339371,344.37390215,4.5793046,4.59165203,8.93161384,3.36951279,209,36,9,11,7.53751309,180.90031406,477.61111111,8.0,1.26326047,0.79160238,37,20,17
bc1qT5SzFsFqcSEsb8G1DAptT9Lku,32,19,13,446.44448195,304.44665164,4.96049424,4.68379464,11.1086304,4.65037616,186,32,9,12,8.08695652,194.08695652,445.16129032,5.0,1.46641285,0.6819362,32,19,13
bc1qT7HgDD8wSEWusDnN7qT3hvke8,7,5,2,4.33938576,1.57346325,0.86787715,0.78673163,1.4846634,0.18897459,7,7,6,5,0.2735493,6.56518325,13160.33333333,4718.0,2.75785644,0.36260045,7,5,2
bc1qTb3sQmztbfh67rGjjPBig3dik,12,10,2,8.19905909,0.86853707,0.81990591,0.43426854,1.40146403,0.1169463,12,12,7,6,0.40757513,9.78180321,8832.72727273,1753.0,9.44007962,0.10593131,12,10,2
bc1qTjD1huM2hQx3tpMkVFfYSpgs6,7,5,2,4.6660882,1.14579975,0.93321764,0.57289988,1.31920977,0.16707547,7,7,4,5,0.32522773,7.80546563,11069.16666667,2448.0,4.07234179,0.24555896,7,5,2
bc1qU3U9iq1qgzZ7c3kJ4idxxooov,7,5,2,119.38631862,58.49001138,23.87726372,29.24500569,38.10901437,122.75028495,7,7,6,5,3.0,72.0,1200.0,253.0,2.04114029,0.48992223,7,5,2
bc1qU5P692izHbnQ1YpUUqMFurzoq,13,10,3,165.03200911,43.69387878,4.23158998,14.56462626,20.7430414,18.90406292,49,13,7,8,2.42410639,58.17855339,1485.08333333,28.0,3.77700524,0.26476002,13,10,3
bc1qUYoLbVxTkCgTP4wXtKkxJtNSM,8,4,4,14.0062193,27.56704586,3.50155482,6.89176147,7.98214339,5.17072589,8,8,4,4,1.66865316,40.0476758,2157.42857143,132.0,0.50807835,1.96820036,8,4,4
bc1qUmHWwLDRwX7GRdPdKmK2vjSJ1,13,9,4,7.09968073,1.51140917,0.78885341,0.37785229,1.33075582,0.17967276,13,12,6,6,0.519518,12.46843207,6929.5,811.0,4.69739159,0.2128841,13,9,4
bc1qUnsX9SsC2pZJSX9jerBQLExrh,16,11,5,176.02101666,39.1015418,4.00047765,7.82030836,16.11939111,5.98644387,62,16,7,7,2.29543039,55.09032944,1568.33333333,61.0,4.50163877,0.22214132,16,11,5
bc1qUo9EKjC8gAnUtAC5DC2Lm53KB,21,15,6,237.07288793,72.11070279,4.15917347,12.01845047,17.92724214,11.46650502,74,21,8,10,3.73734752,89.69634051,963.25,11.0,3.28762415,0.30417102,21,15,6
bc1qUv9VaGhtcXXXRNH19FLXq8KP8,33,21,12,479.60885438,294.92249136,5.10222186,4.91537486,10.52752523,3.56077048,204,31,9,11,7.56054341,181.45304194,476.15625,6.0,1.62622,0.61492295,33,21,12
bc1qV21jwUzBGkgHMevekvJBTJ3YT,8,5,3,21.84257926,10.86925431,4.36851585,3.62308477,7.41907717,4.38204612,7,8,5,5,2.54622613,61.1094271,1413.85714286,118.0,2.00957477,0.49761771,8,5,3
bc1qV6tbfMSe3Yx2NUCT2xaMRH687,12,10,2,8.08489844,0.50872982,0.80848984,0.25436491,1.32745679,0.14767373,11,12,7,7,0.43437246,10.42493912,8287.81818182,553.0,15.89232265,0.06292346,12,10,2
bc1qVEaPVquYfVyEetapAJvnNhkMG,11,7,4,28.79498721,24.34533506,4.1135696,6.08633377,7.63719973,4.50417266,11,11,6,7,2.42016807,58.08403361,1487.5,206.0,1.18277227,0.84547129,11,7,4
bc1qVTYRA8hwDNLhMSq5JoFw8PpDj,7,3,4,75.13107442,57.56232172,25.04369147,14.39058043,28.32742888,70.16777732,7,7,4,4,3.16066725,75.85601405,1139.0,112.0,1.30521272,0.76615864,7,3,4
bc1qVWrKrRZaTBuDtf9xH4iXxQc7n,12,8,4,5.61451262,3.26839309,0.70181408,0.81709827,1.45473702,0.21388579,12,12,5,6,0.47312958,11.35511004,7608.90909091,1071.0,1.71782049,0.582133,12,8,4
bc1qVishDCq5KdfdXxw1Ej92JDiLj,3,2,1,6.07471076,1.9358688,3.03735538,1.9358688,3.79137103,0.64864255,3,3,3,2,3.20284698,76.8683274,1124.0,115.0,3.13797648,0.3186767,3,2,1
bc1qW58vzYfb2hZdGnAKU1gPGdTCj,9,3,6,2.03255935,2.8003819,0.67751978,0.46673032,1.23009893,0.15349175,9,9,2,4,0.29683989,7.12415741,12127.75,3380.0,0.72581506,1.37776144,9,3,6
bc1qWUdodraHBRWpG91JtkJ6GrbKN,4,4,0,2.3148254,0.0,0.57870635,0.0,0.91632519,0.06363302,4,4,4,4,0.17255428,4.14130278,20863.0,4517.0,2314825400.0,0.0,4,4,0
bc1qWZ8XjgJs6Ps6PCRtDbHo2gtsr,13,6,7,5.06882105,5.69445134,0.84480351,0.81349305,1.45747899,0.08945332,13,13,6,4,0.44713554,10.73125291,8051.25,342.0,0.89013335,1.12342718,13,6,7
bc1qWkxxbApeF53pAYi2Xg3Gmi91C,8,6,2,3.77505102,1.70731831,0.62917517,0.85365916,1.29053561,0.14838894,8,8,6,6,0.35984578,8.63629873,10004.28571429,2574.0,2.21109971,0.45226364,8,6,2
bc1qWmXhCt95nrW3KD3sDy3MLZSub,6,3,3,1.85739227,1.50559129,0.61913076,0.50186376,1.11967829,0.08428908,6,6,4,4,0.20745214,4.97885141,17353.4,1712.0,1.233663,0.81059414,6,3,3
bc1qWpvGqw4vep7C5ZMAXzDK66KoS,11,7,4,73.052573,44.24191339,2.92210292,11.06047835,21.06776841,16.52428715,34,11,5,6,1.69819331,40.75663946,2119.9,115.0,1.65120736,0.60561746,11,7,4
bc1qWuaNxQ1h85EVNFNaBn82XBcak,22,18,4,177.21687606,64.30520839,2.72641348,16.0763021,21.10107347,14.52127866,70,21,8,11,3.4555261,82.93262638,1041.80952381,12.0,2.75587127,0.36286165,22,18,4
bc1qWzR2mfG9269UymqPWwhadcvxC,5,3,2,1.80340166,0.53041856,0.60113389,0.26520928,0.86050906,0.06532172,5,5,4,4,0.20917159,5.02011824,17210.75,8580.0,3.39995957,0.29412114,5,3,2
bc1qX3fB3kn8fmg6bvoumhyKxF66D,20,14,6,222.56857516,88.36112434,4.4513715,14.72685406,24.84136617,21.15966828,72,20,8,10,3.61102312,86.66455496,996.94736842,23.0,2.51885178,0.39700629,20,14,6
bc1qXCK13F4D6Q5psaxT6VPecfUCr,32,13,19,292.67850056,459.45381759,4.50274616,4.99406323,7.89862616,2.04265423,197,31,9,11,7.07448494,169.78763867,508.87096774,5.0,0.63701397,1.56982428,32,13,19
bc1qXEsk9EdxSKH3Cxc9MGqBuStzW,13,9,4,116.47994511,79.14378052,3.42588074,19.78594513,24.39271992,33.29653433,46,13,8,7,2.68857356,64.5257655,1339.0,284.0,1.47175109,0.67946272,13,9,4
bc1qXPEuX4k4wUGBGffcjhczYWEFQ,34,15,19,344.3269234,461.35186908,4.91895605,4.70767213,8.40428153,3.20645473,210,32,9,12,7.34739316,176.33743583,489.96969697,2.0,0.7463434,1.3398658,34,15,19
bc1qXbiqFXjo4E7YMLFa2rCyVKu5v,16,15,1,234.59654236,3.91246083,4.11572881,3.91246083,11.03825159,4.79881045,56,16,7,8,2.52868181,60.68836338,1423.66666667,116.0,59.9613779,0.0166774,16,15,1
bc1qXcuqi18jPVGziggG3kyMRs8RH,8,3,5,3.13934833,5.41156824,1.04644944,1.08231365,1.47868262,0.180476,8,8,4,4,0.42969683,10.3127238,8378.0,273.0,0.58011803,1.72378713,8,3,5
bc1qXdUxHhkXmu8QZod2wHBe4AMWy,9,5,4,3.41233011,1.64594169,0.68246602,0.41148542,1.02097624,0.06626415,9,9,4,5,0.33071897,7.93725526,10885.375,361.0,2.07317801,0.48235125,9,5,4
bc1qXjY21bcT12aoJbK2ZumkUtC77,12,8,4,7.87249574,4.68152949,0.98406197,1.17038237,1.49344648,0.11871017,12,12,6,8,0.35202503,8.44860079,10226.54545455,1069.0,1.68160764,0.59466904,12,8,4
bc1qXrwd6WLE59jLELiMEPGZm55mN,13,5,8,17.93065841,39.29840956,3.58613168,4.9123012,7.83235846,4.10800858,13,13,6,5,2.79792746,67.15025907,1286.66666667,78.0,0.45626931,2.19168804,13,5,8
bc1qXynaYx18ca6hsjmwnk68oFFsX,29,13,16,278.3780843,392.13598759,4.56357515,4.72452997,7.8900282,3.04392346,186,29,9,11,6.54545455,157.09090909,550.0,0.0,0.7099019,1.40864533,29,13,16
bc1qY9G4RiETPVxaDVm5ikQ7s4K7G,23,11,12,261.56292674,300.75132135,4.75568958,4.7738305,9.59872119,3.48593545,150,23,7,10,5.09980683,122.39536381,705.90909091,80.0,0.86969835,1.14982396,23,11,12
bc1qYEhtCovwT1ueUZNTZcmbxikcT,8,4,4,19.77768052,12.94117313,4.94442013,3.23529328,7.91198858,3.87716786,8,8,5,5,2.89955126,69.58923024,1241.57142857,156.0,1.52827571,0.6543322,8,4,4
bc1qYXSxz9jabtETGUbazjjP26oiS,22,20,2,266.96753774,13.61786723,3.42266074,6.80893361,12.19570851,4.14774723,79,20,8,11,3.93053967,94.33295206,915.9047619,123.0,19.60421065,0.05100945,22,20,2
bc1qYhGJV5nKGJNMzb69AFRmAnE5T,9,5,4,3.1185337,3.47361222,0.62370674,0.86840305,1.1745689,0.10574862,9,9,4,6,0.41940933,10.06582396,8583.5,822.0,0.89777831,1.11386073,9,5,4
bc1qYwoGnZJTbdQ33dXnQ8eXm6Aoo,3,3,0,3.01416552,0.0,1.00472184,0.0,1.11741643,0.00804792,3,3,2,3,0.18273648,4.38567549,19700.5,4850.0,3014165519.9999995,0.0,3,3,0
bc1qYy3RJdxwkGXQgs1KKWyg4hvMp,4,4,0,33.70769684,0.0,8.42692421,0.0,11.18903574,7.34272363,1,4,1,1,4.3956044,105.49450549,819.0,30.0,33707696839.999996,0.0,4,4,0
bc1qYytJK69rDNkeevwmbeUiCMcSf,3,3,0,22.5342397,0.0,7.51141323,0.0,11.48453177,8.60591715,1,3,1,1,1.54109589,36.98630137,2336.0,1183.0,22534239700.0,0.0,3,3,0
bc1qZ2etZuq2fbco4H2gEFSoCVAJr,26,15,11,274.39008073,308.15010068,3.65853441,5.22288306,7.91673198,3.0502648,172,26,9,10,5.34632292,128.31175003,673.36,35.0,0.89044294,1.12303659,26,15,11
bc1qZiYTkYTnvVYB6d2sqFK3JFbKB,10,7,3,4.98075916,1.42316446,0.71153702,0.47438815,1.35135525,0.18338886,10,10,5,7,0.33304209,7.99301023,10809.44444444,627.0,3.49977764,0.28573244,10,7,3
bc1qZnjxDx9qcqSYkzZN6Pk4UySaZ,8,3,5,21.51032865,26.45094957,7.17010955,5.29018991,7.96471783,5.20629597,8,8,3,4,2.65626647,63.75039528,1355.28571429,8.0,0.81321574,1.22968598,8,3,5
bc1qZwMqLnWiAwZ79FQRVxgZDrSD5,4,3,1,1.6547772,0.60871322,0.5515924,0.60871322,0.98935043,0.09818828,4,4,3,4,0.17900058,4.29601392,20111.66666667,6067.0,2.71848408,0.36785207,4,3,1
bc1qZwYj7Ne2vM8c9EWYB74g4XHKH,2,2,0,10.3597719,0.0,5.17988595,0.0,7.0220092,3.39341807,1,2,1,1,0.37838974,9.08135379,9514.0,9514.0,10359771900.0,0.0,2,2,0
bc1qZxp5TYLno9mbofvMLx4PbKjXH,32,14,18,276.85210813,415.93962029,4.13212102,4.67347888,7.88918411,2.71952023,190,32,9,11,7.22844744,173.48273852,498.03225806,2.0,0.66560648,1.50238921,32,14,18
bc1qa8BqE8YpfPpMTDE6tZQXHZ8W2,10,3,7,2.27290842,5.88075589,0.75763614,0.84010798,1.39752564,0.22195026,10,10,3,4,0.4934436,11.84264632,7295.66666667,139.0,0.38649937,2.58732637,10,3,7
bc1qaY2Kz6NsMYbh7GhoVDn5KuB8v,3,3,0,17.05847437,0.0,5.68615812,0.0,11.88647955,19.49991628,1,3,1,1,0.82004556,19.68109339,4390.0,339.0,17058474369.999998,0.0,3,3,0
bc1qaiHvdXzKegVgf4MBx97Y88Jbw,21,14,7,191.27109785,76.73952756,3.13559177,10.96278965,18.57500338,11.19007176,84,21,6,8,3.45439716,82.90553183,1042.15,120.0,2.49247166,0.40120817,21,14,7
bc1qakJtfrzGFu2UXJNZLYoS4eLtx,6,0,6,0.0,3.51767809,0.0,0.58627968,1.12464243,0.09436773,6,6,1,1,0.18968533,4.55244799,18978.8,496.0,0.0,3517678089.9999995,6,0,6
bc1qb79MNgXXWAUMfvYRK2cvDcQpb,18,13,5,214.6377623,68.67428482,4.20858357,13.73485696,23.27702365,13.2812343,61,18,8,10,3.75,90.0,960.0,21.0,3.12544591,0.31995435,18,13,5
bc1qbEVm4vhtaijnjz7RmLV4f14rR,5,0,5,0.0,3.18376056,0.0,0.63675211,1.1939142,0.15513858,5,5,1,1,0.25131329,6.03151887,14324.75,6483.0,0.0,3183760560.0,5,0,5
bc1qbTsxZFh98C4cSy6HpmgcKAQ3w,6,2,4,8.15462174,17.03202549,4.07731087,4.25800637,6.25305703,2.34207953,6,6,3,3,2.47286715,59.34881165,1455.8,68.0,0.47878168,2.08863465,6,2,4
bc1qbphqG3XmJbBjqmo1vYuEsTyN7,4,2,2,1.75137465,1.99313262,0.87568732,0.99656631,1.44172733,0.14082979,4,4,2,2,0.1612831,3.87079432,22321.0,5512.0,0.87870452,1.13803898,4,2,2
bc1qbuDDKKLVyzv2LZvaYZfeN1JW2,21,15,6,174.32908836,52.51545498,2.76712839,8.75257583,13.62469119,6.15598515,78,21,9,10,3.28947368,78.94736842,1094.4,39.0,3.31957685,0.30124321,21,15,6
bc1qbwiqNnCGYojXKckvoYW14Xccy,12,8,4,23.48553862,21.03231708,2.93569233,5.25807927,7.67468127,4.70382591,12,12,6,7,2.5433526,61.04046243,1415.45454545,13.0,1.11664057,0.89554331,12,8,4
bc1qbyakPyvAZQoicxgZSZi7brrHr,9,2,7,15.57555521,23.61544157,7.78777761,3.37363451,7.85452448,6.90599316,9,9,3,3,1.85698627,44.56767038,1938.625,460.0,0.65954961,1.51618618,9,2,7
bc1qcYYftnfFSKjsCYEWePWAFaoh7,4,4,0,16.59568724,0.0,4.14892181,0.0,7.87231182,4.71037151,1,4,1,1,2.18667747,52.48025916,1646.33333333,1029.0,16595687240.0,0.0,4,4,0
bc1qccFNoRP7rWetwtjjiSCKh3yfT,5,3,2,2.78426921,2.11316497,0.92808974,1.05658249,1.49001867,0.10961292,5,5,3,3,0.17043639,4.09047332,21122.25,6166.0,1.31758251,0.75896575,5,3,2
bc1qccf9q3xF4AaVMtVJ3PZgqCGkv,4,4,0,18.54094513,0.0,4.63523628,0.0,5.88459465,2.3242881,1,4,1,1,1.15606936,27.74566474,3114.0,962.0,18540945130.0,0.0,4,4,0
bc1qco3yYVPXxhKUsPaNkpVcQSuLQ,11,3,8,31.64188045,201.5905477,10.54729348,25.19881846,36.21714143,97.65158403,10,11,3,3,5.30425814,127.30219537,678.7,353.0,0.15696113,6.37100402,11,3,8
bc1qcvqhYsB1Ay1HwcY6y2vFRskNF,42,17,25,334.07260703,559.44932072,4.22876718,4.7012548,9.94101524,3.5972584,213,41,9,12,9.62818004,231.07632094,373.90243902,0.0,0.59714543,1.67463392,42,17,25
bc1qdDRiDjhBrvWciUa2Xyp3JCiyF,15,8,7,35.25906688,26.92677519,4.40738336,3.84668217,7.80991006,4.04569564,15,15,5,6,3.50340609,84.08174614,1027.57142857,27.0,1.30944261,0.76368372,15,8,7
bc1qdUBf5JPeYVGTR2dbqpMe8fc6V,3,3,0,18.29321406,0.0,6.09773802,0.0,9.58490699,14.42705184,1,3,1,1,1.79238237,43.017177,2008.5,561.0,18293214060.0,0.0,3,3,0
bc1qdUZYnwAvv9MadDYp3sibMka1S,12,6,6,4.76315962,5.65625841,0.79385994,0.94270973,1.33308745,0.22984986,12,12,5,5,0.56949738,13.66793701,6321.36363636,62.0,0.84210432,1.18750134,12,6,6
bc1qdVBzJQgX7jwqiQQkVgDBryYW1,4,1,3,2.87214585,8.76832006,2.87214585,2.92277335,7.21469624,6.91085024,4,4,2,2,2.268431,54.44234405,1587.0,316.0,0.32755942,3.0528812,4,1,3
bc1qdgUN2ctwsASeqPbkAUjJ6scRd,7,5,2,2.90909759,1.12663508,0.58181952,0.56331754,1.0935384,0.12670647,7,6,4,5,0.35098552,8.42365252,10256.83333333,1025.0,2.58211167,0.38727992,7,5,2
bc1qdqFPxLkVpkwpMy9u85zBVpMeU,7,4,3,22.70986888,12.06316012,5.67746722,4.02105337,7.06166635,5.53903766,7,6,4,5,1.90863303,45.80719272,1886.16666667,52.0,1.88258041,0.53118581,7,4,3
bc1qeLvfP6RkoNge5pnmeJMvuSjKL,10,5,5,15.35313472,17.35448847,3.07062694,3.47089769,6.47993249,2.75054757,10,10,5,5,3.02154248,72.51701949,1191.44444444,422.0,0.88467803,1.13035473,10,5,5
bc1qegZDequfyv37Qy1rjrkQgPLYU,34,19,15,404.54729867,319.32178156,4.39725325,4.83820881,8.91158943,2.80110678,202,33,9,10,7.01340103,168.32162465,513.3030303,2.0,1.26689541,0.78933114,34,19,15
bc1qehdQ7iHPKfcETWz6HRXHd3URa,15,13,2,236.2640049,33.95515271,5.62533345,16.97757636,23.28579649,13.05046706,48,15,6,7,2.34965035,56.39160839,1532.14285714,547.0,6.95811934,0.14371699,15,13,2
bc1qeqNcRgVfDNxaLEHzBD7HdJrNB,9,4,5,84.83588023,114.65025854,21.20897006,22.93005171,37.76764685,125.42123722,9,9,4,4,2.57211753,61.73082076,1399.625,77.0,0.73995368,1.35143595,9,4,5
bc1qf2oAPMRk8sZiKqKHB6buAfjdb,4,0,4,0.0,4.75212371,0.0,1.18803093,1.48343547,0.05085066,4,4,1,1,0.12317237,2.95613695,29227.33333333,899.0,0.0,4752123710.0,4,0,4
bc1qfBTuAMsUR2fG5J8b8kcT5Nh6Q,7,4,3,4.35502731,2.35104677,1.08875683,0.78368226,1.34218161,0.08233583,7,7,4,4,0.24706892,5.92965399,14570.83333333,5157.0,1.852378,0.53984662,7,4,3
bc1qfDAQqBbra1fMY28QyvtLG4Gyd,7,2,5,2.0507812,3.29925393,1.0253906,0.65985079,1.41338408,0.18514477,7,7,3,3,0.41616893,9.98805441,8650.33333333,577.0,0.62158938,1.6087791,7,2,5
bc1qfExEoGNoT9D4DfWLHw2ZZz4qr,13,10,3,154.67744074,58.0264337,4.18047137,19.34214457,23.56328757,19.22075521,42,13,6,8,2.13175426,51.16210215,1688.75,123.0,2.66563755,0.37514477,13,10,3
bc1qfK7vDKFQCL1nb9J34cKm9hxqY,10,4,6,3.14994863,6.64940864,0.78748716,1.10823477,1.48463164,0.1509913,10,10,4,5,0.310851,7.46042406,11581.11111111,2334.0,0.47371861,2.1109578,10,4,6
bc1qfPF41mkUBwC8CAKCqtVUyXmjX,11,4,7,3.25893152,5.40495984,0.81473288,0.77213712,1.36757818,0.11479744,11,11,5,3,0.4631774,11.11625753,7772.4,66.0,0.60295203,1.65850672,11,4,7
bc1qfQGiJEeR6y79hpf83eyiuDDnV,4,1,3,1.16477989,2.05599679,1.16477989,0.68533226,1.16477989,0.12247114,4,4,2,2,0.22944551,5.50669216,15690.0,285.0,0.56652807,1.76513761,4,1,3
bc1qfSTUZUtybQubvpJE56RB54njm,9,4,5,108.53773925,110.67845106,27.13443481,22.13569021,39.65704601,82.10346624,9,9,4,4,3.67581366,88.21952776,979.375,22.0,0.98065828,1.0197232,9,4,5
bc1qfqsq98xtQ53ifcv642iewHKF1,41,22,19,482.78624864,451.89606739,4.55458725,4.91191378,7.95325651,3.03127432,216,41,9,11,9.28134064,222.75217531,387.875,6.0,1.06835683,0.93601686,41,22,19
bc1qfsMxR1KTRr6ozczGdaBkRB9JL,10,4,6,2.90045173,4.01806461,0.72511293,0.66967743,1.3242076,0.20561719,10,10,5,4,0.42846375,10.2831299,8402.11111111,2406.0,0.72185293,1.38532373,10,4,6
bc1qfsW29HJ1LsD62g1WX7jcCGkNm,7,1,6,4.14617748,20.94090638,4.14617748,3.49015106,5.73666038,2.18813382,7,7,2,2,1.39832977,33.55991455,2574.5,805.0,0.19799417,5.05065364,7,1,6
bc1qft8sds3PbUjQ5ZiN1wTuY7UQh,5,3,2,2.95087928,0.68402107,0.98362643,0.34201054,1.02762279,0.10045715,5,5,3,4,0.22283778,5.34810665,16155.25,6223.0,4.3140181,0.23180246,5,3,2
bc1qg5mxodgihisvuZwtuzJSVT5W2,5,4,1,99.40806014,6.62682696,24.85201504,6.62682696,34.55135515,108.72398229,5,5,2,3,4.55840456,109.4017094,789.75,200.0,15.00085346,0.06666287,5,4,1
bc1qgCnZzf8zLkEuNENyuhHuCNhnu,40,18,22,353.69835037,505.39142686,4.16115706,4.81325168,9.74569274,3.47505797,216,38,9,12,8.41474378,201.95385076,427.82051282,27.0,0.69985032,1.42887697,40,18,22
bc1qgN9fb2o2tR6rnNPrrc5i4aEQb,9,6,3,2.77571624,2.50655276,0.46261937,0.83551759,1.31318442,0.16313224,9,9,6,6,0.36123724,8.6696937,9965.75,1723.0,1.10738393,0.90302918,9,6,3
bc1qgeksu1kcyZqqaRq2a56yz1W7K,38,22,16,515.46974593,380.53859065,4.72908024,4.53022132,10.61850108,3.19293694,217,38,9,12,7.79859485,187.16627635,461.62162162,17.0,1.35457943,0.73823652,38,22,16
bc1qgiyNZCzKtVXDEnyvd5v9fxfx3,10,6,4,18.38621022,19.79040985,3.06436837,4.94760246,6.14819303,2.67592962,10,10,5,7,2.57961783,61.91082803,1395.55555556,28.0,0.92904646,1.07637243,10,6,4
bc1qgoWeQVBcyQuryYNhndPqa9ap8,21,15,6,230.12184109,70.53070229,3.90037019,11.75511705,24.52084973,12.71135356,79,20,8,9,3.4545629,82.90950964,1042.1,50.0,3.2627187,0.30649286,21,15,6
bc1qgqpHjiB4K6SK8ProEVK3sskwQ,3,2,1,11.97015727,4.18645968,5.98507863,4.18645968,7.28516699,1.84571541,3,3,3,3,0.61930157,14.86323757,5813.0,1823.0,2.85925536,0.34974141,3,2,1
bc1qgwSKJLWrvYxCMtyt1bKkCGpAz,22,15,7,183.0159647,94.41355396,3.32756299,13.48765057,23.7197493,21.66319576,67,22,7,8,3.1404478,75.37074731,1146.33333333,0.0,1.93845012,0.51587606,22,15,7
bc1qgwdKSJ5ZDtftZwL8TWGKvWahN,27,22,5,372.50327107,48.27570449,4.28164679,9.6551409,17.56225213,5.74800353,92,27,7,11,4.76602678,114.3846428,755.34615385,7.0,7.71616437,0.12959807,27,22,5
bc1qh7E2KdgPw4LGZdkqSKi7SJP3a,2,2,0,11.55425681,0.0,5.77712841,0.0,9.79946379,16.17918195,1,2,1,1,2.15053763,51.61290323,1674.0,1674.0,11554256810.0,0.0,2,2,0
bc1qh7WRpNGfX3MLcrnwVEgT71k9e,12,6,6,5.3185894,3.71057403,0.88643157,0.618429,1.47975689,0.19574417,12,12,5,5,0.37863214,9.08717145,9507.90909091,238.0,1.43336027,0.69766131,12,6,6
bc1qhAfzsTpfKoQH6jkvdty8vFouW,3,3,0,18.57915773,0.0,6.19305258,0.0,11.67971747,17.96257989,1,3,1,1,1.71755725,41.22137405,2096.0,165.0,18579157729.999996,0.0,3,3,0
bc1qhBjtsEj7QdThGXb6sF8yivg5Q,32,18,14,373.23405405,311.869262,4.44326255,4.87295722,9.39899672,3.01481693,184,32,8,11,8.30171837,199.24124079,433.64516129,1.0,1.19676448,0.8355863,32,18,14
bc1qhRBSucEZHcZVTEa2xA2kXS6AG,20,13,7,172.32328858,116.42909963,3.66645295,16.63272852,24.33191253,28.60603128,65,20,5,9,3.3717835,80.9228039,1067.68421053,2.0,1.48007061,0.67564344,20,13,7
bc1qhcoTbo8wyat4fXjaaVMJDvdKG,7,5,2,5.2956151,1.8349207,1.05912302,0.91746035,1.42841446,0.18309809,7,7,5,5,0.27674922,6.64198132,13008.16666667,5081.0,2.88601851,0.34649812,7,5,2
bc1qhmDjXZPgQhJ6XUs4sugj2fDY7,10,4,6,21.87643829,26.72760667,5.46910957,4.45460111,7.85643584,5.60048492,10,10,4,5,2.29072398,54.97737557,1571.55555556,33.0,0.81849597,1.22175312,10,4,6
bc1qhy3bpYfkg7pgTAhGoLun6jfdk,18,13,5,167.40437582,75.47619931,3.48759116,15.09523986,20.90411675,20.50999334,60,18,8,9,2.85248194,68.45956653,1262.05882353,104.0,2.2179757,0.45086157,18,13,5
bc1qi3EFzDVxGSELUyRdBvQHc69q6,3,1,2,0.31838402,2.27069655,0.31838402,1.13534827,1.38286139,0.18915974,3,3,2,2,0.16690621,4.00574899,21569.0,13728.0,0.14021425,7.13194258,3,1,2
bc1qi4W2EFiga96KVckvArGDVioyA,17,13,4,148.25740109,72.70776055,2.74550743,18.17694014,23.9921443,20.83293726,67,17,8,11,3.55709257,85.3702217,1012.0625,225.0,2.03908634,0.49041572,17,13,4
bc1qi7AWy7p8G2zWCJ2XjaVPH8c6P,7,7,0,5.72978288,0.0,0.81854041,0.0,1.33616472,0.12038561,7,7,6,4,0.42405324,10.17727781,8489.5,1980.0,5729782880.0,0.0,7,7,0
bc1qiPMbrDbYwERc3xWCfSUo5wxa4,13,6,7,147.931267,193.89855013,24.65521117,27.69979288,39.29202465,90.89738733,13,13,6,6,5.47875713,131.49017121,657.08333333,156.0,0.76293127,1.31073406,13,6,7
bc1qiQW5TLSquja97rn1v1DkpX1vq,6,3,3,14.85366145,8.53828471,4.95122048,2.8460949,7.33144329,3.87704619,6,6,4,4,1.39092806,33.38227339,2588.2,1824.0,1.73965404,0.57482694,6,3,3
bc1qiXjxaVEzZqya4875tE3iPCkeA,33,16,17,342.98761106,386.38718109,4.51299488,4.71203879,10.86060037,4.5348424,197,32,9,12,6.97970312,167.51287489,515.78125,0.0,0.88767855,1.12653393,33,16,17
bc1qiaYDvEduXZPPgzcw9t5VUhRx5,10,4,6,2.92480166,2.67165659,0.73120041,0.4452761,1.08557253,0.13354796,9,10,4,4,0.38755517,9.30132415,9289.0,403.0,1.0947521,0.91344881,10,4,6
bc1qieyKTmtsrXm9EAhJaVTGCgm3f,5,2,3,0.90328655,1.0067886,0.45164328,0.3355962,0.78876925,0.09386662,5,5,3,3,0.20348468,4.8836322,17691.75,402.0,0.89719585,1.11458385,5,2,3
bc1qihQqkk8XTdjRb2zihRKQwnPLL,10,7,3,20.54540893,3.73041943,2.93505842,1.24347314,6.74796714,3.35933428,10,10,5,6,2.41376741,57.93041794,1491.44444444,245.0,5.50753322,0.18156949,10,7,3
bc1qj6TWQw256QDw9hVp2rEvLr7vz,44,24,20,553.2790659,401.31762617,4.42623253,4.56042757,8.87496329,3.39883935,228,44,9,11,9.375,225.0,384.0,1.0,1.37865628,0.72534396,44,24,20
bc1qj6a87tfgJCc8YuyncGK9ri1TH,48,23,25,505.97642625,622.5092157,4.86515794,5.02023561,9.64440367,3.83311646,246,45,9,12,10.04989309,241.19743407,358.21276596,0.0,0.8128015,1.23031269,48,23,25
bc1qj7z1U5YEhtkwxnMTxG7TDv7Bf,18,15,3,190.68575924,34.47990362,3.02675808,11.49330121,16.11210747,8.14966644,70,17,8,10,2.88706482,69.28955562,1246.94117647,11.0,5.5303449,0.18082055,18,15,3
bc1qjMGif8AbWZZjHxbpRtgdeUeaZ,10,5,5,4.50353192,4.92535044,0.90070638,0.98507009,1.35639915,0.15907583,10,10,5,5,0.43132139,10.3517133,8346.44444444,1494.0,0.91435766,1.09366393,10,5,5
bc1qjZHBokNWfe5FRR972DaxZkTuA,8,4,4,3.50188002,3.56153871,0.87547,0.89038468,1.45570107,0.15656356,8,8,5,4,0.33619275,8.06862601,10708.14285714,60.0,0.98324918,1.01703619,8,4,4
bc1qjmiDp9o9JxfRXEW6eTXMNrVe8,41,24,17,542.13648971,413.12152106,4.63364521,4.86025319,9.34148098,3.17489384,229,39,9,12,8.38379134,201.21099208,429.4,9.0,1.31229302,0.76202493,41,24,17
bc1qk9nRapG7MaeDurQW7AnUvT664,10,4,6,3.76160349,5.03796157,0.94040087,0.83966026,1.36215499,0.12785825,10,10,4,5,0.46513631,11.16327146,7739.66666667,1975.0,0.74665188,1.33931223,10,4,6
bc1qkLwu29LzWjx1Bacti6K689vbW,12,7,5,120.23728082,67.7094032,4.6245108,13.54188064,19.51013119,19.02279799,41,12,6,4,2.1812173,52.34921509,1650.45454545,434.0,1.77578409,0.56313152,12,7,5
bc1qkM691dm35c6YjLqdWGr586Kzf,33,14,19,260.36296012,436.53915136,3.66708395,4.96067217,7.99810952,3.59709717,182,32,9,10,6.57309141,157.75419377,547.6875,27.0,0.59642522,1.67665612,33,14,19
bc1qkP5Ugm8GdwQmpyA6M4p8vTzLu,14,11,3,130.8852943,26.7443097,3.04384405,8.9147699,12.88332447,6.19546102,50,14,6,8,2.35400634,56.49615211,1529.30769231,5.0,4.89394925,0.20433395,14,11,3
bc1qkSFYtYUUQfgyPgf3BjFJKrt9F,8,4,4,92.99538643,103.3662154,23.24884661,25.84155385,36.58957807,42.23543302,8,8,4,4,2.57116621,61.70798898,1400.14285714,10.0,0.89966907,1.11151982,8,4,4
bc1qka6ijUZQ2QLCENrYDF9A5Kws7,6,2,4,1.66513701,1.27893543,0.83256851,0.31973386,1.01070686,0.09475353,6,6,3,3,0.23718227,5.69237459,15178.2,1317.0,1.30197113,0.76806618,6,2,4
bc1qkkqwW6yaKAbsQeRhdGANd7K2r,10,2,8,1.4163358,4.4047608,0.7081679,0.5505951,1.42130522,0.20859961,10,10,3,2,0.52561565,12.61477564,6849.11111111,125.0,0.32154659,3.10996926,10,2,8
bc1qknPWPUWTTW2c2rT6q9gLsGeZQ,10,7,3,6.0628783,2.33791033,0.86612547,0.77930344,1.29976969,0.07248685,10,10,6,7,0.44209751,10.61034017,8143.0,103.0,2.5932895,0.38561063,10,7,3
bc1qkp2cX4RrRm9UmUc98V8zgzQPD,5,2,3,2.28874834,2.23879836,1.14437417,0.74626612,1.21963016,0.15165527,5,5,2,3,0.26696824,6.40723781,13484.75,7730.0,1.02231107,0.97817585,5,2,3
bc1qkrVzFRrii3gw4ZNVNFrpWfLVS,26,14,12,328.66246782,305.19773616,4.69517811,5.26202993,9.13098938,3.87509438,170,26,9,11,5.77886221,138.69269295,622.96,0.0,1.0768837,0.92860538,26,14,12
bc1qksCBC6gxRgkGYeAFWhHWHj1zt,7,7,0,5.67799651,0.0,0.81114236,0.0,1.29731107,0.17292327,7,7,5,6,0.38515032,9.24360757,9347.0,2725.0,5677996509.999999,0.0,7,7,0
bc1qkymTdZpvxmzvQbMVJg5q64Sit,11,5,6,23.09891562,29.86038466,4.61978312,4.97673078,7.83725534,6.67404203,11,10,4,4,2.68837279,64.5209469,1339.1,382.0,0.7735639,1.29271803,11,5,6
bc1qm1ysZWZnoaHLwFKnJc8BF3bGK,9,6,3,3.59479963,1.90480946,0.59913327,0.63493649,1.24310939,0.10915056,9,9,6,7,0.3930882,9.43411678,9158.25,1555.0,1.88722269,0.52987917,9,6,3
bc1qm2wyqdRX1PLqRwzvTbppbtfzF,11,6,5,3.59069175,1.76630864,0.59844862,0.35326173,1.09415003,0.13026605,11,11,6,5,0.35068237,8.41637687,10265.7,3052.0,2.032879,0.49191319,11,6,5
bc1qmBKqqeCB1usCZjzc5PsiC4Zex,4,4,0,32.56385818,0.0,8.14096454,0.0,11.6994052,14.85179024,1,4,1,1,1.3803681,33.12883436,2608.0,91.0,32563858179.999996,0.0,4,4,0
bc1qmDgjrnw15coiWRrmxfBvV4JwG,30,15,15,278.07202861,338.78255995,3.61132505,4.5781427,8.4561007,3.31488311,186,29,9,11,6.26011873,150.24284943,575.06896552,45.0,0.82079794,1.21832664,30,15,15
bc1qmRVmsWKuDR4vHbg1xeaNfAV7H,32,14,18,322.97069743,440.01423258,4.36446888,4.88904703,7.81192768,2.96493038,203,32,9,11,7.11417097,170.74010327,506.03225806,4.0,0.73400057,1.36239676,32,14,18
bc1qmS3mrV9jmF5h88BzsY5CbMBpH,8,2,6,2.10480586,4.79118463,1.05240293,0.79853077,1.43432936,0.19290718,8,8,2,2,0.26944667,6.46672013,13360.71428571,1110.0,0.43930803,2.27630715,8,2,6
bc1qmkTEpY6GVeebX1a2xtmwNGZCb,33,13,20,237.82275947,465.24150692,3.65881168,4.47347603,7.76589774,3.51367323,205,31,8,12,7.20901126,173.01627034,499.375,6.0,0.5111813,1.95625309,33,13,20
bc1qmobr6uoVHKC3MH4hQz6zQmjMT,4,4,0,23.76601125,0.0,5.94150281,0.0,6.18019506,0.07963621,1,4,1,1,2.26747848,54.41948352,1587.66666667,199.0,23766011249.999996,0.0,4,4,0
bc1qn23GaLNYSpB2PkPPhLGZJt4hH,3,1,2,0.0940963,1.03895595,0.0940963,0.51947798,0.77005441,0.08207005,3,3,1,2,0.34655372,8.31728918,10388.0,6773.0,0.09056813,11.0414113,3,1,2
bc1qnmHZKi9LyfNwpgZch5i6KPVhb,6,4,2,4.37346356,0.13006092,1.09336589,0.06503046,1.35487189,0.28601683,6,6,4,5,0.24496795,5.8792308,14695.8,1444.0,33.6262696,0.02973865,6,4,2
bc1qnpu94aCbyFt9G4Zwfby5Gbc6N,11,5,6,1.07772835,5.29793998,0.21554567,0.88299,1.31350181,0.18521143,11,11,6,5,0.49655857,11.91740576,7249.9,993.0,0.20342404,4.91583986,11,5,6
bc1qnqY5bThiBKLWxxPTDx5tt79h5,11,4,7,16.36219114,21.4014993,4.09054779,3.05735704,5.85467386,2.84851984,11,10,4,5,2.4253857,58.20925689,1484.3,38.0,0.76453481,1.30798492,11,4,7
bc1qnxpX8keVKNE5xKQeQP1c44Ahg,43,24,19,505.63489025,436.77778442,4.32166573,4.64657217,9.59772925,3.1164777,231,42,9,12,8.60949778,206.6279467,418.14285714,18.0,1.15764791,0.8638205,43,24,19
bc1qo3GZQubcSkJhmp2jVbb1ASMBf,17,14,3,216.38082899,43.4596444,4.00705239,14.48654813,21.60874977,12.92438379,61,17,7,8,2.58701999,62.08847968,1391.5625,4.0,4.97889092,0.20084794,17,14,3
bc1qo7zHiFWKHW47uCx3wKQtkMUp8,5,1,4,1.41012412,3.93127728,1.41012412,0.98281932,1.46680461,0.13066509,5,5,2,2,0.25864856,6.20756547,13918.5,10093.0,0.35869363,2.7878945,5,1,4
bc1qoA39DTcnHzyqwwcPzQVhn8U5X,7,3,4,2.73142804,3.51126645,0.91047601,0.87781661,1.31039018,0.13244905,7,7,3,4,0.24520655,5.88495726,14681.5,6139.0,0.77790395,1.28550575,7,3,4
bc1qoADsptcuPwaRwNjGvgAxXjtRc,18,15,3,180.28346014,34.95453018,3.2193475,11.65151006,21.15156619,10.54448143,65,17,8,10,2.60359057,62.48617374,1382.70588235,11.0,5.15765651,0.19388651,18,15,3
bc1qoCHRWLWKRcfX5N9nXDAD11xZo,6,3,3,2.82676083,1.58663708,0.94225361,0.52887903,1.48912252,0.20422553,6,6,3,4,0.22016733,5.28401585,16351.2,5669.0,1.78160517,0.56129159,6,3,3
bc1qoGBWRJhmcFkMvrr4Fu3tMSJ5E,10,4,6,2.04373392,2.20115312,0.51093348,0.36685885,1.24318482,0.15490661,10,10,5,5,0.46566443,11.17594642,7730.88888889,300.0,0.9284833,1.07702529,10,4,6
bc1qoTKADNFRdvGYcikNHquYoipYW,7,4,3,2.86100768,1.67291684,0.71525192,0.55763895,1.25455528,0.16233056,7,7,3,4,0.42842692,10.28224607,8402.83333333,722.0,1.71019121,0.58472994,7,4,3
bc1qopAGYGhDVdr5sC796648aWZ3G,25,20,5,235.36316459,88.70837496,2.94203956,17.74167499,23.63279203,16.10683684,88,25,8,9,4.55000263,109.20006319,791.20833333,70.0,2.65322372,0.37689999,25,20,5
bc1qot72T7mpRiRmg624zqyvwmoah,31,26,5,341.41427042,68.29846061,3.31470165,13.65969212,24.76513953,9.5353171,108,30,8,10,6.04770971,145.14503304,595.26666667,1.0,4.99885748,0.20004571,31,26,5
bc1qp7jDAnHpN9wmVmNTVv7ehN4ut,4,4,0,27.0215337,0.0,6.75538342,0.0,11.43464214,8.41348007,1,4,1,1,1.68250506,40.38012151,2139.66666667,43.0,27021533699.999996,0.0,4,4,0
bc1qpPzo2aMNeCNshUBdXsCRRdqwA,6,2,4,8.82850072,9.09245751,4.41425036,2.27311438,6.3976132,3.41776317,6,6,3,3,1.12591481,27.02195534,3197.4,100.0,0.9709697,1.02989826,6,2,4
bc1qpx9fJCWn4v95P4i7EyHvwFhGd,6,2,4,8.66306505,11.53311079,4.33153253,2.8832777,7.06243872,4.9010405,6,6,2,3,1.44242327,34.61815851,2495.8,111.0,0.7511473,1.3312968,6,2,4
bc1qqBQ3pqBYHfSuAsGcFZKK4qkvF,8,8,0,44.71423081,0.0,5.58927885,0.0,10.98144097,6.1029207,1,8,1,1,3.33289247,79.98941939,1080.14285714,142.0,44714230810.0,0.0,8,8,0
bc1qqJCdzp1vTfUdh4mLPzAaftbU1,19,17,2,243.78897598,20.2791294,3.75059963,10.1395647,11.81359521,5.34818305,67,18,8,8,3.52116503,84.50796066,1022.38888889,63.0,12.02166874,0.08318313,19,17,2
bc1qqJcPvGA2ceMqFBtuREbg2B6dp,8,2,6,0.99949545,3.83759754,0.49974773,0.63959959,0.99434219,0.10896446,8,8,3,2,0.29969317,7.19263611,12012.28571429,4175.0,0.26044822,3.83953478,8,2,6
bc1qqbh3bbo1xSWvcA7J6VJTaw7sF,11,5,6,3.26438952,1.98252303,0.6528779,0.33042051,1.15583478,0.15241462,11,11,5,5,0.40869151,9.80859614,8808.6,696.0,1.6465834,0.60731816,11,5,6
bc1qqd8aqDraTyJaqbDR9TeT6TmDR,9,5,4,148.89495717,96.11520673,29.77899143,24.02880168,39.81743918,108.14034904,9,9,4,5,3.5151959,84.36470157,1024.125,220.0,1.54913007,0.64552359,9,5,4
bc1qqdKuu54y62ChYU3Xtb8kxfM8S,7,6,1,33.19598348,7.98844082,5.53266391,7.98844082,7.98844082,2.40581438,7,7,5,5,1.5735412,37.76498871,2287.83333333,371.0,4.15550221,0.2406448,7,6,1
bc1qqhMZbbSFwSYqWKuVBxCSK1bvN,12,4,8,3.07691888,4.49235461,0.76922972,0.56154433,0.92946818,0.0537782,12,12,3,5,0.54859043,13.16617026,6562.27272727,152.0,0.68492342,1.46001724,12,4,8
bc1qqt4zST5MmyLPgxZNZSRFPUMnv,7,4,3,14.65714175,14.32713531,3.66428544,4.77571177,7.87587651,5.39317785,7,7,5,4,1.77354463,42.56507102,2029.83333333,1017.0,1.02303367,0.97748494,7,4,3
bc1qr4MrymqVw2DqwdgRxrE4USxW2,7,1,6,6.9126473,33.82928712,6.9126473,5.63821452,7.06906319,1.01451024,7,7,1,2,1.46828904,35.23893685,2451.83333333,704.0,0.20433914,4.89382514,7,1,6
bc1qrFxVsUsqSpdrskfVRb8pkzRr1,14,9,5,45.29633945,19.37629188,5.03292661,3.87525838,7.2081964,2.55401108,13,14,6,8,3.00404391,72.09705373,1198.38461538,63.0,2.33771971,0.42776728,14,9,5
bc1qrGkfTnWCVPtWZKJUanyuFLhw6,9,4,5,2.98321067,4.51030025,0.74580267,0.90206005,1.19408291,0.04002151,9,9,4,5,0.33690121,8.08562906,10685.625,1434.0,0.66142175,1.51189465,9,4,5
bc1qrUiu5pkA2WnN3654CsHc5duFH,11,6,5,4.70745856,4.36666976,0.78457643,0.87333395,1.28892164,0.08470667,11,11,4,7,0.35662632,8.55903156,10094.6,1503.0,1.07804318,0.92760663,11,6,5
bc1qrcA6nJAoDUe6KF3XPGtkhRUSz,6,4,2,3.14539678,1.47166932,0.7863492,0.73583466,1.44774627,0.18239477,6,6,4,5,0.27236412,6.53673889,13217.6,3855.0,2.1372986,0.46788034,6,4,2
bc1qrf5iNRnppoRiiscwUtFFH8K68,8,2,6,1.0108567,5.17387163,0.50542835,0.86231194,1.35544223,0.11970124,8,8,3,2,0.29162616,6.99902791,12344.57142857,5345.0,0.19537723,5.11830374,8,2,6
bc1qrxmx86XxgVAuqTegfgJdma7iB,14,12,2,170.29186229,21.26500915,3.54774713,10.63250458,12.53428013,5.06859555,57,13,6,8,2.00085507,48.02052159,1799.23076923,349.0,8.00807849,0.1248739,14,12,2
bc1qrzgaoWP8WQVsg2DBD1ucab4sU,10,6,4,23.08273171,8.90976137,3.84712195,2.22744034,5.29451199,2.36941756,10,10,5,4,2.17099973,52.10399357,1658.22222222,439.0,2.5907239,0.3859925,10,6,4
bc1qsFWgjBUK2MEnAhuVDifUaaQgE,10,2,8,11.31185593,26.056724,5.65592797,3.2570905,7.66954669,3.79075354,9,10,3,2,2.37501833,57.00043982,1515.77777778,266.0,0.43412426,2.30348797,10,2,8
bc1qsLAWEpJHenYdupfAzxQ8twifX,5,5,0,45.61493248,0.0,9.1229865,0.0,11.46947175,4.7964018,1,5,1,1,1.35861874,32.6068497,2649.75,1123.0,45614932480.0,0.0,5,5,0
bc1qsqRX74STMpU2BKeBDQyVVVK6j,4,4,0,21.90878025,0.0,5.47719506,0.0,5.80032127,0.13502554,1,4,1,1,4.01935244,96.4644585,895.66666667,146.0,21908780250.0,0.0,4,4,0
bc1qswwcWj3ZjZL1YNnMqDmct1QDp,3,3,0,19.94864495,0.0,6.64954832,0.0,9.47066932,11.27092929,1,3,1,1,1.33729569,32.09509658,2692.0,253.0,19948644950.0,0.0,3,3,0
bc1qt6fKfdre8DShsoQ3yPN8d7jup,8,5,3,25.03559221,11.44727556,5.00711844,3.81575852,6.8378472,2.35262027,8,8,5,4,2.25826687,54.19840487,1594.14285714,331.0,2.18703499,0.45724006,8,5,3
bc1qtGnBLc1cT6Fv8W8ivAYnKZnJT,6,5,1,4.09713162,0.25557856,0.81942632,0.25557856,1.47143766,0.16818284,6,6,4,4,0.34221183,8.2130839,10519.8,1887.0,16.03081111,0.06237988,6,5,1
bc1qtLUjbMDTSHgZWjqcCy2hnaxCd,2,1,1,1.17322559,0.11124325,1.17322559,0.11124325,1.17322559,0.28195162,2,2,2,1,2.26986129,54.47667087,1586.0,1586.0,10.5464879,0.09481829,2,1,1
bc1qtVPBQT2KzcefAxKSU9MVU46Da,6,6,0,42.88582115,0.0,7.14763686,0.0,11.31937979,13.80539573,1,6,1,1,2.12189084,50.92538017,1696.6,1130.0,42885821149.99999,0.0,6,6,0
bc1qtYwS8Qx23756Fg7NLa1LKCpDT,8,5,3,16.77115735,16.09334276,3.35423147,5.36444759,5.98477997,2.45599583,8,8,5,4,2.06947524,49.66740576,1739.57142857,175.0,1.0421177,0.95958451,8,5,3
bc1qtZVY3KziDMZ67Brbb1h5EjhrE,9,6,3,3.79743442,2.81432393,0.63290574,0.93810798,1.46531001,0.226917,9,9,5,6,0.27340042,6.56161002,13167.5,4251.0,1.34932386,0.74111192,9,6,3
bc1qtbrXWUuoeJMwGv6JyVGqWdgjR,9,4,5,2.60418063,3.92328977,0.65104516,0.78465795,1.46773095,0.21611564,9,9,3,4,0.39987782,9.59706756,9002.75,2303.0,0.66377474,1.50653519,9,4,5
bc1qtcKmsEgDqrGDyBKwGSBeU91tb,19,16,3,163.32899472,47.95306531,2.51275376,15.9843551,22.53348192,13.45913589,78,19,8,10,3.02083819,72.50011654,1191.72222222,64.0,3.40601781,0.29359799,19,16,3
bc1qtePGUqWhjXhzxuGJjdchhQCgX,13,11,2,150.70483012,33.25959161,3.42510978,16.62979581,22.35433518,14.92625123,52,13,5,8,2.79232112,67.01570681,1289.25,38.0,4.53116899,0.2206936,13,11,2
bc1qtkF4ZuQKK6aiLGTitxU4jCk2h,3,3,0,16.13580754,0.0,5.37860251,0.0,7.33401869,6.94615531,3,3,3,3,1.88976378,45.35433071,1905.0,1205.0,16135807540.0,0.0,3,3,0
bc1qtpFm6GQ1Ew2QcX984PQwwxru9,8,5,3,3.49877986,2.37372932,0.69975597,0.79124311,1.36633081,0.16292314,8,8,5,3,0.38384208,9.21220983,9378.85714286,453.0,1.47395907,0.67844489,8,5,3
bc1qttk4qEhr4HtFZ7tWVgfypZedA,8,3,5,5.87720805,19.42254918,1.95906935,3.88450984,5.96783582,4.31419194,8,8,3,4,1.90706826,45.76963826,1887.71428571,272.0,0.30259715,3.30472378,8,3,5
bc1qty5DzyW66SzCK57BJ8mAYAxEa,7,4,3,3.54744441,2.34088786,0.8868611,0.78029595,1.39342729,0.11249424,6,7,4,3,0.36843093,8.84234227,9771.16666667,621.0,1.51542689,0.65988007,7,4,3
bc1qu3iwQSb9y16XjQGh1VgTT7aUd,16,12,4,136.06478342,76.39946736,3.09238144,19.09986684,24.52819788,25.15035466,53,16,9,7,2.86639418,68.79346037,1255.93333333,4.0,1.78096508,0.56149332,16,12,4
bc1quadW35MQ3Afohty7RZo6NhpLU,5,1,4,0.18625833,1.78938194,0.18625833,0.44734548,0.6793371,0.03216632,5,5,2,2,0.23162297,5.55895126,15542.5,3296.0,0.10409087,9.60699014,5,1,4
bc1quuE4CA4iP3Aw3jdvfLN647TCB,3,1,2,0.66869786,0.84036892,0.66869786,0.42018446,0.66869786,0.0222893,3,3,2,2,0.23727138,5.6945131,15172.5,3814.0,0.79571941,1.2567244,3,1,2
bc1qv13pjhz9iPpPDfNxjCxhQSmEW,26,12,14,279.40571385,334.8451891,4.58042154,5.07341196,9.28941524,3.49662169,165,25,8,12,5.40378265,129.69078355,666.2,37.0,0.83443252,1.19841926,26,12,14
bc1qvnTSmGjf3r3o3HPEenc2Jmxzo,2,2,0,14.83072509,0.0,7.41536254,0.0,8.28413795,0.7547707,1,2,1,1,0.69645966,16.71503192,5169.0,5169.0,14830725089.999998,0.0,2,2,0
bc1qvpMMVJF5D9rre7A7BVWMT8bPr,6,2,4,1.17860352,4.53774666,0.58930176,1.13443666,1.48613295,0.09946,6,6,3,3,0.23421337,5.62112084,15370.6,1219.0,0.25973321,3.85010445,6,2,4
bc1qw38NPXgfb1BapH8Df2b2aZqAE,5,4,1,3.44567399,0.75574409,0.8614185,0.75574409,1.44636003,0.19362803,5,5,5,4,0.23308514,5.59404338,15445.0,4826.0,4.55931318,0.21933128,5,4,1
bc1qwLgi7aiS7LRyBcaFSEnNb4jQq,8,6,2,138.84747794,69.27441443,23.14124632,34.63720722,39.90420179,117.87494533,8,8,6,7,3.25413223,78.09917355,1106.28571429,35.0,2.0043111,0.49892454,8,6,2
bc1qwXjh4J3ePFn8Hzs6seU8PU3Yz,5,2,3,0.45760166,3.53543653,0.22880083,1.17847884,1.36377111,0.23648566,5,5,2,3,0.30562866,7.33508787,11779.0,4200.0,0.12943286,7.72601334,5,2,3
bc1qwbZQiBHdke5gyS2haK7omPkcr,7,7,0,45.33299186,0.0,6.47614169,0.0,10.86588358,10.26393448,1,7,1,1,2.09322609,50.23742611,1719.83333333,944.0,45332991860.0,0.0,7,7,0
bc1qxCH4RQhbFbxVAskXhANZx5CAM,15,11,4,106.34967476,52.59171373,2.65874187,13.14792843,22.33825828,16.25331324,51,15,6,9,2.55552175,61.33252206,1408.71428571,111.0,2.0221755,0.49451692,15,11,4
bc1qxKDtr9EySCBu8Se3sRfjqRcPw,16,12,4,167.75955726,60.94354642,3.22614533,15.23588661,19.82884216,17.24520845,64,16,7,9,2.18694314,52.48663535,1646.13333333,63.0,2.75270422,0.36327913,16,12,4
bc1qxTdJFNFmBZpU5Wcj1Qcy5Ga3N,2,2,0,14.15120789,0.0,7.07560394,0.0,9.10069287,4.10098515,1,2,1,1,20.45454545,490.90909091,176.0,176.0,14151207889.999998,0.0,2,2,0
bc1qxaSXgzBPiAewZMaQRxYiBxaXC,6,3,3,3.13876563,2.89223734,1.04625521,0.96407911,1.38309125,0.07563402,6,6,4,4,0.47950132,11.50803165,7507.8,112.0,1.08523792,0.92145693,6,3,3
bc1qxmEqpqFMPzJZkUJ45QPVYZav8,5,3,2,2.33190939,1.70322431,0.77730313,0.85161215,1.16270414,0.15928126,5,4,4,4,0.23654254,5.67702088,15219.25,2488.0,1.36911467,0.73039901,5,3,2
bc1qxqqBDD9aAgsF1929NSd7EEy1F,28,25,3,361.10459833,62.46455959,3.4721596,20.82151986,22.71326476,12.74337785,104,27,7,10,4.4326888,106.38453119,812.14814815,26.0,5.78095164,0.1729819,28,25,3
bc1qy1QM9RxvdTQbkCqXr52e51HE3,12,4,8,2.32578119,5.04441005,0.5814453,0.63055126,1.49459712,0.19502257,12,12,5,4,0.54228004,13.01472099,6638.63636364,65.0,0.46106109,2.16890999,12,4,8
bc1qy6vU8sDdHLgZbwsGmt4QdXEqU,7,3,4,2.04285326,2.17565621,0.68095109,0.54391405,1.30129444,0.13517046,7,7,4,4,0.34515268,8.28366437,10430.16666667,2742.0,0.93895959,1.06500856,7,3,4
bc1qyHB34i5K6JvJ9HS1iXFvYBGnw,4,2,2,14.24338434,9.79155385,7.12169217,4.89577692,7.53325048,3.60784648,4,4,2,3,1.06624543,25.58989041,3376.33333333,1791.0,1.45466027,0.68744574,4,2,2
bc1qyKyBaZLRGXoXGLhchrM4pG1uo,5,5,0,27.54172216,0.0,5.50834443,0.0,7.91518624,5.25291285,1,5,1,1,2.98445596,71.62694301,1206.25,113.0,27541722159.999996,0.0,5,5,0
bc1qyVyTwbVZwwJsgKXWv6jBe4hEQ,19,14,5,181.8483609,71.97065383,3.49708386,14.39413077,20.7330671,14.74831627,63,18,8,11,2.72681367,65.44352803,1320.22222222,277.0,2.52670153,0.3957729,19,14,5
bc1qyaMYZG4HsNMeRktyMkrVjSiuj,4,1,3,5.18324916,15.61771301,5.18324916,5.20590434,6.69164418,1.72144567,4,4,2,2,0.88105727,21.14537445,4086.0,64.0,0.33188273,3.01311253,4,1,3
bc1qyrcoxEUVyFTNuWSTo7MUMjHQA,8,2,6,0.70749012,5.19074798,0.35374506,0.86512466,1.30656204,0.12241562,8,8,3,3,0.55720161,13.37283863,6460.85714286,656.0,0.1362983,7.33684872,8,2,6
bc1qyueM2e9ud6vuaKZeeHPJjoeJp,39,17,22,408.95937838,491.11603256,4.86856403,4.76811682,7.95694238,2.62969225,221,39,9,11,8.22609741,197.42633794,437.63157895,18.0,0.83271437,1.20089197,39,17,22
bc1qyxQdDn53jFrK6wFx7RJWhvQBQ,6,5,1,4.50096823,0.43310661,0.90019365,0.43310661,1.27031597,0.05999235,6,6,2,6,0.30053596,7.21286294,11978.6,7004.0,10.39228709,0.09622521,6,5,1
bc1qz9RoJdE898KSsDerLsrVSCMiJ,17,13,4,215.67109809,72.54699501,4.22884506,18.13674875,24.60806554,24.65090321,61,17,7,8,2.7729636,66.55112652,1298.25,7.0,2.97284675,0.33637792,17,13,4
bc1qzCrR3LCFNxkewYFnVtm87B99p,2,0,2,0.0,1.96071113,0.0,0.98035556,1.24603684,0.07058654,2,2,1,1,0.21025581,5.04613947,17122.0,17122.0,0.0,1960711129.9999998,2,0,2
bc1qzDCjP26AwpJePPBwZrogGZd57,7,6,1,5.44561202,0.89081571,0.907602,0.89081571,1.46058067,0.17683863,7,7,6,4,0.24038462,5.76923077,14976.0,3230.0,6.1130624,0.16358413,7,6,1
bc1qzKPYNdNgdQQ2zNMziGmhR9dnh,10,6,4,26.87221441,12.35309182,4.4787024,3.08827295,7.54651882,5.83964866,10,9,5,6,2.14669052,51.52057245,1677.0,277.0,2.17534321,0.45969758,10,6,4
bc1qzU8keehX7RQngUPrSSrWTK3fg,19,15,4,202.57591891,54.83186211,3.49268826,13.70796553,19.03173824,10.79373231,68,19,8,9,3.19196099,76.60706369,1127.83333333,222.0,3.69449278,0.27067315,19,15,4
bc1qzmoMf5wCR1xeA1GF6ovHpUQTk,4,4,0,27.19563704,0.0,6.79890926,0.0,8.46301368,2.97847749,1,4,1,1,1.16668467,28.00043211,3085.66666667,372.0,27195637040.0,0.0,4,4,0
bc1qzrrCNUBoXEgUsJDkrDw8U6rA1,39,18,21,360.26977084,505.25198229,3.8738685,4.85819214,7.96579913,2.84192635,218,38,9,12,8.22857143,197.48571429,437.5,0.0,0.71304969,1.4024268,39,18,21
bc1qzsKjbV9dYmMaPfbZEm7ju3G3D,3,0,3,0.0,2.4938417,0.0,0.83128057,1.14071809,0.139875,3,3,1,1,0.21610589,5.18654141,16658.5,878.0,0.0,2493841700.0,3,0,3
bc1qzx5Aqy3YNx142Sgwrzgk6PQay,9,2,7,45.18786515,175.85705665,22.59393258,25.12243666,38.35957665,77.37965914,9,9,3,3,5.07220852,121.73300458,709.75,15.0,0.25695793,3.89168765,9,2,7
