wallet_id,transaction_count,incoming_transaction_count,outgoing_transaction_count,total_received,total_sent,average_received,average_sent,maximum_transaction,amount_variance,unique_counterparties,unique_ips,unique_asns,unique_countries,transactions_per_hour,transactions_per_day,average_time_between_transactions,minimum_time_between_transactions,fan_in_ratio,fan_out_ratio,graph_degree,graph_in_degree,graph_out_degree
synthetic_wallet_000001,14,9,5,67.46924775,7.09026038,7.49658308,0.59085503,17.7074341,25.84889678,0,4,5,5,60.0,1.0,184077.46153846,6.0,9.51576446,0.10508877,14,9,5
synthetic_wallet_000002,10,6,4,32.76209217,4.33936109,5.4603487,0.61990873,16.63324571,19.75716071,0,2,4,5,60.0,1.0,295991.11111111,41568.0,7.54998063,0.13245067,10,6,4
synthetic_wallet_000003,16,9,7,43.28748655,8.31209805,4.80972073,0.75564528,16.78732347,19.03347684,0,2,4,5,60.0,1.0,177428.86666667,193.0,5.207769,0.19202081,16,9,7
synthetic_wallet_000004,18,13,5,82.42834588,5.23735498,6.34064199,0.5237355,16.92236561,21.0201446,0,2,4,4,60.0,1.0,153692.0,221.0,15.73854478,0.06353828,18,13,5
synthetic_wallet_000005,14,7,7,32.10260327,41.84623149,4.58608618,2.98901654,15.96795746,17.7531607,0,3,6,5,60.0,1.0,208186.76923077,36.0,0.76715638,1.30351521,14,7,7
synthetic_wallet_000006,12,11,1,74.59071029,10.7516383,6.78097366,2.68790957,17.15070278,24.5862703,0,2,2,1,60.0,1.0,141401.63636364,54.0,6.93761343,0.14414179,12,11,1
synthetic_wallet_000007,16,8,8,71.68684734,13.25767915,8.96085592,0.73653773,16.95096145,25.67349291,0,4,6,7,60.0,1.0,175304.46666667,2994.0,5.40719432,0.18493879,16,8,8
synthetic_wallet_000008,7,3,4,18.94364809,12.90911654,6.31454936,1.84415951,13.4363079,13.2596955,0,2,4,4,60.0,1.0,412541.16666667,105583.0,1.46746278,0.68144829,7,3,4
synthetic_wallet_000009,17,8,9,56.32491642,46.87224093,7.04061455,1.95301004,17.5442072,18.98424214,0,6,7,7,60.0,1.0,153106.125,65.0,1.20166895,0.83217595,17,8,9
synthetic_wallet_000010,10,5,5,49.77877479,5.1724397,9.95575496,0.36945998,15.36144922,23.5931428,0,2,4,4,60.0,1.0,306282.22222222,29742.0,9.62384826,0.10390854,10,5,5
synthetic_wallet_000011,24,18,6,116.3019931,43.63906872,6.46122184,2.90927125,16.5031585,20.73390555,0,5,6,6,60.0,1.0,125939.30434783,29.0,2.6650888,0.37522202,24,18,6
synthetic_wallet_000012,23,15,8,85.03439504,25.41131484,5.66895967,1.01645259,16.48830764,19.83912551,0,5,8,5,60.0,1.0,103313.81818182,121.0,3.34632016,0.29883572,23,15,8
synthetic_wallet_000013,17,10,7,33.04345772,8.40658013,3.30434577,0.44245159,15.53905336,8.00662396,0,2,5,5,60.0,1.0,186562.5625,31037.0,3.93066588,0.25440982,17,10,7
synthetic_wallet_000014,17,9,8,65.2842343,26.06602315,7.25380381,1.2412392,17.63408177,20.70149183,0,5,6,8,60.0,1.0,168925.8125,5131.0,2.5045721,0.3992698,17,9,8
synthetic_wallet_000015,19,11,8,92.90864618,37.66453341,8.44624056,2.51096889,15.74702892,27.35548206,0,4,6,7,60.0,1.0,160105.0,27.0,2.46674093,0.4053932,19,11,8
synthetic_wallet_000016,19,11,8,67.48879478,11.63404052,6.13534498,0.83100289,17.03044626,19.94077275,0,1,4,7,60.0,1.0,161713.16666667,32.0,5.80097642,0.17238477,19,11,8
synthetic_wallet_000017,15,10,5,81.51211207,5.62199874,8.15121121,0.51109079,15.62056949,27.71201076,0,3,6,5,60.0,1.0,169680.64285714,75.0,14.49877808,0.06897133,15,10,5
synthetic_wallet_000018,17,12,5,29.03138037,8.61678378,2.4192817,0.86167838,9.182092,3.22046331,0,3,4,5,60.0,1.0,178134.3125,27686.0,3.36916663,0.2968093,17,12,5
synthetic_wallet_000019,19,9,10,43.22791876,9.69521957,4.80310208,0.60595122,12.02464308,9.77394339,0,4,7,5,60.0,1.0,159915.55555556,20168.0,4.45868383,0.22428143,19,9,10
synthetic_wallet_000020,22,11,11,74.71921491,35.38336509,6.7926559,1.68492215,15.92276645,20.63102775,0,4,7,8,60.0,1.0,129325.0952381,2520.0,2.1117046,0.47355108,22,11,11
synthetic_wallet_000021,13,5,8,28.77464011,17.29527733,5.75492802,1.44127311,14.4352009,14.15673301,0,3,7,6,60.0,1.0,176615.75,26641.0,1.66372817,0.60105973,13,5,8
synthetic_wallet_000022,12,5,7,7.51208602,43.49833238,1.5024172,3.10702374,17.43157186,14.79309424,0,4,5,7,60.0,1.0,219999.36363636,16.0,0.17269825,5.79044652,12,5,7
synthetic_wallet_000023,10,8,2,63.19457469,2.62856017,7.89932184,0.43809336,16.61257711,31.07500722,0,2,3,3,60.0,1.0,147845.22222222,208.0,24.04151726,0.04159471,10,8,2
synthetic_wallet_000024,20,12,8,49.80275998,20.84295671,4.15023,1.38953045,15.22461172,13.37174066,0,4,5,6,60.0,1.0,120715.21052632,121.0,2.38942875,0.41851007,20,12,8
synthetic_wallet_000025,16,11,5,45.14233505,6.68791303,4.10384864,0.95541615,12.72893868,11.93443761,0,2,4,6,60.0,1.0,172621.66666667,10377.0,6.74983883,0.14815169,16,11,5
synthetic_wallet_000026,10,4,6,8.27442412,9.15218721,2.06860603,1.1440234,7.15846067,3.56233542,0,2,4,6,60.0,1.0,287172.33333333,17548.0,0.90409253,1.10608147,10,4,6
synthetic_wallet_000027,22,12,10,96.46324402,23.3107331,8.03860367,0.75195913,17.60006135,22.61711716,0,5,7,8,60.0,1.0,139096.76190476,60.0,4.13814716,0.24165404,22,12,10
synthetic_wallet_000028,14,9,5,35.78507314,7.90301443,3.97611924,0.71845586,16.94939724,16.8514214,0,3,5,6,60.0,1.0,197841.76923077,20934.0,4.52802832,0.22084668,14,9,5
synthetic_wallet_000029,19,10,9,34.60063081,18.2683875,3.46006308,1.01491042,10.23046741,4.55085081,0,5,6,6,60.0,1.0,148631.83333333,8.0,1.89401669,0.52797845,19,10,9
synthetic_wallet_000030,11,4,7,17.95565801,43.7027751,4.4889145,2.73142344,12.11378628,7.72802773,0,5,5,4,60.0,1.0,225963.5,19350.0,0.41085853,2.43392779,11,4,7
synthetic_wallet_000031,13,8,5,57.53413754,18.060022,7.19176719,1.64182018,16.25428497,28.86809326,0,3,4,5,60.0,1.0,232194.33333333,356.0,3.18571802,0.31390098,13,8,5
synthetic_wallet_000032,12,7,5,27.37107893,17.2247771,3.91015413,1.23034122,12.09697695,8.43147026,0,3,5,5,60.0,1.0,237489.18181818,10382.0,1.58905272,0.62930574,12,7,5
synthetic_wallet_000033,24,16,8,110.87664554,19.59942343,6.92979035,1.0315486,16.41163264,26.67105226,0,4,6,7,60.0,1.0,129755.17391304,16.0,5.65713813,0.17676782,24,16,8
synthetic_wallet_000034,16,9,7,33.97630497,8.47503068,3.775145,0.52968942,14.62936525,8.78636705,0,3,6,5,60.0,1.0,177599.8,1714.0,4.00898902,0.24943945,16,9,7
synthetic_wallet_000035,18,11,7,41.15092381,15.65635354,3.74099307,0.86979742,16.08980532,10.44233464,0,4,6,7,60.0,1.0,174161.82352941,45.0,2.62838494,0.38046178,18,11,7
synthetic_wallet_000036,13,8,5,58.3878976,15.79157517,7.2984872,1.12796966,17.57102218,20.278647,0,4,4,5,60.0,1.0,211348.66666667,386.0,3.69740808,0.27045973,13,8,5
synthetic_wallet_000037,14,12,2,68.87049025,2.77011003,5.73920752,0.461685,13.96282757,19.60793679,0,3,3,3,60.0,1.0,129900.69230769,47.0,24.8620053,0.04022202,14,12,2
synthetic_wallet_000038,15,7,8,20.52174673,13.36751382,2.9316781,0.70355336,7.57376192,3.32990277,0,5,6,6,60.0,1.0,173792.14285714,10850.0,1.53519548,0.65138285,15,7,8
synthetic_wallet_000039,13,9,4,43.33552631,2.73290673,4.81505848,0.45548445,17.95578285,24.15218908,0,1,5,5,60.0,1.0,215382.0,202.0,15.85693571,0.06306389,13,9,4
synthetic_wallet_000040,15,8,7,61.70323274,19.05274497,7.71290409,1.73206772,14.33039935,26.10076325,0,2,6,7,60.0,1.0,191524.35714286,422.0,3.23854819,0.30878034,15,8,7
synthetic_wallet_000041,18,11,7,36.92972876,33.69977067,3.35724807,3.36997707,13.92962776,15.71706744,0,2,5,7,60.0,1.0,175496.17647059,929.0,1.09584511,0.91253773,18,11,7
synthetic_wallet_000042,12,6,6,38.68504817,35.09522822,6.44750803,2.92460235,17.86140575,28.83511135,0,3,7,7,60.0,1.0,259287.09090909,86602.0,1.10228798,0.90720394,12,6,6
synthetic_wallet_000043,12,9,3,37.22845592,3.8361853,4.1364951,0.38361853,15.99431888,13.47795151,0,2,4,3,60.0,1.0,238074.90909091,51519.0,9.70455101,0.10304444,12,9,3
synthetic_wallet_000044,15,7,8,46.2297484,39.21680071,6.60424977,1.78258185,17.96564873,20.33397277,0,6,6,5,60.0,1.0,175869.64285714,256.0,1.17882508,0.84830227,15,7,8
synthetic_wallet_000045,10,7,3,38.2068323,12.42088027,5.4581189,1.38009781,14.2394724,15.12679941,0,2,3,3,60.0,1.0,182431.33333333,211.0,3.07601647,0.32509579,10,7,3
synthetic_wallet_000046,14,7,7,22.90148688,9.69007639,3.27164098,0.64600509,8.85480498,4.38774646,0,3,4,6,60.0,1.0,209978.76923077,120.0,2.36339591,0.42311997,14,7,7
synthetic_wallet_000047,17,12,5,111.52858218,21.85308477,9.29404852,2.18530848,17.99917773,28.94946967,0,4,4,5,60.0,1.0,153366.9375,27.0,5.10356242,0.19594156,17,12,5
synthetic_wallet_000048,13,9,4,63.98468762,4.54114559,7.10940974,0.41283142,14.57731941,27.1204608,0,4,3,5,60.0,1.0,192501.33333333,258.0,14.08998817,0.07097238,13,9,4
synthetic_wallet_000049,26,16,10,122.37157427,20.98634841,7.64822339,0.83945394,15.91564573,22.90647531,0,6,6,9,60.0,1.0,115066.64,36.0,5.83100842,0.17149692,26,16,10
synthetic_wallet_000050,19,10,9,65.55136393,26.93923308,6.55513639,1.49662406,17.77568494,19.94341945,0,4,6,7,60.0,1.0,150854.0,53.0,2.43330475,0.41096373,19,10,9
synthetic_wallet_000051,8,5,3,38.47169805,13.59600957,7.69433961,1.1330008,12.18384661,13.38432269,0,1,3,4,60.0,1.0,321526.57142857,15519.0,2.82963158,0.3534029,8,5,3
synthetic_wallet_000052,25,9,16,36.5603891,40.06458096,4.06226546,1.25201816,10.7244073,4.478769,0,5,7,8,60.0,1.0,104463.79166667,97.0,0.91253642,1.09584668,25,9,16
synthetic_wallet_000053,10,6,4,33.45078908,3.32208378,5.57513151,0.36912042,12.96887439,14.69420981,0,3,3,5,60.0,1.0,231471.66666667,10035.0,10.06921899,0.09931257,10,6,4
synthetic_wallet_000054,21,17,4,126.90435177,4.48720534,7.46496187,0.40792776,17.9503161,39.62313103,0,2,5,4,60.0,1.0,127701.15,375.0,28.28137831,0.03535896,21,17,4
synthetic_wallet_000055,15,10,5,81.50203909,7.98987187,8.15020391,0.66582266,17.04858947,29.10389594,0,4,4,5,60.0,1.0,184012.64285714,80.0,10.2006691,0.09803278,15,10,5
synthetic_wallet_000056,15,6,9,27.1235486,18.63806174,4.52059143,0.84718462,14.08502322,7.29070648,0,4,7,6,60.0,1.0,202399.28571429,26982.0,1.45527732,0.68715425,15,6,9
synthetic_wallet_000057,15,10,5,50.20804716,22.81348272,5.02080472,1.42584267,14.50450005,12.2073377,0,3,5,5,60.0,1.0,187699.0,396.0,2.20080589,0.45437901,15,10,5
synthetic_wallet_000058,16,13,3,87.65171851,10.26366998,6.74243989,1.71061166,17.1048523,22.81409216,0,2,4,3,60.0,1.0,177733.13333333,20.0,8.53999775,0.11709605,16,13,3
synthetic_wallet_000059,15,5,10,16.67748097,18.50146768,3.33549619,1.02785932,11.85977364,5.68060627,0,2,9,9,60.0,1.0,200224.14285714,242.0,0.90141395,1.10936824,15,5,10
synthetic_wallet_000060,16,13,3,81.86277928,5.01776274,6.29713687,0.71682325,14.45611498,20.24478964,0,1,3,3,60.0,1.0,192400.6,32.0,16.31459747,0.0612948,16,13,3
synthetic_wallet_000061,12,10,2,54.82414886,5.80736674,5.48241489,2.90368337,14.44462562,24.56193641,0,1,3,3,60.0,1.0,253833.18181818,66326.0,9.44044888,0.10592717,12,10,2
synthetic_wallet_000062,14,11,3,44.81842336,13.9550807,4.07440212,2.79101614,15.27634845,16.92967211,0,2,4,4,60.0,1.0,208918.46153846,42359.0,3.21162051,0.31136929,14,11,3
synthetic_wallet_000063,12,6,6,28.69972179,7.08059195,4.78328696,0.78673244,10.13869065,9.14883607,0,2,5,6,60.0,1.0,221641.36363636,11543.0,4.05329413,0.24671291,12,6,6
synthetic_wallet_000064,16,12,4,59.91280968,4.27415831,4.99273414,0.47490648,16.26654971,23.54137084,0,4,4,4,60.0,1.0,145482.53333333,26.0,14.01745217,0.07133964,16,12,4
synthetic_wallet_000065,13,7,6,16.75360673,22.41982686,2.39337239,2.49109187,7.05902799,2.82532349,0,2,5,5,60.0,1.0,220952.0,52732.0,0.74726744,1.33820897,13,7,6
synthetic_wallet_000066,20,10,10,64.31991679,21.15633901,6.43199168,1.17535217,16.90632176,14.94839303,0,3,6,7,60.0,1.0,139247.05263158,89.0,3.04021961,0.32892361,20,10,10
synthetic_wallet_000067,19,12,7,62.53279251,17.73064443,5.21106604,1.2664746,16.87214636,18.19931354,0,4,5,4,60.0,1.0,141785.55555556,338.0,3.52682006,0.28354154,19,12,7
synthetic_wallet_000068,15,9,6,54.94384306,8.1308816,6.10487145,0.62545243,15.21185478,21.25990637,0,3,6,6,60.0,1.0,151093.28571429,293.0,6.75742752,0.14798531,15,9,6
synthetic_wallet_000069,15,10,5,69.93931545,10.92704269,6.99393154,0.64276722,16.7394863,23.30799107,0,1,5,5,60.0,1.0,100929.64285714,166.0,6.40057126,0.15623605,15,10,5
synthetic_wallet_000070,23,17,6,103.24333327,7.3383613,6.07313725,0.61153011,16.50753029,26.26564479,0,3,5,6,60.0,1.0,123947.90909091,21.0,14.06899021,0.07107831,23,17,6
synthetic_wallet_000071,16,10,6,86.15388759,10.87353699,8.61538876,0.77668121,16.73836344,26.41477696,0,4,5,5,60.0,1.0,182019.06666667,32.0,7.92326247,0.12621064,16,10,6
synthetic_wallet_000072,13,6,7,34.33695456,22.08430287,5.72282576,1.29907664,13.86301881,18.19574133,0,4,7,6,60.0,1.0,207047.0,45095.0,1.5548127,0.64316429,13,6,7
synthetic_wallet_000073,13,10,3,48.67188572,3.88125496,4.86718857,0.48515687,16.01890246,24.82035564,0,1,4,4,60.0,1.0,208148.0,431.0,12.54024439,0.07974326,13,10,3
synthetic_wallet_000074,17,9,8,44.55993078,28.19293964,4.95110342,1.08434383,16.16445218,11.44785528,0,7,6,4,60.0,1.0,157582.0,22678.0,1.5805351,0.63269711,17,9,8
synthetic_wallet_000075,18,11,7,61.79648695,11.76441476,5.61786245,0.73527592,12.97584692,14.23661987,0,5,4,7,60.0,1.0,154882.94117647,8248.0,5.25283137,0.19037352,18,11,7
synthetic_wallet_000076,18,11,7,103.66113524,20.99400573,9.42373957,1.16633365,14.94615448,26.0082208,0,5,7,5,60.0,1.0,161442.35294118,22.0,4.93765395,0.20252533,18,11,7
synthetic_wallet_000077,19,13,6,105.63897227,29.93927072,8.12607479,2.49493923,16.73023545,27.87142272,0,3,5,5,60.0,1.0,146268.94444444,11.0,3.52844173,0.28341123,19,13,6
synthetic_wallet_000078,17,10,7,86.60462851,23.96388238,8.66046285,1.08926738,16.46687492,24.38697145,0,5,6,6,60.0,1.0,108534.8125,51.0,3.61396485,0.27670441,17,10,7
synthetic_wallet_000079,12,7,5,67.15005435,13.75811155,9.59286491,1.71976394,16.63456206,39.03372252,0,2,5,5,60.0,1.0,218812.72727273,216.0,4.880761,0.20488608,12,7,5
synthetic_wallet_000080,15,12,3,75.11027785,16.43300883,6.25918982,2.7388348,17.14917077,18.35681687,0,2,4,4,60.0,1.0,207930.0,297.0,4.5706954,0.21878509,15,12,3
synthetic_wallet_000081,16,12,4,79.8177661,5.8471797,6.65148051,0.48726497,17.64951034,27.81523643,0,4,3,5,60.0,1.0,125367.66666667,292.0,13.65064359,0.07325662,16,12,4
synthetic_wallet_000082,21,13,8,66.16842992,18.89637808,5.08987922,1.18102363,14.62223227,15.9831967,0,4,6,5,60.0,1.0,148746.25,354.0,3.50164617,0.28557997,21,13,8
synthetic_wallet_000083,14,10,4,89.85398886,5.34364579,8.98539889,0.44530382,17.41018541,37.70067387,0,2,3,5,60.0,1.0,126467.92307692,240.0,16.81510946,0.05947032,14,10,4
synthetic_wallet_000084,16,6,10,23.12916659,12.24298603,3.8548611,0.58299933,15.66787096,8.45646662,0,3,4,8,60.0,1.0,164317.86666667,2491.0,1.88917692,0.52933105,16,6,10
synthetic_wallet_000085,21,15,6,98.23363748,5.89549521,6.54890917,0.4211068,14.88292306,19.03800617,0,3,7,6,60.0,1.0,88051.45,43.0,16.66249127,0.06001504,21,15,6
synthetic_wallet_000086,22,12,10,78.24649629,22.61099144,6.52054136,1.19005218,15.60050637,20.09312724,0,5,7,6,60.0,1.0,135456.14285714,21.0,3.46055132,0.2889713,22,12,10
synthetic_wallet_000087,14,11,3,75.76267148,2.44357812,6.88751559,0.40726302,16.37198105,30.40173897,0,2,4,3,60.0,1.0,178438.23076923,356.0,31.00480842,0.03225306,14,11,3
synthetic_wallet_000088,26,16,10,83.45928044,26.62611596,5.21620503,1.3313058,13.82660124,13.71428238,0,4,9,9,60.0,1.0,116794.32,110.0,3.13448948,0.31903122,26,16,10
synthetic_wallet_000089,18,11,7,86.37211708,5.93984707,7.85201064,0.5399861,17.39616574,30.43107298,0,3,4,7,60.0,1.0,175159.58823529,333.0,14.54113482,0.06877042,18,11,7
synthetic_wallet_000090,15,10,5,93.70712187,7.73235294,9.37071219,1.28872549,16.77494538,32.48799364,0,1,6,3,60.0,1.0,174820.35714286,306.0,12.11883661,0.08251617,15,10,5
synthetic_wallet_000091,11,6,5,18.69032639,11.22526187,3.1150544,0.86348168,10.87882809,5.64313837,0,5,5,4,60.0,1.0,262422.7,138.0,1.66502364,0.60059207,11,6,5
synthetic_wallet_000092,12,10,2,50.05426707,3.42553257,5.00542671,0.85638314,14.07676015,20.92646654,0,1,3,2,60.0,1.0,235333.54545455,23.0,14.61211244,0.06843637,12,10,2
synthetic_wallet_000093,21,13,8,91.53107909,13.13826861,7.04085224,0.77283933,17.38119229,24.65411447,0,1,7,7,60.0,1.0,113774.25,165.0,6.96675352,0.14353888,21,13,8
synthetic_wallet_000094,10,6,4,52.38451551,20.38662622,8.73075258,2.91237517,17.14081954,32.40468649,0,2,4,4,60.0,1.0,296685.11111111,38158.0,2.56955295,0.38917275,10,6,4
synthetic_wallet_000095,20,13,7,83.14562597,11.00702191,6.39581738,0.61150122,17.42931342,23.78516689,0,5,6,5,60.0,1.0,152546.36842105,477.0,7.55387122,0.13238245,20,13,7
synthetic_wallet_000096,22,12,10,78.94883218,15.23130043,6.57906935,0.84618336,14.33939299,18.96703501,0,4,8,7,60.0,1.0,130478.71428571,367.0,5.18332841,0.19292623,22,12,10
synthetic_wallet_000097,16,9,7,50.46822148,14.43541937,5.60758016,2.06220277,12.87147154,14.55553597,0,1,6,6,60.0,1.0,186321.13333333,75.0,3.49613823,0.28602988,16,9,7
synthetic_wallet_000098,17,12,5,61.32490134,7.29403689,5.11040845,1.04200527,15.31011123,21.99117924,0,2,5,5,60.0,1.0,175352.5,461.0,8.40753924,0.11894087,17,12,5
synthetic_wallet_000099,18,9,9,32.18233541,26.91725385,3.57581505,1.49540299,12.91771922,10.27844256,0,4,6,8,60.0,1.0,152303.0,16812.0,1.19560248,0.8363984,18,9,9
synthetic_wallet_000100,14,10,4,88.14883933,13.75617771,8.81488393,1.37561777,15.88658912,28.32155416,0,2,5,3,60.0,1.0,178254.61538462,351.0,6.40794567,0.15605625,14,10,4
synthetic_wallet_000101,12,8,4,46.74467063,6.59621944,5.84308383,0.94231706,16.68371233,25.09406336,0,2,4,5,60.0,1.0,218143.45454545,41221.0,7.08658513,0.14111169,12,8,4
synthetic_wallet_000102,9,6,3,37.91309121,4.6694058,6.31884853,1.5564686,13.4732648,21.63909644,0,1,3,4,60.0,1.0,306086.5,37749.0,8.11946805,0.12316078,9,6,3
synthetic_wallet_000103,19,13,6,82.17111739,20.7473734,6.32085518,1.15263186,16.86351639,20.54400036,0,5,6,6,60.0,1.0,141106.44444444,77.0,3.96055519,0.25248985,19,13,6
synthetic_wallet_000104,10,8,2,57.66993449,1.191852,7.20874181,0.2383704,16.1166685,31.67621184,0,2,3,3,60.0,1.0,169657.22222222,9249.0,48.38682529,0.02066678,10,8,2
synthetic_wallet_000105,20,14,6,71.53142688,12.56223488,5.10938763,1.57027936,17.39127874,21.50377401,0,2,5,5,60.0,1.0,147477.0,89.0,5.6941641,0.1756184,20,14,6
synthetic_wallet_000106,20,10,10,44.74644667,36.06830394,4.47464467,1.24373462,10.99422384,8.96362015,0,6,9,7,60.0,1.0,143723.63157895,370.0,1.24060302,0.80605962,20,10,10
synthetic_wallet_000107,17,9,8,71.83318025,41.09924869,7.98146447,1.86814767,17.36114905,23.98031778,0,4,6,7,60.0,1.0,143092.5,160.0,1.74779789,0.57214853,17,9,8
synthetic_wallet_000108,16,8,8,21.07446632,18.09718017,2.63430829,2.0107978,10.84568069,8.39731642,0,1,6,7,60.0,1.0,179729.93333333,13244.0,1.16451658,0.85872543,16,8,8
synthetic_wallet_000109,13,10,3,58.8140702,3.30924776,5.88140702,0.30084071,14.6685433,17.66898555,0,4,4,3,60.0,1.0,245681.0,149.0,17.77264033,0.05626626,13,10,3
synthetic_wallet_000110,18,10,8,82.72993642,24.30717601,8.27299364,1.15748457,17.91708917,24.44843087,0,4,7,7,60.0,1.0,169545.29411765,20.0,3.40351904,0.29381355,18,10,8
synthetic_wallet_000111,11,4,7,6.44552002,8.14075355,1.61138001,0.5427169,3.02974343,0.40103552,0,4,5,7,60.0,1.0,273359.8,44397.0,0.79175963,1.26300958,11,4,7
synthetic_wallet_000112,25,20,5,105.17074073,7.06654528,5.25853704,0.7851717,17.89186049,20.26463564,0,3,5,4,60.0,1.0,109476.54166667,83.0,14.88290764,0.06719117,25,20,5
synthetic_wallet_000113,18,13,5,63.6303948,9.4747149,4.89464575,0.86133772,14.70262349,19.80402851,0,4,4,5,60.0,1.0,151097.0,75.0,6.71581103,0.14890234,18,13,5
synthetic_wallet_000114,13,10,3,54.64299581,14.6261893,5.46429958,1.46261893,14.03276056,14.44173355,0,3,3,3,60.0,1.0,208466.75,118.0,3.73596941,0.26766814,13,10,3
synthetic_wallet_000115,14,6,8,58.46819316,22.12614548,9.74469886,1.70201119,15.92896958,30.96935171,0,1,6,6,60.0,1.0,221353.53846154,66.0,2.64249339,0.37843046,14,6,8
synthetic_wallet_000116,14,10,4,77.65427134,5.31295647,7.76542713,0.66411956,17.89149524,39.81509851,0,2,5,5,60.0,1.0,204272.53846154,18615.0,14.61601874,0.06841808,14,10,4
synthetic_wallet_000117,12,11,1,84.1814705,0.7059898,7.65286095,0.17649745,14.25658362,26.53647457,0,2,2,2,60.0,1.0,148188.09090909,122.0,119.23893306,0.00838652,12,11,1
synthetic_wallet_000118,16,12,4,80.49833455,1.72466316,6.70819455,0.24638045,16.95073653,32.02958325,0,3,3,4,60.0,1.0,174198.53333333,89.0,46.67481536,0.02142483,16,12,4
synthetic_wallet_000119,22,13,9,67.23287164,18.0092697,5.17175936,1.12557936,17.02192256,15.14901873,0,5,7,8,60.0,1.0,126613.61904762,30.0,3.73323698,0.26786406,22,13,9
synthetic_wallet_000120,26,14,12,60.20531748,30.78359355,4.30037982,1.09941406,13.60416905,9.57738849,0,5,7,10,60.0,1.0,111601.4,15.0,1.95575989,0.51131021,26,14,12
synthetic_wallet_000121,17,13,4,91.78988037,16.28597752,7.06076003,1.62859775,15.44630904,24.70381006,0,3,5,3,60.0,1.0,177487.375,305.0,5.63612962,0.17742672,17,13,4
synthetic_wallet_000122,16,9,7,91.33289103,11.51782483,10.148099,0.63987916,17.61503369,32.65415957,0,5,4,5,60.0,1.0,178470.06666667,323.0,7.92969961,0.12610818,16,9,7
synthetic_wallet_000123,17,11,6,74.70535249,14.16580109,6.79139568,1.41658011,15.68899313,22.18594205,0,2,5,5,60.0,1.0,149430.4375,136.0,5.27364122,0.1896223,17,11,6
synthetic_wallet_000124,18,8,10,51.15848048,32.62184434,6.39481006,2.03886527,17.5318434,24.60254621,0,3,8,6,60.0,1.0,134664.29411765,7493.0,1.56822772,0.6376625,18,8,10
synthetic_wallet_000125,19,8,11,46.96747228,14.41108712,5.87093404,0.45034647,17.80213016,12.49375595,0,7,5,8,60.0,1.0,160581.33333333,382.0,3.2591207,0.30683123,19,8,11
synthetic_wallet_000126,11,7,4,53.14937855,14.44957854,7.59276836,2.40826309,17.31384163,39.19271601,0,1,4,5,60.0,1.0,252838.8,75.0,3.67826497,0.27186731,11,7,4
synthetic_wallet_000127,15,8,7,65.7213102,23.34863026,8.21516378,1.94571919,16.35708696,20.18756947,0,2,4,6,60.0,1.0,176700.64285714,127.0,2.81478226,0.35526727,15,8,7
synthetic_wallet_000128,23,14,9,122.93563032,11.67424728,8.78111645,0.46696989,17.78464172,28.02491022,0,4,7,9,60.0,1.0,131290.04545455,189.0,10.53049737,0.09496228,23,14,9
synthetic_wallet_000129,22,15,7,123.17773618,25.95322721,8.21184908,1.29766136,17.39451335,30.97709264,0,5,5,6,60.0,1.0,125374.47619048,24.0,4.74614333,0.21069739,22,15,7
synthetic_wallet_000130,15,11,4,97.73122519,17.3771832,8.88465684,1.73771832,17.55470115,35.19400965,0,3,5,4,60.0,1.0,117244.5,24.0,5.62411204,0.17780585,15,11,4
synthetic_wallet_000131,12,9,3,35.78043879,23.69800986,3.97560431,3.94966831,17.73312921,29.49121586,0,2,4,2,60.0,1.0,242039.54545455,335.0,1.50984994,0.66231747,12,9,3
synthetic_wallet_000132,13,7,6,42.66964247,4.44063736,6.09566321,0.31718838,15.61350425,16.69908616,0,4,3,5,60.0,1.0,218755.75,39675.0,9.60890048,0.10407018,13,7,6
synthetic_wallet_000133,12,6,6,33.50007759,20.59817461,5.58334626,1.28738591,15.76884026,15.25073268,0,4,5,7,60.0,1.0,203126.36363636,72.0,1.62636147,0.61486946,12,6,6
synthetic_wallet_000134,18,10,8,42.29207334,13.69634847,4.22920733,0.65220707,9.79828878,6.17176689,0,2,6,8,60.0,1.0,155748.64705882,210.0,3.08783567,0.32385143,18,10,8
synthetic_wallet_000135,14,10,4,97.78607125,38.67158497,9.77860713,3.22263208,17.89674444,33.81577836,0,3,4,4,60.0,1.0,185030.23076923,62.0,2.52862848,0.3954713,14,10,4
synthetic_wallet_000136,10,7,3,54.83871959,15.93000336,7.8341028,3.18600067,17.88251005,24.40485472,0,1,4,4,60.0,1.0,272420.77777778,85930.0,3.4424801,0.29048824,10,7,3
synthetic_wallet_000137,16,6,10,11.81344756,27.31737563,1.96890793,1.30082741,6.78691871,2.80548976,0,6,6,9,60.0,1.0,165807.53333333,10851.0,0.43245177,2.31239657,16,6,10
synthetic_wallet_000138,16,11,5,96.0153407,20.03054692,8.72866734,1.82095881,17.88095062,32.70321446,0,3,5,5,60.0,1.0,164509.33333333,10.0,4.79344578,0.20861819,16,11,5
synthetic_wallet_000139,14,7,7,55.06674502,11.51085559,7.86667786,0.57554278,17.01710483,16.71000948,0,5,7,6,60.0,1.0,166249.38461538,114.0,4.78389678,0.20903461,14,7,7
synthetic_wallet_000140,14,7,7,61.90671826,46.03496913,8.84381689,5.11499657,15.50882204,33.48936473,0,1,5,7,60.0,1.0,196818.76923077,46.0,1.34477593,0.74361831,14,7,7
synthetic_wallet_000141,8,5,3,36.02645253,8.98306886,7.20529051,2.24576721,15.25750117,19.91816661,0,1,3,3,60.0,1.0,356804.0,56.0,4.01048384,0.24934647,8,5,3
synthetic_wallet_000142,16,11,5,93.12164319,4.56670966,8.46560393,0.28541935,17.37227822,30.13899366,0,3,6,6,60.0,1.0,123945.2,20065.0,20.39140872,0.04904026,16,11,5
synthetic_wallet_000143,12,7,5,48.32111346,6.95051094,6.90301621,0.77227899,17.00165391,27.89371834,0,3,4,5,60.0,1.0,241716.81818182,3359.0,6.9521671,0.14384004,12,7,5
synthetic_wallet_000144,12,4,8,16.54238476,16.7489069,4.13559619,0.83744535,10.30143134,5.74563271,0,5,6,7,60.0,1.0,230178.27272727,6489.0,0.98766952,1.01248442,12,4,8
synthetic_wallet_000145,16,10,6,51.43836616,5.17397562,5.14383662,0.73913937,16.86151188,21.76999102,0,2,6,5,60.0,1.0,180572.93333333,96.0,9.94174885,0.10058592,16,10,6
synthetic_wallet_000146,12,8,4,55.7139191,7.71274541,6.96423989,0.85697171,17.78768725,28.72403713,0,3,5,5,60.0,1.0,219399.09090909,62.0,7.22361703,0.1384348,12,8,4
synthetic_wallet_000147,16,11,5,70.69400199,10.89772525,6.42672745,0.77840895,16.09759464,23.23534002,0,4,4,5,60.0,1.0,184405.66666667,443.0,6.48704205,0.15415346,16,11,5
synthetic_wallet_000148,17,11,6,42.1408501,7.32045245,3.83098637,0.52288946,17.80810555,12.59774489,0,5,5,5,60.0,1.0,186331.125,35952.0,5.75659092,0.17371392,17,11,6
synthetic_wallet_000149,11,7,4,64.41320951,7.36765624,9.20188707,0.73676562,16.94812863,30.35187367,0,2,4,5,60.0,1.0,226830.3,114.0,8.74270018,0.11438114,11,7,4
synthetic_wallet_000150,13,11,2,43.79258987,2.44963938,3.98114453,0.61240984,16.19204522,16.30067121,0,2,2,2,60.0,1.0,242499.33333333,6435.0,17.87715785,0.0559373,13,11,2
synthetic_wallet_000151,15,9,6,79.20628985,11.88059016,8.80069887,0.84861358,16.34631855,26.80607886,0,4,5,7,60.0,1.0,173864.07142857,20827.0,6.66686493,0.14999554,15,9,6
synthetic_wallet_000152,16,11,5,40.85853696,21.70076679,3.71441245,3.10010954,11.43341107,12.78177269,0,2,5,6,60.0,1.0,171797.0,330.0,1.88281536,0.53111953,16,11,5
synthetic_wallet_000153,18,12,6,48.03843674,6.81602157,4.00320306,0.5680018,9.95705824,6.70882411,0,2,6,4,60.0,1.0,133251.05882353,4.0,7.04787041,0.14188683,18,12,6
synthetic_wallet_000154,25,14,11,40.80214412,31.62120705,2.91443887,1.26484828,11.37875107,5.95447782,0,6,8,8,60.0,1.0,119162.95833333,13.0,1.29034113,0.77498886,25,14,11
synthetic_wallet_000155,9,6,3,11.37637926,11.51855288,1.89606321,1.91975881,8.83016925,6.11644308,0,1,3,4,60.0,1.0,244038.125,83207.0,0.98765699,1.01249726,9,6,3
synthetic_wallet_000156,15,8,7,41.80706843,39.22019845,5.22588355,2.17889991,16.43418083,13.65449906,0,6,5,7,60.0,1.0,179182.78571429,22.0,1.0659576,0.93812362,15,8,7
synthetic_wallet_000157,9,5,4,13.73759494,7.50148998,2.74751899,1.25024833,5.70395148,3.11857709,0,2,4,4,60.0,1.0,345685.125,33914.0,1.83131551,0.54605555,9,5,4
synthetic_wallet_000158,14,10,4,59.03004119,4.90816039,5.90300412,1.2270401,15.84654913,22.31094704,0,1,5,4,60.0,1.0,220382.46153846,58.0,12.02691772,0.08314682,14,10,4
synthetic_wallet_000159,16,8,8,37.74137726,37.05458374,4.71767216,1.48218335,15.42244179,11.28603174,0,6,6,7,60.0,1.0,179258.2,15.0,1.01853464,0.98180264,16,8,8
synthetic_wallet_000160,11,7,4,44.4536445,11.04525465,6.35052064,1.84087577,17.53010722,31.04330773,0,2,5,4,60.0,1.0,284085.9,284.0,4.02468263,0.2484668,11,7,4
synthetic_wallet_000161,14,8,6,51.42673686,7.06570478,6.42834211,0.3718792,16.03271745,16.57972103,0,4,5,5,60.0,1.0,212664.15384615,427.0,7.27835912,0.13739361,14,8,6
synthetic_wallet_000162,14,8,6,38.73909183,4.2647931,4.84238648,0.4738659,15.36731134,20.00669177,0,2,6,6,60.0,1.0,189313.0,10681.0,9.08346335,0.11009017,14,8,6
synthetic_wallet_000163,16,10,6,42.15164568,17.48347905,4.21516457,1.16556527,15.83047829,11.73004509,0,4,4,6,60.0,1.0,186176.86666667,65.0,2.41094153,0.41477572,16,10,6
synthetic_wallet_000164,9,2,7,1.26230761,22.93791354,0.63115381,1.4336196,5.5612084,3.7718688,0,4,6,6,60.0,1.0,288145.875,13747.0,0.05503149,18.1714135,9,2,7
synthetic_wallet_000165,26,16,10,97.68115019,24.9017701,6.10507189,1.66011801,15.47037216,24.48182991,0,3,6,7,60.0,1.0,112023.76,52.0,3.9226589,0.25492912,26,16,10
synthetic_wallet_000166,13,11,2,75.74275179,1.90892008,6.88570471,0.47723002,17.60407311,34.42007541,0,2,3,2,60.0,1.0,228077.41666667,353.0,39.67832524,0.02520268,13,11,2
synthetic_wallet_000167,9,5,4,33.21251314,6.07434998,6.64250263,0.75929375,15.04529504,25.34339688,0,3,5,5,60.0,1.0,297583.75,39192.0,5.46766539,0.18289342,9,5,4
synthetic_wallet_000168,11,8,3,26.71467343,3.71531822,3.33933418,0.74306364,13.31798237,12.54495668,0,1,3,2,60.0,1.0,261333.4,3796.0,7.19041327,0.13907406,11,8,3
synthetic_wallet_000169,16,7,9,48.29982254,19.79192826,6.89997465,0.94247277,14.62412608,14.0520277,0,6,7,8,60.0,1.0,154999.33333333,96.0,2.44037983,0.40977228,16,7,9
synthetic_wallet_000170,8,7,1,47.04003152,0.86015977,6.7200045,0.86015977,17.8001876,33.99033,0,1,2,2,60.0,1.0,318640.0,27608.0,54.68755127,0.0182857,8,7,1
synthetic_wallet_000171,17,12,5,67.23723773,6.00353506,5.60310314,0.40023567,16.04416337,21.84221034,0,5,6,5,60.0,1.0,175319.75,183.0,11.19960774,0.08928884,17,12,5
synthetic_wallet_000172,22,16,6,134.06398055,9.57203044,8.37899878,0.7976692,17.92589877,29.06964859,0,2,5,3,60.0,1.0,136961.0,111.0,14.00580383,0.07139897,22,16,6
synthetic_wallet_000173,16,7,9,54.57882152,27.39488506,7.7969745,1.71218032,16.59287243,25.33029435,0,3,7,6,60.0,1.0,177517.06666667,28015.0,1.99229971,0.50193251,16,7,9
synthetic_wallet_000174,9,6,3,58.01784111,4.17225696,9.66964019,0.34768808,16.75762393,32.6765466,0,3,4,4,60.0,1.0,298176.375,42313.0,13.9056251,0.07191334,9,6,3
synthetic_wallet_000175,15,6,9,28.39339143,17.19171509,4.7322319,1.22797965,14.08732147,11.05845998,0,3,6,4,60.0,1.0,181622.35714286,18704.0,1.6515741,0.60548297,15,6,9
synthetic_wallet_000176,14,11,3,51.14769659,11.85584209,4.6497906,1.97597368,15.6925018,14.825712,0,2,3,3,60.0,1.0,220560.15384615,11652.0,4.31413443,0.23179621,14,11,3
synthetic_wallet_000177,20,16,4,133.06619738,3.05489605,8.31663734,0.50914934,16.06556384,30.26303185,0,1,4,5,60.0,1.0,92743.73684211,196.0,43.55833888,0.02295772,20,16,4
synthetic_wallet_000178,18,9,9,64.561582,10.45326519,7.17350911,1.04532652,14.32504492,21.14344221,0,2,7,9,60.0,1.0,127079.0,69.0,6.17621201,0.16191154,18,9,9
synthetic_wallet_000179,19,12,7,79.03744933,9.39606836,6.58645411,0.72277449,16.72697011,23.62488317,0,2,5,6,60.0,1.0,150313.72222222,25.0,8.41175759,0.11888122,19,12,7
synthetic_wallet_000180,12,9,3,63.7855013,14.97096071,7.08727792,1.87137009,15.435323,28.34332999,0,3,2,2,60.0,1.0,241726.63636364,258.0,4.2606151,0.23470789,12,9,3
synthetic_wallet_000181,24,19,5,114.20863002,17.56225587,6.01098053,1.95136176,17.88542424,27.79525041,0,2,6,5,60.0,1.0,128052.13043478,89.0,6.50307289,0.15377346,24,19,5
synthetic_wallet_000182,18,12,6,80.86911831,22.72585108,6.73909319,2.52509456,17.16890236,31.81168204,0,3,5,6,60.0,1.0,153479.47058824,16.0,3.5584638,0.28102014,18,12,6
synthetic_wallet_000183,16,10,6,60.61567636,19.30916145,6.06156764,1.20682259,16.53276408,24.19941609,0,4,5,5,60.0,1.0,185677.73333333,134.0,3.13921847,0.31855062,16,10,6
synthetic_wallet_000184,16,8,8,45.2625555,17.81836381,5.65781944,1.18789092,15.97017673,16.48968948,0,3,6,6,60.0,1.0,189483.6,13406.0,2.54021952,0.39366677,16,8,8
synthetic_wallet_000185,13,6,7,17.90095261,11.57617066,2.9834921,0.96468089,9.40564143,7.322298,0,3,6,7,60.0,1.0,225775.33333333,6976.0,1.54636219,0.64667903,13,6,7
synthetic_wallet_000186,15,10,5,62.10305854,5.24925667,6.21030585,0.3749469,15.47818322,24.60176317,0,3,4,5,60.0,1.0,156807.78571429,208.0,11.8308291,0.08452493,15,10,5
synthetic_wallet_000187,18,11,7,72.78623688,10.35463703,6.61693063,0.64716481,14.48768339,20.23828857,0,2,7,7,60.0,1.0,144467.58823529,19216.0,7.02933736,0.14226092,18,11,7
synthetic_wallet_000188,19,12,7,70.16343996,20.83800318,5.84695333,1.15766684,13.14581494,12.64217068,0,3,5,6,60.0,1.0,155195.83333333,10.0,3.36709038,0.29699233,19,12,7
synthetic_wallet_000189,24,16,8,101.63579058,22.70593415,6.35223691,1.13529671,17.8041157,19.86977168,0,4,5,7,60.0,1.0,118330.56521739,5.0,4.47617746,0.22340491,24,16,8
synthetic_wallet_000190,19,9,10,72.92221631,26.44628504,8.10246848,1.25934691,16.29362441,24.99621901,0,3,7,6,60.0,1.0,161584.77777778,7041.0,2.75737088,0.36266431,19,9,10
synthetic_wallet_000191,24,14,10,101.94013839,26.92115718,7.28143846,1.22368896,17.86026527,29.80483409,0,5,7,7,60.0,1.0,126926.43478261,5120.0,3.786618,0.2640879,24,14,10
synthetic_wallet_000192,15,11,4,47.9911716,21.48078557,4.36283378,5.37019639,16.40083592,26.64030671,0,1,4,5,60.0,1.0,164724.14285714,23555.0,2.23414416,0.44759869,15,11,4
synthetic_wallet_000193,19,11,8,33.73690403,8.90506396,3.06699128,0.59367093,8.09873774,4.69593458,0,3,7,6,60.0,1.0,141732.44444444,1019.0,3.78850777,0.26395617,19,11,8
synthetic_wallet_000194,18,12,6,88.11313354,8.41771195,7.34276113,0.6475163,16.89642626,28.23054744,0,4,5,7,60.0,1.0,162286.94117647,514.0,10.46758716,0.095533,18,12,6
synthetic_wallet_000195,18,10,8,68.1613357,17.23686449,6.81613357,1.32591265,15.45933607,17.11798038,0,3,5,7,60.0,1.0,101646.11764706,197.0,3.95439297,0.25288331,18,10,8
synthetic_wallet_000196,15,9,6,37.9389611,22.5171501,4.21544012,1.18511316,13.82602925,9.05080428,0,6,6,5,60.0,1.0,205745.28571429,6928.0,1.68489178,0.59350993,15,9,6
synthetic_wallet_000197,17,8,9,35.79839796,41.4210427,4.47479975,1.72587678,14.98380073,14.71854374,0,7,8,5,60.0,1.0,180415.6875,26265.0,0.86425632,1.15706414,17,8,9
synthetic_wallet_000198,14,11,3,91.05954675,18.08531728,8.27814061,6.02843909,16.2165904,34.77552319,0,1,3,4,60.0,1.0,141960.53846154,39.0,5.03499858,0.19860979,14,11,3
synthetic_wallet_000199,13,6,7,25.72268258,20.89742377,4.28711376,1.30608899,13.66205281,9.96662487,0,2,6,5,60.0,1.0,228095.25,164.0,1.23090209,0.8124123,13,6,7
synthetic_wallet_000200,17,15,2,143.337705,1.8135159,9.555847,0.90675795,17.03206836,44.04372036,0,1,3,3,60.0,1.0,156102.1875,72.0,79.03857088,0.01265205,17,15,2
synthetic_wallet_000201,11,6,5,48.36009959,8.52418104,8.0600166,0.60887007,15.74856652,21.16483756,0,4,4,5,60.0,1.0,288107.9,26201.0,5.67328396,0.17626475,11,6,5
synthetic_wallet_000202,12,7,5,22.06805237,7.83372478,3.15257891,0.87041386,13.91791477,10.00079604,0,3,4,4,60.0,1.0,232211.63636364,1902.0,2.8170574,0.35498034,12,7,5
synthetic_wallet_000203,9,5,4,19.9439677,5.97051382,3.98879354,0.99508564,13.87568118,13.50911526,0,2,3,4,60.0,1.0,356074.25,10435.0,3.34041061,0.29936439,9,5,4
synthetic_wallet_000204,20,9,11,66.5292641,16.48762308,7.39214046,0.63413935,16.21718208,16.46068254,0,6,8,8,60.0,1.0,123594.52631579,189.0,4.03510341,0.24782512,20,9,11
synthetic_wallet_000205,19,10,9,59.98600569,35.17363948,5.99860057,1.75868197,17.01089833,17.72752265,0,5,7,7,60.0,1.0,146505.83333333,21.0,1.70542504,0.58636409,19,10,9
synthetic_wallet_000206,16,11,5,68.05109652,5.86552075,6.18646332,0.83793154,14.2203563,25.56934395,0,2,5,4,60.0,1.0,176587.4,63.0,11.60188488,0.08619289,16,11,5
synthetic_wallet_000207,10,5,5,23.15048877,21.32029827,4.63009775,1.52287845,17.86327481,16.87042013,0,5,5,4,60.0,1.0,311249.22222222,11915.0,1.08584263,0.92094376,10,5,5
synthetic_wallet_000208,14,5,9,23.82616757,12.88750037,4.76523351,0.58579547,6.3457898,3.0898902,0,5,6,8,60.0,1.0,225145.15384615,65.0,1.84878114,0.54089691,14,5,9
synthetic_wallet_000209,11,5,6,26.16860496,3.34412547,5.23372099,0.30401141,11.53780553,11.64637632,0,4,5,5,60.0,1.0,244781.4,55557.0,7.82524615,0.12779151,11,5,6
synthetic_wallet_000210,17,11,6,79.71759814,16.48453635,7.24705438,1.17746688,15.58250649,26.21960996,0,3,4,5,60.0,1.0,158581.0,100.0,4.83590175,0.20678667,17,11,6
synthetic_wallet_000211,19,9,10,61.79067811,28.34160014,6.8656309,1.88944001,17.79985959,28.95864564,0,3,6,7,60.0,1.0,148784.83333333,34.0,2.18021134,0.45867113,19,9,10
synthetic_wallet_000212,13,8,5,52.29074311,6.81722873,6.53634289,0.68172287,14.79701392,21.06735848,0,3,5,6,60.0,1.0,231738.5,175.0,7.6703812,0.13037162,13,8,5
synthetic_wallet_000213,25,18,7,101.57798885,6.8046208,5.6432216,0.4252888,17.86925872,20.23956,0,3,4,5,60.0,1.0,99565.79166667,260.0,14.92779566,0.06698913,25,18,7
synthetic_wallet_000214,20,12,8,109.85361739,11.96936489,9.15446812,0.66496472,17.90129253,35.14614934,0,4,6,6,60.0,1.0,142532.47368421,194.0,9.17789861,0.1089574,20,12,8
synthetic_wallet_000215,18,9,9,41.75623117,12.10401496,4.63958124,0.75650094,13.2702155,9.30239717,0,3,6,7,60.0,1.0,149942.47058824,199.0,3.44978351,0.28987326,18,9,9
synthetic_wallet_000216,13,5,8,24.19877198,20.58267855,4.8397544,1.2107458,10.26142109,6.69553747,0,4,6,8,60.0,1.0,228284.41666667,25999.0,1.17568624,0.85056707,13,5,8
synthetic_wallet_000217,13,9,4,57.73808303,4.61037983,6.41534256,0.65862569,16.60881902,28.64832017,0,2,4,2,60.0,1.0,157476.75,10725.0,12.5234981,0.07984989,13,9,4
synthetic_wallet_000218,17,12,5,70.53294085,25.11858584,5.87774507,1.93219891,16.05465438,20.56616515,0,5,3,5,60.0,1.0,160023.5,17980.0,2.80799808,0.3561256,17,12,5
synthetic_wallet_000219,13,6,7,42.50121745,9.48541578,7.08353624,0.79045131,13.32549026,17.99290655,0,3,6,6,60.0,1.0,219178.58333333,35869.0,4.48069104,0.22317986,13,6,7
synthetic_wallet_000220,10,4,6,44.28950295,5.93931021,11.07237574,0.65992336,15.83381297,33.18805609,0,2,5,5,60.0,1.0,245224.88888889,14178.0,7.45701123,0.13410198,10,4,6
synthetic_wallet_000221,11,5,6,7.3539648,27.75999367,1.47079296,3.08444374,16.16522039,15.18044964,0,2,5,6,60.0,1.0,276571.2,33595.0,0.26491234,3.77483363,11,5,6
synthetic_wallet_000222,14,6,8,7.33776966,23.85660629,1.22296161,1.59044042,13.27840922,7.46701784,0,3,7,9,60.0,1.0,156839.38461538,569.0,0.3075781,3.25120676,14,6,8
synthetic_wallet_000223,11,5,6,3.77411827,11.02358661,0.75482365,0.61242148,1.36931765,0.0976322,0,5,5,6,60.0,1.0,232228.6,27465.0,0.34236754,2.92083762,11,5,6
synthetic_wallet_000224,10,2,8,3.35874632,17.98723987,1.67937316,1.12420249,7.58398493,2.67189353,0,3,7,7,60.0,1.0,277729.33333333,2126.0,0.18672939,5.35534338,10,2,8
synthetic_wallet_000225,16,6,10,8.69411852,11.71788985,1.44901975,0.61673104,2.43895354,0.58499417,0,3,7,6,60.0,1.0,194139.53333333,40282.0,0.74195257,1.34779504,16,6,10
synthetic_wallet_000226,8,0,8,0.0,20.32875253,0.0,1.01643763,3.56399986,1.90426291,0,6,6,6,60.0,1.0,365083.71428571,11750.0,0.0,20328752529.999996,8,0,8
synthetic_wallet_000227,8,3,5,1.77760589,20.7710357,0.5925353,4.15420714,14.97077652,21.66205187,0,1,5,5,60.0,1.0,307010.42857143,43381.0,0.08558099,11.68483735,8,3,5
synthetic_wallet_000228,10,2,8,1.80730663,9.15271695,0.90365331,0.70405515,1.79659344,0.24079314,0,2,5,5,60.0,1.0,236481.55555556,22079.0,0.19746122,5.0642856,10,2,8
synthetic_wallet_000229,6,1,5,1.30083109,6.9363669,1.30083109,1.15606115,1.86368056,0.18002005,0,1,6,5,60.0,1.0,371160.6,145926.0,0.18753781,5.33225793,6,1,5
synthetic_wallet_000230,11,1,10,0.84040243,23.33040046,0.84040243,1.3723765,2.98310411,1.04315747,0,3,8,8,60.0,1.0,175139.9,30795.0,0.03602177,27.76098644,11,1,10
synthetic_wallet_000231,7,3,4,6.15449083,21.35899331,2.05149694,2.37322148,12.16985591,9.34972129,0,3,5,5,60.0,1.0,300997.5,110503.0,0.28814517,3.47047285,7,3,4
synthetic_wallet_000232,11,4,7,5.5280933,10.52300609,1.38202333,0.47831846,2.08156043,0.19463566,0,4,7,7,60.0,1.0,194284.9,7624.0,0.52533404,1.90355074,11,4,7
synthetic_wallet_000233,9,5,4,3.39101388,2.36157277,0.67820278,0.23615728,1.21826808,0.07554007,0,2,2,4,60.0,1.0,309804.75,49008.0,1.43591336,0.69642085,9,5,4
synthetic_wallet_000234,6,3,3,1.11802516,5.8719913,0.37267505,0.65244348,1.27267953,0.11115705,0,3,3,4,60.0,1.0,347303.8,213304.0,0.19039966,5.25211016,6,3,3
synthetic_wallet_000235,11,6,5,9.22469683,6.11774686,1.53744947,0.55615881,2.26863904,0.36120165,0,2,5,4,60.0,1.0,295129.2,43444.0,1.50785854,0.66319219,11,6,5
synthetic_wallet_000236,8,3,5,5.61957672,7.24684943,1.87319224,0.65880449,2.42584314,0.40623635,0,2,5,5,60.0,1.0,326007.0,14702.0,0.77545101,1.28957211,8,3,5
synthetic_wallet_000237,7,1,6,1.29149159,18.29465537,1.29149159,1.3067611,13.04291829,10.01486532,0,3,5,5,60.0,1.0,392677.0,11174.0,0.07059393,14.1655242,7,1,6
synthetic_wallet_000238,10,2,8,1.52390099,15.56517632,0.7619505,0.86473202,1.98848942,0.42729237,0,4,6,7,60.0,1.0,225224.55555556,11349.0,0.09790451,10.21403387,10,2,8
synthetic_wallet_000239,12,8,4,10.73107422,16.65588616,1.34138428,1.66558862,6.93125077,4.03762602,0,4,3,4,60.0,1.0,239208.63636364,17812.0,0.64428119,1.55211732,12,8,4
synthetic_wallet_000240,11,4,7,2.14479207,35.22278842,0.53619802,2.51591346,8.5107439,6.27284957,0,3,6,5,60.0,1.0,242970.6,7697.0,0.06089217,16.42247233,11,4,7
synthetic_wallet_000241,9,3,6,4.98337301,7.11531544,1.66112434,0.7905906,2.29140052,0.47262769,0,3,6,7,60.0,1.0,317832.875,43275.0,0.70037275,1.42781113,9,3,6
synthetic_wallet_000242,6,3,3,3.37469083,18.93123509,1.12489694,3.78624702,5.35516968,4.13078009,0,2,3,4,60.0,1.0,466062.2,6929.0,0.17826047,5.60976873,6,3,3
synthetic_wallet_000243,10,2,8,2.86199562,14.28397655,1.43099781,1.19033138,2.09603908,0.58462712,0,2,5,6,60.0,1.0,201797.33333333,26378.0,0.20036407,4.99091489,10,2,8
synthetic_wallet_000244,8,2,6,1.33310535,24.16906984,0.66655267,2.41690698,3.9033263,2.0380671,0,3,5,5,60.0,1.0,318028.71428571,33125.0,0.0551575,18.12990237,8,2,6
synthetic_wallet_000245,13,2,11,3.53814138,19.01747922,1.76907069,0.90559425,2.72417484,0.89349341,0,5,6,10,60.0,1.0,194380.91666667,23001.0,0.18604681,5.37499132,13,2,11
synthetic_wallet_000246,8,2,6,3.07664978,3.83608222,1.53832489,0.31967352,1.98425537,0.26831948,0,2,4,6,60.0,1.0,270328.85714286,15294.0,0.80202915,1.24683747,8,2,6
synthetic_wallet_000247,10,3,7,1.43758307,42.00808348,0.47919436,3.23139104,15.16935244,17.80196926,0,2,7,7,60.0,1.0,234295.77777778,36645.0,0.03422158,29.22132596,10,3,7
synthetic_wallet_000248,12,8,4,11.17624979,16.09386027,1.39703122,3.21877205,12.30266046,9.24117545,0,1,4,5,60.0,1.0,261823.90909091,999.0,0.69444183,1.44000542,12,8,4
synthetic_wallet_000249,13,6,7,11.77442122,11.78758293,1.96240354,1.07159845,4.59984031,1.29746562,0,3,7,5,60.0,1.0,167218.16666667,4928.0,0.99888343,1.00111782,13,6,7
synthetic_wallet_000250,12,4,8,1.08646671,37.4329066,0.27161668,2.49552711,13.83446446,10.49023241,0,3,7,8,60.0,1.0,264192.90909091,25985.0,0.02902437,34.45379988,12,4,8
synthetic_wallet_000251,6,1,5,0.09334538,4.90958117,0.09334538,0.70136874,2.12523626,0.34672631,0,3,5,5,60.0,1.0,254988.2,63029.0,0.0190129,52.59586677,6,1,5
synthetic_wallet_000252,4,1,3,1.60546682,3.86335357,1.60546682,0.64389226,1.6347498,0.36617146,0,1,4,2,60.0,1.0,226219.0,47009.0,0.41556301,2.40637397,4,1,3
synthetic_wallet_000253,8,3,5,4.82110885,11.81223905,1.60703628,0.7874826,2.21253898,0.2559354,0,3,5,6,60.0,1.0,398058.85714286,81551.0,0.40814522,2.45010835,8,3,5
synthetic_wallet_000254,5,1,4,1.92021228,19.81305886,1.92021228,3.30217648,16.16401101,28.61957883,0,1,2,3,60.0,1.0,740133.75,413723.0,0.0969165,10.31816069,5,1,4
synthetic_wallet_000255,8,5,3,8.07868978,3.73230112,1.61573796,0.41470012,2.46593116,0.58418709,0,3,4,4,60.0,1.0,369745.71428571,58156.0,2.16453323,0.46199337,8,5,3
synthetic_wallet_000256,13,7,6,11.33531934,10.92955132,1.61933133,0.84073472,2.46237687,0.45847721,0,3,5,6,60.0,1.0,243540.08333333,23114.0,1.03712577,0.96420321,13,7,6
synthetic_wallet_000257,5,1,4,2.4100005,14.44580909,2.4100005,1.80572614,5.36178833,4.06770187,0,2,4,5,60.0,1.0,618479.0,23030.0,0.16683043,5.99411041,5,1,4
synthetic_wallet_000258,12,6,6,10.38211694,9.5873407,1.73035282,0.68481005,2.4976938,0.61683648,0,3,3,7,60.0,1.0,253450.0,77086.0,1.08289851,0.92344757,12,6,6
synthetic_wallet_000259,7,2,5,2.28441412,5.41223902,1.14220706,0.67652988,1.68749663,0.40239215,0,2,4,5,60.0,1.0,377770.66666667,98946.0,0.42208301,2.36920223,7,2,5
synthetic_wallet_000260,9,4,5,7.74470716,10.14976308,1.93617679,0.63436019,2.44037793,0.47296951,0,4,4,6,60.0,1.0,372882.5,6420.0,0.76304315,1.31054188,9,4,5
synthetic_wallet_000261,10,3,7,3.38515088,7.15573587,1.12838363,0.51112399,2.08689649,0.38956495,0,4,6,5,60.0,1.0,313113.66666667,22038.0,0.47306817,2.11386025,10,3,7
synthetic_wallet_000262,16,4,12,6.9170071,38.00692077,1.72925178,1.80985337,15.17179647,8.31579536,0,4,6,8,60.0,1.0,165929.93333333,14400.0,0.18199336,5.49470605,16,4,12
synthetic_wallet_000263,7,4,3,5.63844401,3.76117004,1.409611,0.94029251,2.25098418,0.54063253,0,1,4,4,60.0,1.0,358673.83333333,11467.0,1.49911968,0.66705815,7,4,3
synthetic_wallet_000264,12,3,9,3.1869605,10.0333644,1.06232017,0.62708527,1.48782965,0.1524145,0,4,6,6,60.0,1.0,233118.54545455,17268.0,0.31763628,3.14825502,12,3,9
synthetic_wallet_000265,8,4,4,4.31677789,19.43938781,1.07919447,1.61994898,16.87101607,16.03498051,0,3,4,5,60.0,1.0,400064.28571429,4493.0,0.22206347,4.50321705,8,4,4
synthetic_wallet_000266,8,0,8,0.0,41.84814195,0.0,2.32489678,5.1433295,3.50390466,0,3,6,7,60.0,1.0,317195.57142857,3929.0,0.0,41848141949.99999,8,0,8
synthetic_wallet_000267,10,3,7,3.43899904,16.77051783,1.14633301,1.04815736,2.31216585,0.7580798,0,3,6,7,60.0,1.0,279107.44444444,4041.0,0.20506219,4.8765695,10,3,7
synthetic_wallet_000268,7,4,3,7.40058963,4.89527229,1.85014741,1.63175743,2.39122478,0.60925942,0,1,4,4,60.0,1.0,426090.66666667,68169.0,1.51178304,0.66147058,7,4,3
synthetic_wallet_000269,9,4,5,5.51360403,8.43647508,1.37840101,0.84364751,2.29900364,0.59122627,0,2,4,5,60.0,1.0,342758.75,73996.0,0.65354357,1.53011987,9,4,5
synthetic_wallet_000270,8,2,6,4.57689076,6.78264892,2.28844538,0.75362766,2.39561193,0.63723069,0,3,4,6,60.0,1.0,335624.42857143,120346.0,0.67479399,1.48193376,8,2,6
synthetic_wallet_000271,8,2,6,2.79214218,19.84476953,1.39607109,1.65373079,12.46760558,9.5143739,0,3,3,5,60.0,1.0,322865.28571429,29614.0,0.14069915,7.10736354,8,2,6
synthetic_wallet_000272,9,3,6,4.68626147,16.77188262,1.56208716,1.39765688,2.99629988,1.14900687,0,3,4,6,60.0,1.0,317605.875,139341.0,0.27941177,3.57894725,9,3,6
synthetic_wallet_000273,11,5,6,5.92116083,13.2968201,1.18423217,0.73871223,2.40756691,0.61544763,0,5,5,5,60.0,1.0,271256.8,10442.0,0.44530653,2.24564414,11,5,6
synthetic_wallet_000274,10,4,6,6.57414077,14.31712568,1.64353519,1.30155688,2.45938988,0.46012814,0,3,6,6,60.0,1.0,303340.0,3127.0,0.45918021,2.17779421,10,4,6
synthetic_wallet_000275,9,2,7,1.64134543,43.23860449,0.82067271,2.16193022,5.01813264,3.36416577,0,4,7,7,60.0,1.0,236262.375,20946.0,0.03796019,26.34339104,9,2,7
synthetic_wallet_000276,10,1,9,1.2902918,14.79833953,1.2902918,0.61659748,2.47147999,0.22028255,0,3,6,7,60.0,1.0,286507.77777778,11381.0,0.08719166,11.46898673,10,1,9
synthetic_wallet_000277,4,1,3,2.27729663,5.71372409,2.27729663,0.71421551,5.32903055,2.94578671,0,2,2,3,60.0,1.0,601945.0,182066.0,0.39856608,2.50899422,4,1,3
synthetic_wallet_000278,10,4,6,4.04823995,9.68866899,1.01205999,0.60554181,2.38681867,0.34153505,0,3,5,7,60.0,1.0,219257.33333333,2881.0,0.41783241,2.39330403,10,4,6
synthetic_wallet_000279,6,1,5,0.77286065,7.22590065,0.77286065,0.90323758,2.43411026,0.55630269,0,3,5,5,60.0,1.0,499003.8,322317.0,0.106957,9.34955176,6,1,5
synthetic_wallet_000280,7,5,2,6.19170436,1.95704528,1.23834087,0.97852264,2.08981819,0.52465808,0,1,3,3,60.0,1.0,378942.33333333,12711.0,3.1638023,0.31607538,7,5,2
synthetic_wallet_000281,5,3,2,3.10428815,16.41049133,1.03476272,8.20524566,14.30882472,27.39634391,0,1,2,3,60.0,1.0,402791.5,32257.0,0.18916485,5.28639435,5,3,2
synthetic_wallet_000282,13,2,11,2.68925873,23.7831656,1.34462937,0.99096523,3.08716428,1.06964867,0,6,6,8,60.0,1.0,236581.16666667,14053.0,0.11307404,8.84376253,13,2,11
synthetic_wallet_000283,9,4,5,6.10497056,12.50973211,1.52624264,1.25097321,7.64350444,3.57677821,0,3,4,4,60.0,1.0,328770.25,50359.0,0.48801769,2.04910605,9,4,5
synthetic_wallet_000284,9,3,6,4.81599355,21.28751223,1.60533118,1.93522838,16.07723149,16.17560113,0,3,6,6,60.0,1.0,363928.375,19732.0,0.22623562,4.42017042,9,3,6
synthetic_wallet_000285,6,1,5,0.86378052,14.95796505,0.86378052,1.24649709,3.08899913,1.72191304,0,4,4,6,60.0,1.0,567939.8,385107.0,0.05774719,17.31685851,6,1,5
synthetic_wallet_000286,13,5,8,5.44471519,7.5570811,1.08894304,0.68700737,2.02319266,0.37846815,0,2,6,7,60.0,1.0,221320.58333333,274.0,0.7204786,1.38796628,13,5,8
synthetic_wallet_000287,6,4,2,5.17808078,3.72625834,1.2945202,0.53232262,1.72095781,0.17733829,0,2,3,3,60.0,1.0,514485.8,39716.0,1.38961937,0.71962152,6,4,2
synthetic_wallet_000288,11,4,7,4.82360374,4.21262161,1.20590094,0.21063108,1.98814655,0.28125111,0,6,6,6,60.0,1.0,195061.5,14831.0,1.14503608,0.87333492,11,4,7
synthetic_wallet_000289,10,4,6,5.18324005,25.44414264,1.29581001,1.59025891,15.78323834,10.87156753,0,4,6,6,60.0,1.0,216964.22222222,34588.0,0.20371054,4.90892615,10,4,6
synthetic_wallet_000290,15,6,9,7.38632273,11.8336548,1.23105379,0.69609734,2.33881835,0.38587103,0,3,8,7,60.0,1.0,168727.14285714,21769.0,0.62417933,1.60210368,15,6,9
synthetic_wallet_000291,9,2,7,3.86669316,8.53939412,1.93334658,0.56929294,2.31815022,0.64125349,0,4,4,6,60.0,1.0,238246.25,79903.0,0.4528065,2.20844886,9,2,7
synthetic_wallet_000292,6,2,4,3.2432992,5.02180377,1.6216496,1.00436075,2.04485627,0.41142332,0,2,5,4,60.0,1.0,269517.6,56585.0,0.64584348,1.54836278,6,2,4
synthetic_wallet_000293,14,2,12,3.61791251,21.25538801,1.80895626,1.41702587,7.81901645,3.1221306,0,1,8,9,60.0,1.0,229609.38461538,24439.0,0.17021155,5.87504202,14,2,12
synthetic_wallet_000294,9,4,5,3.99019433,5.70483337,0.99754858,0.71310417,1.98211415,0.34027542,0,2,5,5,60.0,1.0,187151.5,69218.0,0.699441,1.42971317,9,4,5
synthetic_wallet_000295,13,5,8,5.96708951,13.77858746,1.1934179,0.68892937,2.37672624,0.70118812,0,5,7,7,60.0,1.0,223769.0,18305.0,0.43306976,2.30909683,13,5,8
synthetic_wallet_000296,10,1,9,2.38591109,8.01022023,2.38591109,0.38143906,2.38591109,0.30540784,0,4,6,6,60.0,1.0,270841.22222222,2137.0,0.29785836,3.35730039,10,1,9
synthetic_wallet_000297,2,0,2,0.0,2.51922688,0.0,0.50384538,2.18052442,0.70281315,0,2,2,2,60.0,1.0,140279.0,140279.0,0.0,2519226879.9999995,2,0,2
synthetic_wallet_000298,11,7,4,7.45585287,4.65321815,1.06512184,0.77553636,2.34412659,0.60789045,0,1,5,5,60.0,1.0,231933.8,2283.0,1.60230031,0.62410273,11,7,4
synthetic_wallet_000299,12,3,9,4.44937456,11.31290513,1.48312485,0.62849473,2.47916193,0.61653706,0,2,7,7,60.0,1.0,250512.09090909,33321.0,0.39330079,2.54258323,12,3,9
synthetic_wallet_000300,7,4,3,5.0701081,15.22514382,1.26752702,1.26876199,3.27810205,1.6761817,0,4,3,4,60.0,1.0,405722.5,90855.0,0.33300888,3.00292292,7,4,3
synthetic_wallet_000301,5,0,5,0.0,12.27854492,0.0,1.36428277,7.49954087,4.72164364,0,1,5,5,60.0,1.0,638156.5,314777.0,0.0,12278544920.0,5,0,5
synthetic_wallet_000302,8,4,4,4.17478675,15.09004037,1.04369669,3.01800807,6.19690256,5.24162207,0,1,4,4,60.0,1.0,318459.14285714,21140.0,0.27665842,3.61456555,8,4,4
synthetic_wallet_000303,10,2,8,2.94256927,26.42479258,1.47128463,1.32123963,9.81714437,3.94659989,0,6,6,7,60.0,1.0,261629.55555556,2326.0,0.11135638,8.9801769,10,2,8
synthetic_wallet_000304,9,4,5,3.67304495,7.68914314,0.91826124,0.69901301,2.34073203,0.51594021,0,3,4,5,60.0,1.0,318988.75,4444.0,0.47769236,2.09339751,9,4,5
synthetic_wallet_000305,12,6,6,7.34884673,19.36512238,1.22480779,1.21032015,5.07275021,2.63284277,0,5,5,5,60.0,1.0,244433.81818182,97877.0,0.37948878,2.635124,12,6,6
synthetic_wallet_000306,11,5,6,7.47757425,23.32643484,1.49551485,1.66617392,10.70587626,4.93357315,0,4,6,6,60.0,1.0,226017.3,5386.0,0.32056224,3.11951899,11,5,6
synthetic_wallet_000307,9,5,4,5.2084333,5.92888261,1.04168666,0.59288826,2.14826552,0.26632622,0,3,4,4,60.0,1.0,339689.125,26907.0,0.87848481,1.13832361,9,5,4
synthetic_wallet_000308,11,4,7,5.66319705,9.97153886,1.41579926,0.62322118,2.24287972,0.37907872,0,4,4,6,60.0,1.0,262058.3,10133.0,0.56793612,1.76076142,11,4,7
synthetic_wallet_000309,9,1,8,0.52230678,19.55250054,0.52230678,1.39660718,2.85296426,0.95077083,0,2,6,5,60.0,1.0,330139.5,1803.0,0.02671304,37.43489705,9,1,8
synthetic_wallet_000310,7,1,6,0.58368642,44.69779645,0.58368642,2.48321091,4.48110591,2.41977726,0,5,5,6,60.0,1.0,382114.83333333,108237.0,0.01305851,76.57844164,7,1,6
synthetic_wallet_000311,6,0,6,0.0,13.13769287,0.0,1.31376929,2.45697598,0.67611606,0,3,3,5,60.0,1.0,593271.2,478088.0,0.0,13137692870.0,6,0,6
synthetic_wallet_000312,9,4,5,5.87052962,14.16013141,1.4676324,1.41601314,2.25744991,0.64708437,0,2,5,5,60.0,1.0,304899.25,27453.0,0.41458158,2.41207052,9,4,5
synthetic_wallet_000313,12,6,6,7.00441111,32.43010311,1.16740185,2.94819119,14.66097413,11.75457144,0,2,6,6,60.0,1.0,251745.90909091,1727.0,0.21598485,4.62995427,12,6,6
synthetic_wallet_000314,12,4,8,6.08720365,24.00228359,1.52180091,1.3334602,15.51629854,9.97064461,0,4,7,7,60.0,1.0,238879.36363636,23891.0,0.25360935,3.94307222,12,4,8
synthetic_wallet_000315,7,1,6,1.27338791,25.46422757,1.27338791,1.95878674,7.91624299,6.17842311,0,4,5,5,60.0,1.0,271890.16666667,10340.0,0.05000693,19.99722737,7,1,6
synthetic_wallet_000316,9,1,8,0.7260597,22.58999984,0.7260597,1.61357142,11.0690731,6.89739571,0,2,5,7,60.0,1.0,285664.0,81157.0,0.03214076,31.11314378,9,1,8
synthetic_wallet_000317,12,4,8,6.72938173,13.53747349,1.68234543,0.96696239,2.32589802,0.3031509,0,1,7,6,60.0,1.0,198025.27272727,1050.0,0.49709288,2.01169647,12,4,8
synthetic_wallet_000318,5,1,4,2.23680187,4.56704684,2.23680187,0.65243526,2.23680187,0.61993501,0,1,3,5,60.0,1.0,649013.0,19784.0,0.48976986,2.04177531,5,1,4
synthetic_wallet_000319,10,2,8,2.30028907,9.23605193,1.15014453,0.513114,1.69963273,0.24167152,0,2,6,7,60.0,1.0,285962.11111111,13469.0,0.24905545,4.01517012,10,2,8
synthetic_wallet_000320,8,5,3,6.80890761,7.11291912,1.36178152,2.37097304,6.37291742,3.55292979,0,1,4,3,60.0,1.0,300417.0,47161.0,0.95725925,1.04464909,8,5,3
synthetic_wallet_000321,9,4,5,3.14640371,7.33363876,0.78660093,0.66669443,2.11166341,0.27321926,0,4,5,5,60.0,1.0,254832.625,14951.0,0.42903718,2.33080032,9,4,5
synthetic_wallet_000322,12,5,7,8.33603681,18.18156848,1.66720736,1.06950403,2.52435314,0.78582723,0,4,6,6,60.0,1.0,210085.72727273,15757.0,0.45848832,2.18108064,12,5,7
synthetic_wallet_000323,10,2,8,1.84422859,13.57686969,0.9221143,1.13140581,1.84194772,0.35849657,0,3,4,7,60.0,1.0,321934.66666667,15365.0,0.13583607,7.361815,10,2,8
synthetic_wallet_000324,8,5,3,6.87705092,13.68767648,1.37541018,4.56255883,12.01856506,13.1050875,0,1,4,4,60.0,1.0,303861.71428571,1564.0,0.50242647,1.99034101,8,5,3
synthetic_wallet_000325,12,8,4,11.94372336,22.67008665,1.49296542,1.88917389,5.66708496,3.04298544,0,3,5,4,60.0,1.0,212858.0,9570.0,0.52684948,1.89807533,12,8,4
synthetic_wallet_000326,17,7,10,8.19882176,25.63444562,1.17126025,1.42413587,3.56849728,1.3614293,0,4,6,7,60.0,1.0,164164.125,7896.0,0.31983613,3.12660116,17,7,10
synthetic_wallet_000327,9,3,6,4.20616297,8.84436686,1.40205432,0.73703057,2.5183678,0.39013291,0,4,6,6,60.0,1.0,270263.125,74543.0,0.47557536,2.10271616,9,3,6
synthetic_wallet_000328,10,4,6,2.96741605,28.4852498,0.74185401,2.19117306,13.95356535,12.66478073,0,3,4,6,60.0,1.0,268022.77777778,69800.0,0.10417378,9.59934479,10,4,6
synthetic_wallet_000329,9,3,6,5.33908191,7.3332967,1.77969397,0.45833104,2.3322897,0.48743016,0,4,4,4,60.0,1.0,269928.625,5161.0,0.72806026,1.37351268,9,3,6
synthetic_wallet_000330,7,3,4,4.5215522,11.86811193,1.50718407,1.69544456,8.50546321,5.85353368,0,2,5,5,60.0,1.0,332598.5,22309.0,0.38098328,2.62478711,7,3,4
synthetic_wallet_000331,7,3,4,1.52089753,8.25131616,0.50696584,1.17875945,2.19534963,0.56208228,0,2,3,3,60.0,1.0,229461.0,28698.0,0.18432181,5.42529394,7,3,4
synthetic_wallet_000332,11,3,8,6.62606352,42.24378624,2.20868784,2.64023664,17.77420147,17.39685193,0,1,6,7,60.0,1.0,296809.6,6090.0,0.15685297,6.37539711,11,3,8
synthetic_wallet_000333,10,2,8,0.64094862,26.0605669,0.32047431,0.96520618,3.3323507,1.16841126,0,8,7,5,60.0,1.0,234384.33333333,14164.0,0.02459458,40.6593697,10,2,8
synthetic_wallet_000334,8,2,6,3.50413202,12.25294843,1.75206601,0.94253449,2.40102694,0.92716585,0,4,5,6,60.0,1.0,375434.42857143,74261.0,0.28598276,3.49671427,8,2,6
synthetic_wallet_000335,7,1,6,0.63273114,7.27697507,0.63273114,0.48513167,0.71582147,0.04147183,0,6,5,5,60.0,1.0,322108.0,83327.0,0.08694975,11.50089605,7,1,6
synthetic_wallet_000336,10,6,4,4.61602024,7.67370601,0.76933671,0.7673706,2.21252747,0.37173705,0,2,5,5,60.0,1.0,329795.33333333,14450.0,0.60153728,1.66240736,10,6,4
synthetic_wallet_000337,8,5,3,4.55959863,5.75325106,0.91191973,0.71915638,1.65971204,0.16401544,0,3,3,4,60.0,1.0,348153.14285714,41083.0,0.79252558,1.26178893,8,5,3
synthetic_wallet_000338,8,4,4,4.9441686,5.84317232,1.23604215,0.8347389,2.43049049,0.51543829,0,3,4,5,60.0,1.0,374267.42857143,36009.0,0.84614458,1.18183112,8,4,4
synthetic_wallet_000339,8,4,4,6.65388503,7.27622502,1.66347126,1.03946072,2.24223847,0.34299644,0,2,5,3,60.0,1.0,283246.0,142939.0,0.91446939,1.09353032,8,4,4
synthetic_wallet_000340,13,5,8,6.72393366,38.78896576,1.34478673,4.30988508,17.88485804,23.32363664,0,1,7,7,60.0,1.0,207728.75,20925.0,0.17334656,5.76879067,13,5,8
synthetic_wallet_000341,6,3,3,6.66642189,5.85865172,2.22214063,0.97644195,2.41128367,0.738624,0,2,3,4,60.0,1.0,532605.4,107265.0,1.13787646,0.87883003,6,3,3
synthetic_wallet_000342,9,2,7,3.45034714,33.65872009,1.72517357,2.40419429,10.73330365,6.41595106,0,4,5,7,60.0,1.0,324789.75,89.0,0.10250975,9.75516918,9,2,7
synthetic_wallet_000343,8,3,5,5.03146108,6.29009946,1.67715369,0.69889994,2.44656948,0.58366608,0,1,4,6,60.0,1.0,293032.57142857,14620.0,0.79990167,1.25015366,8,3,5
synthetic_wallet_000344,8,2,6,2.52562192,7.7731542,1.26281096,0.64776285,2.46938742,0.55648571,0,3,5,6,60.0,1.0,379275.0,25218.0,0.32491597,3.07771885,8,2,6
synthetic_wallet_000345,7,1,6,0.6841106,6.33755668,0.6841106,0.37279745,0.73942471,0.05127094,0,4,5,5,60.0,1.0,475496.66666667,17830.0,0.10794548,9.2639358,7,1,6
synthetic_wallet_000346,8,2,6,1.32173876,7.00083975,0.66086938,0.58340331,2.26111808,0.47954592,0,3,4,6,60.0,1.0,252350.42857143,5657.0,0.18879717,5.29668945,8,2,6
synthetic_wallet_000347,11,6,5,10.87331559,20.64249995,1.81221927,1.8765909,9.69634008,6.22633711,0,2,6,5,60.0,1.0,251575.3,28857.0,0.52674413,1.89845496,11,6,5
synthetic_wallet_000348,5,4,1,3.28671293,0.7222525,0.82167823,0.24075083,1.19850001,0.12706979,0,1,2,2,60.0,1.0,546090.25,150040.0,4.55064251,0.21974919,5,4,1
synthetic_wallet_000349,14,7,7,12.40254482,20.10117925,1.77179212,1.67509827,4.55617197,1.92078201,0,3,5,6,60.0,1.0,217723.0,2197.0,0.61700583,1.62073022,14,7,7
synthetic_wallet_000350,10,2,8,3.53295741,10.98003526,1.7664787,0.73200235,2.36203934,0.5398901,0,3,6,6,60.0,1.0,288551.55555556,15456.0,0.32176194,3.10788781,10,2,8
synthetic_wallet_000351,5,2,3,2.59742245,13.29057729,1.29871123,1.47673081,2.960305,1.64727404,0,3,4,4,60.0,1.0,464760.0,16497.0,0.19543338,5.11683315,5,2,3
synthetic_wallet_000352,14,6,8,6.66426134,10.84557065,1.11071022,0.90379755,2.07166613,0.32957017,0,2,6,7,60.0,1.0,179701.53846154,14660.0,0.61446848,1.62742277,14,6,8
synthetic_wallet_000353,5,0,5,0.0,19.62367806,0.0,2.45295976,13.3251181,17.3692557,0,2,5,5,60.0,1.0,655509.0,7312.0,0.0,19623678060.0,5,0,5
synthetic_wallet_000354,9,7,2,7.0501915,2.48394418,1.00717021,0.49678884,1.91303303,0.33640522,0,2,2,2,60.0,1.0,331861.875,6193.0,2.83830513,0.35232294,9,7,2
synthetic_wallet_000355,9,4,5,5.35668083,8.50040926,1.33917021,1.06255116,2.20962302,0.37213062,0,2,4,5,60.0,1.0,343794.0,44872.0,0.6301674,1.58687992,9,4,5
synthetic_wallet_000356,11,4,7,5.00889912,15.02780353,1.25222478,0.79093703,2.8917168,0.93304133,0,5,6,7,60.0,1.0,264722.5,3889.0,0.3333088,3.00022084,11,4,7
synthetic_wallet_000357,12,7,5,9.48846203,32.76965125,1.35549458,4.09620641,17.88114646,17.39423794,0,2,5,5,60.0,1.0,207396.18181818,25396.0,0.28955029,3.45363149,12,7,5
synthetic_wallet_000358,7,3,4,5.38146594,5.67502721,1.79382198,0.63055858,2.37274422,0.63394342,0,3,4,5,60.0,1.0,431106.5,56813.0,0.94827139,1.05455043,7,3,4
synthetic_wallet_000359,10,5,5,6.38923459,14.98058175,1.27784692,1.15235244,2.476099,0.77192916,0,3,5,4,60.0,1.0,260314.66666667,86225.0,0.4265011,2.34465984,10,5,5
synthetic_wallet_000360,15,6,9,7.87562139,11.58068421,1.31260357,0.64337134,2.38569933,0.53409145,0,3,7,7,60.0,1.0,188934.78571429,5996.0,0.68006529,1.47044705,15,6,9
synthetic_wallet_000361,6,3,3,5.59248473,20.12324278,1.86416158,6.70774759,16.60790005,30.66798792,0,1,4,2,60.0,1.0,404942.8,41379.0,0.27791171,3.59826513,6,3,3
synthetic_wallet_000362,14,5,9,5.67882209,22.31736304,1.13576442,0.97032013,3.26162918,1.07821159,0,5,6,7,60.0,1.0,229687.61538462,234.0,0.25445758,3.92992819,14,5,9
synthetic_wallet_000363,8,1,7,0.39494917,9.15759219,0.39494917,0.53868189,2.40005037,0.3706741,0,3,5,6,60.0,1.0,359512.14285714,27295.0,0.04312806,23.18676145,8,1,7
synthetic_wallet_000364,10,4,6,4.86848678,7.99717793,1.21712169,0.47042223,1.58929902,0.16127284,0,6,3,6,60.0,1.0,280241.55555556,19531.0,0.6087756,1.6426414,10,4,6
synthetic_wallet_000365,14,3,11,3.72689236,35.26225025,1.24229745,1.35624039,5.02739661,1.53349304,0,8,8,8,60.0,1.0,198047.30769231,322.0,0.10569071,9.46156928,14,3,11
synthetic_wallet_000366,7,4,3,4.51961326,2.9913791,1.12990331,0.99712637,1.82517577,0.31558251,0,1,4,3,60.0,1.0,460459.33333333,126593.0,1.51087947,0.66186617,7,4,3
synthetic_wallet_000367,11,1,10,1.6544167,26.57926551,1.6544167,0.85739566,3.38714834,1.09091137,0,6,7,7,60.0,1.0,281903.8,8617.0,0.06224464,16.06564145,11,1,10
synthetic_wallet_000368,10,3,7,4.51193281,9.06511354,1.5039776,0.45325568,2.70273974,0.52137613,0,5,4,7,60.0,1.0,290333.55555556,5040.0,0.49772491,2.00914196,10,3,7
synthetic_wallet_000369,7,4,3,4.0099219,12.93281252,1.00248048,4.31093751,9.58531018,8.97879193,0,1,2,4,60.0,1.0,478729.0,89196.0,0.31005799,3.22520309,7,4,3
synthetic_wallet_000370,9,5,4,4.39932298,16.33133121,0.8798646,1.81459236,13.19116194,10.70021635,0,3,3,5,60.0,1.0,282656.125,35680.0,0.26937933,3.71223738,9,5,4
synthetic_wallet_000371,15,4,11,2.10542049,21.74972458,0.52635512,0.98862384,2.42019632,0.70016688,0,4,6,8,60.0,1.0,194942.78571429,16209.0,0.09680217,10.33034716,15,4,11
synthetic_wallet_000372,7,2,5,3.83364913,14.46395992,1.91682456,1.31490545,2.35119514,0.71781381,0,4,4,5,60.0,1.0,444709.83333333,97770.0,0.26504838,3.77289612,7,2,5
synthetic_wallet_000373,7,3,4,3.23756318,3.97712336,1.07918773,0.39771234,1.42934191,0.16206895,0,3,4,4,60.0,1.0,373080.33333333,104190.0,0.81404646,1.22843112,7,3,4
synthetic_wallet_000374,5,3,2,3.55742913,24.75643077,1.18580971,3.53663297,4.46997326,2.14730953,0,2,2,2,60.0,1.0,463052.0,65828.0,0.14369717,6.95907912,5,3,2
synthetic_wallet_000375,11,3,8,4.3511198,22.23419494,1.45037327,0.85516134,3.61101755,1.44766773,0,8,4,7,60.0,1.0,244052.6,86326.0,0.19569496,5.10999374,11,3,8
synthetic_wallet_000376,5,2,3,4.19063285,5.4626016,2.09531643,1.09252032,2.40596925,0.70004671,0,1,4,4,60.0,1.0,511313.75,200370.0,0.76714964,1.30352665,5,2,3
synthetic_wallet_000377,9,4,5,6.76900157,5.74225906,1.69225039,0.63802878,2.4459194,0.79123892,0,3,4,6,60.0,1.0,364036.125,98734.0,1.17880463,0.84831699,9,4,5
synthetic_wallet_000378,9,5,4,6.80366744,12.52519214,1.36073349,2.08753202,2.49333309,0.4167974,0,2,4,4,60.0,1.0,328597.125,125328.0,0.54319865,1.84094714,9,5,4
synthetic_wallet_000379,5,3,2,5.7003966,2.42636368,1.9001322,0.34662338,2.47803075,0.62547119,0,3,3,3,60.0,1.0,246957.0,66860.0,2.34935787,0.42564822,5,3,2
synthetic_wallet_000380,7,2,5,3.84667415,18.6891672,1.92333708,2.07657413,7.34350321,6.63355755,0,3,5,5,60.0,1.0,281933.5,11031.0,0.20582373,4.85852622,7,2,5
synthetic_wallet_000381,13,5,8,4.05745426,15.77317623,0.81149085,1.57731762,3.61314407,0.73876964,0,2,6,5,60.0,1.0,228148.66666667,32870.0,0.25723762,3.88745633,13,5,8
synthetic_wallet_000382,10,3,7,6.26560346,13.78100109,2.08853449,0.86131257,4.27907616,1.21417525,0,4,7,7,60.0,1.0,263017.22222222,57548.0,0.45465517,2.19946908,10,3,7
synthetic_wallet_000383,18,5,13,5.41533073,33.5607392,1.08306615,1.15726687,2.43312059,0.55037944,0,5,7,9,60.0,1.0,152421.41176471,1009.0,0.1613591,6.19735726,18,5,13
synthetic_wallet_000384,11,6,5,7.70699298,17.36613416,1.28449883,2.17076677,2.40222303,0.29654809,0,1,3,5,60.0,1.0,266814.1,17868.0,0.44379439,2.2532957,11,6,5
synthetic_wallet_000385,13,6,7,4.03461163,8.792016,0.67243527,0.549501,1.91342235,0.31138353,0,3,4,6,60.0,1.0,243853.83333333,20677.0,0.45889494,2.17914803,13,6,7
synthetic_wallet_000386,8,4,4,5.4562824,5.42628441,1.3640706,1.3565711,2.38234578,0.4867299,0,1,4,4,60.0,1.0,257991.57142857,40680.0,1.00552827,0.99450212,8,4,4
synthetic_wallet_000387,6,1,5,0.31173031,6.74847702,0.31173031,0.6748477,2.26722916,0.3376569,0,2,5,5,60.0,1.0,559775.6,24097.0,0.04619269,21.64844676,6,1,5
synthetic_wallet_000388,6,2,4,2.75813021,2.37468043,1.37906511,0.47493609,2.01197012,0.37665053,0,2,5,5,60.0,1.0,219872.6,48328.0,1.16147427,0.86097474,6,2,4
synthetic_wallet_000389,6,2,4,4.36551885,6.55803543,2.18275942,1.63950886,2.45446894,0.11354873,0,1,3,4,60.0,1.0,519454.6,111281.0,0.66567479,1.50223505,6,2,4
synthetic_wallet_000390,12,4,8,6.24423658,27.50378331,1.56105914,1.61786961,14.01830439,8.33785807,0,3,7,7,60.0,1.0,267007.18181818,98.0,0.22703191,4.40466708,12,4,8
synthetic_wallet_000391,11,7,4,9.86605596,4.42196923,1.40943657,0.4019972,2.24515179,0.53605317,0,3,3,5,60.0,1.0,294546.0,15347.0,2.23114532,0.4482003,11,7,4
synthetic_wallet_000392,11,3,8,6.60619297,36.23080196,2.20206432,1.57525226,3.97579089,2.25032361,0,5,5,5,60.0,1.0,210664.2,1887.0,0.18233637,5.48436931,11,3,8
synthetic_wallet_000393,10,4,6,6.1934267,20.00209616,1.54835667,1.11122756,3.80606812,1.7725192,0,4,5,7,60.0,1.0,190310.33333333,6748.0,0.30963888,3.22956856,10,4,6
synthetic_wallet_000394,8,3,5,5.27557483,9.48167637,1.75852494,1.0535196,2.43677391,0.3900573,0,3,6,5,60.0,1.0,378711.14285714,254208.0,0.55639685,1.79727834,8,3,5
synthetic_wallet_000395,12,3,9,6.79298276,32.78953897,2.26432759,1.92879641,12.07834994,7.04936782,0,5,8,6,60.0,1.0,178541.81818182,14420.0,0.20716921,4.8269722,12,3,9
synthetic_wallet_000396,10,5,5,3.41489909,17.70202715,0.68297982,1.6092752,2.97890305,1.16726329,0,4,5,3,60.0,1.0,323668.22222222,5508.0,0.19291006,5.18376288,10,5,5
synthetic_wallet_000397,12,4,8,6.79872983,32.87335139,1.69968246,2.05458446,13.75028268,8.55432735,0,4,6,6,60.0,1.0,259610.09090909,15396.0,0.20681584,4.83521955,12,4,8
synthetic_wallet_000398,9,3,6,2.08909097,4.99079413,0.69636366,0.33271961,1.44318146,0.15864694,0,4,4,6,60.0,1.0,344457.0,19826.0,0.41858889,2.38897884,9,3,6
synthetic_wallet_000399,8,7,1,8.2183106,0.26832216,1.17404437,0.26832216,1.84393791,0.41365415,0,1,2,2,60.0,1.0,273977.85714286,8325.0,30.62851984,0.03264931,8,7,1
synthetic_wallet_000400,6,3,3,3.05185571,1.35888099,1.01728524,0.22648017,1.83456787,0.29633156,0,2,3,3,60.0,1.0,468459.8,81453.0,2.24585945,0.44526384,6,3,3
synthetic_wallet_000401,12,5,7,5.36672407,13.03447632,1.07334481,0.5924762,2.52435314,0.54785497,0,4,6,7,60.0,1.0,240041.45454545,22009.0,0.411733,2.42875843,12,5,7
synthetic_wallet_000402,9,2,7,2.13542086,16.31369745,1.06771043,1.4830634,2.34855814,0.27515125,0,3,6,6,60.0,1.0,335708.0,1868.0,0.13089742,7.63957015,9,2,7
synthetic_wallet_000403,13,7,6,10.84632652,34.13352425,1.54947522,2.62565571,8.9402327,7.88114482,0,5,6,6,60.0,1.0,205155.91666667,10341.0,0.31776169,3.14701242,13,7,6
synthetic_wallet_000404,9,3,6,6.65384508,8.59128648,2.21794836,0.71594054,2.42239237,0.52118053,0,2,5,6,60.0,1.0,332563.0,52739.0,0.77448763,1.29117621,9,3,6
synthetic_wallet_000405,10,1,9,1.3860752,15.20221359,1.3860752,0.8001165,1.71512596,0.20336244,0,5,4,6,60.0,1.0,226334.11111111,15710.0,0.09117588,10.96781299,10,1,9
synthetic_wallet_000406,5,1,4,1.49183911,16.54943096,1.49183911,2.06867887,12.24080823,13.61891303,0,3,4,4,60.0,1.0,369888.5,5982.0,0.09014444,11.09330815,5,1,4
synthetic_wallet_000407,11,6,5,6.41257953,19.88642574,1.06876325,1.80785689,14.81516497,11.46585334,0,3,4,5,60.0,1.0,258811.5,18904.0,0.32246014,3.10115853,11,6,5
synthetic_wallet_000408,9,3,6,2.62754553,8.82568184,0.87584851,0.98063132,3.15629484,1.11314212,0,3,5,5,60.0,1.0,317361.375,42080.0,0.29771587,3.35890729,9,3,6
synthetic_wallet_000409,11,4,7,6.11790694,8.02625613,1.52947674,0.40131281,2.35643928,0.43544244,0,6,7,6,60.0,1.0,289241.4,73.0,0.76223669,1.31192844,11,4,7
synthetic_wallet_000410,14,5,9,5.95871584,16.21675303,1.19174317,0.95392665,2.13383907,0.32843434,0,4,6,8,60.0,1.0,153226.30769231,2305.0,0.36744198,2.7215181,14,5,9
synthetic_wallet_000411,9,2,7,2.68701794,17.24900167,1.34350897,1.43741681,9.09107144,4.91130134,0,3,6,7,60.0,1.0,297965.75,606.0,0.15577817,6.41938463,9,2,7
synthetic_wallet_000412,13,4,9,4.37197021,13.38652873,1.09299255,0.66932644,1.6927689,0.16360839,0,5,7,7,60.0,1.0,199142.66666667,58637.0,0.32659477,3.06189843,13,4,9
synthetic_wallet_000413,7,1,6,0.70189784,11.07478057,0.70189784,0.79105576,4.02283644,1.0803432,0,2,5,4,60.0,1.0,481838.33333333,18208.0,0.06337804,15.77833687,7,1,6
synthetic_wallet_000414,10,6,4,6.94701109,3.91239042,1.15783518,0.43471005,2.20633267,0.37855921,0,2,4,4,60.0,1.0,307953.66666667,64473.0,1.77564362,0.56317607,10,6,4
synthetic_wallet_000415,10,5,5,7.80594662,5.77469106,1.56118932,0.41247793,2.45165289,0.44288183,0,4,4,6,60.0,1.0,294148.66666667,42027.0,1.35175138,0.73978101,10,5,5
synthetic_wallet_000416,13,5,8,5.48466989,32.39838404,1.09693398,2.49218339,11.61515483,9.31833261,0,4,6,6,60.0,1.0,209192.5,35252.0,0.16928838,5.90708004,13,5,8
synthetic_wallet_000417,8,5,3,6.7804232,3.61069416,1.35608464,0.60178236,2.05703454,0.520879,0,2,4,3,60.0,1.0,390043.71428571,73880.0,1.87787248,0.53251752,8,5,3
synthetic_wallet_000418,4,1,3,1.95109963,2.75204328,1.95109963,0.30578259,1.95109963,0.33868965,0,4,3,3,60.0,1.0,355764.33333333,175850.0,0.70896401,1.41050884,4,1,3
synthetic_wallet_000419,10,4,6,3.8127797,11.33298582,0.95319492,0.80949899,2.35330083,0.67000014,0,4,5,6,60.0,1.0,301347.11111111,352.0,0.33643205,2.97236838,10,4,6
synthetic_wallet_000420,5,1,4,1.39139456,6.78985963,1.39139456,0.84873245,2.17557481,0.49425874,0,3,3,4,60.0,1.0,561369.75,56212.0,0.20492243,4.8798952,5,1,4
synthetic_wallet_000421,9,2,7,1.4527836,9.23528225,0.7263918,0.65966302,2.2554757,0.52329089,0,3,6,5,60.0,1.0,308524.25,47771.0,0.15730798,6.35695657,9,2,7
synthetic_wallet_000422,14,6,8,8.29569634,11.02094723,1.38261606,0.84776517,5.13150861,1.52688561,0,2,5,8,60.0,1.0,211037.92307692,14423.0,0.75272081,1.32851382,14,6,8
synthetic_wallet_000423,7,2,5,4.00581849,6.41406641,2.00290925,0.71267405,2.40134937,0.59522905,0,3,3,4,60.0,1.0,330569.66666667,19569.0,0.62453648,1.60118748,7,2,5
synthetic_wallet_000424,5,3,2,1.52617074,8.60128997,0.50872358,1.72025799,2.13520893,0.82273558,0,1,2,3,60.0,1.0,303713.5,45490.0,0.1774351,5.6358635,5,3,2
synthetic_wallet_000425,8,1,7,1.86892088,10.13886234,1.86892088,0.50694312,2.12418309,0.34336518,0,4,6,7,60.0,1.0,345346.85714286,62889.0,0.18433241,5.42498211,8,1,7
synthetic_wallet_000426,11,2,9,1.29996056,12.35349671,0.64998028,0.77209354,2.38396957,0.38499296,0,3,9,6,60.0,1.0,255093.3,48671.0,0.10523017,9.50297808,11,2,9
synthetic_wallet_000427,8,1,7,2.25983519,6.94075906,2.25983519,0.77119545,2.25983519,0.46230211,0,1,6,6,60.0,1.0,329053.85714286,7951.0,0.32558906,3.07135631,8,1,7
synthetic_wallet_000428,10,3,7,1.22314748,7.64062619,0.40771583,0.50937508,1.42415141,0.12761502,0,3,5,6,60.0,1.0,311445.66666667,43438.0,0.16008472,6.2466925,10,3,7
synthetic_wallet_000429,14,6,8,7.63859283,15.08884365,1.2730988,1.00592291,2.6628043,0.70506458,0,3,8,7,60.0,1.0,223615.38461538,62309.0,0.5062411,1.97534336,14,6,8
synthetic_wallet_000430,18,9,9,8.53063042,55.90109718,0.94784782,3.28829983,11.03620477,9.97942805,0,4,8,7,60.0,1.0,98460.23529412,6330.0,0.1526022,6.55298547,18,9,9
synthetic_wallet_000431,11,3,8,4.21366767,20.95974942,1.40455589,1.49712496,5.66768885,2.80410914,0,4,7,6,60.0,1.0,255827.6,25717.0,0.20103617,4.97422936,11,3,8
synthetic_wallet_000432,10,3,7,3.2860218,5.33501384,1.0953406,0.2807902,2.44713974,0.34573587,0,6,6,6,60.0,1.0,308154.11111111,21736.0,0.61593501,1.62354791,10,3,7
synthetic_wallet_000433,7,3,4,4.81640011,16.51048158,1.6054667,1.37587346,3.61130921,2.09867908,0,4,4,4,60.0,1.0,415800.0,26275.0,0.29171772,3.42797135,7,3,4
synthetic_wallet_000434,9,2,7,2.64428531,23.93028935,1.32214265,1.99419078,13.72298521,11.02423896,0,3,4,5,60.0,1.0,352283.75,44123.0,0.11049951,9.04981367,9,2,7
synthetic_wallet_000435,10,4,6,3.09235579,10.87320142,0.77308895,0.60406675,1.61165689,0.1980768,0,5,4,6,60.0,1.0,287545.88888889,26191.0,0.28440159,3.51615472,10,4,6
synthetic_wallet_000436,11,2,9,3.70509731,21.59233447,1.85254866,0.98146975,2.16304288,0.55646237,0,4,8,8,60.0,1.0,263952.2,3676.0,0.17159318,5.82773748,11,2,9
synthetic_wallet_000437,12,4,8,5.41624515,53.65307243,1.35406129,2.98072625,13.26304639,11.73877675,0,5,6,7,60.0,1.0,197611.90909091,19031.0,0.10094939,9.90595347,12,4,8
synthetic_wallet_000438,11,2,9,1.41892815,14.38263508,0.70946407,0.71913175,1.80799147,0.39766796,0,3,5,5,60.0,1.0,269845.7,10712.0,0.09865565,10.13626735,11,2,9
synthetic_wallet_000439,17,7,10,8.42919,20.26153636,1.20417,1.26634602,10.01166751,3.92779389,0,2,7,8,60.0,1.0,162606.6875,19216.0,0.41601929,2.40373468,17,7,10
synthetic_wallet_000440,8,2,6,1.9252403,21.64816673,0.96262015,1.66524359,5.8477755,4.67401803,0,3,5,7,60.0,1.0,350698.28571429,113530.0,0.08893318,11.24439725,8,2,6
synthetic_wallet_000441,11,6,5,5.40265188,4.25428154,0.90044198,0.42542815,1.71434904,0.32957785,0,3,5,5,60.0,1.0,260505.5,884.0,1.26993285,0.78744321,11,6,5
synthetic_wallet_000442,10,3,7,2.23526689,11.48221773,0.74508896,0.95685148,2.24352615,0.48584713,0,2,6,6,60.0,1.0,229516.22222222,71400.0,0.19467205,5.13684419,10,3,7
synthetic_wallet_000443,14,4,10,7.54391872,33.36467129,1.88597968,1.33458685,7.65807509,3.01054884,0,4,7,7,60.0,1.0,195093.38461538,55.0,0.22610499,4.42272412,14,4,10
synthetic_wallet_000444,13,4,9,6.62579519,33.61850721,1.6564488,1.40077113,7.10956574,3.62809479,0,7,6,10,60.0,1.0,189563.66666667,37864.0,0.19708773,5.07388264,13,4,9
synthetic_wallet_000445,9,4,5,5.29375372,13.243566,1.32343843,1.20396055,2.70747016,0.91669939,0,2,4,4,60.0,1.0,322700.375,22404.0,0.39972268,2.50173444,9,4,5
synthetic_wallet_000446,5,2,3,3.11812582,5.09819747,1.55906291,1.69939916,2.26597562,0.24609989,0,1,4,4,60.0,1.0,613604.5,119082.0,0.61161339,1.6350198,5,2,3
synthetic_wallet_000447,8,3,5,3.56754067,9.49094768,1.18918022,0.94909477,2.21223824,0.37331952,0,3,5,6,60.0,1.0,409138.0,7367.0,0.37588877,2.66036145,8,3,5
synthetic_wallet_000448,18,5,13,6.88384765,21.88261682,1.37676953,1.04202937,4.38285973,0.84793198,0,4,8,8,60.0,1.0,173170.76470588,2647.0,0.31458064,3.17883514,18,5,13
synthetic_wallet_000449,12,3,9,2.28135887,12.64019274,0.76045296,0.60191394,2.85165232,0.56256517,0,6,7,8,60.0,1.0,226928.0,4665.0,0.1804845,5.54064199,12,3,9
synthetic_wallet_000450,10,5,5,4.38315031,7.24394243,0.87663006,0.72439424,2.42285921,0.28745559,0,1,5,6,60.0,1.0,300268.88888889,520.0,0.60507802,1.65267945,10,5,5
synthetic_wallet_000451,8,4,4,7.6947868,5.76430872,1.9236967,0.64047875,2.48004905,0.66730755,0,3,3,4,60.0,1.0,318049.42857143,13614.0,1.33490192,0.7491187,8,4,4
synthetic_wallet_000452,9,3,6,5.72137118,13.13005748,1.90712373,1.01000442,4.90735742,1.37160784,0,4,6,6,60.0,1.0,231460.75,28602.0,0.43574609,2.29491446,9,3,6
synthetic_wallet_000453,7,1,6,1.29336325,4.91977224,1.29336325,0.54664136,1.64168757,0.32562482,0,2,6,6,60.0,1.0,492502.33333333,29372.0,0.26289088,3.80385962,7,1,6
synthetic_wallet_000454,7,2,5,3.21542909,5.2636361,1.60771454,0.52636361,2.18263893,0.52683601,0,3,6,5,60.0,1.0,351734.33333333,1259.0,0.61087602,1.63699337,7,2,5
synthetic_wallet_000455,12,5,7,6.61856825,14.19978862,1.32371365,0.61738211,2.37038308,0.40383066,0,4,7,8,60.0,1.0,165022.72727273,8675.0,0.46610329,2.14544718,12,5,7
synthetic_wallet_000456,11,4,7,5.58689598,11.36752684,1.39672399,0.59829089,3.04973695,0.66703526,0,3,6,8,60.0,1.0,264835.5,65967.0,0.49147858,2.03467666,11,4,7
synthetic_wallet_000457,8,4,4,1.85165893,4.60738835,0.46291473,0.35441449,2.47243619,0.30725726,0,4,4,5,60.0,1.0,272812.85714286,30877.0,0.40188905,2.48824893,8,4,4
synthetic_wallet_000458,5,2,3,3.2131933,4.95269566,1.60659665,0.61908696,2.44498674,0.34104239,0,2,3,3,60.0,1.0,634786.5,440817.0,0.64877665,1.5413625,5,2,3
synthetic_wallet_000459,11,3,8,2.44434063,9.92875065,0.81478021,0.62054692,2.13058439,0.31751883,0,4,7,6,60.0,1.0,276831.7,7128.0,0.24618814,4.06193414,11,3,8
synthetic_wallet_000460,6,5,1,6.96992996,1.97270496,1.39398599,0.65756832,2.39520384,0.55588128,0,2,2,2,60.0,1.0,398703.8,46851.0,3.53318418,0.28303082,6,5,1
synthetic_wallet_000461,8,4,4,4.908675,15.88769347,1.22716875,2.64794891,13.25712981,14.08098438,0,1,3,5,60.0,1.0,377521.57142857,173147.0,0.30896083,3.23665622,8,4,4
synthetic_wallet_000462,12,7,5,8.631705,4.56013749,1.23310071,0.38001146,2.04987138,0.39341742,0,4,5,5,60.0,1.0,190573.81818182,23193.0,1.89286069,0.5283009,12,7,5
synthetic_wallet_000463,9,1,8,1.60856488,11.82911138,1.60856488,0.65717285,1.99730326,0.30253048,0,5,6,6,60.0,1.0,337516.375,48754.0,0.13598358,7.3538292,9,1,8
synthetic_wallet_000464,12,2,10,1.39487984,35.08281094,0.69743992,1.13170358,8.4781766,2.71586273,0,8,6,8,60.0,1.0,220315.63636364,65676.0,0.03975964,25.15113484,12,2,10
synthetic_wallet_000465,2,2,0,1.44332932,0.0,0.72166466,0.0,1.05906498,0.11383898,0,1,1,1,60.0,1.0,15795.0,15795.0,1443329320.0,0.0,2,2,0
synthetic_wallet_000466,10,3,7,4.42278124,11.5774558,1.47426041,0.68102681,2.24690497,0.41898706,0,4,6,6,60.0,1.0,276991.66666667,23865.0,0.38201668,2.61768674,10,3,7
synthetic_wallet_000467,11,6,5,4.35744074,6.39468498,0.72624012,0.79933562,2.21124371,0.43555523,0,2,5,5,60.0,1.0,290424.5,5855.0,0.68141601,1.46753229,11,6,5
synthetic_wallet_000468,5,1,4,0.9200905,17.08135624,0.9200905,1.31395048,3.8880572,2.7523339,0,2,4,4,60.0,1.0,614653.25,27339.0,0.05386519,18.56486535,5,1,4
synthetic_wallet_000469,8,2,6,2.1388214,5.80589921,1.0694107,0.41470709,2.16673345,0.32708828,0,2,6,5,60.0,1.0,412377.14285714,144285.0,0.36838762,2.71453204,8,2,6
synthetic_wallet_000470,18,8,10,8.67722692,26.44786479,1.08465336,1.46932582,16.34581869,9.31952668,0,3,6,5,60.0,1.0,156581.05882353,8695.0,0.32808799,3.04796279,18,8,10
synthetic_wallet_000471,8,4,4,1.7220536,4.56863832,0.4305134,0.45686383,0.88459458,0.04454978,0,3,3,3,60.0,1.0,407044.28571429,30161.0,0.37692929,2.65301749,8,4,4
synthetic_wallet_000472,11,4,7,5.31293693,18.35222972,1.32823423,1.22348198,3.03412942,0.87674493,0,6,5,6,60.0,1.0,222805.9,1486.0,0.28949817,3.45425326,11,4,7
synthetic_wallet_000473,15,4,11,6.96087474,36.82300649,1.74021869,1.11584868,12.7307585,4.82621779,0,7,8,9,60.0,1.0,204376.78571429,15113.0,0.18903602,5.289997,15,4,11
synthetic_wallet_000474,14,3,11,2.35974138,16.24562732,0.78658046,0.81228137,2.24065338,0.38337352,0,4,6,8,60.0,1.0,203910.61538462,7127.0,0.14525394,6.88449483,14,3,11
synthetic_wallet_000475,11,4,7,3.71739289,11.36540069,0.92934822,0.66855298,2.02609322,0.21584293,0,3,6,7,60.0,1.0,287419.6,21143.0,0.32707979,3.05735795,11,4,7
synthetic_wallet_000476,8,0,8,0.0,16.18500632,0.0,1.15607188,2.476099,0.96239206,0,2,6,6,60.0,1.0,388798.28571429,115958.0,0.0,16185006319.999998,8,0,8
synthetic_wallet_000477,9,4,5,4.9967997,4.30553418,1.24919993,0.53819177,2.42952176,0.31932584,0,2,4,4,60.0,1.0,329915.25,118374.0,1.16055279,0.86165835,9,4,5
synthetic_wallet_000478,6,2,4,1.8085931,7.02682073,0.90429655,1.00383153,2.35390743,0.38828418,0,2,5,4,60.0,1.0,464769.4,113951.0,0.25738427,3.88524137,6,2,4
synthetic_wallet_000479,11,0,11,0.0,18.42499591,0.0,0.96973663,2.41625709,0.51824858,0,5,8,8,60.0,1.0,252673.7,30826.0,0.0,18424995910.0,11,0,11
synthetic_wallet_000480,4,1,3,1.99370977,3.18051363,1.99370977,1.06017121,2.06971091,0.59033436,0,1,4,4,60.0,1.0,438313.33333333,19081.0,0.62685151,1.59527414,4,1,3
synthetic_wallet_000481,13,1,12,1.74652276,41.59324712,1.74652276,1.66372988,7.34350321,3.64283893,0,5,9,8,60.0,1.0,236961.41666667,11457.0,0.04199054,23.81488983,13,1,12
synthetic_wallet_000482,11,7,4,5.66885279,11.83974963,0.80983611,1.6913928,5.63516969,1.8904362,0,2,4,5,60.0,1.0,220029.2,13405.0,0.47879837,2.08856184,11,7,4
synthetic_wallet_000483,18,7,11,8.94455667,20.43830794,1.27779381,0.65930026,2.44866205,0.38016645,0,5,6,9,60.0,1.0,161657.23529412,3632.0,0.43763685,2.28499955,18,7,11
synthetic_wallet_000484,4,2,2,4.69739579,1.59850751,2.34869789,0.26641792,2.49751817,0.81878548,0,2,3,3,60.0,1.0,645539.66666667,106174.0,2.93861353,0.34029653,4,2,2
synthetic_wallet_000485,10,8,2,10.11161228,2.07033451,1.26395153,1.03516725,2.13177594,0.61320029,0,1,2,3,60.0,1.0,293763.0,71422.0,4.88404759,0.20474821,10,8,2
synthetic_wallet_000486,9,3,6,4.0512925,6.85716652,1.35043083,1.14286109,2.35924238,0.53779771,0,1,4,5,60.0,1.0,327184.375,641.0,0.59081145,1.69258737,9,3,6
synthetic_wallet_000487,8,0,8,0.0,9.85265105,0.0,0.82105425,2.33233429,0.77400216,0,2,5,7,60.0,1.0,324966.0,24419.0,0.0,9852651050.0,8,0,8
synthetic_wallet_000488,7,4,3,6.27629085,12.29146071,1.56907271,4.09715357,7.8642295,4.89236839,0,1,4,4,60.0,1.0,443129.33333333,16134.0,0.51062205,1.95839565,7,4,3
synthetic_wallet_000489,8,2,6,1.75434106,9.3139562,0.87717053,1.03488402,1.68948187,0.09985766,0,2,4,7,60.0,1.0,301690.14285714,4656.0,0.18835616,5.30909092,8,2,6
synthetic_wallet_000490,7,1,6,0.48939366,6.46667729,0.48939366,0.53888977,1.78330124,0.25982677,0,2,5,5,60.0,1.0,461662.5,266903.0,0.07567931,13.21365154,7,1,6
synthetic_wallet_000491,6,2,4,3.63593478,5.94509005,1.81796739,1.48627251,2.41314198,0.40818211,0,1,4,4,60.0,1.0,441871.6,29689.0,0.61158616,1.6350926,6,2,4
synthetic_wallet_000492,13,4,9,4.77079886,21.78689252,1.19269972,1.21038292,12.82757718,6.77981257,0,4,7,8,60.0,1.0,181170.58333333,602.0,0.21897565,4.56671789,13,4,9
synthetic_wallet_000493,8,3,5,2.70545287,14.47385241,0.90181762,1.0338466,1.86402888,0.35978906,0,4,5,4,60.0,1.0,332603.71428571,64318.0,0.18692003,5.34988156,8,3,5
synthetic_wallet_000494,8,4,4,3.16168151,6.94980744,0.79042038,0.53460057,1.56713877,0.11722838,0,3,5,5,60.0,1.0,406232.71428571,10085.0,0.45493081,2.19813647,8,4,4
synthetic_wallet_000495,11,2,9,1.01959736,25.47566213,0.50979868,1.41531456,3.63343547,1.78947828,0,4,7,7,60.0,1.0,284298.0,26759.0,0.04002241,24.98600245,11,2,9
synthetic_wallet_000496,11,5,6,4.78413573,17.61182677,0.95682715,1.76118268,4.85654224,2.20564506,0,2,6,5,60.0,1.0,267964.6,40924.0,0.27164336,3.68129747,11,5,6
synthetic_wallet_000497,8,1,7,1.53739992,9.30780613,1.53739992,0.58173788,2.22582262,0.44807548,0,3,6,7,60.0,1.0,404640.71428571,29795.0,0.16517318,6.05425173,8,1,7
synthetic_wallet_000498,13,7,6,7.14251412,25.02291855,1.02035916,1.92483989,3.52485872,1.4058795,0,4,4,4,60.0,1.0,196976.58333333,22263.0,0.28543889,3.50337684,13,7,6
synthetic_wallet_000499,3,3,0,3.68024021,0.0,1.22674674,0.0,2.14451727,0.59996057,0,1,1,1,60.0,1.0,212541.0,89506.0,3680240210.0,0.0,3,3,0
synthetic_wallet_000500,13,2,11,2.88714999,20.03070181,1.443575,0.83461258,2.11475237,0.4618696,0,5,7,9,60.0,1.0,177741.16666667,1353.0,0.14413624,6.93788057,13,2,11
synthetic_wallet_000501,12,2,10,1.46612572,12.35815275,0.73306286,0.77238455,2.09825483,0.46028217,0,3,7,7,60.0,1.0,261828.45454545,46222.0,0.11863632,8.42912213,12,2,10
synthetic_wallet_000502,6,4,2,7.83849695,6.83823858,1.95962424,1.13970643,2.87078287,1.16784244,0,2,2,3,60.0,1.0,433328.6,70125.0,1.14627427,0.87239156,6,4,2
synthetic_wallet_000503,10,2,8,2.86790222,15.39924423,1.43395111,0.96245276,2.02426203,0.26091448,0,4,8,6,60.0,1.0,290266.11111111,41458.0,0.18623656,5.36951508,10,2,8
synthetic_wallet_000504,13,4,9,6.42987347,26.81986084,1.60746837,1.48999227,13.06096404,6.77262338,0,5,8,7,60.0,1.0,208450.41666667,9337.0,0.23974298,4.17113353,13,4,9
synthetic_wallet_000505,9,3,6,2.85652956,25.48323141,0.95217652,2.54832314,4.83955651,2.2770023,0,3,5,5,60.0,1.0,207034.0,107649.0,0.11209448,8.92104593,9,3,6
synthetic_wallet_000506,8,4,4,2.70146577,6.92788613,0.67536644,0.98969802,2.36339944,0.58283351,0,1,4,4,60.0,1.0,367059.71428571,101726.0,0.38994084,2.56449155,8,4,4
synthetic_wallet_000507,8,2,6,1.57941358,22.22414354,0.78970679,2.02037669,10.34270795,11.54723384,0,3,5,4,60.0,1.0,395522.71428571,20738.0,0.07106747,14.07113616,8,2,6
synthetic_wallet_000508,11,4,7,3.22346795,17.84569363,0.80586699,1.04974668,2.41642829,0.63860641,0,4,6,6,60.0,1.0,213833.5,21290.0,0.18063002,5.5361784,11,4,7
synthetic_wallet_000509,7,4,3,4.58624632,11.71419297,1.14656158,1.95236549,2.55462783,0.7409809,0,3,4,3,60.0,1.0,407692.66666667,167046.0,0.39151193,2.55420057,7,4,3
synthetic_wallet_000510,13,3,10,1.02508275,31.1192518,0.34169425,1.55596259,5.42239492,3.1683345,0,4,8,7,60.0,1.0,223444.91666667,39955.0,0.03294047,30.35779482,13,3,10
synthetic_wallet_000511,13,7,6,9.02235634,9.05604657,1.28890805,0.90560466,3.89678573,0.96711026,0,2,6,6,60.0,1.0,232602.16666667,30440.0,0.99627981,1.00373408,13,7,6
synthetic_wallet_000512,8,4,4,3.81406491,18.07915244,0.95351623,1.50659604,3.80606812,2.16817624,0,3,5,4,60.0,1.0,309271.42857143,36343.0,0.21096481,4.7401271,8,4,4
synthetic_wallet_000513,13,5,8,3.94007464,16.5503074,0.78801493,1.10335383,7.83959955,2.78531292,0,4,7,6,60.0,1.0,199678.91666667,5387.0,0.23806655,4.20050606,13,5,8
synthetic_wallet_000514,11,3,8,6.14744026,31.91400517,2.04914675,1.87729442,4.35298928,2.0169311,0,3,6,8,60.0,1.0,255016.7,11690.0,0.19262516,5.1914299,11,3,8
synthetic_wallet_000515,8,3,5,2.22253387,12.82188784,0.74084462,1.06849065,2.72417484,0.82800983,0,2,5,5,60.0,1.0,305619.0,175252.0,0.17333905,5.76904047,8,3,5
synthetic_wallet_000516,8,6,2,6.75471489,4.61224769,1.12578581,2.30612385,2.36130013,0.86231651,0,1,3,3,60.0,1.0,411207.57142857,43837.0,1.46451694,0.682819,8,6,2
synthetic_wallet_000517,10,1,9,1.82532644,22.88018191,1.82532644,1.43001137,12.0772226,7.31325949,0,3,6,9,60.0,1.0,295788.11111111,22162.0,0.07977762,12.53484386,10,1,9
synthetic_wallet_000518,4,2,2,1.22260647,2.40784703,0.61130324,0.80261568,2.1198376,0.59066376,0,1,3,3,60.0,1.0,286412.66666667,94013.0,0.5077592,1.9694375,4,2,2
synthetic_wallet_000519,9,3,6,6.57598303,9.91026303,2.19199434,0.900933,2.49276403,0.68062677,0,3,6,6,60.0,1.0,255325.75,34143.0,0.66355282,1.50703902,9,3,6
synthetic_wallet_000520,10,2,8,2.62215777,9.63388753,1.31107888,0.56669927,1.89885833,0.26175655,0,4,6,6,60.0,1.0,213329.22222222,9717.0,0.27218065,3.67403046,10,2,8
synthetic_wallet_000521,14,5,9,4.54360931,10.38946968,0.90872186,0.51947348,1.56693931,0.16145363,0,2,8,7,60.0,1.0,215569.46153846,6117.0,0.43732832,2.28661158,14,5,9
synthetic_wallet_000522,17,5,12,4.34724997,13.52191407,0.86944999,0.42255981,1.76621695,0.19323577,0,8,10,7,60.0,1.0,154116.3125,4906.0,0.32149664,3.11045239,17,5,12
synthetic_wallet_000523,10,4,6,3.64959133,17.52165941,0.91239783,1.03068585,10.93880821,5.07812191,0,4,6,6,60.0,1.0,271497.22222222,69795.0,0.20829028,4.80099217,10,4,6
synthetic_wallet_000524,10,6,4,10.87445522,9.35613074,1.8124092,1.16951634,4.82859524,1.42473377,0,4,5,5,60.0,1.0,297296.33333333,76257.0,1.16228124,0.86037696,10,6,4
synthetic_wallet_000525,8,5,3,9.50593534,33.90816961,1.90118707,4.2385212,17.39563087,18.69079822,0,3,3,4,60.0,1.0,376140.85714286,86209.0,0.28034351,3.56705241,8,5,3
synthetic_wallet_000526,9,4,5,6.96295336,16.89316468,1.74073834,2.11164559,3.53755993,1.18283423,0,2,5,5,60.0,1.0,296377.5,2270.0,0.41217578,2.42614934,9,4,5
synthetic_wallet_000527,11,7,4,6.52846335,9.46463231,0.93263762,1.57743872,3.35826005,1.0142705,0,2,3,5,60.0,1.0,196252.2,45486.0,0.68977464,1.44974886,11,7,4
synthetic_wallet_000528,6,2,4,1.95180843,28.37893187,0.97590421,2.02706656,4.35298928,2.60204708,0,4,4,5,60.0,1.0,579823.8,214422.0,0.06877667,14.53981417,6,2,4
synthetic_wallet_000529,7,2,5,4.17704479,9.76530605,2.0885224,1.62755101,3.02038704,1.12843204,0,2,5,4,60.0,1.0,483057.66666667,171818.0,0.42774336,2.33785045,7,2,5
synthetic_wallet_000530,5,1,4,1.58398249,4.70829955,1.58398249,0.58853744,2.39720223,0.7695796,0,1,3,5,60.0,1.0,526646.75,207501.0,0.33642347,2.97244419,5,1,4
synthetic_wallet_000531,11,4,7,5.09366023,21.32659177,1.27341506,1.33291199,4.83955651,2.63780156,0,4,6,6,60.0,1.0,254738.7,1510.0,0.2388408,4.18688935,11,4,7
synthetic_wallet_000532,8,3,5,3.65937562,9.41778044,1.21979187,0.72444465,2.35747362,0.26814614,0,2,4,4,60.0,1.0,314114.57142857,54140.0,0.3885603,2.5736031,8,3,5
synthetic_wallet_000533,14,3,11,3.98699147,30.74160737,1.32899716,1.09791455,3.18214291,1.0263046,0,6,6,5,60.0,1.0,159971.07692308,44247.0,0.12969366,7.71047734,14,3,11
synthetic_wallet_000534,6,1,5,2.07742836,23.73655264,2.07742836,2.63739474,8.73343261,9.91354305,0,2,6,6,60.0,1.0,418811.2,27856.0,0.08752022,11.42593078,6,1,5
synthetic_wallet_000535,8,4,4,5.59504106,7.42875452,1.39876026,0.74287545,2.35656825,0.58263476,0,3,5,4,60.0,1.0,306972.57142857,13755.0,0.75316004,1.32773905,8,4,4
synthetic_wallet_000536,6,2,4,3.61517243,9.33995433,1.80758622,0.77832953,1.83751192,0.51173052,0,1,4,5,60.0,1.0,161698.2,47431.0,0.38706532,2.58354325,6,2,4
synthetic_wallet_000537,12,3,9,2.30179388,8.75992002,0.76726463,0.48666222,1.12233402,0.11333181,0,3,6,8,60.0,1.0,199920.27272727,6690.0,0.26276426,3.80569264,12,3,9
synthetic_wallet_000538,8,4,4,3.30891034,7.04241954,0.82722759,1.40848391,2.47167663,0.36363432,0,1,5,4,60.0,1.0,353749.57142857,52609.0,0.46985419,2.12831984,8,4,4
synthetic_wallet_000539,12,4,8,5.57067168,11.29897739,1.39266792,0.75326516,2.49426728,0.71629704,0,2,7,7,60.0,1.0,256356.45454545,12860.0,0.49302441,2.02829713,12,4,8
synthetic_wallet_000540,12,9,3,8.57195177,3.42769648,0.95243909,0.85692412,2.09345785,0.34223194,0,1,4,4,60.0,1.0,259903.36363636,42916.0,2.50079078,0.39987351,12,9,3
synthetic_wallet_000541,11,6,5,9.95144771,9.19617188,1.65857462,1.14952148,2.44805866,0.52145305,0,2,5,4,60.0,1.0,275422.4,33364.0,1.08212937,0.92410392,11,6,5
synthetic_wallet_000542,8,5,3,5.57874102,8.7385216,1.1157482,1.74770432,7.50602085,4.43907589,0,2,3,3,60.0,1.0,350373.57142857,129976.0,0.63840788,1.56639671,8,5,3
synthetic_wallet_000543,11,2,9,3.69601364,29.00737667,1.84800682,1.31851712,4.34751496,2.17958592,0,4,8,6,60.0,1.0,204123.8,3901.0,0.12741634,7.84828723,11,2,9
synthetic_wallet_000544,15,9,6,11.65954351,7.64994864,1.29550483,0.69544988,3.41300371,0.65330999,0,3,5,5,60.0,1.0,201737.14285714,17760.0,1.52413357,0.65611048,15,9,6
synthetic_wallet_000545,13,2,11,2.88985168,48.20864874,1.44492584,2.5372973,15.91466851,18.47768808,0,3,9,8,60.0,1.0,222112.25,62.0,0.05994467,16.68204949,13,2,11
synthetic_wallet_000546,13,5,8,8.12757994,18.08620267,1.62551599,0.86124775,11.7385482,5.10086714,0,5,6,7,60.0,1.0,189225.41666667,33317.0,0.44938012,2.22528758,13,5,8
synthetic_wallet_000547,10,3,7,2.87666204,42.96933902,0.95888735,2.046159,8.92943147,5.59385477,0,3,6,6,60.0,1.0,301487.0,140.0,0.06694685,14.93722183,10,3,7
synthetic_wallet_000548,14,3,11,4.89238614,41.78556562,1.63079538,1.98978884,5.90229254,4.26575492,0,5,8,10,60.0,1.0,207923.69230769,28253.0,0.11708316,8.54093778,14,3,11
synthetic_wallet_000549,13,3,10,4.7772503,30.84255583,1.59241677,1.92765974,8.63262177,4.52910888,0,3,7,7,60.0,1.0,184986.66666667,7478.0,0.15489152,6.45613143,13,3,10
synthetic_wallet_000550,14,5,9,6.22810111,22.28800396,1.24562022,1.48586693,12.19176077,6.63268288,0,2,6,6,60.0,1.0,209976.76923077,2570.0,0.27943737,3.57861948,14,5,9
synthetic_wallet_000551,12,5,7,8.62522637,33.19062546,1.72504527,2.21270836,17.18487873,13.87655713,0,3,5,5,60.0,1.0,220202.45454545,3720.0,0.25986935,3.84808746,12,5,7
synthetic_wallet_000552,14,4,10,6.22488418,53.68461051,1.55622105,5.36846105,15.60032211,24.92110245,0,1,7,7,60.0,1.0,188574.23076923,8965.0,0.11595286,8.62419428,14,4,10
synthetic_wallet_000553,6,2,4,1.000365,9.71501064,0.5001825,1.21437633,3.63861696,1.7268425,0,3,5,5,60.0,1.0,527504.0,124321.0,0.10297107,9.71146595,6,2,4
synthetic_wallet_000554,8,2,6,3.23078407,25.53891501,1.61539203,1.82420822,3.93711712,1.79698481,0,4,5,5,60.0,1.0,213666.71428571,311.0,0.12650436,7.90486596,8,2,6
synthetic_wallet_000555,9,6,3,3.22779459,5.10258424,0.53796576,0.85043071,2.43460192,0.60838339,0,1,3,3,60.0,1.0,364040.75,56574.0,0.63258036,1.58082681,9,6,3
synthetic_wallet_000556,9,5,4,7.78009383,17.78976675,1.55601877,1.77897667,13.15802679,9.77059097,0,2,5,5,60.0,1.0,294556.875,15853.0,0.43733535,2.28657483,9,5,4
synthetic_wallet_000557,12,4,8,6.61193879,37.17070752,1.6529847,2.65505054,14.64976124,10.50576721,0,2,6,7,60.0,1.0,244108.81818182,16713.0,0.17788036,5.62175614,12,4,8
synthetic_wallet_000558,5,0,5,0.0,24.76908076,0.0,2.47690808,7.43072738,8.38728928,0,3,4,4,60.0,1.0,506253.25,89373.0,0.0,24769080760.0,5,0,5
synthetic_wallet_000559,13,2,11,3.25242302,36.75997412,1.62621151,1.22533247,4.34751496,2.05148075,0,8,6,6,60.0,1.0,241175.91666667,1976.0,0.08847729,11.30233487,13,2,11
synthetic_wallet_000560,5,0,5,0.0,4.61035468,0.0,0.92207094,1.38010753,0.20913786,0,1,3,3,60.0,1.0,464267.5,16719.0,0.0,4610354680.0,5,0,5
synthetic_wallet_000561,14,6,8,7.71974905,11.55222049,1.28662484,0.67954238,2.26455716,0.62118322,0,2,6,8,60.0,1.0,199846.0,4503.0,0.66824807,1.49645026,14,6,8
synthetic_wallet_000562,12,3,9,1.99658353,14.56669622,0.66552784,0.8092609,3.41889664,0.60143397,0,4,7,6,60.0,1.0,240754.90909091,11672.0,0.13706495,7.29581107,12,3,9
synthetic_wallet_000563,11,1,10,2.36527832,33.49363713,2.36527832,2.23290914,7.21234225,2.88804956,0,3,7,8,60.0,1.0,265364.6,1418.0,0.07061874,14.16054798,11,1,10
synthetic_wallet_000564,10,4,6,4.48427313,35.67566639,1.12106828,2.37837776,8.04437959,5.29791232,0,3,5,5,60.0,1.0,259548.66666667,59604.0,0.12569557,7.95573003,10,4,6
synthetic_wallet_000565,5,0,5,0.0,14.14240075,0.0,1.41424007,2.89119892,0.98801977,0,2,4,4,60.0,1.0,340918.0,75881.0,0.0,14142400750.0,5,0,5
synthetic_wallet_000566,6,4,2,3.39173856,2.31623277,0.84793464,0.46324655,2.17197222,0.3880603,0,2,2,3,60.0,1.0,532164.2,51216.0,1.46433407,0.68290428,6,4,2
synthetic_wallet_000567,16,4,12,1.93709038,27.74193539,0.48427259,1.32104454,13.47258935,6.64942933,0,3,9,9,60.0,1.0,170084.66666667,6590.0,0.06982535,14.32144606,16,4,12
synthetic_wallet_000568,9,2,7,3.55889171,20.57825751,1.77944586,1.58294289,4.55080466,2.33995286,0,3,5,7,60.0,1.0,349622.375,32460.0,0.17294427,5.78220952,9,2,7
synthetic_wallet_000569,9,3,6,6.19228303,9.03979743,2.06409434,1.00442194,2.40391972,0.72078323,0,2,6,6,60.0,1.0,313736.25,12285.0,0.68500241,1.45984888,9,3,6
synthetic_wallet_000570,8,3,5,4.03434859,21.58656864,1.34478286,1.34916054,3.15557602,1.10082881,0,3,4,5,60.0,1.0,392195.28571429,43005.0,0.18689161,5.35069495,8,3,5
synthetic_wallet_000571,12,3,9,2.77862789,15.66487162,0.9262093,0.82446693,2.44275471,0.38947412,0,3,6,6,60.0,1.0,216729.54545455,17822.0,0.17737955,5.63762844,12,3,9
synthetic_wallet_000572,8,3,5,2.81627614,7.27060194,0.93875871,1.45412039,2.29069333,0.26662904,0,1,4,5,60.0,1.0,366370.0,6084.0,0.38735117,2.58163674,8,3,5
synthetic_wallet_000573,11,5,6,6.38333081,23.10920426,1.27666616,1.54061362,15.14380385,10.23426466,0,4,5,5,60.0,1.0,287668.4,83288.0,0.2762246,3.62024231,11,5,6
synthetic_wallet_000574,10,5,5,4.06995209,6.72521295,0.81399042,0.42032581,1.87636858,0.13446698,0,4,5,5,60.0,1.0,299124.33333333,15640.0,0.60517817,1.65240593,10,5,5
synthetic_wallet_000575,10,2,8,2.22966675,26.29444525,1.11483338,1.31472226,3.63343547,1.60353844,0,2,4,6,60.0,1.0,303123.33333333,3190.0,0.08479611,11.79299339,10,2,8
synthetic_wallet_000576,14,6,8,5.66561893,15.11884254,0.94426982,0.75594213,6.32154118,1.43909852,0,6,5,6,60.0,1.0,201568.38461538,27328.0,0.37473893,2.66852443,14,6,8
synthetic_wallet_000577,10,1,9,2.3687707,21.85736271,2.3687707,1.36608517,3.83383076,1.71548898,0,4,6,6,60.0,1.0,276590.77777778,29942.0,0.10837404,9.22730204,10,1,9
synthetic_wallet_000578,5,2,3,2.48414698,3.38681401,1.24207349,0.564469,1.54168307,0.14058512,0,2,3,3,60.0,1.0,507159.0,49680.0,0.73347606,1.36337102,5,2,3
synthetic_wallet_000579,4,1,3,1.31548695,4.00615154,1.31548695,0.36419559,1.31548695,0.10804739,0,3,2,3,60.0,1.0,747083.66666667,123317.0,0.32836675,3.04537536,4,1,3
synthetic_wallet_000580,8,5,3,6.32338507,3.122274,1.26467701,0.44603914,2.36117807,0.4237894,0,3,3,3,60.0,1.0,402334.57142857,819.0,2.02524989,0.49376623,8,5,3
synthetic_wallet_000581,10,4,6,6.73498132,4.25245343,1.68374533,0.2834969,2.3865145,0.39799327,0,4,5,5,60.0,1.0,268278.22222222,47273.0,1.5837872,0.63139795,10,4,6
synthetic_wallet_000582,10,3,7,4.50555884,8.70392948,1.50185295,0.48355164,2.26828277,0.44380648,0,3,5,5,60.0,1.0,224614.22222222,2662.0,0.51764652,1.93182018,10,3,7
synthetic_wallet_000583,15,2,13,1.7453739,23.4253412,0.87268695,0.65070392,2.36497361,0.30719088,0,7,7,9,60.0,1.0,208811.28571429,44665.0,0.07450794,13.42138851,15,2,13
synthetic_wallet_000584,9,5,4,4.96002676,4.11669699,0.99200535,0.45741078,1.47099362,0.16241787,0,2,5,5,60.0,1.0,296090.125,32766.0,1.20485593,0.82997475,9,5,4
synthetic_wallet_000585,9,3,6,5.26292946,10.10196035,1.75430982,1.01019604,2.48198007,0.82105955,0,3,6,4,60.0,1.0,294614.25,4119.0,0.52098101,1.91945578,9,3,6
synthetic_wallet_000586,9,5,4,7.25350206,34.65708918,1.45070041,3.46570892,7.76243026,7.23325604,0,3,4,3,60.0,1.0,319873.125,41137.0,0.20929346,4.77798019,9,5,4
synthetic_wallet_000587,4,4,0,4.69924267,0.0,1.17481067,0.0,1.80161805,0.25663607,0,1,1,1,60.0,1.0,743447.33333333,221818.0,4699242670.0,0.0,4,4,0
synthetic_wallet_000588,8,4,4,4.07469914,5.48447062,1.01867478,0.68555883,2.08624853,0.21339307,0,3,3,4,60.0,1.0,235323.71428571,8995.0,0.74295213,1.34598174,8,4,4
synthetic_wallet_000589,10,4,6,7.04606582,8.09317558,1.76151645,0.80931756,2.21837982,0.57687745,0,2,6,6,60.0,1.0,268812.88888889,8600.0,0.87061818,1.14860914,10,4,6
synthetic_wallet_000590,8,3,5,4.29877319,6.50084444,1.4329244,0.59098586,1.80613599,0.25654463,0,3,5,5,60.0,1.0,349327.85714286,56579.0,0.66126381,1.51225574,8,3,5
synthetic_wallet_000591,8,3,5,4.75509833,4.75742451,1.58503278,0.43249314,2.40854477,0.61090266,0,4,5,4,60.0,1.0,404132.28571429,87639.0,0.99951104,1.0004892,8,3,5
synthetic_wallet_000592,13,5,8,4.66068138,42.90222761,0.93213628,3.06444483,17.90083201,16.13812405,0,3,5,6,60.0,1.0,174187.91666667,10337.0,0.10863495,9.20514065,13,5,8
synthetic_wallet_000593,3,2,1,3.7012692,1.24702482,1.8506346,1.24702482,2.25737056,0.19125493,0,1,2,2,60.0,1.0,821996.0,468091.0,2.96807982,0.33691816,3,2,1
synthetic_wallet_000594,8,0,8,0.0,22.95040342,0.0,1.76541565,17.55445353,21.00113318,0,3,6,5,60.0,1.0,362974.71428571,53377.0,0.0,22950403420.0,8,0,8
synthetic_wallet_000595,6,5,1,8.12007342,2.30165869,1.62401468,2.30165869,2.32850423,0.27575979,0,1,2,2,60.0,1.0,436026.2,106285.0,3.52792247,0.28345294,6,5,1
synthetic_wallet_000596,13,4,9,4.73603098,19.59746762,1.18400774,0.81656115,3.16886478,1.09261968,0,7,7,7,60.0,1.0,201835.91666667,3508.0,0.24166546,4.13795174,13,4,9
synthetic_wallet_000597,9,4,5,5.39153607,24.07255468,1.34788402,3.00906933,16.66856036,18.81748719,0,2,5,5,60.0,1.0,250302.25,20180.0,0.22397025,4.46487872,9,4,5
synthetic_wallet_000598,10,2,8,2.59401396,14.70492057,1.29700698,1.05035147,2.20797269,0.52531592,0,2,7,5,60.0,1.0,327695.11111111,28154.0,0.17640449,5.66879007,10,2,8
synthetic_wallet_000599,6,3,3,3.83561129,3.39046218,1.2785371,0.56507703,2.26021613,0.49954415,0,2,3,2,60.0,1.0,436359.6,80637.0,1.13129452,0.88394311,6,3,3
synthetic_wallet_000600,5,2,3,3.10274464,1.99878781,1.55137232,0.28554112,2.25062831,0.52968416,0,2,4,4,60.0,1.0,530312.75,31137.0,1.55231317,0.64419991,5,2,3
synthetic_wallet_000601,9,3,6,1.12288627,10.78264382,0.37429542,0.98024035,2.4602761,0.54397596,0,2,5,6,60.0,1.0,333357.625,22147.0,0.10413831,9.60261436,9,3,6
synthetic_wallet_000602,6,4,2,6.73344243,2.04452296,1.68336061,0.40890459,1.98143687,0.665656,0,2,2,3,60.0,1.0,482682.4,28161.0,3.29340514,0.3036371,6,4,2
synthetic_wallet_000603,4,1,3,2.44973562,3.66969728,2.44973562,0.33360884,2.44973562,0.39384179,0,3,3,4,60.0,1.0,303064.33333333,79682.0,0.66755796,1.49799727,4,1,3
synthetic_wallet_000604,16,6,10,4.45776168,48.42052888,0.74296028,1.66967341,4.7397751,2.18870704,0,6,7,8,60.0,1.0,157367.93333333,6439.0,0.09206347,10.86207212,16,6,10
synthetic_wallet_000605,7,2,5,2.88318444,7.94856313,1.44159222,0.88317368,2.34986852,0.46942708,0,2,4,6,60.0,1.0,493772.66666667,39.0,0.36273027,2.75686946,7,2,5
synthetic_wallet_000606,7,3,4,3.11444153,20.48327576,1.03814718,2.27591953,16.29292482,19.02049381,0,4,2,3,60.0,1.0,280375.33333333,35597.0,0.15204802,6.57686958,7,3,4
synthetic_wallet_000607,5,2,3,0.49076506,8.04524397,0.24538253,2.01131099,2.89420496,1.21372617,0,1,4,3,60.0,1.0,414475.75,194845.0,0.06100064,16.39326966,5,2,3
synthetic_wallet_000608,11,5,6,3.97237747,7.65118401,0.79447549,0.63759867,2.00427912,0.44157776,0,2,5,6,60.0,1.0,239070.0,41868.0,0.51918467,1.92609692,11,5,6
synthetic_wallet_000609,10,5,5,4.5431345,19.21429177,0.9086269,1.7467538,14.61134106,11.70058552,0,2,6,6,60.0,1.0,311411.88888889,4662.0,0.23644559,4.22930287,10,5,5
synthetic_wallet_000610,9,2,7,3.09794248,13.03966085,1.54897124,0.76703887,1.84318444,0.37525825,0,4,7,6,60.0,1.0,302343.75,10859.0,0.23757846,4.20913588,9,2,7
synthetic_wallet_000611,5,4,1,4.33642088,0.20205751,1.08410522,0.20205751,1.76693626,0.35303206,0,1,2,2,60.0,1.0,623931.75,86341.0,21.46132,0.04659546,5,4,1
synthetic_wallet_000612,11,3,8,2.18040401,20.7714462,0.72680134,1.38476308,4.71889093,2.44987138,0,2,5,8,60.0,1.0,195468.4,49944.0,0.10497122,9.52642084,11,3,8
synthetic_wallet_000613,11,3,8,3.85212151,24.69790756,1.2840405,1.64652717,7.79057656,5.24495734,0,2,7,7,60.0,1.0,241213.1,9217.0,0.15596955,6.41150792,11,3,8
synthetic_wallet_000614,10,5,5,8.4447749,8.29074286,1.68895498,0.55271619,2.43916503,0.55462982,0,4,5,5,60.0,1.0,274883.44444444,3848.0,1.0185788,0.98176008,10,5,5
synthetic_wallet_000615,9,1,8,0.31026865,13.13260788,0.31026865,0.77250635,2.07857552,0.2623784,0,4,6,7,60.0,1.0,360616.25,56274.0,0.02362582,42.32657047,9,1,8
synthetic_wallet_000616,13,4,9,6.91958253,15.64419732,1.72989563,0.86912207,2.34157132,0.66114412,0,3,5,7,60.0,1.0,243650.66666667,6555.0,0.44230985,2.26085855,13,4,9
synthetic_wallet_000617,7,2,5,2.4986913,16.65771368,1.24934565,1.18983669,2.81153072,1.18435242,0,4,5,5,60.0,1.0,349155.0,6861.0,0.15000206,6.66657529,7,2,5
synthetic_wallet_000618,16,5,11,6.5357748,10.90902331,1.30715496,0.45454264,2.13438909,0.3160707,0,5,8,9,60.0,1.0,175266.4,10319.0,0.5991164,1.66912472,16,5,11
synthetic_wallet_000619,12,2,10,2.19652986,10.26961679,1.09826493,0.41078467,2.03778678,0.21660605,0,4,4,7,60.0,1.0,260443.90909091,2778.0,0.21388625,4.67538228,12,2,10
synthetic_wallet_000620,7,3,4,4.34679694,27.01622687,1.44893231,3.00180299,13.16436579,11.89993851,0,3,5,4,60.0,1.0,393233.83333333,24921.0,0.16089578,6.21520334,7,3,4
synthetic_wallet_000621,14,6,8,6.46594094,9.85100832,1.07765682,0.57947108,2.37437608,0.55924311,0,3,7,5,60.0,1.0,208502.15384615,17869.0,0.65637351,1.52352278,14,6,8
synthetic_wallet_000622,7,3,4,2.60351257,11.99507197,0.86783752,0.92269784,2.28380482,0.77681347,0,4,4,4,60.0,1.0,413680.33333333,71466.0,0.21704852,4.60726486,7,3,4
synthetic_wallet_000623,14,7,7,9.78114636,38.01252179,1.39730662,2.53416812,16.48770977,11.6014421,0,2,6,6,60.0,1.0,226803.61538462,4117.0,0.2573138,3.88630539,14,7,7
synthetic_wallet_000624,11,4,7,5.38544703,18.34785824,1.34636176,1.41137371,2.79634575,1.14465508,0,3,4,6,60.0,1.0,207347.1,1518.0,0.29351911,3.40693319,11,4,7
synthetic_wallet_000625,3,1,2,0.76578033,0.54541711,0.76578033,0.06817714,0.76578033,0.05028974,0,2,3,3,60.0,1.0,1389506.0,268401.0,1.40402697,0.71223703,3,1,2
synthetic_wallet_000626,11,1,10,0.93990447,40.87981694,0.93990447,1.8581735,14.49700457,9.62509696,0,4,6,6,60.0,1.0,295517.5,60706.0,0.0229919,43.49358711,11,1,10
synthetic_wallet_000627,8,2,6,2.69261683,26.69811741,1.34630842,2.22484312,9.44745648,5.44610221,0,3,5,5,60.0,1.0,377327.0,76002.0,0.10085418,9.91530511,8,2,6
synthetic_wallet_000628,9,4,5,4.99373316,19.59943449,1.24843329,2.44992931,3.4287261,0.9926246,0,2,4,5,60.0,1.0,314814.25,1551.0,0.25478966,3.92480612,9,4,5
synthetic_wallet_000629,12,5,7,4.47294301,9.52885154,0.8945886,0.95288515,2.06499205,0.360149,0,2,5,4,60.0,1.0,249834.54545455,11982.0,0.4694105,2.13033153,12,5,7
synthetic_wallet_000630,6,2,4,3.34747474,13.42027172,1.67373737,1.91718167,9.18062046,7.18466419,0,1,4,3,60.0,1.0,594947.2,108433.0,0.2494342,4.00907334,6,2,4
synthetic_wallet_000631,8,4,4,3.36629829,10.81673126,0.84157457,1.35209141,2.40855038,0.7706655,0,3,4,4,60.0,1.0,326511.0,48324.0,0.31121216,3.21324206,8,4,4
synthetic_wallet_000632,9,2,7,2.04787714,47.91907897,1.02393857,2.99494244,16.63344551,16.19380981,0,2,5,7,60.0,1.0,178627.375,37859.0,0.04273615,23.39939151,9,2,7
synthetic_wallet_000633,5,1,4,1.36024479,3.68535624,1.36024479,0.33503239,2.04094708,0.35739736,0,3,4,3,60.0,1.0,641212.25,290026.0,0.36909452,2.7093331,5,1,4
synthetic_wallet_000634,9,4,5,5.96244809,6.62560336,1.49061202,0.73617815,2.48259327,0.85533791,0,2,5,4,60.0,1.0,301111.5,9716.0,0.89991021,1.11122198,9,4,5
synthetic_wallet_000635,11,3,8,3.8897944,26.0577036,1.29659813,1.62860647,9.14179426,4.3961056,0,3,5,7,60.0,1.0,279110.1,4583.0,0.14927618,6.69899252,11,3,8
synthetic_wallet_000636,5,3,2,2.14794036,3.91647985,0.71598012,0.78329597,1.49610412,0.1694868,0,2,2,3,60.0,1.0,485809.0,9336.0,0.54843646,1.82336527,5,3,2
synthetic_wallet_000637,10,3,7,1.67603723,31.0747569,0.55867908,1.94217231,5.67490135,3.52093235,0,3,6,6,60.0,1.0,334933.55555556,93476.0,0.05393565,18.54061255,10,3,7
synthetic_wallet_000638,14,9,5,12.327124,20.35443981,1.36968044,1.69620332,13.66121421,7.88053317,0,2,5,5,60.0,1.0,220499.30769231,1758.0,0.60562335,1.65119129,14,9,5
synthetic_wallet_000639,11,2,9,2.45531144,20.26048221,1.22765572,1.12558234,6.39338277,1.91053433,0,3,7,7,60.0,1.0,296706.9,54525.0,0.12118722,8.25169544,11,2,9
synthetic_wallet_000640,6,4,2,4.06276208,2.25969998,1.01569052,1.12984999,2.17142898,0.58892933,0,1,3,3,60.0,1.0,590403.0,151689.0,1.79792101,0.55619796,6,4,2
synthetic_wallet_000641,15,7,8,7.63916236,12.79729676,1.09130891,0.67354193,2.15560621,0.39165219,0,5,6,7,60.0,1.0,138435.35714286,10162.0,0.59693563,1.67522251,15,7,8
synthetic_wallet_000642,8,3,5,4.29993046,13.31061176,1.43331015,0.95075798,2.08199128,0.45942259,0,4,5,5,60.0,1.0,202100.14285714,12517.0,0.32304529,3.09554117,8,3,5
synthetic_wallet_000643,7,1,6,0.3793209,18.10540851,0.3793209,1.13158803,4.08763702,1.44346504,0,3,5,6,60.0,1.0,331257.0,50563.0,0.0209507,47.73111239,7,1,6
synthetic_wallet_000644,17,5,12,7.38871268,32.21338335,1.47774254,1.15047798,4.47920945,1.98901043,0,5,9,10,60.0,1.0,185123.25,4668.0,0.22936779,4.35980999,17,5,12
synthetic_wallet_000645,9,4,5,2.42344865,15.25434832,0.60586216,1.52543483,2.45934444,0.89754875,0,3,4,4,60.0,1.0,329581.625,100926.0,0.15886937,6.2944797,9,4,5
synthetic_wallet_000646,7,3,4,3.04605097,5.34245082,1.01535032,1.3356127,2.42000904,0.73645246,0,1,4,4,60.0,1.0,441601.16666667,59725.0,0.57015985,1.7538941,7,3,4
synthetic_wallet_000647,13,3,10,1.56344064,16.80774478,0.52114688,0.73077151,3.05694609,0.88291785,0,8,6,8,60.0,1.0,226986.91666667,18175.0,0.09301906,10.75048476,13,3,10
synthetic_wallet_000648,5,1,4,0.52635761,6.85508292,0.52635761,0.62318936,0.93618693,0.04646279,0,4,4,4,60.0,1.0,221503.5,88707.0,0.07678355,13.0236227,5,1,4
synthetic_wallet_000649,9,3,6,2.42693678,16.91957357,0.80897893,0.89050387,5.42279319,1.02393303,0,4,4,6,60.0,1.0,272657.625,58724.0,0.14343959,6.97157574,9,3,6
synthetic_wallet_000650,13,6,7,5.20479542,11.12774348,0.8674659,1.23641594,2.49662101,0.33509854,0,2,6,6,60.0,1.0,217788.25,1764.0,0.46773143,2.13797903,13,6,7
synthetic_wallet_000651,5,4,1,5.68261948,1.36472891,1.42065487,1.36472891,2.05470368,0.28314676,0,1,2,2,60.0,1.0,638572.25,4293.0,4.16391815,0.24015842,5,4,1
synthetic_wallet_000652,7,5,2,3.88246324,12.64006112,0.77649265,3.16001528,4.0885673,2.90514383,0,2,3,3,60.0,1.0,416239.66666667,117601.0,0.30715542,3.25568082,7,5,2
synthetic_wallet_000653,12,5,7,4.68785192,13.36164917,0.93757038,1.11347076,4.79526967,1.25106142,0,3,7,7,60.0,1.0,252950.81818182,37092.0,0.35084381,2.85027117,12,5,7
synthetic_wallet_000654,10,1,9,0.16502681,15.89987347,0.16502681,1.05999156,4.89883884,2.34088067,0,3,6,7,60.0,1.0,225346.88888889,4711.0,0.01037913,96.34721455,10,1,9
synthetic_wallet_000655,15,6,9,9.38633622,15.78412865,1.56438937,0.78920643,2.44218735,0.68572252,0,3,6,7,60.0,1.0,201950.64285714,8925.0,0.59466927,1.681607,15,6,9
synthetic_wallet_000656,9,2,7,1.42186322,4.0962077,0.71093161,0.21558988,1.47062129,0.10910269,0,5,7,6,60.0,1.0,289753.125,26991.0,0.34711697,2.88087324,9,2,7
synthetic_wallet_000657,7,2,5,1.77865781,12.3593399,0.8893289,1.37325999,3.10186958,1.00074878,0,2,5,4,60.0,1.0,380816.83333333,6104.0,0.14391204,6.94868897,7,2,5
synthetic_wallet_000658,13,2,11,3.00114568,41.90814456,1.50057284,2.32823025,5.07026209,3.53096235,0,2,6,7,60.0,1.0,238131.16666667,2157.0,0.07161247,13.96404874,13,2,11
synthetic_wallet_000659,7,2,5,2.31626841,26.07123966,1.15813421,2.3701127,8.35825476,7.39086478,0,4,5,6,60.0,1.0,336463.0,96166.0,0.08884382,11.25570748,7,2,5
synthetic_wallet_000660,5,3,2,4.49150081,2.70131712,1.49716694,1.35065856,1.75873487,0.12015817,0,1,3,3,60.0,1.0,481201.5,331703.0,1.66270771,0.60142862,5,3,2
synthetic_wallet_000661,10,3,7,3.27988692,12.35966828,1.09329564,0.77247927,2.28105488,0.53252388,0,4,6,6,60.0,1.0,279472.22222222,38417.0,0.26537014,3.76832146,10,3,7
synthetic_wallet_000662,8,2,6,3.46965288,6.26148888,1.73482644,0.69572099,2.31431398,0.75515686,0,2,6,4,60.0,1.0,356778.28571429,57582.0,0.55412586,1.80464418,8,2,6
synthetic_wallet_000663,8,3,5,2.64457695,17.14907524,0.88152565,1.22493395,5.72122839,3.0736901,0,3,6,4,60.0,1.0,287190.0,130294.0,0.15421105,6.48461949,8,3,5
synthetic_wallet_000664,7,1,6,1.2057006,14.81133317,1.2057006,1.05795237,2.88859453,1.03839228,0,4,6,5,60.0,1.0,338756.83333333,7669.0,0.08140392,12.2844205,7,1,6
synthetic_wallet_000665,9,3,6,4.5907528,14.12036612,1.53025093,0.83060977,2.41642829,0.77490275,0,4,5,6,60.0,1.0,309540.75,27036.0,0.32511571,3.07582803,9,3,6
synthetic_wallet_000666,11,2,9,3.37684297,19.8051493,1.68842149,0.99025747,3.94826241,1.65934764,0,3,7,6,60.0,1.0,188294.2,10341.0,0.17050328,5.86498972,11,2,9
synthetic_wallet_000667,7,3,4,1.56624965,20.92518037,0.52208322,2.61564755,11.6856411,9.97854869,0,2,5,5,60.0,1.0,297853.83333333,183554.0,0.07485,13.3600543,7,3,4
synthetic_wallet_000668,5,3,2,1.44761802,3.06003882,0.48253934,0.61200776,2.18555612,0.41984934,0,2,3,3,60.0,1.0,283887.0,126612.0,0.47307178,2.11384411,5,3,2
synthetic_wallet_000669,13,7,6,6.53760552,13.19284911,0.93394365,0.82455307,7.97795668,2.4876432,0,4,5,6,60.0,1.0,217740.5,7133.0,0.4955416,2.01799406,13,7,6
synthetic_wallet_000670,11,5,6,5.61431213,12.41531596,1.12286243,0.9550243,2.05072005,0.34016739,0,2,5,4,60.0,1.0,292224.9,22263.0,0.45220856,2.21136903,11,5,6
synthetic_wallet_000671,11,5,6,4.11750985,11.83157016,0.82350197,0.98596418,2.40756691,0.65100045,0,2,6,6,60.0,1.0,240469.1,1188.0,0.34801043,2.87347707,11,5,6
synthetic_wallet_000672,6,3,3,3.49066878,7.26409566,1.16355626,0.80712174,2.18961263,0.41963426,0,3,3,3,60.0,1.0,277570.0,134765.0,0.48053728,2.08100399,6,3,3
synthetic_wallet_000673,11,5,6,7.51257971,10.76090873,1.50251594,0.97826443,2.9460462,0.75655185,0,3,7,5,60.0,1.0,283763.3,28563.0,0.69813618,1.4323853,11,5,6
synthetic_wallet_000674,9,3,6,2.26903974,18.99854574,0.75634658,1.18740911,4.38671369,2.18450159,0,3,6,6,60.0,1.0,301114.75,131480.0,0.11943229,8.37294535,9,3,6
synthetic_wallet_000675,10,2,8,2.93753643,21.7980766,1.46876822,1.2822398,15.51525952,11.44995286,0,4,6,8,60.0,1.0,267081.66666667,23185.0,0.13476127,7.42052979,10,2,8
synthetic_wallet_000676,9,2,7,3.14934193,9.18213486,1.57467096,0.70631807,2.03350677,0.44861799,0,2,6,5,60.0,1.0,240439.875,20267.0,0.34298581,2.91557254,9,2,7
synthetic_wallet_000677,8,1,7,0.20124724,10.18745725,0.20124724,0.56596985,2.19736497,0.19043356,0,2,5,7,60.0,1.0,339549.71428571,19860.0,0.01975441,50.62159983,8,1,7
synthetic_wallet_000678,17,5,12,7.7706479,36.49960027,1.55412958,1.35183705,13.91205862,6.09442865,0,5,6,9,60.0,1.0,180190.125,17546.0,0.21289679,4.69711158,17,5,12
synthetic_wallet_000679,7,3,4,2.92993084,4.03166313,0.97664361,0.36651483,1.2077432,0.12975796,0,3,4,5,60.0,1.0,332530.0,53914.0,0.72673007,1.37602672,7,3,4
synthetic_wallet_000680,9,7,2,11.84026456,3.20599534,1.69146637,0.64119907,2.37434399,0.80606672,0,2,3,3,60.0,1.0,332016.125,10323.0,3.69316337,0.27077058,9,7,2
synthetic_wallet_000681,4,3,1,2.26229494,1.1246,0.75409831,1.1246,1.79783186,0.43464085,0,1,1,2,60.0,1.0,674345.66666667,579740.0,2.01164409,0.49710583,4,3,1
synthetic_wallet_000682,9,4,5,5.79954627,7.66566913,1.44988657,0.69687901,2.3130519,0.69268586,0,2,5,6,60.0,1.0,367953.625,13131.0,0.756561,1.32177049,9,4,5
synthetic_wallet_000683,11,1,10,1.92084402,24.8516105,1.92084402,1.0805048,15.07505484,8.70204772,0,4,9,7,60.0,1.0,287328.3,10682.0,0.07729254,12.93785973,11,1,10
synthetic_wallet_000684,16,6,10,7.8160689,20.28985997,1.30267815,0.8115944,3.3323507,0.94638924,0,4,9,8,60.0,1.0,190082.13333333,2562.0,0.38522045,2.59591621,16,6,10
synthetic_wallet_000685,8,3,5,6.4994699,13.73882319,2.16648997,1.24898393,9.57371299,5.73008092,0,2,5,5,60.0,1.0,262570.14285714,39913.0,0.47307326,2.1138375,8,3,5
synthetic_wallet_000686,5,2,3,0.88029827,4.44560764,0.44014913,0.74093461,2.76569717,0.69988189,0,2,3,3,60.0,1.0,619345.0,169398.0,0.19801529,5.05011516,5,2,3
synthetic_wallet_000687,9,3,6,3.79767435,22.45495498,1.26589145,2.2454955,16.41090468,17.67333017,0,2,6,5,60.0,1.0,314280.875,68924.0,0.16912411,5.9128174,9,3,6
synthetic_wallet_000688,11,5,6,3.98165574,6.97115288,0.79633115,0.77457254,2.2188924,0.38824579,0,2,3,7,60.0,1.0,238030.9,26406.0,0.57116173,1.75081758,11,5,6
synthetic_wallet_000689,13,3,10,4.43952474,7.5168376,1.47984158,0.41760209,1.82445512,0.37714041,0,3,7,7,60.0,1.0,209587.33333333,12426.0,0.5906107,1.69316268,13,3,10
synthetic_wallet_000690,9,0,9,0.0,33.60514183,0.0,1.76869168,8.91950267,5.74506398,0,5,5,8,60.0,1.0,323719.875,30329.0,0.0,33605141830.0,9,0,9
synthetic_wallet_000691,9,5,4,4.11835824,7.68171337,0.82367165,0.69833758,1.93663264,0.25211173,0,2,4,5,60.0,1.0,316633.375,13815.0,0.53612496,1.86523681,9,5,4
synthetic_wallet_000692,8,2,6,2.47709407,8.29408358,1.23854703,0.7540076,2.4579101,0.85029819,0,3,5,5,60.0,1.0,349575.28571429,75392.0,0.29865796,3.34831191,8,2,6
synthetic_wallet_000693,7,4,3,6.45285186,1.90465645,1.61321296,0.23808206,2.27669821,0.63696481,0,3,4,3,60.0,1.0,317073.5,95631.0,3.3879348,0.29516507,7,4,3
synthetic_wallet_000694,9,4,5,4.75900074,7.25876586,1.18975018,0.72587659,1.89708328,0.25004757,0,3,4,6,60.0,1.0,339129.625,132835.0,0.65562119,1.52527101,9,4,5
synthetic_wallet_000695,5,2,3,2.59179862,3.8572696,1.29589931,0.77145392,1.93354264,0.43043092,0,2,4,4,60.0,1.0,636684.0,279061.0,0.67192571,1.48825976,5,2,3
synthetic_wallet_000696,10,4,6,5.21593469,25.90513499,1.30398367,1.61907094,3.3291261,1.49520074,0,3,6,4,60.0,1.0,279243.11111111,45245.0,0.20134752,4.96653745,10,4,6
synthetic_wallet_000697,5,3,2,4.70779022,3.45197181,1.56926341,1.7259859,2.18909263,0.51055753,0,1,3,3,60.0,1.0,513274.0,53744.0,1.36379741,0.73324674,5,3,2
synthetic_wallet_000698,10,3,7,2.71643146,9.3620898,0.90547715,0.78017415,2.07512349,0.22424496,0,3,4,7,60.0,1.0,322823.44444444,47066.0,0.29015225,3.44646642,10,3,7
synthetic_wallet_000699,15,6,9,4.41572443,23.55916936,0.73595407,1.12186521,3.26162918,1.0667177,0,5,7,6,60.0,1.0,187774.92857143,3036.0,0.18743124,5.33528977,15,6,9
synthetic_wallet_000700,11,4,7,5.54509729,30.11345883,1.38627432,2.31641991,8.170501,6.3999119,0,2,7,6,60.0,1.0,265478.8,7450.0,0.18414017,5.43064571,11,4,7
synthetic_wallet_000701,13,3,10,3.75591329,33.06588777,1.2519711,1.5029949,7.00068689,3.63769327,0,5,8,7,60.0,1.0,188176.33333333,6032.0,0.11358876,8.80368774,13,3,10
synthetic_wallet_000702,4,0,4,0.0,16.32247436,0.0,2.33178205,12.27211868,16.82648528,0,1,3,4,60.0,1.0,532889.66666667,201128.0,0.0,16322474360.0,4,0,4
synthetic_wallet_000703,6,4,2,3.01244013,0.25323064,0.75311003,0.03617581,1.58848311,0.2438896,0,2,3,3,60.0,1.0,566205.8,168657.0,11.89603332,0.08406163,6,4,2
synthetic_wallet_000704,11,1,10,1.00820792,24.12447686,1.00820792,1.5077798,9.64760563,4.69183702,0,3,8,8,60.0,1.0,267739.7,6297.0,0.04179191,23.92807712,11,1,10
synthetic_wallet_000705,4,1,3,0.05563868,6.1806298,0.05563868,0.68673664,2.01494763,0.52969481,0,2,3,4,60.0,1.0,858441.66666667,109009.0,0.00900211,111.08512639,4,1,3
synthetic_wallet_000706,9,4,5,5.33518904,18.59317227,1.33379726,2.32414653,15.42629483,16.80351166,0,2,5,6,60.0,1.0,309196.75,2062.0,0.28694345,3.48500721,9,4,5
synthetic_wallet_000707,6,2,4,3.9121275,3.57140818,1.95606375,0.39682313,2.12845432,0.39949218,0,3,4,5,60.0,1.0,588390.8,67277.0,1.09540195,0.9129069,6,2,4
synthetic_wallet_000708,8,2,6,3.94840255,9.9770875,1.97420127,1.10856528,2.34618145,0.64437627,0,2,5,6,60.0,1.0,373702.85714286,145769.0,0.39574701,2.52686685,8,2,6
synthetic_wallet_000709,7,1,6,0.87399433,21.76639831,0.87399433,1.55474274,5.15638917,3.66659579,0,2,5,7,60.0,1.0,355891.0,66019.0,0.04015337,24.90450746,7,1,6
synthetic_wallet_000710,12,6,6,7.48637986,6.11068402,1.24772998,0.359452,1.92065186,0.26446428,0,4,4,5,60.0,1.0,254304.09090909,25477.0,1.2251296,0.81624018,12,6,6
synthetic_wallet_000711,8,3,5,4.51522263,5.61787534,1.50507421,0.56178753,2.22094227,0.58508595,0,2,4,4,60.0,1.0,327984.57142857,17619.0,0.80372425,1.24420783,8,3,5
synthetic_wallet_000712,5,3,2,4.45514424,2.72198429,1.48504808,1.36099214,1.97024048,0.11558634,0,1,2,3,60.0,1.0,531385.25,193207.0,1.63672665,0.61097557,5,3,2
synthetic_wallet_000713,8,6,2,5.79025064,0.43016717,0.96504177,0.08603343,2.1437732,0.41558036,0,1,3,3,60.0,1.0,396375.0,85575.0,13.46046617,0.07429163,8,6,2
synthetic_wallet_000714,5,3,2,3.22544834,3.04296328,1.07514945,1.52148164,1.97816588,0.23168452,0,1,3,3,60.0,1.0,377408.75,70484.0,1.05996952,0.94342335,5,3,2
synthetic_wallet_000715,11,5,6,8.31736956,40.6363088,1.66347391,3.12586991,7.10956574,4.60243949,0,3,7,6,60.0,1.0,177042.5,19689.0,0.20467827,4.88571639,11,5,6
synthetic_wallet_000716,6,3,3,5.15010775,3.32738781,1.71670258,0.3024898,2.43339198,0.44347361,0,3,4,3,60.0,1.0,506738.4,20927.0,1.54779306,0.6460812,6,3,3
synthetic_wallet_000717,6,3,3,3.63836148,10.57489257,1.21278716,1.76248209,6.84028598,3.66221516,0,2,4,3,60.0,1.0,171371.0,43606.0,0.34405659,2.90649861,6,3,3
synthetic_wallet_000718,11,7,4,7.15447399,8.35212155,1.02206771,0.92801351,5.85801544,1.99233768,0,3,5,4,60.0,1.0,245680.8,11154.0,0.85660559,1.16739841,11,7,4
synthetic_wallet_000719,6,3,3,5.439785,6.51790151,1.81326167,2.17263384,2.3660988,0.13884265,0,1,4,4,60.0,1.0,479077.0,94066.0,0.83459147,1.19819101,6,3,3
synthetic_wallet_000720,8,3,5,5.13391646,17.5959945,1.71130549,1.75959945,11.43314105,8.38588985,0,2,4,6,60.0,1.0,397331.57142857,23576.0,0.2917662,3.4274018,8,3,5
synthetic_wallet_000721,10,4,6,2.11615124,8.63901801,0.52903781,0.95989089,2.45964304,0.51989807,0,2,4,6,60.0,1.0,304264.44444444,39317.0,0.24495275,4.08241994,10,4,6
synthetic_wallet_000722,11,5,6,3.63525406,22.77721024,0.72705081,1.19880054,2.55480847,0.79664843,0,5,5,7,60.0,1.0,261329.2,26884.0,0.1596005,6.26564467,11,5,6
synthetic_wallet_000723,8,3,5,2.55572139,21.76556868,0.85190713,1.81379739,12.02367881,8.20308472,0,3,5,6,60.0,1.0,214026.14285714,5620.0,0.11742038,8.51640901,8,3,5
synthetic_wallet_000724,9,5,4,4.4898362,13.95744251,0.89796724,1.55082695,2.5725617,0.77488988,0,3,4,4,60.0,1.0,232032.5,4383.0,0.32168044,3.10867521,9,5,4
synthetic_wallet_000725,9,3,6,1.96942833,12.10548462,0.65647611,2.01758077,2.4450676,0.50356813,0,1,4,4,60.0,1.0,299650.875,58512.0,0.16268893,6.14669975,9,3,6
synthetic_wallet_000726,12,1,11,1.09619041,12.20115556,1.09619041,0.46927521,1.91086589,0.20314696,0,4,8,8,60.0,1.0,223675.63636364,77268.0,0.08984316,11.13050748,12,1,11
synthetic_wallet_000727,7,1,6,1.46078731,27.18369949,1.46078731,1.94169282,3.37291153,1.36001756,0,3,5,6,60.0,1.0,390302.5,19570.0,0.05373762,18.60893732,7,1,6
synthetic_wallet_000728,10,4,6,5.26027046,7.6495315,1.31506762,0.95619144,2.2341767,0.37356361,0,2,4,4,60.0,1.0,278238.22222222,79490.0,0.68765917,1.45420878,10,4,6
synthetic_wallet_000729,11,1,10,0.21614568,26.46091027,0.21614568,1.55652413,5.90229254,4.19866822,0,3,8,6,60.0,1.0,263281.4,11376.0,0.00816849,122.42164761,11,1,10
synthetic_wallet_000730,13,3,10,2.34265552,11.88151923,0.78088517,0.62534312,2.34098309,0.36065855,0,1,7,8,60.0,1.0,205913.08333333,122.0,0.19716801,5.07181663,13,3,10
synthetic_wallet_000731,2,1,1,0.08212318,1.51001143,0.08212318,0.50333714,0.50333715,0.03326648,0,2,2,2,60.0,1.0,2221654.0,2221654.0,0.0543858,18.38715245,2,1,1
synthetic_wallet_000732,10,3,7,3.70560816,23.85584416,1.23520272,1.13599258,3.56399986,1.35783702,0,4,4,5,60.0,1.0,222772.44444444,25184.0,0.15533335,6.4377676,10,3,7
synthetic_wallet_000733,7,4,3,3.95186168,4.41865009,0.98796542,0.55233126,2.49762894,0.31573893,0,3,4,4,60.0,1.0,422990.16666667,1347.0,0.8943595,1.11811861,7,4,3
synthetic_wallet_000734,7,4,3,4.64462313,15.66143065,1.16115578,2.23734724,5.86704865,3.65181496,0,3,3,4,60.0,1.0,410178.66666667,19247.0,0.29656442,3.37194864,7,4,3
synthetic_wallet_000735,11,2,9,2.60558611,14.41703652,1.30279305,0.7587914,2.36301109,0.42998211,0,6,7,6,60.0,1.0,261183.1,46024.0,0.18072966,5.5331261,11,2,9
synthetic_wallet_000736,8,3,5,1.00889733,8.33186836,0.33629911,1.04148354,2.0548189,0.38157418,0,1,4,5,60.0,1.0,361570.0,15850.0,0.12108897,8.25839073,8,3,5
synthetic_wallet_000737,7,2,5,3.71401931,7.64563551,1.85700966,0.54611682,2.11435246,0.30525682,0,3,5,6,60.0,1.0,365979.66666667,87620.0,0.48576986,2.05858798,7,2,5
synthetic_wallet_000738,13,4,9,5.66188947,21.71472714,1.41547237,1.44764848,4.03773367,1.52655457,0,3,8,6,60.0,1.0,212219.5,198.0,0.26073961,3.83524392,13,4,9
synthetic_wallet_000739,8,2,6,0.72144557,7.97145753,0.36072278,0.79714575,1.77983664,0.27263529,0,2,6,5,60.0,1.0,265158.28571429,7481.0,0.0905036,11.04928474,8,2,6
synthetic_wallet_000740,8,0,8,0.0,24.67843316,0.0,1.23392166,3.56399986,1.43585629,0,4,6,6,60.0,1.0,395196.71428571,86695.0,0.0,24678433160.0,8,0,8
synthetic_wallet_000741,19,10,9,13.46629806,19.79810401,1.34662981,0.89991382,2.45840919,0.48702273,0,7,7,7,60.0,1.0,144380.72222222,2086.0,0.6801812,1.47019648,19,10,9
synthetic_wallet_000742,8,2,6,3.26790863,15.03669157,1.63395431,1.0740494,3.35119276,1.33189623,0,6,7,4,60.0,1.0,416817.71428571,62129.0,0.21732897,4.60131946,8,2,6
synthetic_wallet_000743,11,5,6,3.9591788,19.16391552,0.79183576,1.59699296,3.63343547,1.7375193,0,4,5,7,60.0,1.0,264087.8,24305.0,0.2065955,4.84037637,11,5,6
synthetic_wallet_000744,3,1,2,1.90086187,2.39276348,1.90086187,0.34182335,1.90086187,0.26993657,0,3,3,3,60.0,1.0,804313.5,346525.0,0.79442113,1.2587782,3,1,2
synthetic_wallet_000745,10,4,6,5.84733925,15.88727164,1.46183481,1.7652524,2.48014054,0.57163879,0,2,5,7,60.0,1.0,261486.0,21411.0,0.36805182,2.7170087,10,4,6
synthetic_wallet_000746,5,3,2,3.94609699,1.79901555,1.31536566,0.89950778,1.6726984,0.08424584,0,1,2,3,60.0,1.0,316484.25,8407.0,2.19347575,0.45589745,5,3,2
synthetic_wallet_000747,11,6,5,6.22255654,6.86873287,1.03709276,0.52836407,2.36854408,0.34623088,0,4,4,6,60.0,1.0,257667.5,4699.0,0.90592496,1.10384419,11,6,5
synthetic_wallet_000748,9,3,6,3.61241078,10.27685176,1.20413693,0.60452069,1.94255952,0.25867548,0,4,4,5,60.0,1.0,230544.75,62202.0,0.35150948,2.84487352,9,3,6
synthetic_wallet_000749,14,6,8,6.35629106,8.85269607,1.05938184,0.49181645,1.86425476,0.28891016,0,6,6,6,60.0,1.0,217626.46153846,3107.0,0.71800624,1.39274555,14,6,8
synthetic_wallet_000750,9,1,8,0.6558535,13.7444902,0.6558535,0.65449953,1.33411378,0.05407848,0,5,7,7,60.0,1.0,328949.5,116421.0,0.04771756,20.95664687,9,1,8
synthetic_wallet_000751,5,2,3,3.15817138,4.04693657,1.57908569,0.67448943,2.3863736,0.74411807,0,2,3,3,60.0,1.0,216295.75,122268.0,0.78038569,1.28141766,5,2,3
synthetic_wallet_000752,11,6,5,7.24108703,5.96554852,1.20684784,0.59655485,2.22523878,0.55060317,0,4,5,5,60.0,1.0,189037.9,17231.0,1.21381747,0.8238471,11,6,5
synthetic_wallet_000753,10,4,6,7.02301307,8.70214966,1.75575327,0.58014331,2.34617725,0.52439102,0,4,6,6,60.0,1.0,251871.44444444,15089.0,0.80704347,1.23909063,10,4,6
synthetic_wallet_000754,11,5,6,7.24590306,7.74131788,1.44918061,0.55295128,2.11652038,0.39199519,0,2,5,4,60.0,1.0,268003.9,39659.0,0.93600381,1.06837172,11,5,6
synthetic_wallet_000755,8,3,5,5.84943683,7.31587563,1.94981228,0.6650796,2.25733762,0.46112979,0,2,4,6,60.0,1.0,331018.85714286,68428.0,0.79955389,1.25069743,8,3,5
synthetic_wallet_000756,12,3,9,3.55749395,21.93162683,1.18583132,1.21842371,2.48150344,0.47407214,0,4,6,9,60.0,1.0,243949.54545455,25246.0,0.16220839,6.1649091,12,3,9
synthetic_wallet_000757,9,4,5,5.56413894,5.59605729,1.39103474,1.11921146,2.19224502,0.5428265,0,1,5,6,60.0,1.0,343153.625,49809.0,0.99429628,1.00573644,9,4,5
synthetic_wallet_000758,13,4,9,8.8494868,23.15132457,2.2123717,1.36184262,5.34791243,3.08973019,0,3,6,6,60.0,1.0,238651.91666667,14948.0,0.38224538,2.61612058,13,4,9
synthetic_wallet_000759,15,3,12,3.16131016,34.87613453,1.05377005,1.24557623,7.0296565,4.10566452,0,7,6,10,60.0,1.0,189798.71428571,2143.0,0.09064394,11.03217741,15,3,12
synthetic_wallet_000760,6,2,4,2.3040189,19.60319015,1.15200945,2.80045574,5.01813264,3.51406551,0,2,4,4,60.0,1.0,313472.4,158124.0,0.11753285,8.50825926,6,2,4
synthetic_wallet_000761,10,3,7,3.07536477,23.19693401,1.02512159,1.93307783,2.98310411,1.07320443,0,2,5,6,60.0,1.0,261786.44444444,530.0,0.13257635,7.54282361,10,3,7
synthetic_wallet_000762,8,0,8,0.0,36.0533593,0.0,2.00296441,5.91712859,4.34560738,0,4,6,5,60.0,1.0,394543.14285714,174.0,0.0,36053359299.99999,8,0,8
synthetic_wallet_000763,11,4,7,4.31787264,19.76901484,1.07946816,1.52069345,6.49760926,3.67676501,0,4,5,7,60.0,1.0,253808.8,1609.0,0.21841618,4.57841546,11,4,7
synthetic_wallet_000764,11,3,8,3.56093093,12.2370643,1.18697698,0.67983691,2.29856262,0.57245569,0,4,6,6,60.0,1.0,268085.0,19471.0,0.29099552,3.43647898,11,3,8
synthetic_wallet_000765,8,3,5,3.43020087,4.6226062,1.14340029,0.46226062,2.18090443,0.48344399,0,3,4,4,60.0,1.0,368872.57142857,5470.0,0.74204912,1.34761968,8,3,5
synthetic_wallet_000766,13,8,5,9.87663438,8.48800175,1.2345793,0.77163652,2.4859298,0.55625042,0,2,4,5,60.0,1.0,187426.0,1807.0,1.16359947,0.85940224,13,8,5
synthetic_wallet_000767,9,3,6,1.61697365,25.11755787,0.53899122,2.79083976,11.30650735,15.21404864,0,2,5,5,60.0,1.0,216840.875,64.0,0.06437623,15.5336841,9,3,6
synthetic_wallet_000768,8,1,7,2.31422576,9.76736784,2.31422576,0.65115786,2.32835535,0.44545972,0,3,5,7,60.0,1.0,406937.42857143,70276.0,0.23693443,4.22057692,8,1,7
synthetic_wallet_000769,10,2,8,0.84009018,25.71081408,0.42004509,1.22432448,5.23790181,2.52827901,0,6,7,6,60.0,1.0,285650.88888889,16815.0,0.03267458,30.60482635,10,2,8
synthetic_wallet_000770,9,5,4,5.81117453,6.44095539,1.16223491,0.53674628,3.66958573,0.81897362,0,4,3,5,60.0,1.0,238905.625,14991.0,0.90222245,1.10837411,9,5,4
synthetic_wallet_000771,9,5,4,5.29886568,6.78082888,1.05977314,0.75342543,2.36698472,0.56174548,0,1,4,4,60.0,1.0,304452.25,42501.0,0.78144808,1.27967556,9,5,4
synthetic_wallet_000772,13,7,6,10.13911399,16.64289934,1.44844486,0.97899408,2.00382839,0.41473022,0,4,4,6,60.0,1.0,175703.33333333,9022.0,0.6092156,1.641455,13,7,6
synthetic_wallet_000773,8,2,6,2.22966778,49.58729389,1.11483389,3.54194956,17.56991759,21.17588754,0,4,5,7,60.0,1.0,298129.57142857,89808.0,0.0449645,22.23976789,8,2,6
synthetic_wallet_000774,12,6,6,8.3541562,24.06009865,1.39235937,1.41529992,15.15292522,8.99120583,0,5,7,5,60.0,1.0,236792.45454545,15796.0,0.34722036,2.88001542,12,6,6
synthetic_wallet_000775,14,6,8,7.84007148,33.34563008,1.30667858,2.08410188,8.85370803,3.67006526,0,4,5,8,60.0,1.0,214500.0,15836.0,0.23511541,4.25323036,14,6,8
synthetic_wallet_000776,6,0,6,0.0,23.97285943,0.0,2.17935086,4.22591386,1.67796142,0,2,3,2,60.0,1.0,172759.0,46423.0,0.0,23972859430.0,6,0,6
synthetic_wallet_000777,9,3,6,4.42134247,41.42347255,1.47378082,2.95881947,12.51985621,7.28984361,0,3,4,3,60.0,1.0,259109.625,34583.0,0.1067352,9.36898076,9,3,6
synthetic_wallet_000778,7,5,2,4.90012213,10.1535654,0.98002443,1.6922609,2.16095523,0.4986881,0,2,2,3,60.0,1.0,445202.66666667,7237.0,0.48260113,2.07210456,7,5,2
synthetic_wallet_000779,14,6,8,7.75550331,11.40424255,1.29258388,0.63356903,2.29038118,0.35228358,0,3,6,5,60.0,1.0,196230.76923077,10656.0,0.68005422,1.47047098,14,6,8
synthetic_wallet_000780,5,1,4,0.4678547,5.18303096,0.4678547,0.32393943,0.59534302,0.03066462,0,4,5,5,60.0,1.0,517793.0,92869.0,0.09026662,11.07829196,5,1,4
synthetic_wallet_000781,14,6,8,7.84142418,9.20689972,1.30690403,0.65763569,2.49359184,0.45857675,0,4,5,7,60.0,1.0,202120.23076923,46978.0,0.85168997,1.17413617,14,6,8
synthetic_wallet_000782,9,1,8,2.18414239,10.54961889,2.18414239,0.45867908,2.18414239,0.13732379,0,5,7,7,60.0,1.0,317520.5,2719.0,0.20703519,4.83009667,9,1,8
synthetic_wallet_000783,5,0,5,0.0,19.34083565,0.0,2.14898174,4.79185949,3.75780415,0,2,4,4,60.0,1.0,613501.0,326253.0,0.0,19340835649.999996,5,0,5
synthetic_wallet_000784,7,1,6,0.94504862,9.16221243,0.94504862,0.65444375,2.32366222,0.27501238,0,1,4,5,60.0,1.0,411991.0,668.0,0.10314633,9.69496409,7,1,6
synthetic_wallet_000785,9,3,6,2.6857537,8.22507341,0.89525123,1.02813418,2.04287254,0.31917235,0,2,4,6,60.0,1.0,362240.0,22954.0,0.32653249,3.06248239,9,3,6
synthetic_wallet_000786,6,2,4,3.17616818,8.46961475,1.58808409,0.84696147,2.06102934,0.61525287,0,1,4,4,60.0,1.0,262258.4,32819.0,0.3750074,2.66661407,6,2,4
synthetic_wallet_000787,5,4,1,7.71536592,13.29408308,1.92884148,13.29408308,13.29408308,20.74121518,0,1,2,2,60.0,1.0,431316.25,146888.0,0.58036089,1.72306579,5,4,1
synthetic_wallet_000788,8,2,6,4.36718058,6.98090628,2.18359029,0.49863616,2.29791282,0.42956907,0,4,5,6,60.0,1.0,288547.42857143,28665.0,0.62558934,1.5984927,8,2,6
synthetic_wallet_000789,8,2,6,2.34467584,18.97120612,1.17233792,2.37140077,14.50444698,17.27172557,0,2,6,6,60.0,1.0,293656.14285714,10376.0,0.12359129,8.09118506,8,2,6
synthetic_wallet_000790,9,3,6,4.55124854,8.42126049,1.51708285,0.93569561,2.38255881,0.79029271,0,2,5,5,60.0,1.0,307226.25,1013.0,0.54044742,1.85031875,9,3,6
synthetic_wallet_000791,10,4,6,4.96885177,6.58102589,1.24221294,0.54841882,2.25516448,0.27689233,0,3,4,4,60.0,1.0,297764.11111111,5546.0,0.75502693,1.32445607,10,4,6
synthetic_wallet_000792,10,4,6,7.07433748,18.74114659,1.76858437,1.44162666,12.42149346,8.04827527,0,4,7,5,60.0,1.0,292107.66666667,10215.0,0.37747624,2.64917339,10,4,6
synthetic_wallet_000793,8,1,7,0.25782008,21.1927937,0.25782008,1.41285291,3.3291261,1.53782913,0,3,7,6,60.0,1.0,331905.71428571,80.0,0.01216546,82.19993454,8,1,7
synthetic_wallet_000794,6,0,6,0.0,17.70937756,0.0,1.26495554,3.35907035,1.8497138,0,1,5,6,60.0,1.0,561090.2,57365.0,0.0,17709377560.0,6,0,6
synthetic_wallet_000795,10,3,7,4.54429801,18.2023406,1.514766,1.82023406,3.67259617,1.44480392,0,1,6,6,60.0,1.0,275698.11111111,51661.0,0.2496546,4.00553409,10,3,7
synthetic_wallet_000796,4,1,3,2.10783913,7.18711515,2.10783913,1.43742303,2.10783913,0.24984965,0,2,3,3,60.0,1.0,626606.33333333,143581.0,0.29328028,3.40970762,4,1,3
synthetic_wallet_000797,5,3,2,2.48684389,15.11019633,0.82894796,3.77754908,5.01813264,5.06727783,0,1,3,3,60.0,1.0,422755.25,87059.0,0.16458051,6.07605342,5,3,2
synthetic_wallet_000798,12,4,8,2.74550959,39.66871746,0.6863774,2.47929484,8.36874841,6.18951298,0,4,7,6,60.0,1.0,259451.63636364,48757.0,0.06921095,14.44858091,12,4,8
synthetic_wallet_000799,8,1,7,1.99825088,6.41680471,1.99825088,0.45834319,2.04702163,0.42916151,0,3,5,6,60.0,1.0,309478.28571429,19862.0,0.31140902,3.21121075,8,1,7
synthetic_wallet_000800,12,6,6,7.04986104,16.58738609,1.17497684,1.38228217,5.00711827,2.04021066,0,3,4,6,60.0,1.0,214757.72727273,7304.0,0.42501338,2.3528671,12,6,6
synthetic_wallet_000801,9,4,5,4.04048455,13.35380679,1.01012114,1.02721591,2.19992099,0.45365366,0,2,6,6,60.0,1.0,286092.25,15945.0,0.30257174,3.30500132,9,4,5
synthetic_wallet_000802,10,7,3,12.25358063,4.08762899,1.75051152,0.454181,2.28261464,0.51465112,0,3,4,4,60.0,1.0,129577.33333333,21697.0,2.99772329,0.33358649,10,7,3
synthetic_wallet_000803,10,7,3,9.89632041,4.53303094,1.41376006,0.75550516,2.44838055,0.40702358,0,2,3,4,60.0,1.0,262007.33333333,81685.0,2.18315748,0.45805216,10,7,3
synthetic_wallet_000804,13,3,10,5.73713236,12.61666813,1.91237745,0.97051293,3.88638629,1.01444816,0,2,6,7,60.0,1.0,224356.5,1382.0,0.45472642,2.19912446,13,3,10
synthetic_wallet_000805,18,6,12,5.87276819,18.79190838,0.9787947,0.72276571,2.42058923,0.41377152,0,6,8,7,60.0,1.0,161213.82352941,401.0,0.3125158,3.19983827,18,6,12
synthetic_wallet_000806,11,6,5,8.7335066,7.61869459,1.45558443,0.54419247,1.82433434,0.25401804,0,3,5,5,60.0,1.0,248753.9,5204.0,1.14632586,0.8723523,11,6,5
synthetic_wallet_000807,9,4,5,5.61768627,21.88525741,1.40442157,1.98956886,5.5107736,3.76063991,0,4,5,4,60.0,1.0,364283.25,91824.0,0.25668815,3.89577779,9,4,5
synthetic_wallet_000808,11,3,8,3.27700118,60.9296189,1.09233373,4.06197459,16.86215493,22.37337832,0,4,6,6,60.0,1.0,205508.0,23842.0,0.05378339,18.59310252,11,3,8
synthetic_wallet_000809,10,1,9,0.3170674,13.18679032,0.3170674,0.87911935,2.29815621,0.3816435,0,1,6,9,60.0,1.0,250787.88888889,14966.0,0.02404432,41.58986487,10,1,9
synthetic_wallet_000810,13,5,8,7.71907815,7.35328053,1.54381563,0.38701476,2.44971103,0.50182915,0,5,6,5,60.0,1.0,171066.25,16876.0,1.04974618,0.95261123,13,5,8
synthetic_wallet_000811,5,4,1,2.58588076,1.24121948,0.64647019,1.24121948,1.24121948,0.10777152,0,1,2,2,60.0,1.0,647766.0,387701.0,2.08333885,0.47999873,5,4,1
synthetic_wallet_000812,8,4,4,3.37880145,5.13783874,0.84470036,0.57087097,2.48109432,0.5976189,0,3,3,5,60.0,1.0,340111.0,48068.0,0.65763089,1.52060984,8,4,4
synthetic_wallet_000813,3,1,2,0.07310323,1.90451401,0.07310323,0.3809028,1.20055366,0.15312248,0,2,3,3,60.0,1.0,156471.5,42547.0,0.03838419,26.05239208,3,1,2
synthetic_wallet_000814,13,4,9,6.79233738,10.41240345,1.69808434,0.61249432,2.45122004,0.51289148,0,4,8,6,60.0,1.0,208915.66666667,14652.0,0.65233137,1.53296323,13,4,9
synthetic_wallet_000815,4,1,3,0.89755511,2.696381,0.89755511,0.44939683,0.89755511,0.03163292,0,2,3,4,60.0,1.0,493057.0,21858.0,0.33287399,3.00413977,4,1,3
synthetic_wallet_000816,11,3,8,4.10779596,12.19844413,1.36926532,0.67769134,2.78136195,0.66396302,0,3,7,6,60.0,1.0,283783.7,7369.0,0.33674753,2.96958375,11,3,8
synthetic_wallet_000817,7,4,3,5.52057906,2.62093149,1.38014477,0.37441878,1.97225856,0.42776595,0,1,4,3,60.0,1.0,334924.66666667,66158.0,2.10634238,0.47475663,7,4,3
synthetic_wallet_000818,7,2,5,1.47586749,6.960889,0.73793374,0.43505556,1.00157298,0.04597443,0,6,4,5,60.0,1.0,447404.5,32419.0,0.21202285,4.71647289,7,2,5
synthetic_wallet_000819,7,2,5,2.88480685,24.58150183,1.44240342,1.75582156,3.3175482,1.38979374,0,4,6,5,60.0,1.0,326680.16666667,36476.0,0.11735682,8.52102172,7,2,5
synthetic_wallet_000820,10,6,4,6.91421807,18.08420083,1.15236968,1.80842008,3.17623028,1.29325654,0,3,4,5,60.0,1.0,319402.66666667,505.0,0.38233473,2.61550918,10,6,4
synthetic_wallet_000821,10,3,7,2.39525948,17.08722564,0.79841983,0.85436128,3.15629484,0.66762914,0,4,4,4,60.0,1.0,306930.22222222,171570.0,0.14017837,7.13376809,10,3,7
synthetic_wallet_000822,4,1,3,0.29788899,11.81782476,0.29788899,1.68826068,7.99455981,6.03715575,0,1,4,4,60.0,1.0,935946.33333333,750179.0,0.02520675,39.67190852,4,1,3
synthetic_wallet_000823,8,2,6,3.90019693,7.38244712,1.95009846,0.67113156,2.3649229,0.39444393,0,2,5,6,60.0,1.0,370118.85714286,10468.0,0.52830679,1.89283958,8,2,6
synthetic_wallet_000824,5,2,3,2.99613095,4.28733698,1.49806547,0.47637078,1.89736864,0.38250122,0,2,4,3,60.0,1.0,329129.5,250900.0,0.69883262,1.43095781,5,2,3
synthetic_wallet_000825,8,4,4,4.97907943,20.11427109,1.24476986,4.02285422,15.35596168,19.93781481,0,2,3,4,60.0,1.0,374503.28571429,26491.0,0.24753964,4.03975702,8,4,4
synthetic_wallet_000826,5,3,2,4.28269513,12.97623077,1.42756504,2.59524615,11.51602089,12.9341466,0,2,3,3,60.0,1.0,683411.25,228317.0,0.33004154,3.02992167,5,3,2
synthetic_wallet_000827,9,1,8,1.02623884,31.43609603,1.02623884,1.5718048,13.41242646,9.19586172,0,5,6,8,60.0,1.0,335488.875,31811.0,0.03264524,30.63233899,9,1,8
synthetic_wallet_000828,10,3,7,6.0244119,14.87413585,2.0081373,1.35219417,3.17267465,0.83535086,0,2,5,8,60.0,1.0,317999.22222222,55202.0,0.40502601,2.46897724,10,3,7
synthetic_wallet_000829,12,3,9,5.54903106,14.41101587,1.84967702,0.90068849,2.3809789,0.74684224,0,2,6,7,60.0,1.0,265835.09090909,28122.0,0.38505482,2.59703284,12,3,9
synthetic_wallet_000830,7,2,5,2.71189384,4.28439523,1.35594692,0.61205646,2.01756067,0.43105858,0,2,5,4,60.0,1.0,419504.0,94935.0,0.63297004,1.57985359,7,2,5
synthetic_wallet_000831,6,1,5,1.602671,7.09958857,1.602671,0.59163238,1.602671,0.16529053,0,2,5,5,60.0,1.0,502110.2,280969.0,0.22574139,4.42984778,6,1,5
synthetic_wallet_000832,7,1,6,0.88684917,24.55796218,0.88684917,1.63719748,6.35215819,2.82870501,0,4,4,6,60.0,1.0,400452.0,62090.0,0.03611249,27.69125011,7,1,6
synthetic_wallet_000833,13,4,9,4.06196783,40.69848173,1.01549196,2.03492409,13.73627274,10.60033447,0,4,6,7,60.0,1.0,238494.08333333,11111.0,0.09980637,10.01940031,13,4,9
synthetic_wallet_000834,6,1,5,0.71754932,15.80672756,0.71754932,1.43697523,5.76327774,4.23801877,0,3,5,6,60.0,1.0,576266.2,110337.0,0.04539518,22.02876809,6,1,5
synthetic_wallet_000835,8,3,5,3.5833312,7.77059291,1.19444373,0.86339921,2.03318066,0.22125344,0,3,4,5,60.0,1.0,248741.85714286,6562.0,0.46114,2.16853885,8,3,5
synthetic_wallet_000836,5,1,4,2.47101565,6.68574009,2.47101565,0.74286001,2.47101565,0.6369766,0,3,5,4,60.0,1.0,669631.75,278945.0,0.36959493,2.70566481,5,1,4
synthetic_wallet_000837,10,1,9,0.12189633,23.00974047,0.12189633,1.27831892,3.31164298,1.31905063,0,4,6,8,60.0,1.0,214396.55555556,11706.0,0.0052976,188.76483377,10,1,9
synthetic_wallet_000838,11,0,11,0.0,42.109993,0.0,1.83086926,5.15638917,3.78972491,0,5,7,9,60.0,1.0,268370.8,27805.0,0.0,42109992999.99999,11,0,11
synthetic_wallet_000839,12,6,6,4.40555114,7.6209449,0.73425852,0.44829088,1.98325478,0.2159838,0,4,6,5,60.0,1.0,180701.09090909,37616.0,0.57808463,1.72985051,12,6,6
synthetic_wallet_000840,5,1,4,0.90681971,11.4751993,0.90681971,1.14751993,1.84747258,0.20417774,0,4,4,4,60.0,1.0,360053.5,3400.0,0.07902431,12.65433379,5,1,4
synthetic_wallet_000841,11,5,6,8.38293933,21.92090479,1.67658787,2.19209048,3.75889076,1.29618396,0,3,5,6,60.0,1.0,267688.6,8076.0,0.38241758,2.61494255,11,5,6
synthetic_wallet_000842,5,0,5,0.0,5.87900447,0.0,0.53445495,1.319856,0.11497008,0,4,4,5,60.0,1.0,556427.0,376564.0,0.0,5879004470.0,5,0,5
synthetic_wallet_000843,6,2,4,2.79625081,3.50545568,1.39812541,0.43818196,1.58506059,0.32319187,0,2,4,5,60.0,1.0,367034.4,55652.0,0.7976854,1.25362706,6,2,4
synthetic_wallet_000844,9,3,6,4.71805015,10.14615754,1.57268338,0.5968328,2.41486725,0.3078196,0,2,5,6,60.0,1.0,332091.875,3483.0,0.46500856,2.15049803,9,3,6
synthetic_wallet_000845,7,3,4,4.71581594,4.24720424,1.57193865,0.42472042,1.78010807,0.51463472,0,2,3,4,60.0,1.0,435921.5,97690.0,1.11033416,0.90062977,7,3,4
synthetic_wallet_000846,4,2,2,2.22599602,10.35324971,1.11299801,5.17662486,8.95798636,11.27841136,0,1,3,2,60.0,1.0,469048.0,112380.0,0.21500457,4.65106389,4,2,2
synthetic_wallet_000847,9,5,4,4.7475408,20.04045221,0.94950816,2.50505653,15.67408921,16.05666561,0,2,5,5,60.0,1.0,327592.875,518.0,0.23689789,4.22122801,9,5,4
synthetic_wallet_000848,13,3,10,1.18073643,13.04400161,0.39357881,0.54350007,1.98620107,0.16149704,0,4,6,7,60.0,1.0,212747.41666667,11916.0,0.09051949,11.04734408,13,3,10
synthetic_wallet_000849,11,5,6,5.80111871,5.18695848,1.16022374,0.57632872,2.39381483,0.63302834,0,1,7,6,60.0,1.0,260706.8,14869.0,1.11840469,0.89413073,11,5,6
synthetic_wallet_000850,6,0,6,0.0,15.51546192,0.0,1.55154619,2.42544048,0.34247984,0,2,5,5,60.0,1.0,314913.4,87341.0,0.0,15515461919.999998,6,0,6
synthetic_wallet_000851,5,2,3,3.32446965,8.58322884,1.66223483,2.86107628,5.74035163,3.29751771,0,1,3,4,60.0,1.0,205510.75,6952.0,0.38732157,2.58183402,5,2,3
synthetic_wallet_000852,8,2,6,2.8217495,7.30244758,1.41087475,0.81138306,2.34590631,0.62278688,0,2,5,6,60.0,1.0,254665.71428571,32761.0,0.38641147,2.5879149,8,2,6
synthetic_wallet_000853,8,3,5,3.57195292,5.49255954,1.19065097,0.45771329,2.17385432,0.39961827,0,4,4,5,60.0,1.0,349012.85714286,69511.0,0.65032575,1.53769091,8,3,5
synthetic_wallet_000854,6,1,5,0.76617785,15.17423368,0.76617785,1.16724874,2.2530488,0.56260225,0,3,5,6,60.0,1.0,458386.6,112518.0,0.05049203,19.80510619,6,1,5
synthetic_wallet_000855,12,4,8,7.10172294,8.05984339,1.77543074,0.47410843,2.4415426,0.74797636,0,3,7,8,60.0,1.0,229925.27272727,13739.0,0.88112419,1.1349138,12,4,8
synthetic_wallet_000856,7,2,5,1.83798807,17.46561281,0.91899403,1.34350868,9.46943302,5.08267362,0,2,5,5,60.0,1.0,377628.66666667,96350.0,0.10523467,9.50257137,7,2,5
synthetic_wallet_000857,7,4,3,5.7442667,2.73369702,1.43606667,0.68342425,2.45336902,0.78796269,0,2,3,3,60.0,1.0,233331.5,78420.0,2.1012814,0.47590009,7,4,3
synthetic_wallet_000858,5,3,2,4.90177446,1.69102492,1.63392482,0.84551246,2.33978317,0.40386536,0,1,3,3,60.0,1.0,341299.75,210881.0,2.89870031,0.3449822,5,3,2
synthetic_wallet_000859,13,7,6,11.60860073,25.06523836,1.65837153,2.27865803,4.45099242,1.94241367,0,3,5,6,60.0,1.0,226554.58333333,31401.0,0.46313546,2.15919549,13,7,6
synthetic_wallet_000860,10,3,7,2.74911105,9.28821013,0.91637035,0.66344358,2.29869229,0.47914967,0,4,4,7,60.0,1.0,267091.55555556,44770.0,0.29597856,3.37862311,10,3,7
synthetic_wallet_000861,10,5,5,7.25863719,4.60739892,1.45172744,0.46073989,2.14685,0.55048105,0,2,5,5,60.0,1.0,304843.88888889,16229.0,1.57543059,0.6347471,10,5,5
synthetic_wallet_000862,6,4,2,5.52560935,4.69114057,1.38140234,0.93822811,2.20253426,0.37520597,0,1,3,3,60.0,1.0,400721.4,176515.0,1.17788185,0.84898158,6,4,2
synthetic_wallet_000863,10,3,7,0.87047572,8.7142193,0.29015857,0.51260114,2.49520087,0.30270486,0,2,5,4,60.0,1.0,211583.66666667,64740.0,0.09989142,10.01087003,10,3,7
synthetic_wallet_000864,6,3,3,5.23333704,18.94103001,1.74444568,2.36762875,3.95951244,2.06429791,0,2,3,4,60.0,1.0,571842.4,272383.0,0.27629633,3.61930253,6,3,3
synthetic_wallet_000865,10,2,8,2.60477033,19.61235241,1.30238517,1.6343627,10.3696862,6.57504018,0,3,6,7,60.0,1.0,272272.44444444,11635.0,0.13281274,7.52939796,10,2,8
synthetic_wallet_000866,14,2,12,2.44187142,10.66489441,1.22093571,0.48476793,2.37397306,0.33879754,0,3,8,9,60.0,1.0,188432.07692308,18059.0,0.22896349,4.36750859,14,2,12
synthetic_wallet_000867,11,4,7,2.93090419,10.23721348,0.73272605,0.85310112,2.04960533,0.42422962,0,2,6,6,60.0,1.0,249983.2,9926.0,0.28629902,3.49285163,11,4,7
synthetic_wallet_000868,10,2,8,3.42493928,12.33007878,1.71246964,0.68500438,2.46940795,0.47184391,0,3,6,6,60.0,1.0,270707.44444444,13958.0,0.27777108,3.60008683,10,2,8
synthetic_wallet_000869,10,3,7,2.88119975,12.41745537,0.96039992,0.82783036,4.86079136,1.89197821,0,3,6,5,60.0,1.0,298261.66666667,45713.0,0.23202819,4.30982106,10,3,7
synthetic_wallet_000870,14,3,11,4.00186699,14.0159185,1.33395566,0.66742469,2.49509499,0.4172033,0,5,8,8,60.0,1.0,216795.23076923,50034.0,0.28552299,3.50234491,14,3,11
synthetic_wallet_000871,13,6,7,6.64856053,18.51038519,1.10809342,2.64434074,7.34128987,2.86846125,0,1,8,7,60.0,1.0,211710.16666667,4024.0,0.35918002,2.78411922,13,6,7
synthetic_wallet_000872,9,5,4,4.51429127,20.59839231,0.90285825,1.87258112,4.29532691,1.95744332,0,3,5,3,60.0,1.0,248335.125,42536.0,0.21915746,4.56292939,9,5,4
synthetic_wallet_000873,10,3,7,3.10231062,5.87635175,1.03410354,0.48969598,2.34604917,0.28457747,0,2,5,5,60.0,1.0,295686.11111111,39321.0,0.5279314,1.89418549,10,3,7
synthetic_wallet_000874,11,5,6,3.1776644,15.17932485,0.63553288,1.68659165,8.6012716,4.41485853,0,2,6,6,60.0,1.0,272999.0,27128.0,0.20934162,4.77688105,11,5,6
synthetic_wallet_000875,12,3,9,3.96191081,23.98726027,1.32063694,1.04292436,3.24188292,1.32927622,0,6,8,7,60.0,1.0,212950.09090909,7244.0,0.16516729,6.05446751,12,3,9
synthetic_wallet_000876,16,0,16,0.0,40.0334943,0.0,1.17745571,3.43617744,1.39119372,0,7,7,10,60.0,1.0,146161.86666667,12226.0,0.0,40033494300.0,16,0,16
synthetic_wallet_000877,8,2,6,0.69385232,8.61262858,0.34692616,1.23037551,1.68400492,0.21033051,0,1,6,5,60.0,1.0,412174.0,43164.0,0.0805622,12.41276902,8,2,6
synthetic_wallet_000878,6,1,5,0.93429889,5.95071821,0.93429889,0.8501026,1.42158678,0.11832695,0,2,4,5,60.0,1.0,520872.2,7308.0,0.15700607,6.36918043,6,1,5
synthetic_wallet_000879,8,2,6,4.14534269,12.97592046,2.07267134,0.99814773,6.03559264,2.2805086,0,3,5,6,60.0,1.0,313008.14285714,63299.0,0.31946425,3.13024071,8,2,6
synthetic_wallet_000880,6,1,5,1.65016754,15.03926248,1.65016754,1.67102916,2.10557483,0.16861793,0,2,4,4,60.0,1.0,449654.8,262333.0,0.10972397,9.11377913,6,1,5
synthetic_wallet_000881,10,5,5,8.89054346,19.30035547,1.77810869,1.93003555,2.68790959,0.47201967,0,2,6,5,60.0,1.0,301068.77777778,7495.0,0.46064144,2.1708859,10,5,5
synthetic_wallet_000882,10,4,6,6.47915144,12.575887,1.61978786,0.89827764,2.30134009,0.7067579,0,3,5,5,60.0,1.0,225991.0,33781.0,0.51520433,1.94097747,10,4,6
synthetic_wallet_000883,9,5,4,5.31560275,2.30445005,1.06312055,0.20949546,2.17285822,0.33037888,0,3,3,4,60.0,1.0,332453.875,7922.0,2.30666868,0.43352563,9,5,4
synthetic_wallet_000884,9,5,4,6.06690034,25.18792189,1.21338007,2.79865799,3.52485872,1.42369784,0,3,4,5,60.0,1.0,284646.625,7654.0,0.24086546,4.15169534,9,5,4
synthetic_wallet_000885,10,3,7,4.6987297,24.8763447,1.56624323,1.77688176,16.11607099,13.38758026,0,3,4,7,60.0,1.0,293316.44444444,8236.0,0.18888345,5.29427022,10,3,7
synthetic_wallet_000886,8,5,3,8.39875563,17.92856028,1.67975113,2.98809338,3.78106831,1.27837331,0,2,4,3,60.0,1.0,365669.85714286,40461.0,0.46845678,2.13466864,8,5,3
synthetic_wallet_000887,5,3,2,3.76878159,4.25184574,1.25626053,0.70864096,2.15167297,0.31243269,0,3,3,3,60.0,1.0,664009.75,146454.0,0.88638719,1.12817515,5,3,2
synthetic_wallet_000888,11,2,9,1.6369808,51.15447297,0.8184904,2.69234068,9.28548901,7.41287024,0,4,8,7,60.0,1.0,278415.1,51940.0,0.03200074,31.24928098,11,2,9
synthetic_wallet_000889,14,3,11,2.64403581,35.19572016,0.88134527,1.35368154,3.9539758,1.48919205,0,5,9,8,60.0,1.0,188886.23076923,182.0,0.07512379,13.31136289,14,3,11
synthetic_wallet_000890,17,5,12,5.62570707,14.70934041,1.12514141,0.58837362,2.2303154,0.35324541,0,4,8,8,60.0,1.0,148445.25,25182.0,0.38245815,2.61466518,17,5,12
synthetic_wallet_000891,9,2,7,4.30423567,22.84929036,2.15211784,1.20259423,4.87402969,2.49119011,0,5,6,5,60.0,1.0,297707.0,20145.0,0.18837503,5.30855932,9,2,7
synthetic_wallet_000892,13,6,7,8.51953436,24.26382478,1.41992239,1.42728381,3.92768147,1.62360119,0,4,5,6,60.0,1.0,235460.16666667,9911.0,0.35112083,2.84802241,13,6,7
synthetic_wallet_000893,6,1,5,1.79067715,4.75025664,1.79067715,0.39585472,2.3366707,0.61544029,0,2,5,5,60.0,1.0,587038.2,134307.0,0.3769643,2.65277113,6,1,5
synthetic_wallet_000894,5,1,4,1.12058898,8.72496261,1.12058898,0.72708022,2.08646771,0.86410546,0,3,5,5,60.0,1.0,649935.75,115117.0,0.12843482,7.7860507,5,1,4
synthetic_wallet_000895,12,3,9,3.76327909,10.42286016,1.25442636,0.41691441,2.03539204,0.27258719,0,7,5,7,60.0,1.0,207895.72727273,3963.0,0.36106012,2.76962189,12,3,9
synthetic_wallet_000896,14,3,11,4.00407606,55.06658849,1.33469202,2.8982415,16.26624681,16.15722484,0,2,7,9,60.0,1.0,221428.07692308,6747.0,0.07271335,13.75263298,14,3,11
synthetic_wallet_000897,9,5,4,8.06067042,3.92696722,1.61213408,0.43632969,2.26767791,0.72627852,0,2,4,4,60.0,1.0,344833.625,53053.0,2.0526452,0.48717625,9,5,4
synthetic_wallet_000898,13,9,4,14.4854027,17.25820291,1.60948919,2.46545756,14.32817308,10.71579946,0,2,3,3,60.0,1.0,220863.5,10338.0,0.83933436,1.19142031,13,9,4
synthetic_wallet_000899,4,3,1,3.3031252,0.97521557,1.10104173,0.24380389,1.57564241,0.23817741,0,2,2,2,60.0,1.0,924959.66666667,564448.0,3.38707185,0.29524027,4,3,1
synthetic_wallet_000900,7,2,5,2.95347488,11.39522321,1.47673744,1.13952232,2.30825221,0.64406345,0,3,5,6,60.0,1.0,380563.66666667,108134.0,0.25918535,3.85824281,7,2,5
synthetic_wallet_000901,8,2,6,0.54759676,17.52970922,0.27379838,1.59360993,9.92920631,6.52647139,0,3,4,5,60.0,1.0,394771.85714286,12914.0,0.03123821,32.01207622,8,2,6
synthetic_wallet_000902,7,2,5,3.50089459,4.50702224,1.7504473,0.45070222,2.40107952,0.48511225,0,2,5,4,60.0,1.0,436762.5,1200.0,0.77676444,1.28739159,7,2,5
synthetic_wallet_000903,12,6,6,11.67506439,7.43279357,1.94584406,0.67570851,2.40077186,0.48850914,0,2,6,6,60.0,1.0,261132.90909091,5781.0,1.57075052,0.63663834,12,6,6
synthetic_wallet_000904,12,5,7,4.88053685,14.50512839,0.97610737,0.85324285,2.27099114,0.49224206,0,3,7,6,60.0,1.0,240258.0,24496.0,0.33646974,2.97203542,12,5,7
synthetic_wallet_000905,13,3,10,3.18363539,28.19545319,1.0612118,1.34264063,8.47941158,4.00233616,0,4,7,6,60.0,1.0,222542.5,4682.0,0.11291308,8.85637007,13,3,10
synthetic_wallet_000906,8,4,4,4.98839338,11.24398073,1.24709834,1.87399679,7.69819176,4.92296862,0,1,5,4,60.0,1.0,366248.42857143,49306.0,0.44365012,2.25402848,8,4,4
synthetic_wallet_000907,10,4,6,5.41968216,6.88622423,1.35492054,0.86077803,2.14722809,0.35505807,0,2,6,6,60.0,1.0,264233.88888889,37291.0,0.78703248,1.27059559,10,4,6
synthetic_wallet_000908,10,4,6,4.25150605,15.06882104,1.06287651,1.67431345,10.16625492,6.55675306,0,3,4,6,60.0,1.0,294052.66666667,57170.0,0.28213926,3.54434896,10,4,6
synthetic_wallet_000909,6,2,4,1.82999154,4.04197548,0.91499577,0.50524693,1.33151708,0.08134213,0,4,4,4,60.0,1.0,422291.4,102873.0,0.45274682,2.20873998,6,2,4
synthetic_wallet_000910,14,3,11,1.41778309,41.30115777,0.47259436,2.29450876,7.70506964,5.10880477,0,2,6,7,60.0,1.0,195561.53846154,3001.0,0.03432793,29.1308015,14,3,11
synthetic_wallet_000911,8,5,3,6.36255221,6.08752517,1.27251044,1.01458753,2.38069172,0.7923503,0,2,3,3,60.0,1.0,295501.85714286,10281.0,1.04517879,0.9567741,8,5,3
synthetic_wallet_000912,8,3,5,3.91490883,13.44237501,1.30496961,1.68029688,9.8526152,7.1682619,0,2,4,5,60.0,1.0,411721.42857143,21211.0,0.29123639,3.4336368,8,3,5
synthetic_wallet_000913,10,4,6,6.71655125,6.40809313,1.67913781,0.64080931,2.37878457,0.35938774,0,3,6,6,60.0,1.0,279479.33333333,12074.0,1.04813571,0.95407492,10,4,6
synthetic_wallet_000914,10,7,3,10.2158107,6.10511057,1.45940153,0.67834562,1.9106935,0.53296858,0,3,4,4,60.0,1.0,282061.11111111,10563.0,1.67332116,0.59761391,10,7,3
synthetic_wallet_000915,11,4,7,4.74798423,20.40880612,1.18699606,1.45777187,7.0296565,4.16228798,0,4,4,5,60.0,1.0,279221.9,8445.0,0.2326439,4.29841489,11,4,7
synthetic_wallet_000916,15,4,11,5.07553272,28.06423357,1.26888318,1.33639207,5.45493002,2.74453857,0,6,8,7,60.0,1.0,200039.0,3019.0,0.18085414,5.52931783,15,4,11
synthetic_wallet_000917,7,3,4,3.65638188,5.25547914,1.21879396,0.75078273,1.88206993,0.19632864,0,2,4,4,60.0,1.0,405299.16666667,76973.0,0.6957276,1.43734416,7,3,4
synthetic_wallet_000918,8,3,5,2.89768273,17.79022487,0.96589424,2.5414607,4.29532691,2.49631987,0,2,5,6,60.0,1.0,396112.0,38194.0,0.16288061,6.13946609,8,3,5
synthetic_wallet_000919,10,2,8,2.53947285,10.69654189,1.26973643,0.59425233,2.20800383,0.37242097,0,4,7,8,60.0,1.0,232168.77777778,22480.0,0.23741064,4.21211114,10,2,8
synthetic_wallet_000920,13,8,5,7.76749616,44.67263129,0.97093702,7.44543855,17.73193901,21.90561622,0,2,6,6,60.0,1.0,220684.0,175.0,0.17387595,5.7512267,13,8,5
synthetic_wallet_000921,7,3,4,2.29787835,21.8036717,0.76595945,2.18036717,4.23147615,2.95049044,0,3,4,5,60.0,1.0,432007.83333333,115524.0,0.10538951,9.48861009,7,3,4
synthetic_wallet_000922,15,5,10,5.69141995,17.84168895,1.13828399,0.99120494,3.45785439,1.21747459,0,3,8,8,60.0,1.0,199195.0,33617.0,0.31899558,3.13483965,15,5,10
synthetic_wallet_000923,8,4,4,3.91957459,5.33812475,0.97989365,0.76258925,2.33871819,0.49876287,0,2,5,4,60.0,1.0,374695.14285714,12460.0,0.73426058,1.36191432,8,4,4
synthetic_wallet_000924,8,1,7,2.46577771,14.53598615,2.46577771,0.85505801,2.55462783,0.88642056,0,4,6,5,60.0,1.0,153006.14285714,400.0,0.16963264,5.89509188,8,1,7
synthetic_wallet_000925,10,4,6,4.46505318,28.05917816,1.11626329,3.11768646,15.62030632,16.74482699,0,2,4,6,60.0,1.0,214273.66666667,90370.0,0.15912986,6.28417558,10,4,6
synthetic_wallet_000926,5,1,4,2.29365287,17.35361162,2.29365287,1.57760106,2.98872929,1.24283065,0,3,4,5,60.0,1.0,397337.75,219389.0,0.1321715,7.56592763,5,1,4
synthetic_wallet_000927,7,4,3,5.13176019,4.22360012,1.28294005,0.70393335,1.83675529,0.24478056,0,2,3,4,60.0,1.0,468509.83333333,65250.0,1.21502037,0.82303147,7,4,3
synthetic_wallet_000928,17,7,10,7.9344309,19.19465039,1.13349013,0.95973252,2.20693109,0.49331007,0,5,7,7,60.0,1.0,178117.9375,781.0,0.41336678,2.41915906,17,7,10
synthetic_wallet_000929,14,4,10,5.91737439,44.29374793,1.4793436,2.01335218,4.29224985,2.2431784,0,6,7,7,60.0,1.0,184865.46153846,6144.0,0.1335939,7.48537189,14,4,10
synthetic_wallet_000930,5,3,2,3.68312665,2.55647271,1.22770888,0.51129454,1.46280019,0.13482695,0,2,3,3,60.0,1.0,483643.5,91261.0,1.44070642,0.69410394,5,3,2
synthetic_wallet_000931,10,2,8,2.43008922,26.00878067,1.21504461,1.36888319,15.27609671,9.98613636,0,3,5,6,60.0,1.0,240117.22222222,37408.0,0.09343342,10.70280896,10,2,8
synthetic_wallet_000932,11,6,5,8.22757031,7.6538485,1.37126172,0.76538485,2.27364268,0.42361431,0,2,5,6,60.0,1.0,255847.8,27465.0,1.07495861,0.93026838,11,6,5
synthetic_wallet_000933,8,2,6,3.14794239,12.29278876,1.57397119,1.11752625,2.3958449,0.49461726,0,3,6,4,60.0,1.0,365566.71428571,206116.0,0.25608041,3.90502342,8,2,6
synthetic_wallet_000934,10,5,5,7.30741759,5.95998392,1.46148352,0.66222044,2.42416561,0.40426429,0,3,4,5,60.0,1.0,265778.44444444,30845.0,1.22608008,0.81560741,10,5,5
synthetic_wallet_000935,6,2,4,4.00829326,3.6481981,2.00414663,0.52117116,2.21950241,0.69671717,0,1,3,4,60.0,1.0,353743.2,51744.0,1.09870494,0.91016247,6,2,4
synthetic_wallet_000936,6,2,4,4.08521758,5.14004697,2.04260879,0.64250587,2.0771771,0.38411623,0,1,4,3,60.0,1.0,378841.0,7115.0,0.79478215,1.25820642,6,2,4
synthetic_wallet_000937,8,1,7,2.28341668,32.26950939,2.28341668,2.48226995,8.84602063,6.11010153,0,3,6,5,60.0,1.0,135806.28571429,8255.0,0.07076081,14.132116,8,1,7
synthetic_wallet_000938,8,2,6,2.66308367,7.75551624,1.33154183,0.59657817,2.37655217,0.50566517,0,4,5,5,60.0,1.0,280643.71428571,9432.0,0.34337929,2.91223153,8,2,6
synthetic_wallet_000939,11,4,7,6.7672276,63.87342758,1.6918069,4.25822851,10.98727687,8.36577193,0,2,6,5,60.0,1.0,268664.8,23887.0,0.10594746,9.43864036,11,4,7
synthetic_wallet_000940,5,2,3,1.19552498,5.01686647,0.59776249,1.00337329,2.19367303,0.63645129,0,2,3,3,60.0,1.0,585574.5,100349.0,0.23830114,4.1963711,5,2,3
synthetic_wallet_000941,10,3,7,3.16273558,11.97238787,1.05424519,0.79815919,1.78474009,0.31916792,0,4,6,7,60.0,1.0,288696.11111111,37487.0,0.26416915,3.78545331,10,3,7
synthetic_wallet_000942,10,2,8,1.06718381,22.9236957,0.5335919,1.14618478,11.66939808,5.40551059,0,4,7,7,60.0,1.0,267580.0,22231.0,0.04655374,21.48055048,10,2,8
synthetic_wallet_000943,8,2,6,1.77196527,9.97272483,0.88598263,1.10808054,2.26819895,0.37442074,0,2,3,4,60.0,1.0,348881.28571429,1703.0,0.17768116,5.62805886,8,2,6
synthetic_wallet_000944,14,3,11,1.26438124,20.68993545,0.42146041,0.82759742,1.99094167,0.27985129,0,4,7,7,60.0,1.0,168896.53846154,2008.0,0.06111093,16.3636843,14,3,11
synthetic_wallet_000945,12,6,6,9.32956218,7.35540482,1.55492703,0.4597128,2.41487748,0.53382835,0,4,5,5,60.0,1.0,250921.63636364,573.0,1.26839547,0.78839764,12,6,6
synthetic_wallet_000946,11,8,3,7.7438255,3.10397532,0.96797819,0.38799691,2.47907588,0.38223498,0,3,4,4,60.0,1.0,288096.1,47357.0,2.49480898,0.40083229,11,8,3
synthetic_wallet_000947,9,3,6,3.08197814,20.30045717,1.02732605,1.35336381,2.78597489,0.84734665,0,5,6,5,60.0,1.0,288154.75,23092.0,0.15181816,6.58682711,9,3,6
synthetic_wallet_000948,8,3,5,2.74931329,19.32654702,0.91643776,2.76093529,3.68765145,1.23664677,0,2,5,5,60.0,1.0,335206.14285714,54334.0,0.14225579,7.02959066,8,3,5
synthetic_wallet_000949,9,5,4,8.80545866,15.90993204,1.76109173,1.76777023,13.23643245,10.65127611,0,3,4,5,60.0,1.0,322403.625,61876.0,0.55345671,1.80682604,9,5,4
synthetic_wallet_000950,10,4,6,2.53501563,10.11002121,0.63375391,0.72214437,1.86575632,0.44719682,0,4,5,5,60.0,1.0,273889.66666667,28467.0,0.25074286,3.98814946,10,4,6
synthetic_wallet_000951,13,7,6,7.79698955,6.60149289,1.11385565,0.66014929,2.34481037,0.43234103,0,3,6,6,60.0,1.0,204457.16666667,18179.0,1.18109489,0.84667202,13,7,6
synthetic_wallet_000952,6,2,4,4.42642986,22.36108774,2.21321493,1.59722055,2.960305,1.40671138,0,5,5,5,60.0,1.0,413083.6,86245.0,0.19795235,5.05172079,6,2,4
synthetic_wallet_000953,19,8,11,7.71257481,20.45526155,0.96407185,0.85230256,7.27189865,1.61252136,0,7,6,8,60.0,1.0,156886.5,76.0,0.37704601,2.65219619,19,8,11
synthetic_wallet_000954,12,1,11,0.54550907,34.46303067,0.54550907,1.49839264,3.24188292,1.20151151,0,5,7,7,60.0,1.0,212714.72727273,48465.0,0.01582882,63.17590773,12,1,11
synthetic_wallet_000955,8,4,4,6.33749011,15.34905484,1.58437253,1.70545054,3.71030228,1.66214253,0,2,4,5,60.0,1.0,407324.42857143,2882.0,0.41289123,2.42194537,8,4,4
synthetic_wallet_000956,8,1,7,0.6077342,18.38529053,0.6077342,1.67139005,10.28144849,7.15279402,0,3,5,6,60.0,1.0,316561.57142857,1941.0,0.03305546,30.25219007,8,1,7
synthetic_wallet_000957,1,0,1,0.0,0.76972135,0.0,0.76972135,0.76972135,0.0,0,1,1,1,60.0,1.0,0.0,0.0,0.0,769721349.9999999,1,0,1
synthetic_wallet_000958,12,2,10,3.24062261,25.06673664,1.6203113,0.89524059,5.71353905,2.70996783,0,8,7,8,60.0,1.0,217853.81818182,47502.0,0.1292798,7.73516069,12,2,10
synthetic_wallet_000959,12,2,10,2.59890689,18.14909631,1.29945344,1.0675939,3.4287261,1.33736292,0,4,10,7,60.0,1.0,248081.27272727,29642.0,0.14319759,6.98335765,12,2,10
synthetic_wallet_000960,9,4,5,6.70812966,12.71801296,1.67703241,1.2718013,2.21044169,0.56447736,0,2,5,5,60.0,1.0,283822.0,8040.0,0.52745108,1.89591043,9,4,5
synthetic_wallet_000961,12,2,10,1.33354425,35.76490774,0.66677213,1.32462621,5.23790181,2.29926128,0,6,5,7,60.0,1.0,239853.72727273,22882.0,0.03728639,26.81943831,12,2,10
synthetic_wallet_000962,4,1,3,1.4147627,3.47226647,1.4147627,0.57871108,1.4147627,0.11058576,0,2,4,4,60.0,1.0,936594.33333333,35114.0,0.40744647,2.45431016,4,1,3
synthetic_wallet_000963,9,4,5,6.58422786,4.23808487,1.64605697,0.35317374,2.41862268,0.56824849,0,3,4,5,60.0,1.0,349888.5,9370.0,1.55358566,0.64367227,9,4,5
synthetic_wallet_000964,12,5,7,3.50290375,24.22774502,0.70058075,2.01897875,5.22958858,3.02341944,0,2,4,7,60.0,1.0,223512.45454545,9587.0,0.14458233,6.91647466,12,5,7
synthetic_wallet_000965,8,2,6,2.9975597,7.98551202,1.49877985,0.7985512,2.35997065,0.59538647,0,2,6,6,60.0,1.0,282172.85714286,5517.0,0.37537477,2.66400433,8,2,6
synthetic_wallet_000966,14,5,9,7.3465754,29.24048846,1.46931508,1.32911311,17.9555097,11.03095273,0,4,7,8,60.0,1.0,191075.30769231,6638.0,0.25124667,3.98015223,14,5,9
synthetic_wallet_000967,8,4,4,2.92886288,8.6003603,0.73221572,0.78185094,1.31856622,0.09520727,0,4,4,4,60.0,1.0,402254.28571429,2660.0,0.34055118,2.93641616,8,4,4
synthetic_wallet_000968,13,5,8,7.2668624,12.78329424,1.45337248,0.98333033,3.96308134,0.91903997,0,3,6,7,60.0,1.0,182362.66666667,11738.0,0.56846555,1.75912155,13,5,8
synthetic_wallet_000969,10,6,4,8.6822938,10.72009363,1.44704897,1.3400117,7.67559977,3.6817101,0,3,5,4,60.0,1.0,305697.11111111,18570.0,0.80990839,1.23470754,10,6,4
synthetic_wallet_000970,12,5,7,6.63582701,9.07399943,1.3271654,0.53376467,2.37098903,0.45087017,0,4,6,6,60.0,1.0,213453.36363636,18178.0,0.73130124,1.36742555,12,5,7
synthetic_wallet_000971,3,0,3,0.0,18.19310247,0.0,4.54827562,16.20103857,45.60384951,0,1,2,3,60.0,1.0,484285.5,429239.0,0.0,18193102470.0,3,0,3
synthetic_wallet_000972,4,1,3,0.94384932,6.09046215,0.94384932,0.87006602,2.03253688,0.21557032,0,2,3,4,60.0,1.0,728466.0,62107.0,0.15497171,6.45279074,4,1,3
synthetic_wallet_000973,6,2,4,3.66032468,3.1059115,1.83016234,0.51765192,2.17110767,0.61193759,0,2,4,3,60.0,1.0,289373.4,53987.0,1.17850257,0.84853443,6,2,4
synthetic_wallet_000974,10,3,7,3.37163689,6.99533095,1.12387896,0.4996665,2.39950489,0.36972385,0,4,6,6,60.0,1.0,280900.88888889,37415.0,0.4819839,2.0747581,10,3,7
synthetic_wallet_000975,3,1,2,0.62398733,17.68756145,0.62398733,3.53751229,4.06337061,2.10073264,0,2,3,3,60.0,1.0,1131610.5,414645.0,0.03527831,28.34602659,3,1,2
synthetic_wallet_000976,5,1,4,0.82796972,10.26575308,0.82796972,1.14063923,3.58593954,1.6264572,0,4,4,3,60.0,1.0,595217.5,45995.0,0.08065358,12.39870593,5,1,4
synthetic_wallet_000977,7,2,5,1.18580228,17.94096163,0.59290114,1.79409616,4.74602475,3.44584638,0,3,6,6,60.0,1.0,415829.0,528.0,0.06609469,15.12980868,7,2,5
synthetic_wallet_000978,17,7,10,8.3281286,19.42838023,1.18973266,0.97141901,2.27245478,0.53885879,0,3,6,7,60.0,1.0,181992.125,28654.0,0.4286579,2.33286266,17,7,10
synthetic_wallet_000979,8,4,4,4.64562034,2.94005707,1.16140508,0.32667301,2.14959591,0.3613327,0,2,4,5,60.0,1.0,406621.28571429,36478.0,1.5801123,0.63286641,8,4,4
synthetic_wallet_000980,11,2,9,0.46828539,24.25990693,0.2341427,1.34777261,3.08899913,1.06333806,0,3,7,7,60.0,1.0,219919.9,11105.0,0.01930285,51.80581638,11,2,9
synthetic_wallet_000981,14,6,8,7.66915058,13.54959716,1.27819176,0.67747986,2.37072502,0.35103547,0,5,6,7,60.0,1.0,171932.61538462,1537.0,0.5660058,1.76676635,14,6,8
synthetic_wallet_000982,11,5,6,5.97222411,6.10129334,1.19444482,0.61012933,2.45071949,0.73840638,0,2,5,6,60.0,1.0,279835.1,12135.0,0.9788456,1.02161159,11,5,6
synthetic_wallet_000983,8,2,6,2.75672689,8.90503734,1.37836345,0.74208644,1.4050305,0.09248903,0,5,6,4,60.0,1.0,218338.14285714,18300.0,0.30956938,3.23029364,8,2,6
synthetic_wallet_000984,5,2,3,2.62344979,4.94905533,1.3117249,0.61863192,1.45952591,0.12914156,0,2,4,3,60.0,1.0,682091.25,43025.0,0.53009102,1.88646848,5,2,3
synthetic_wallet_000985,24,7,17,12.23990332,79.02145847,1.74855762,2.46942058,12.67720173,5.01574261,0,7,9,9,60.0,1.0,117251.39130435,68.0,0.15489341,6.4560525,24,7,17
synthetic_wallet_000986,13,3,10,4.44836384,13.55919533,1.48278795,0.71364186,2.25706818,0.43267657,0,5,7,8,60.0,1.0,238783.33333333,7258.0,0.3280699,3.04813091,13,3,10
synthetic_wallet_000987,9,2,7,2.24404648,11.64514761,1.12202324,0.77634317,2.07757883,0.21806558,0,3,5,6,60.0,1.0,362244.125,4623.0,0.19270228,5.18935223,9,2,7
synthetic_wallet_000988,8,4,4,3.21036177,5.41735091,0.80259044,0.60192788,2.03113908,0.46464039,0,2,3,5,60.0,1.0,377331.42857143,21463.0,0.59260731,1.68745808,8,4,4
synthetic_wallet_000989,14,0,14,0.0,30.19395238,0.0,1.43780726,5.44715441,1.46485067,0,4,6,9,60.0,1.0,164379.15384615,22600.0,0.0,30193952379.999996,14,0,14
synthetic_wallet_000990,7,2,5,2.7585536,13.8960312,1.3792768,1.54400347,3.63861696,1.42610733,0,2,4,3,60.0,1.0,365104.33333333,144237.0,0.19851377,5.03743382,7,2,5
synthetic_wallet_000991,6,3,3,5.42558761,5.197013,1.8085292,1.0394026,2.40327493,0.27417424,0,2,2,4,60.0,1.0,360436.0,176272.0,1.04398192,0.95787099,6,3,3
synthetic_wallet_000992,11,3,8,1.37387506,12.15022372,0.45795835,0.75938898,2.13065948,0.24963519,0,4,6,7,60.0,1.0,205036.8,27031.0,0.11307405,8.84376176,11,3,8
synthetic_wallet_000993,11,0,11,0.0,30.49784612,0.0,1.08920879,17.09894308,9.61900403,0,5,8,8,60.0,1.0,226242.6,25960.0,0.0,30497846120.0,11,0,11
synthetic_wallet_000994,11,3,8,4.94441878,10.19734912,1.64813959,0.84977909,2.37150364,0.50059534,0,3,7,6,60.0,1.0,249951.3,7810.0,0.48487295,2.06239592,11,3,8
synthetic_wallet_000995,6,5,1,8.49554847,4.76731165,1.69910969,4.76731165,4.76731165,1.70859179,0,1,2,2,60.0,1.0,341711.2,11469.0,1.78204177,0.56115408,6,5,1
synthetic_wallet_000996,8,0,8,0.0,15.23501649,0.0,0.8463898,1.98316778,0.46745414,0,5,5,6,60.0,1.0,345979.85714286,70216.0,0.0,15235016489.999998,8,0,8
synthetic_wallet_000997,10,2,8,1.17906927,13.16664609,0.58953463,0.69298137,1.66399301,0.14439834,0,4,7,7,60.0,1.0,264049.88888889,110097.0,0.0895497,11.16698266,10,2,8
synthetic_wallet_000998,3,0,3,0.0,1.9290012,0.0,0.6430004,1.49194394,0.3635243,0,1,2,3,60.0,1.0,508811.0,145543.0,0.0,1929001200.0,3,0,3
synthetic_wallet_000999,9,3,6,3.90908555,32.4658426,1.30302852,2.31898876,14.83483612,20.51217104,0,3,5,4,60.0,1.0,351804.375,8345.0,0.1204061,8.30522693,9,3,6
synthetic_wallet_001000,7,2,5,2.40025598,5.54736483,1.20012799,0.61637387,1.73467491,0.19956578,0,2,3,5,60.0,1.0,478063.66666667,151130.0,0.432684,2.31115551,7,2,5
synthetic_wallet_001001,11,2,9,3.80739101,35.66980799,1.9036955,1.55086122,3.3291261,1.65002849,0,4,5,7,60.0,1.0,252935.0,342.0,0.10673988,9.36856968,11,2,9
synthetic_wallet_001002,13,4,9,5.06574207,26.57466369,1.26643552,1.39866651,14.70177827,8.42768463,0,4,7,7,60.0,1.0,224748.08333333,1828.0,0.190623,5.24595673,13,4,9
synthetic_wallet_001003,12,4,8,4.59110578,8.38620071,1.14777645,0.41931004,2.33688779,0.50352998,0,4,7,6,60.0,1.0,248389.09090909,19102.0,0.54745956,1.82661893,12,4,8
synthetic_wallet_001004,11,3,8,2.79759924,9.44443365,0.93253308,0.52469076,1.44449873,0.13815564,0,2,5,8,60.0,1.0,288646.6,22356.0,0.29621673,3.37590657,11,3,8
synthetic_wallet_001005,6,1,5,0.88707354,9.0638739,0.88707354,0.82398854,3.90460272,1.0317697,0,3,6,6,60.0,1.0,590818.8,13958.0,0.09786914,10.21772547,6,1,5
synthetic_wallet_001006,13,9,4,11.6914829,34.10453002,1.29905366,3.10041182,14.6773703,9.85836511,0,4,4,4,60.0,1.0,227661.41666667,27172.0,0.34281319,2.91704058,13,9,4
synthetic_wallet_001007,11,4,7,4.84752415,10.87438012,1.21188104,0.77674144,2.13936777,0.42324569,0,4,6,7,60.0,1.0,290909.3,21980.0,0.44577476,2.24328539,11,4,7
synthetic_wallet_001008,15,5,10,5.93497811,24.46781612,1.18699562,1.52923851,7.73188753,2.43717577,0,2,6,6,60.0,1.0,189503.07142857,43195.0,0.24256264,4.1226464,15,5,10
synthetic_wallet_001009,11,8,3,11.84249701,6.00929873,1.48031213,1.00154979,2.40089926,0.50629323,0,1,4,3,60.0,1.0,266761.5,50583.0,1.97069534,0.50743511,11,8,3
synthetic_wallet_001010,11,7,4,8.47893052,5.09288516,1.21127579,0.3917604,1.9113768,0.36170876,0,2,4,4,60.0,1.0,259114.0,11249.0,1.66485798,0.60065183,11,7,4
synthetic_wallet_001011,13,8,5,10.98169886,12.99990182,1.37271236,1.18180926,7.50890946,2.53293219,0,2,3,5,60.0,1.0,171763.83333333,4412.0,0.84475245,1.18377876,13,8,5
synthetic_wallet_001012,6,2,4,2.78436678,19.36191408,1.39218339,1.93619141,9.14231067,5.22997549,0,2,4,4,60.0,1.0,534379.8,18590.0,0.14380638,6.95379438,6,2,4
synthetic_wallet_001013,11,3,8,4.70115467,7.12568501,1.56705156,0.39587139,2.35474386,0.31246139,0,5,7,5,60.0,1.0,218626.7,5498.0,0.65974775,1.51573082,11,3,8
synthetic_wallet_001014,6,2,4,2.20292231,18.88772449,1.10146115,2.36096556,15.47814665,19.97517846,0,1,5,3,60.0,1.0,491749.0,273408.0,0.11663249,8.57394035,6,2,4
synthetic_wallet_001015,11,5,6,8.01063576,16.16582479,1.60212715,1.01036405,2.74271916,0.75132237,0,4,5,5,60.0,1.0,279655.7,433.0,0.49552905,2.01804517,11,5,6
synthetic_wallet_001016,10,5,5,6.64367629,5.44163366,1.32873526,0.90693894,2.39737839,0.67491868,0,2,6,4,60.0,1.0,239021.55555556,15333.0,1.22089738,0.81906966,10,5,5
synthetic_wallet_001017,12,3,9,5.66079934,36.61719449,1.88693311,2.03428858,12.20682128,10.99854638,0,5,6,5,60.0,1.0,246782.63636364,6782.0,0.15459402,6.46855546,12,3,9
synthetic_wallet_001018,9,2,7,3.00301533,18.84929771,1.50150767,1.57077481,2.49547135,0.78415541,0,1,5,4,60.0,1.0,327676.625,8158.0,0.15931709,6.27679037,9,2,7
synthetic_wallet_001019,13,4,9,7.27932005,17.15616368,1.81983001,0.65985245,2.43989239,0.78798066,0,7,7,8,60.0,1.0,203037.0,26.0,0.42429766,2.35683602,13,4,9
synthetic_wallet_001020,9,3,6,4.30843471,4.61870597,1.4361449,0.41988236,2.26628807,0.6358551,0,2,5,6,60.0,1.0,312934.5,15294.0,0.9328229,1.07201485,9,3,6
synthetic_wallet_001021,10,4,6,4.48303902,37.11840717,1.12075975,4.6398009,17.15030015,18.65296846,0,2,5,5,60.0,1.0,313465.11111111,45606.0,0.12077671,8.27974216,10,4,6
synthetic_wallet_001022,10,6,4,9.97820643,6.13124421,1.66303441,1.53281105,3.16444973,0.56807546,0,1,4,5,60.0,1.0,294980.44444444,14590.0,1.62743582,0.61446356,10,6,4
synthetic_wallet_001023,12,7,5,9.72715414,6.9265269,1.38959345,1.38530538,2.24844323,0.47603294,0,1,5,5,60.0,1.0,248399.36363636,9810.0,1.40433355,0.71208154,12,7,5
synthetic_wallet_001024,10,5,5,6.38845093,12.41655533,1.27769019,1.12877776,6.67555012,2.29855077,0,2,5,6,60.0,1.0,324169.77777778,12830.0,0.51451073,1.94359407,10,5,5
synthetic_wallet_001025,11,2,9,2.62254537,30.33181018,1.31127269,1.78422413,4.19401434,1.20743369,0,3,5,8,60.0,1.0,289337.3,153.0,0.08646188,11.56579044,11,2,9
synthetic_wallet_001026,6,3,3,3.18576321,6.31973046,1.06192107,0.70219227,2.41752453,0.47603824,0,2,4,4,60.0,1.0,408137.6,67652.0,0.50409796,1.98374143,6,3,3
synthetic_wallet_001027,15,7,8,10.2649416,24.29511504,1.46642023,1.51844469,12.34688536,5.89473055,0,3,6,6,60.0,1.0,200094.64285714,13887.0,0.42251052,2.36680499,15,7,8
synthetic_wallet_001028,13,4,9,4.26472164,19.65632538,1.06618041,0.70201162,2.68071545,0.50780097,0,8,8,8,60.0,1.0,247014.58333333,17037.0,0.21696434,4.60905237,13,4,9
synthetic_wallet_001029,9,2,7,3.48872639,20.50112967,1.7443632,1.2813206,15.46002947,12.10339057,0,3,6,7,60.0,1.0,135770.125,6763.0,0.1701724,5.87639367,9,2,7
synthetic_wallet_001030,19,7,12,6.99431447,23.70279618,0.99918778,0.94811185,4.65546881,1.4108793,0,4,8,7,60.0,1.0,138993.16666667,1875.0,0.29508394,3.38886624,19,7,12
synthetic_wallet_001031,9,4,5,3.82072738,10.31655742,0.95518185,0.93786886,2.33006484,0.42951014,0,3,5,5,60.0,1.0,304317.25,12834.0,0.37034906,2.70015534,9,4,5
synthetic_wallet_001032,7,1,6,0.08114532,19.13522466,0.08114532,3.18920411,12.1743083,15.33712476,0,1,4,7,60.0,1.0,377385.83333333,26320.0,0.00424063,235.81427321,7,1,6
synthetic_wallet_001033,3,3,0,4.52732028,0.0,1.50910676,0.0,2.22786848,0.74666029,0,1,1,1,60.0,1.0,1199475.0,263839.0,4527320280.0,0.0,3,3,0
synthetic_wallet_001034,9,3,6,0.91865494,19.62677622,0.30621831,1.40191259,3.17232381,1.49014375,0,2,5,6,60.0,1.0,247695.0,100743.0,0.04680621,21.36468805,9,3,6
synthetic_wallet_001035,6,5,1,5.83372145,0.13408606,1.16674429,0.03352152,2.39984915,0.71207867,0,2,2,2,60.0,1.0,553112.4,24073.0,43.50729263,0.02298465,6,5,1
synthetic_wallet_001036,7,4,3,2.98028173,5.59127509,0.74507043,0.62125279,2.35943464,0.31552164,0,2,3,2,60.0,1.0,326481.66666667,5144.0,0.53302363,1.87608944,7,4,3
synthetic_wallet_001037,8,4,4,5.79122186,29.58796408,1.44780547,3.28755156,7.20693732,5.58285779,0,2,4,5,60.0,1.0,332793.14285714,86475.0,0.19572897,5.10910561,8,4,4
synthetic_wallet_001038,5,3,2,2.90766219,3.15049089,0.96922073,1.57524544,2.03127729,0.37407493,0,1,3,3,60.0,1.0,400031.25,187972.0,0.92292354,1.08351338,5,3,2
synthetic_wallet_001039,8,2,6,1.6964706,13.08510163,0.8482353,1.09042514,10.70257146,7.26117455,0,3,6,7,60.0,1.0,323305.57142857,57899.0,0.12964902,7.71313198,8,2,6
synthetic_wallet_001040,6,3,3,2.18742162,20.48963405,0.72914054,2.92709058,7.86170357,4.11396157,0,3,3,4,60.0,1.0,519684.6,120.0,0.10675748,9.36702548,6,3,3
synthetic_wallet_001041,6,2,4,1.71760734,4.30531379,0.85880367,0.4783682,2.44973475,0.48169537,0,3,4,5,60.0,1.0,234750.8,14178.0,0.39895056,2.50657626,6,2,4
synthetic_wallet_001042,12,5,7,6.92324897,22.03655292,1.38464979,1.57403949,6.17744623,3.11175197,0,4,5,5,60.0,1.0,207482.90909091,8601.0,0.31417114,3.18297854,12,5,7
synthetic_wallet_001043,8,4,4,5.44137929,6.0148238,1.36034482,0.85926054,2.14078628,0.32146502,0,1,4,3,60.0,1.0,398377.28571429,109910.0,0.90466146,1.10538587,8,4,4
synthetic_wallet_001044,6,3,3,1.82269697,4.11903413,0.60756566,1.02975853,1.74541519,0.39038679,0,1,4,4,60.0,1.0,400754.4,35485.0,0.44250592,2.25985679,6,3,3
synthetic_wallet_001045,12,5,7,7.05853613,30.80174999,1.41170723,2.05345,4.12672615,1.67254017,0,3,4,6,60.0,1.0,257955.27272727,12469.0,0.22916023,4.36375892,12,5,7
synthetic_wallet_001046,15,4,11,3.78836316,35.55422893,0.94709079,1.61610132,3.24466046,1.24743067,0,4,7,10,60.0,1.0,197632.57142857,27888.0,0.10655169,9.38511632,15,4,11
synthetic_wallet_001047,8,3,5,2.84676199,31.65905177,0.94892066,3.95738147,12.09620011,10.66988241,0,2,6,6,60.0,1.0,378691.28571429,62037.0,0.08991937,11.12107436,8,3,5
synthetic_wallet_001048,9,4,5,4.17448828,12.55388366,1.04362207,0.78461773,2.50187465,0.95086629,0,3,5,4,60.0,1.0,289838.125,44077.0,0.33252565,3.00728684,9,4,5
synthetic_wallet_001049,10,2,8,2.64940863,24.15162182,1.32470431,2.41516218,14.33799941,14.06196454,0,2,7,4,60.0,1.0,256590.11111111,52087.0,0.10969899,9.11585383,10,2,8
synthetic_wallet_001050,8,3,5,6.06706089,10.91545943,2.02235363,1.09154594,5.91123361,2.45094087,0,3,6,3,60.0,1.0,408088.57142857,3853.0,0.55582277,1.79913464,8,3,5
synthetic_wallet_001051,7,3,4,4.16385502,12.27446023,1.38795167,1.36382891,2.6628043,0.94672179,0,3,5,5,60.0,1.0,270621.83333333,28013.0,0.33922918,2.94785966,7,3,4
synthetic_wallet_001052,7,4,3,3.91401053,4.81691234,0.97850263,0.68813033,2.05474099,0.3847877,0,2,4,3,60.0,1.0,285976.0,5579.0,0.8125559,1.23068456,7,4,3
synthetic_wallet_001053,14,4,10,5.52035579,30.10826002,1.38008895,1.11512074,4.11941087,1.64724971,0,5,7,7,60.0,1.0,205611.92307692,24414.0,0.18335021,5.45404339,14,4,10
synthetic_wallet_001054,8,4,4,5.84401597,15.52886319,1.46100399,2.58814386,11.89291383,10.91864435,0,3,3,5,60.0,1.0,375007.57142857,43870.0,0.3763325,2.65722463,8,4,4
synthetic_wallet_001055,14,3,11,1.98908931,10.02967329,0.66302977,0.40118693,1.71076248,0.22088401,0,5,7,7,60.0,1.0,217038.53846154,1771.0,0.19832045,5.04234437,14,3,11
synthetic_wallet_001056,6,4,2,6.59577655,4.09196649,1.64894414,0.8183933,2.27858659,0.5923901,0,2,2,2,60.0,1.0,465511.2,68455.0,1.6118843,0.62039192,6,4,2
synthetic_wallet_001057,10,2,8,2.2754091,27.16341866,1.13770455,1.94024419,16.03149329,13.89134989,0,4,6,6,60.0,1.0,305481.22222222,31734.0,0.08376741,11.93781754,10,2,8
synthetic_wallet_001058,10,4,6,4.19879176,8.59487856,1.04969794,0.50558109,2.20588588,0.24469834,0,2,5,5,60.0,1.0,300975.22222222,45001.0,0.48852252,2.04698853,10,4,6
synthetic_wallet_001059,13,5,8,6.24857093,39.57607789,1.24971419,3.04431368,12.45076349,12.21842994,0,3,7,7,60.0,1.0,247965.16666667,29.0,0.15788757,6.33362065,13,5,8
synthetic_wallet_001060,9,5,4,7.12197913,4.7134493,1.42439583,0.6733499,2.37369079,0.41867657,0,2,4,5,60.0,1.0,294601.75,437.0,1.51099093,0.66181734,9,5,4
synthetic_wallet_001061,9,3,6,5.53793996,10.66338966,1.84597999,0.71089264,2.3861513,0.45940975,0,5,5,5,60.0,1.0,279004.75,4106.0,0.51934142,1.92551558,9,3,6
synthetic_wallet_001062,12,6,6,6.64482607,6.53372123,1.10747101,0.59397466,1.96763414,0.32256155,0,2,6,6,60.0,1.0,258400.45454545,82251.0,1.01700483,0.9832795,12,6,6
synthetic_wallet_001063,9,3,6,5.63612669,16.7219839,1.8787089,1.67219839,4.22591386,2.18511663,0,3,5,6,60.0,1.0,336493.5,18732.0,0.33704892,2.96692832,9,3,6
synthetic_wallet_001064,14,4,10,3.42126901,12.97685947,0.85531725,0.61794569,2.2068991,0.36701062,0,4,8,8,60.0,1.0,215722.07692308,811.0,0.26364384,3.79299594,14,4,10
synthetic_wallet_001065,8,2,6,2.71427032,25.30258093,1.35713516,1.48838711,4.3996888,2.50352902,0,4,6,5,60.0,1.0,309862.57142857,125386.0,0.10727247,9.32205637,8,2,6
synthetic_wallet_001066,4,3,1,6.30315565,1.95526406,2.10105188,0.65175469,2.37431574,0.59906675,0,1,2,2,60.0,1.0,663343.0,76037.0,3.22368512,0.31020399,4,3,1
synthetic_wallet_001067,14,4,10,6.71117178,35.46960484,1.67779294,1.36421557,3.61130921,1.34894656,0,7,8,9,60.0,1.0,199732.23076923,5696.0,0.18920909,5.28515824,14,4,10
synthetic_wallet_001068,16,5,11,5.29189438,29.62737343,1.05837888,1.02163357,5.5612084,2.2347441,0,5,6,6,60.0,1.0,175760.93333333,940.0,0.17861504,5.5986328,16,5,11
synthetic_wallet_001069,8,3,5,5.63698456,9.7353336,1.87899485,1.39076194,2.39549401,0.39099642,0,2,4,3,60.0,1.0,281044.14285714,105454.0,0.57902326,1.72704635,8,3,5
synthetic_wallet_001070,12,4,8,6.03959208,23.01050917,1.50989802,1.53403394,11.09887405,5.72618662,0,4,6,6,60.0,1.0,250633.90909091,44742.0,0.26247103,3.80994426,12,4,8
synthetic_wallet_001071,10,1,9,1.41054374,13.20016122,1.41054374,0.66000806,2.10881175,0.22547613,0,4,7,9,60.0,1.0,296767.77777778,9766.0,0.10685807,9.35820765,10,1,9
synthetic_wallet_001072,4,1,3,0.89297078,3.62721056,0.89297078,0.45340132,1.23684928,0.20218774,0,2,3,4,60.0,1.0,562709.66666667,194501.0,0.24618664,4.06195885,4,1,3
synthetic_wallet_001073,6,3,3,1.39008408,3.55176747,0.46336136,0.50739535,0.9998175,0.07340349,0,3,3,3,60.0,1.0,420371.0,16588.0,0.39137812,2.55507384,6,3,3
synthetic_wallet_001074,9,2,7,2.60199143,11.07635927,1.30099571,1.10763593,1.7963077,0.16598869,0,2,8,7,60.0,1.0,318223.0,36891.0,0.23491396,4.25687769,9,2,7
synthetic_wallet_001075,8,2,6,2.92480938,6.08122321,1.46240469,0.5067686,2.32238782,0.37914865,0,3,4,5,60.0,1.0,243787.42857143,36778.0,0.48095741,2.07918617,8,2,6
synthetic_wallet_001076,11,5,6,9.32924149,14.66569056,1.8658483,1.83321132,4.13527377,1.24416301,0,1,5,6,60.0,1.0,255348.6,267.0,0.63612698,1.57201318,11,5,6
synthetic_wallet_001077,12,4,8,3.53683161,9.67756147,0.8842079,0.56926832,1.96625618,0.36113932,0,4,6,8,60.0,1.0,261549.18181818,33057.0,0.36546723,2.73622342,12,4,8
synthetic_wallet_001078,11,4,7,4.36990639,14.15750306,1.0924766,2.02250044,7.23829713,3.41689823,0,1,4,7,60.0,1.0,285017.0,26188.0,0.30866364,3.23977262,11,4,7
synthetic_wallet_001079,11,6,5,5.76245443,9.71169952,0.96040907,0.88288177,2.4411344,0.47414886,0,3,4,6,60.0,1.0,282796.9,10774.0,0.5933518,1.68534079,11,6,5
synthetic_wallet_001080,12,4,8,6.63668868,20.51893947,1.65917217,1.02594697,2.49027037,0.57216877,0,3,6,7,60.0,1.0,227976.0,370.0,0.32344209,3.09174356,12,4,8
synthetic_wallet_001081,9,3,6,3.28972753,34.88813525,1.09657584,2.05224325,4.21512418,1.88091367,0,3,7,6,60.0,1.0,285706.75,20074.0,0.09429359,10.60517472,9,3,6
synthetic_wallet_001082,12,6,6,6.97233911,5.63764762,1.16205652,0.37584317,1.71099452,0.29598399,0,4,5,6,60.0,1.0,240757.81818182,13221.0,1.23674617,0.80857335,12,6,6
synthetic_wallet_001083,6,4,2,4.73127473,11.35866895,1.18281868,2.27173379,5.46561038,4.31858959,0,2,3,3,60.0,1.0,572919.0,116222.0,0.41653426,2.40076292,6,4,2
synthetic_wallet_001084,9,4,5,5.73665269,21.20365285,1.43416317,2.35596143,7.16184617,5.2400261,0,3,6,6,60.0,1.0,231366.5,4.0,0.27055021,3.69617162,9,4,5
synthetic_wallet_001085,11,6,5,6.69793152,6.81156596,1.11632192,0.61923327,2.08942814,0.41603996,0,3,4,4,60.0,1.0,274895.2,22041.0,0.98331743,1.0169656,11,6,5
synthetic_wallet_001086,9,1,8,0.43615767,27.90700321,0.43615767,1.64158842,10.9387855,5.88239555,0,4,6,5,60.0,1.0,125329.75,20534.0,0.01562897,63.98374975,9,1,8
synthetic_wallet_001087,10,4,6,5.85426185,7.99058699,1.46356546,0.887843,1.86720924,0.23220252,0,2,5,6,60.0,1.0,301877.11111111,22916.0,0.73264478,1.36491793,10,4,6
synthetic_wallet_001088,17,4,13,5.9579535,46.26436818,1.48948838,1.59532304,8.65035226,3.31340535,0,3,9,9,60.0,1.0,174901.8125,26294.0,0.12878061,7.76514422,17,4,13
synthetic_wallet_001089,7,2,5,4.00539154,6.4577552,2.00269577,0.71752836,2.49215007,0.81973922,0,2,3,6,60.0,1.0,390183.0,150850.0,0.62024518,1.61226565,7,2,5
synthetic_wallet_001090,13,3,10,5.34048369,33.82744997,1.78016123,1.61083095,7.73085186,4.67153195,0,4,5,8,60.0,1.0,219887.5,13167.0,0.15787426,6.33415472,13,3,10
synthetic_wallet_001091,7,5,2,7.20963244,1.47039284,1.44192649,0.29407857,2.14802743,0.59162535,0,1,2,3,60.0,1.0,229121.16666667,4379.0,4.90320154,0.20394838,7,5,2
synthetic_wallet_001092,8,4,4,7.43674293,16.79960171,1.85918573,3.35992034,6.49760926,4.41743685,0,1,4,5,60.0,1.0,353711.28571429,58653.0,0.44267376,2.25899992,8,4,4
synthetic_wallet_001093,7,3,4,3.94200341,20.15117092,1.31400114,3.35852849,5.87761687,5.44720917,0,1,4,3,60.0,1.0,305226.5,3279.0,0.19562156,5.11191108,7,3,4
synthetic_wallet_001094,10,6,4,6.29960418,4.5486691,1.04993403,0.34989762,1.65314104,0.26571852,0,3,4,3,60.0,1.0,243718.88888889,29330.0,1.38493349,0.72205633,10,6,4
synthetic_wallet_001095,10,2,8,3.2189752,23.40666287,1.6094876,1.37686252,12.4428755,7.01851425,0,2,6,6,60.0,1.0,289738.55555556,49417.0,0.13752388,7.27146418,10,2,8
synthetic_wallet_001096,7,2,5,1.11466266,24.05155954,0.55733133,1.71796854,3.0243397,1.68155416,0,4,4,5,60.0,1.0,343486.5,25108.0,0.04634471,21.57743361,7,2,5
synthetic_wallet_001097,7,3,4,3.12526712,4.92684418,1.04175571,0.61585552,2.08341205,0.39207511,0,3,5,3,60.0,1.0,406478.5,91553.0,0.63433448,1.57645538,7,3,4
synthetic_wallet_001098,13,4,9,3.15737809,13.56085505,0.78934452,0.75338084,2.40051008,0.4880029,0,5,7,7,60.0,1.0,232085.5,1077.0,0.23283031,4.29497344,13,4,9
synthetic_wallet_001099,11,3,8,4.49192977,17.47253353,1.49730992,0.75967537,2.42147009,0.50172468,0,6,4,6,60.0,1.0,231907.6,22512.0,0.2570852,3.88976107,11,3,8
synthetic_wallet_001100,10,2,8,1.32781564,12.93898787,0.66390782,0.61614228,2.08488527,0.23459016,0,4,6,7,60.0,1.0,287482.0,39215.0,0.10262129,9.74456655,10,2,8
synthetic_wallet_001101,11,2,9,4.18225638,12.53086125,2.09112819,0.62654306,2.43625944,0.5932375,0,5,5,7,60.0,1.0,237985.0,39922.0,0.3337565,2.99619634,11,2,9
synthetic_wallet_001102,7,3,4,4.49027125,9.21398176,1.49675708,1.31628311,2.38432133,0.67625994,0,3,5,3,60.0,1.0,355143.5,76012.0,0.48733234,2.05198779,7,3,4
synthetic_wallet_001103,9,3,6,3.80512356,7.3502738,1.26837452,0.49001825,2.13549021,0.23365173,0,3,4,5,60.0,1.0,315805.125,40336.0,0.5176846,1.93167809,9,3,6
synthetic_wallet_001104,8,3,5,4.08051879,5.17905897,1.36017293,0.64738237,2.47713547,0.7336599,0,1,6,6,60.0,1.0,277455.42857143,8255.0,0.78788807,1.26921581,8,3,5
synthetic_wallet_001105,10,6,4,6.58228843,3.81786602,1.09704807,0.3181555,2.09780013,0.31415482,0,4,5,4,60.0,1.0,238316.55555556,52212.0,1.72407528,0.58002108,10,6,4
synthetic_wallet_001106,10,2,8,3.5713069,25.05982622,1.78565345,1.31893822,3.80606812,1.5948385,0,4,4,5,60.0,1.0,289947.88888889,96.0,0.14251124,7.0169904,10,2,8
synthetic_wallet_001107,10,4,6,7.5283624,17.29728344,1.8820906,1.44144029,2.69140681,0.96966418,0,3,5,6,60.0,1.0,310988.33333333,21494.0,0.4352338,2.29761567,10,4,6
synthetic_wallet_001108,9,4,5,2.76020936,19.19343778,0.69005234,1.91934378,3.61101755,2.08845984,0,1,5,4,60.0,1.0,308415.25,28972.0,0.14381006,6.95361666,9,4,5
synthetic_wallet_001109,10,4,6,6.70033224,5.73809533,1.67508306,0.38253969,2.44731038,0.66571709,0,3,5,5,60.0,1.0,187794.33333333,1649.0,1.16769274,0.85638967,10,4,6
synthetic_wallet_001110,10,2,8,1.4197606,31.56130692,0.7098803,2.10408713,12.06476146,13.22999481,0,4,5,6,60.0,1.0,180108.77777778,77349.0,0.04498421,22.23002027,10,2,8
synthetic_wallet_001111,12,4,8,5.21289736,33.28708046,1.30322434,1.51304911,4.47761205,2.51739402,0,6,5,6,60.0,1.0,261372.0,20624.0,0.15660422,6.38552386,12,4,8
synthetic_wallet_001112,12,4,8,5.5966848,18.56245755,1.3991712,1.23749717,9.22442082,3.8087105,0,3,8,5,60.0,1.0,267076.09090909,28493.0,0.30150559,3.31668804,12,4,8
synthetic_wallet_001113,14,8,6,7.49613213,35.64482762,0.93701652,2.37632184,4.23147615,2.4331674,0,4,5,5,60.0,1.0,198981.92307692,9783.0,0.2103007,4.75509596,14,8,6
synthetic_wallet_001114,12,5,7,7.38394818,8.67033575,1.47678964,0.6193097,2.31555907,0.31007753,0,2,6,6,60.0,1.0,258402.63636364,36384.0,0.85163348,1.17421406,12,5,7
synthetic_wallet_001115,7,5,2,4.24146764,6.33427762,0.84829353,1.05571294,2.78547188,0.96494961,0,2,3,3,60.0,1.0,276015.66666667,35205.0,0.66960558,1.49341647,7,5,2
synthetic_wallet_001116,7,5,2,8.32822143,10.3609298,1.66564429,1.48013283,2.92065386,1.03855385,0,3,3,3,60.0,1.0,336208.16666667,91299.0,0.80381024,1.24407473,7,5,2
synthetic_wallet_001117,12,6,6,4.69661343,19.27409104,0.78276891,2.14156567,12.33223672,8.87741686,0,2,5,5,60.0,1.0,227333.81818182,19713.0,0.24367496,4.10382743,12,6,6
synthetic_wallet_001118,5,2,3,3.74084015,3.24503556,1.87042007,1.08167852,1.91142992,0.32500103,0,1,4,4,60.0,1.0,598214.25,386614.0,1.15278865,0.8674617,5,2,3
synthetic_wallet_001119,8,3,5,5.38066795,6.39550481,1.79355598,0.7994381,2.31133906,0.3731369,0,2,5,5,60.0,1.0,303960.85714286,98688.0,0.84132029,1.18860797,8,3,5
synthetic_wallet_001120,11,3,8,2.73838054,8.95881152,0.91279351,0.40721871,2.00772783,0.25601108,0,4,5,7,60.0,1.0,262992.9,12042.0,0.30566337,3.27157288,11,3,8
synthetic_wallet_001121,10,4,6,2.83158391,7.72897138,0.70789598,0.96612142,1.97922958,0.25175204,0,2,5,5,60.0,1.0,315244.44444444,104866.0,0.36635974,2.7295576,10,4,6
synthetic_wallet_001122,6,2,4,1.40326829,21.70182975,0.70163414,1.80848581,5.3656779,3.93096877,0,3,4,5,60.0,1.0,392996.4,30600.0,0.06466129,15.46520356,6,2,4
synthetic_wallet_001123,7,5,2,4.33434783,3.89156748,0.86686957,0.97289187,2.29282954,0.57964844,0,2,3,2,60.0,1.0,408665.16666667,32337.0,1.11377944,0.89784384,7,5,2
synthetic_wallet_001124,6,2,4,1.16355208,5.26734077,0.58177604,0.37623863,0.58288667,0.02848964,0,4,3,4,60.0,1.0,248251.6,9445.0,0.22089934,4.52694887,6,2,4
synthetic_wallet_001125,9,5,4,7.95204447,5.61707882,1.59040889,0.80243983,2.49508948,0.7744844,0,2,5,5,60.0,1.0,362337.125,12311.0,1.41569038,0.70636914,9,5,4
synthetic_wallet_001126,8,1,7,0.76930862,23.27779045,0.76930862,1.36928179,4.71889093,2.51116143,0,4,5,7,60.0,1.0,376529.57142857,13848.0,0.03304904,30.25806529,8,1,7
synthetic_wallet_001127,6,2,4,2.6198501,6.78109127,1.30992505,1.69527282,2.46275471,0.66001877,0,1,4,4,60.0,1.0,574729.6,23624.0,0.38634639,2.58835086,6,2,4
synthetic_wallet_001128,12,2,10,3.43697371,29.54978075,1.71848686,1.05534931,5.35516968,2.3563044,0,7,6,7,60.0,1.0,259145.72727273,20767.0,0.11631131,8.59761617,12,2,10
synthetic_wallet_001129,11,1,10,0.71061676,10.70776777,0.71061676,0.56356672,1.86730756,0.23473486,0,5,7,6,60.0,1.0,279645.9,69482.0,0.0663646,15.06827361,11,1,10
synthetic_wallet_001130,9,1,8,1.72246483,25.56318031,1.72246483,1.59769877,2.71922746,1.05960041,0,2,7,6,60.0,1.0,268425.0,33220.0,0.06738069,14.84104631,9,1,8
synthetic_wallet_001131,11,4,7,4.52918546,5.97544768,1.13229636,0.39836318,1.91950061,0.30623935,0,5,5,5,60.0,1.0,256812.6,5205.0,0.75796588,1.3193206,11,4,7
synthetic_wallet_001132,19,9,10,6.72588308,55.0189373,0.74732034,2.89573354,7.91624299,5.24637514,0,5,7,7,60.0,1.0,153334.05555556,3225.0,0.12224669,8.18018045,19,9,10
synthetic_wallet_001133,8,5,3,7.54896412,3.91458295,1.50979282,0.65243049,2.08993949,0.41846144,0,2,3,3,60.0,1.0,350597.28571429,151986.0,1.92842104,0.51855896,8,5,3
synthetic_wallet_001134,6,3,3,5.12597605,4.78054532,1.70865868,0.79675755,2.46976137,0.48897498,0,2,4,4,60.0,1.0,431520.0,52492.0,1.0722576,0.93261172,6,3,3
synthetic_wallet_001135,5,2,3,2.22252086,11.70834724,1.11126043,2.92708681,6.09549326,3.09438743,0,1,4,4,60.0,1.0,182185.75,36832.0,0.18982362,5.2680483,5,2,3
synthetic_wallet_001136,6,3,3,4.84484808,15.22635482,1.61494936,3.04527096,6.02977658,1.89148298,0,2,3,3,60.0,1.0,456919.6,267736.0,0.31818831,3.14279304,6,3,3
synthetic_wallet_001137,9,3,6,3.92490454,18.89321062,1.30830151,1.45332389,8.74814996,3.86332467,0,4,6,5,60.0,1.0,332713.25,39960.0,0.20774153,4.81367392,9,3,6
synthetic_wallet_001138,9,5,4,7.63955109,4.37930381,1.52791022,0.48658931,2.17250408,0.38930763,0,4,4,4,60.0,1.0,347950.5,142426.0,1.74446703,0.57324099,9,5,4
synthetic_wallet_001139,6,2,4,3.12629395,16.49623964,1.56314697,2.35660566,3.27810205,1.10282099,0,2,5,4,60.0,1.0,346400.6,22717.0,0.18951555,5.27661183,6,2,4
synthetic_wallet_001140,14,5,9,9.52104241,28.08487729,1.90420848,1.56027096,4.32830415,1.8911791,0,3,5,7,60.0,1.0,164233.76923077,13175.0,0.33900958,2.94976916,14,5,9
synthetic_wallet_001141,12,6,6,10.72777301,22.51793486,1.78796217,1.73214884,3.95951244,1.8451719,0,2,4,5,60.0,1.0,229621.63636364,8103.0,0.47641016,2.09903163,12,6,6
synthetic_wallet_001142,9,3,6,3.94796336,17.40412305,1.31598779,1.3387787,2.33028489,0.56936834,0,1,5,7,60.0,1.0,287032.25,11875.0,0.22684069,4.40838008,9,3,6
synthetic_wallet_001143,8,4,4,3.23052229,19.96792205,0.80763057,4.99198051,13.6041145,16.90927128,0,1,4,4,60.0,1.0,293807.85714286,41284.0,0.1617856,6.18101974,8,4,4
synthetic_wallet_001144,7,2,5,3.20939483,20.97452739,1.60469741,1.90677522,3.78106831,1.89267455,0,3,6,4,60.0,1.0,395954.33333333,76751.0,0.15301393,6.53535277,7,2,5
synthetic_wallet_001145,10,5,5,6.4442353,8.5933931,1.28884706,1.07417414,2.22849136,0.27252012,0,2,5,5,60.0,1.0,284292.33333333,9224.0,0.7499058,1.33350083,10,5,5
synthetic_wallet_001146,13,3,10,4.1998465,29.29219813,1.39994883,2.09229987,16.90644061,14.42164348,0,3,9,6,60.0,1.0,217088.08333333,55222.0,0.14337765,6.97458779,13,3,10
synthetic_wallet_001147,13,4,9,3.57235553,18.21461938,0.89308888,0.95866418,6.94796881,2.11157573,0,3,9,7,60.0,1.0,246043.66666667,11899.0,0.19612573,5.09877005,13,4,9
synthetic_wallet_001148,10,6,4,7.44891549,9.76257778,1.24148591,1.08473086,2.45906989,0.5241068,0,2,3,4,60.0,1.0,286385.0,6705.0,0.76300703,1.31060391,10,6,4
synthetic_wallet_001149,8,4,4,4.12448672,14.03441749,1.03112168,1.27585614,3.05694609,1.19311643,0,3,4,3,60.0,1.0,374560.71428571,54517.0,0.29388371,3.40270643,8,4,4
synthetic_wallet_001150,12,5,7,6.45897864,11.23361367,1.29179573,0.56168068,2.4609797,0.48341383,0,4,7,8,60.0,1.0,243953.54545455,6806.0,0.57496891,1.73922447,12,5,7
synthetic_wallet_001151,9,2,7,2.06508411,15.31158626,1.03254205,1.27596552,4.1066829,0.96704962,0,3,4,5,60.0,1.0,303313.25,8115.0,0.13487068,7.41450975,9,2,7
synthetic_wallet_001152,5,2,3,1.85683577,5.83708581,0.92841788,0.64856509,1.40098564,0.10698294,0,3,4,3,60.0,1.0,379782.75,78761.0,0.31811007,3.14356601,5,2,3
synthetic_wallet_001153,11,4,7,5.353874,7.78731568,1.3384685,0.40985872,2.21173172,0.33177181,0,6,5,5,60.0,1.0,200310.4,22449.0,0.68751213,1.45451979,11,4,7
synthetic_wallet_001154,14,6,8,11.14738306,11.77035645,1.85789718,0.56049316,2.44870664,0.55065377,0,4,7,6,60.0,1.0,216814.15384615,25522.0,0.94707268,1.05588517,14,6,8
synthetic_wallet_001155,19,6,13,10.26835878,29.49331325,1.71139313,1.09234494,3.0243397,0.91174995,0,5,6,10,60.0,1.0,163033.5,3695.0,0.34815888,2.87225192,19,6,13
synthetic_wallet_001156,9,2,7,2.90645217,11.43055134,1.45322609,0.60160797,2.34983998,0.36408314,0,4,5,6,60.0,1.0,335146.125,42235.0,0.25427051,3.93281935,9,2,7
synthetic_wallet_001157,10,4,6,4.93102209,21.30717458,1.23275552,1.77559788,12.65349841,8.73123359,0,3,4,5,60.0,1.0,305305.77777778,19236.0,0.23142543,4.32104626,10,4,6
synthetic_wallet_001158,10,5,5,5.21891099,22.06035469,1.0437822,1.37877217,3.4904749,1.31793349,0,3,4,4,60.0,1.0,321980.55555556,8132.0,0.23657421,4.22700344,10,5,5
synthetic_wallet_001159,9,4,5,6.85842694,15.92199476,1.71460674,1.76911053,6.19690256,4.01633216,0,3,4,4,60.0,1.0,270442.375,6415.0,0.43075174,2.32152284,9,4,5
synthetic_wallet_001160,14,5,9,7.6871809,22.20379677,1.53743618,1.48025312,11.53830422,5.71831574,0,4,7,7,60.0,1.0,186509.38461538,4504.0,0.3462102,2.88841866,14,5,9
synthetic_wallet_001161,11,4,7,3.30569812,9.05787739,0.82642453,0.6967598,2.41200679,0.30231216,0,3,5,6,60.0,1.0,262210.0,2983.0,0.36495284,2.74008003,11,4,7
synthetic_wallet_001162,13,6,7,10.74310621,23.98593809,1.7905177,1.1992969,17.80081461,11.33420326,0,6,6,6,60.0,1.0,183684.08333333,545.0,0.44789185,2.23268184,13,6,7
synthetic_wallet_001163,7,4,3,3.59385001,3.09978917,0.8984625,1.03326306,2.2032596,0.38768305,0,1,4,3,60.0,1.0,313914.0,13912.0,1.1593853,0.86252603,7,4,3
synthetic_wallet_001164,12,4,8,5.83271682,22.74513809,1.4581792,1.74962601,14.32057808,10.43337433,0,2,6,7,60.0,1.0,181785.18181818,13373.0,0.25643796,3.89957867,12,4,8
synthetic_wallet_001165,9,3,6,2.61294896,14.53757512,0.87098299,0.96917167,2.02935178,0.44227766,0,4,5,5,60.0,1.0,199988.875,22638.0,0.17973761,5.56366594,9,3,6
synthetic_wallet_001166,10,4,6,6.29283826,5.98445036,1.57320956,0.42746074,2.13146886,0.55363716,0,4,6,5,60.0,1.0,243902.88888889,86485.0,1.05153153,0.95099383,10,4,6
synthetic_wallet_001167,12,5,7,6.83623775,12.1283689,1.36724755,1.10257899,2.17522517,0.3618853,0,3,6,7,60.0,1.0,267204.09090909,47092.0,0.56365681,1.77412918,12,5,7
synthetic_wallet_001168,11,2,9,3.33487906,14.64479746,1.66743953,0.97631983,2.71922746,1.04965966,0,3,5,5,60.0,1.0,263540.7,89973.0,0.22771766,4.39140287,11,2,9
synthetic_wallet_001169,6,2,4,2.41155308,3.98525619,1.20577654,0.99631405,2.31228788,0.73158025,0,1,4,4,60.0,1.0,450448.0,37186.0,0.60511871,1.65256831,6,2,4
synthetic_wallet_001170,11,4,7,4.04239543,33.1002014,1.01059886,1.94707067,4.23769179,1.85577493,0,4,6,6,60.0,1.0,265240.8,46185.0,0.12212601,8.18826411,11,4,7
synthetic_wallet_001171,8,5,3,6.8564803,15.66208278,1.37129606,2.61034713,13.12673006,12.69384228,0,1,3,4,60.0,1.0,352460.14285714,59034.0,0.43777577,2.28427445,8,5,3
synthetic_wallet_001172,6,4,2,4.42511806,2.47186615,1.10627951,0.35312374,1.86827707,0.30333679,0,2,3,3,60.0,1.0,483806.4,81715.0,1.79019324,0.55859892,6,4,2
synthetic_wallet_001173,9,5,4,7.10784446,5.08489702,1.42156889,0.84748284,2.20501459,0.51901318,0,2,4,4,60.0,1.0,316793.625,43212.0,1.3978345,0.71539228,9,5,4
synthetic_wallet_001174,5,3,2,3.99324161,2.59461756,1.33108054,1.29730878,2.18028867,0.4760777,0,1,3,3,60.0,1.0,376366.5,95932.0,1.53904825,0.64975221,5,3,2
synthetic_wallet_001175,13,4,9,2.91913094,11.68885916,0.72978274,0.61520311,2.67828715,0.40837203,0,5,8,7,60.0,1.0,233344.75,36403.0,0.24973617,4.00422571,13,4,9
synthetic_wallet_001176,12,3,9,2.2148515,22.61833685,0.73828383,1.13091684,2.79634575,0.93555959,0,4,6,7,60.0,1.0,266820.81818182,380.0,0.09792283,10.21212341,12,3,9
synthetic_wallet_001177,12,4,8,7.86356863,19.71984505,1.96589216,0.75845558,2.91291917,0.81932758,0,7,6,8,60.0,1.0,209332.36363636,11744.0,0.39876422,2.50774756,12,4,8
synthetic_wallet_001178,2,1,1,1.36635151,1.98200479,1.36635151,1.98200479,1.98200479,0.09475724,0,1,2,2,60.0,1.0,302854.0,302854.0,0.68937851,1.45058192,2,1,1
synthetic_wallet_001179,12,6,6,6.82112202,20.02292128,1.13685367,1.82026557,14.34451981,10.5503153,0,3,5,5,60.0,1.0,211806.45454545,10363.0,0.34066568,2.93542928,12,6,6
synthetic_wallet_001180,9,2,7,3.63982699,38.53618315,1.81991349,1.83505634,17.02991221,13.17131832,0,5,4,3,60.0,1.0,328469.375,32885.0,0.09445219,10.58736672,9,2,7
synthetic_wallet_001181,5,2,3,0.4640958,2.64318391,0.2320479,0.33039799,2.20774556,0.40727288,0,3,4,4,60.0,1.0,364395.75,41161.0,0.17558211,5.69534116,5,2,3
synthetic_wallet_001182,10,3,7,5.42025189,18.66455743,1.80675063,1.09791514,3.38714834,1.65840867,0,4,5,6,60.0,1.0,296919.0,12543.0,0.29040345,3.44348525,10,3,7
synthetic_wallet_001183,6,1,5,2.04200448,7.26074263,2.04200448,0.66006751,2.04200448,0.38075355,0,3,4,5,60.0,1.0,564292.6,99947.0,0.28123907,3.55569378,6,1,5
synthetic_wallet_001184,5,2,3,4.16666114,5.08097262,2.08333057,1.01619452,2.46137592,0.63724738,0,1,3,3,60.0,1.0,469734.5,86503.0,0.82005188,1.21943505,5,2,3
synthetic_wallet_001185,11,3,8,4.36032215,17.07588612,1.45344072,0.89873085,3.3323507,1.21503016,0,2,6,6,60.0,1.0,273098.2,3715.0,0.25534969,3.91619828,11,3,8
synthetic_wallet_001186,6,2,4,0.98863631,10.24895655,0.49431815,1.70815943,7.46928485,5.5502699,0,2,4,4,60.0,1.0,391210.2,57256.0,0.09646214,10.36676121,6,2,4
synthetic_wallet_001187,13,4,9,4.47420199,21.01233568,1.1185505,1.23601975,14.46641559,9.05194436,0,4,6,6,60.0,1.0,240888.33333333,17729.0,0.21293216,4.69633149,13,4,9
synthetic_wallet_001188,15,3,12,3.91839015,16.97606299,1.30613005,0.67904252,2.39161656,0.48195328,0,4,8,8,60.0,1.0,178377.64285714,2651.0,0.23081854,4.33240753,15,3,12
synthetic_wallet_001189,10,3,7,2.11055918,12.33862628,0.70351973,0.77116414,1.57709875,0.19758422,0,5,5,7,60.0,1.0,211923.66666667,74657.0,0.17105301,5.84614087,10,3,7
synthetic_wallet_001190,11,4,7,7.44506597,34.3322564,1.86126649,2.6409428,15.25704483,11.29450773,0,2,6,7,60.0,1.0,167938.0,43122.0,0.21685338,4.61141064,11,4,7
synthetic_wallet_001191,7,3,4,3.77396569,2.51400281,1.25798856,0.22854571,2.05081163,0.35385129,0,2,3,4,60.0,1.0,221082.33333333,18305.0,1.50117799,0.66614353,7,3,4
synthetic_wallet_001192,5,2,3,2.4955633,6.5536502,1.24778165,0.72818336,2.2271717,0.3739616,0,3,4,4,60.0,1.0,554845.25,53434.0,0.38078982,2.6261206,5,2,3
synthetic_wallet_001193,8,3,5,4.43683342,15.14294203,1.47894447,1.5142942,11.23988944,8.26292661,0,3,5,6,60.0,1.0,285680.85714286,3391.0,0.29299679,3.41300666,8,3,5
synthetic_wallet_001194,12,5,7,7.02471176,7.40043888,1.40494235,0.49336259,1.94164675,0.26765151,0,4,6,5,60.0,1.0,243923.54545455,7770.0,0.94922908,1.05348648,12,5,7
synthetic_wallet_001195,10,3,7,4.33031646,21.13471808,1.44343882,1.32091988,15.79914014,12.01718694,0,3,4,7,60.0,1.0,299887.0,36260.0,0.20489114,4.88064054,10,3,7
synthetic_wallet_001196,12,5,7,6.62932318,11.58089025,1.32586464,0.89083771,6.15051371,1.99095524,0,3,6,5,60.0,1.0,247050.45454545,16438.0,0.5724364,1.74691894,12,5,7
synthetic_wallet_001197,8,3,5,4.5861141,8.39361536,1.5287047,0.59954395,1.78713987,0.17622628,0,4,3,4,60.0,1.0,283436.57142857,47486.0,0.54638126,1.83022384,8,3,5
synthetic_wallet_001198,9,2,7,4.0608839,11.93399115,2.03044195,0.91799932,2.31942467,0.82044191,0,2,5,6,60.0,1.0,374147.375,72755.0,0.34027878,2.93876689,9,2,7
synthetic_wallet_001199,6,1,5,1.04107545,10.04023868,1.04107545,0.83668656,2.24964539,0.28639719,0,2,5,4,60.0,1.0,224365.4,142121.0,0.10369031,9.64410282,6,1,5
synthetic_wallet_001200,8,3,5,4.30055605,6.04565319,1.43351868,0.37785332,2.38591625,0.34351831,0,6,5,5,60.0,1.0,388738.57142857,152993.0,0.7113468,1.40578407,8,3,5
synthetic_wallet_001201,10,2,8,1.64483874,15.16800675,0.82241937,1.3789097,4.20029554,1.15253975,0,2,5,4,60.0,1.0,323966.77777778,13090.0,0.10844132,9.22157679,10,2,8
synthetic_wallet_001202,12,4,8,4.65635807,15.43251751,1.16408952,1.10232268,2.42464102,0.59464934,0,3,5,7,60.0,1.0,247755.54545455,27942.0,0.30172382,3.31428925,12,4,8
synthetic_wallet_001203,7,3,4,5.41251416,8.34273653,1.80417139,0.69522804,2.41925171,0.41362219,0,1,4,3,60.0,1.0,394484.33333333,18020.0,0.64876964,1.54137916,7,3,4
synthetic_wallet_001204,13,4,9,5.90820967,22.6121484,1.47705242,1.19011307,5.0988085,1.74767295,0,4,6,8,60.0,1.0,203050.08333333,32532.0,0.26128476,3.82724203,13,4,9
synthetic_wallet_001205,8,4,4,4.10374494,7.0049812,1.02593624,1.7512453,2.02153633,0.3170919,0,1,3,5,60.0,1.0,424659.57142857,7045.0,0.5858324,1.70697285,8,4,4
synthetic_wallet_001206,7,5,2,6.23665128,3.40939172,1.24733026,0.85234793,2.36898149,0.42598976,0,2,2,3,60.0,1.0,440719.66666667,74319.0,1.8292563,0.54667025,7,5,2
synthetic_wallet_001207,10,4,6,3.55753397,15.25406045,0.88938349,1.69489561,2.31289477,0.51178966,0,2,4,7,60.0,1.0,274225.33333333,134.0,0.23321882,4.28781863,10,4,6
synthetic_wallet_001208,10,3,7,3.63348344,11.44742754,1.21116115,0.60249619,2.41881154,0.25199548,0,7,7,6,60.0,1.0,327668.44444444,107375.0,0.31740611,3.15053797,10,3,7
synthetic_wallet_001209,10,6,4,9.85165115,4.20350083,1.64194186,0.60050012,2.37453219,0.77199422,0,2,3,4,60.0,1.0,256831.33333333,45977.0,2.3436777,0.42667983,10,6,4
synthetic_wallet_001210,12,1,11,0.51441396,12.98535537,0.51441396,0.68343976,2.36037164,0.43273963,0,4,8,7,60.0,1.0,197233.0,1499.0,0.03961493,25.24300734,12,1,11
synthetic_wallet_001211,11,4,7,5.8347819,10.12990884,1.45869548,0.72356492,2.37120992,0.57533123,0,5,6,6,60.0,1.0,263839.5,2882.0,0.5759955,1.73612468,11,4,7
synthetic_wallet_001212,10,3,7,3.56145462,11.16900869,1.18715154,0.65700051,2.40323265,0.49302422,0,3,5,6,60.0,1.0,263227.22222222,15833.0,0.31886936,3.13608059,10,3,7
synthetic_wallet_001213,17,3,14,6.09677221,44.64762695,2.0322574,1.86031779,6.94297344,3.56242457,0,4,7,8,60.0,1.0,166558.3125,6165.0,0.13655311,7.32315813,17,3,14
synthetic_wallet_001214,9,3,6,4.99943084,9.21350123,1.66647695,1.15168765,2.27951183,0.69457182,0,2,6,5,60.0,1.0,312938.625,25460.0,0.54262009,1.84291003,9,3,6
synthetic_wallet_001215,4,2,2,2.61798941,3.3454568,1.3089947,0.66909136,2.0654581,0.54819576,0,2,3,2,60.0,1.0,191049.0,114010.0,0.78255065,1.27787255,4,2,2
synthetic_wallet_001216,8,5,3,6.61792392,3.18818187,1.32358478,1.06272729,2.48957357,0.38811036,0,1,3,3,60.0,1.0,288079.57142857,19049.0,2.07576738,0.48174955,8,5,3
synthetic_wallet_001217,10,5,5,6.96392072,7.32920093,1.39278414,0.73292009,2.38538474,0.70660049,0,2,5,6,60.0,1.0,226729.55555556,7934.0,0.95016098,1.05245324,10,5,5
synthetic_wallet_001218,10,3,7,6.39677925,9.12883975,2.13225975,0.91288397,2.49343526,0.8456776,0,2,6,6,60.0,1.0,277490.77777778,870.0,0.70072204,1.42709939,10,3,7
synthetic_wallet_001219,11,5,6,9.7177923,22.35587498,1.94355846,1.71968269,4.88109373,2.41355264,0,4,4,4,60.0,1.0,263801.0,2548.0,0.43468629,2.30050965,11,5,6
synthetic_wallet_001220,6,1,5,1.66459063,7.28194341,1.66459063,0.72819434,2.15532225,0.62708856,0,2,4,5,60.0,1.0,530397.8,72826.0,0.22859154,4.37461516,6,1,5
synthetic_wallet_001221,7,2,5,2.23770851,7.61040077,1.11885426,0.63420006,1.72104912,0.19270111,0,3,4,5,60.0,1.0,364556.33333333,96296.0,0.29403294,3.4009795,7,2,5
synthetic_wallet_001222,15,3,12,3.4763387,13.71327848,1.15877957,0.7217515,2.23918008,0.38124278,0,3,7,9,60.0,1.0,178194.57142857,4485.0,0.25350165,3.94474752,15,3,12
synthetic_wallet_001223,10,1,9,2.17336562,30.793117,2.17336562,2.36870131,12.97567698,12.11908618,0,3,8,9,60.0,1.0,306007.55555556,257.0,0.07057959,14.16840163,10,1,9
synthetic_wallet_001224,9,3,6,2.74575739,14.51097811,0.91525246,1.45109781,8.60911553,4.7913965,0,2,6,5,60.0,1.0,326369.875,12313.0,0.18921932,5.28487264,9,3,6
synthetic_wallet_001225,7,6,1,7.30135732,0.87268393,1.21689289,0.21817098,2.18122202,0.55668985,0,2,2,2,60.0,1.0,473335.33333333,32750.0,8.36655411,0.11952352,7,6,1
synthetic_wallet_001226,10,5,5,4.55048777,6.49076869,0.91009755,0.64907687,2.42214945,0.41935089,0,3,3,5,60.0,1.0,268092.11111111,64377.0,0.7010707,1.42638966,10,5,5
synthetic_wallet_001227,13,8,5,10.0425436,12.38587176,1.25531795,0.95275937,2.36615856,0.48010874,0,3,4,4,60.0,1.0,214101.91666667,3392.0,0.81080636,1.2333401,13,8,5
synthetic_wallet_001228,14,6,8,7.15790857,24.14191329,1.19298476,1.50886958,9.75461483,5.62600197,0,4,7,6,60.0,1.0,194917.76923077,1412.0,0.29649301,3.37276078,14,6,8
synthetic_wallet_001229,5,3,2,1.5358777,0.93134307,0.51195923,0.18626861,0.99717973,0.07118323,0,1,3,3,60.0,1.0,690540.0,86910.0,1.64909983,0.60639143,5,3,2
synthetic_wallet_001230,11,5,6,7.83229377,6.79773836,1.56645875,0.39986696,2.42775278,0.63336202,0,5,5,5,60.0,1.0,259983.2,16351.0,1.15219112,0.86791157,11,5,6
synthetic_wallet_001231,14,6,8,4.62213821,8.04479453,0.77035637,0.50279966,2.47476005,0.43429479,0,4,5,5,60.0,1.0,211895.53846154,13349.0,0.57455019,1.74049199,14,6,8
synthetic_wallet_001232,12,4,8,4.87573424,42.73933576,1.21893356,3.28764121,9.60363959,10.72071942,0,3,7,7,60.0,1.0,195725.72727273,85.0,0.11408072,8.765723,12,4,8
synthetic_wallet_001233,7,2,5,3.04228723,6.76000989,1.52114362,0.84500124,2.36830132,0.57183125,0,2,6,5,60.0,1.0,417485.83333333,109371.0,0.45004183,2.22201567,7,2,5
synthetic_wallet_001234,9,2,7,3.66105673,51.56985135,1.83052837,4.29748761,17.8691424,38.20112911,0,3,6,6,60.0,1.0,319143.125,88.0,0.07099219,14.08605634,9,2,7
synthetic_wallet_001235,5,2,3,2.57900381,3.08826864,1.28950191,0.61765373,2.30825768,0.65044306,0,2,4,4,60.0,1.0,397622.25,51628.0,0.83509698,1.19746571,5,2,3
synthetic_wallet_001236,14,5,9,7.11210005,23.00129694,1.42242001,1.5334198,7.05853098,2.11584403,0,2,5,10,60.0,1.0,228345.46153846,14608.0,0.30920431,3.23410762,14,5,9
synthetic_wallet_001237,7,3,4,4.4500501,11.65301486,1.48335003,1.05936499,8.98538869,5.03545348,0,2,5,4,60.0,1.0,331163.16666667,38216.0,0.38187972,2.61862554,7,3,4
synthetic_wallet_001238,12,4,8,4.77283688,26.83188334,1.19320922,1.57834608,14.48341942,9.19254311,0,3,6,8,60.0,1.0,237067.72727273,15565.0,0.17787931,5.62178931,12,4,8
synthetic_wallet_001239,13,6,7,8.48789216,6.55745229,1.41464869,0.50441941,2.02949686,0.32812021,0,3,5,6,60.0,1.0,189255.25,85328.0,1.2943887,0.77256546,13,6,7
synthetic_wallet_001240,9,2,7,3.33543952,16.98332378,1.66771976,1.06145774,2.46953723,0.52900009,0,5,5,7,60.0,1.0,261899.875,8860.0,0.19639498,5.09177986,9,2,7
synthetic_wallet_001241,14,8,6,9.00409988,13.53712843,1.12551249,0.90247523,2.37594617,0.57389392,0,5,6,5,60.0,1.0,174805.0,2357.0,0.66514105,1.5034405,14,8,6
synthetic_wallet_001242,11,1,10,1.85388751,28.34305801,1.85388751,0.91429219,4.44166329,1.21550902,0,6,5,9,60.0,1.0,278204.0,36042.0,0.06540887,15.28844542,11,1,10
synthetic_wallet_001243,8,5,3,6.87292531,2.50212004,1.37458506,0.83404001,2.47369193,0.55104272,0,1,4,4,60.0,1.0,394763.42857143,63594.0,2.74684076,0.36405459,8,5,3
synthetic_wallet_001244,9,2,7,2.33910391,10.95082857,1.16955195,0.73005524,1.86785706,0.32093369,0,4,6,7,60.0,1.0,371796.25,136769.0,0.21360063,4.68163407,9,2,7
synthetic_wallet_001245,10,5,5,6.02603303,7.21887634,1.20520661,0.90235954,2.31887117,0.45874257,0,2,5,4,60.0,1.0,322626.88888889,33831.0,0.83476053,1.19794835,10,5,5
synthetic_wallet_001246,11,7,4,11.1252545,15.64209534,1.58932207,2.23458505,9.85841612,5.43509834,0,2,4,3,60.0,1.0,249693.1,33047.0,0.71123812,1.40599888,11,7,4
synthetic_wallet_001247,11,3,8,3.41504519,35.23931541,1.1383484,2.07290091,4.55080466,2.53259579,0,2,5,6,60.0,1.0,203588.1,10270.0,0.09691009,10.31884308,11,3,8
synthetic_wallet_001248,8,6,2,7.69213328,4.36401106,1.28202221,2.18200553,2.47620868,0.68643398,0,1,2,3,60.0,1.0,257512.14285714,76502.0,1.76262919,0.5673343,8,6,2
synthetic_wallet_001249,7,1,6,1.98913094,23.6611714,1.98913094,1.47882321,10.1428843,5.19655907,0,4,5,5,60.0,1.0,298359.16666667,7150.0,0.08406731,11.89523069,7,1,6
synthetic_wallet_001250,9,2,7,4.68267033,23.20986195,2.34133517,2.3209862,16.4004871,18.55713444,0,2,5,5,60.0,1.0,316835.25,8613.0,0.20175348,4.95654409,9,2,7
synthetic_wallet_001251,5,1,4,1.20609531,5.32389253,1.20609531,0.59154361,1.32460793,0.15453173,0,3,4,5,60.0,1.0,487289.0,72057.0,0.22654389,4.41415574,5,1,4
synthetic_wallet_001252,7,3,4,1.58491006,9.66962964,0.52830335,0.96696296,2.15048588,0.36124584,0,2,3,4,60.0,1.0,360535.33333333,47187.0,0.16390597,6.10105891,7,3,4
synthetic_wallet_001253,10,5,5,6.6878463,5.06533688,1.33756926,0.46048517,2.00784283,0.4392917,0,3,5,5,60.0,1.0,215583.44444444,40643.0,1.32031619,0.75739433,10,5,5
synthetic_wallet_001254,12,3,9,5.94375149,18.18599334,1.9812505,0.90929967,8.66781324,3.00440709,0,6,7,6,60.0,1.0,216397.90909091,471.0,0.32683128,3.05968266,12,3,9
synthetic_wallet_001255,8,4,4,5.85526941,6.55877464,1.46381735,0.65587746,2.39054212,0.53943909,0,3,4,4,60.0,1.0,400725.85714286,21521.0,0.89273831,1.12014908,8,4,4
synthetic_wallet_001256,6,1,5,1.54053062,26.26500089,1.54053062,1.87607149,3.58254655,1.74760291,0,3,5,6,60.0,1.0,379074.4,8896.0,0.05865336,17.0493209,6,1,5
synthetic_wallet_001257,8,4,4,5.06889981,17.49381594,1.26722495,2.49911656,3.15557602,0.8243419,0,2,4,4,60.0,1.0,323931.85714286,104314.0,0.28975381,3.4512057,8,4,4
synthetic_wallet_001258,12,5,7,6.86908299,9.14255711,1.3738166,0.60950381,2.15638176,0.41739187,0,4,6,8,60.0,1.0,244163.63636364,16159.0,0.75133061,1.330972,12,5,7
synthetic_wallet_001259,14,5,9,4.82436071,29.15811011,0.96487214,1.38848143,8.88399751,2.74781814,0,2,6,8,60.0,1.0,186427.07692308,1694.0,0.16545519,6.04393242,14,5,9
synthetic_wallet_001260,6,2,4,2.67194434,5.39504235,1.33597217,0.89917372,2.41249823,0.74372372,0,1,5,4,60.0,1.0,477688.6,75580.0,0.4952592,2.01914474,6,2,4
synthetic_wallet_001261,9,1,8,1.12088218,29.92602933,1.12088218,1.42504902,15.90962266,10.64432671,0,4,5,6,60.0,1.0,356586.5,86378.0,0.03745509,26.69863958,9,1,8
synthetic_wallet_001262,6,2,4,1.36465998,3.99203567,0.68232999,0.39920357,2.14711415,0.34608048,0,2,4,5,60.0,1.0,433257.4,254790.0,0.34184564,2.92529694,6,2,4
synthetic_wallet_001263,14,5,9,4.91044908,12.70975607,0.98208982,0.70609756,2.43646204,0.4830697,0,4,6,8,60.0,1.0,178283.07692308,15902.0,0.38635274,2.58830829,14,5,9
synthetic_wallet_001264,7,2,5,0.51823655,5.97858897,0.25911828,0.42704207,1.17106284,0.07302209,0,4,5,5,60.0,1.0,447465.33333333,80484.0,0.08668208,11.53640933,7,2,5
synthetic_wallet_001265,11,8,3,9.78960552,2.88336515,1.22370069,0.48056086,1.83229329,0.29628761,0,1,4,3,60.0,1.0,251105.1,1906.0,3.39520144,0.29453333,11,8,3
synthetic_wallet_001266,5,2,3,0.7581775,5.38321232,0.37908875,0.5981347,2.33620959,0.36255916,0,3,3,4,60.0,1.0,687044.0,44437.0,0.14084109,7.10020057,5,2,3
synthetic_wallet_001267,6,1,5,0.59389021,12.43297301,0.59389021,1.55412163,7.05899377,4.11907133,0,2,5,5,60.0,1.0,330522.6,11171.0,0.04776735,20.93480041,6,1,5
synthetic_wallet_001268,11,2,9,0.96014198,10.73091685,0.48007099,0.53654584,2.38775499,0.28063921,0,4,8,9,60.0,1.0,222245.6,818.0,0.08947437,11.17638544,11,2,9
synthetic_wallet_001269,8,4,4,7.06386812,17.15228077,1.76596703,1.31940621,2.98151753,1.27579527,0,3,5,3,60.0,1.0,417492.0,28921.0,0.41183258,2.42817115,8,4,4
synthetic_wallet_001270,7,5,2,6.33867417,11.96818378,1.26773483,3.98939459,11.6747486,13.28296055,0,2,3,3,60.0,1.0,493005.16666667,17416.0,0.52962708,1.88812099,7,5,2
synthetic_wallet_001271,9,4,5,5.77118417,3.18584964,1.44279604,0.39823121,1.91587203,0.35075852,0,2,6,5,60.0,1.0,323520.0,67420.0,1.81150551,0.55202703,9,4,5
synthetic_wallet_001272,10,2,8,0.95302241,9.96890354,0.4765112,0.47470969,1.48207494,0.07700664,0,6,7,5,60.0,1.0,295532.22222222,14149.0,0.09559952,10.46030338,10,2,8
synthetic_wallet_001273,9,3,6,4.40722312,28.57451343,1.46907437,2.38120945,9.71972939,10.16384714,0,2,4,5,60.0,1.0,322480.0,37666.0,0.15423616,6.48356406,9,3,6
synthetic_wallet_001274,7,3,4,4.89060653,5.20009819,1.63020218,0.65001227,2.47416335,0.67903104,0,4,4,4,60.0,1.0,315381.83333333,23266.0,0.9404835,1.06328288,7,3,4
synthetic_wallet_001275,8,2,6,1.91811955,23.92839994,0.95905977,1.99403333,15.17780712,14.08820846,0,3,4,5,60.0,1.0,275928.57142857,26296.0,0.08016079,12.47492626,8,2,6
synthetic_wallet_001276,11,2,9,1.29055375,13.68607205,0.64527687,0.47193352,1.60893193,0.22034404,0,6,6,9,60.0,1.0,213570.6,16853.0,0.09429687,10.60480592,11,2,9
synthetic_wallet_001277,10,6,4,6.45464787,8.63008974,1.07577464,1.72601795,2.17066715,0.3543627,0,1,4,4,60.0,1.0,160272.66666667,14592.0,0.74792361,1.33703494,10,6,4
synthetic_wallet_001278,11,1,10,0.35137162,15.59693469,0.35137162,0.64987228,4.95649697,1.09707884,0,5,6,8,60.0,1.0,278248.3,50703.0,0.02252825,44.38871497,11,1,10
synthetic_wallet_001279,8,3,5,6.15802103,33.65244649,2.05267368,2.10327791,4.23727295,2.01468042,0,5,6,6,60.0,1.0,357028.85714286,77170.0,0.18298881,5.46481513,8,3,5
synthetic_wallet_001280,12,3,9,3.13406701,22.24542553,1.044689,1.11227128,11.99978624,5.64388284,0,3,7,5,60.0,1.0,193722.45454545,19582.0,0.14088591,7.09794189,12,3,9
synthetic_wallet_001281,9,2,7,4.33451945,6.18750329,2.16725973,0.47596179,2.33966531,0.53883525,0,2,4,7,60.0,1.0,307195.25,43504.0,0.70052802,1.42749464,9,2,7
synthetic_wallet_001282,7,2,5,2.27215877,3.65856476,1.13607938,0.28142806,1.83298744,0.1925552,0,2,5,5,60.0,1.0,383783.83333333,95938.0,0.62105195,1.61017126,7,2,5
synthetic_wallet_001283,10,4,6,4.75094826,24.9917872,1.18773706,1.78512766,17.86663528,15.74954814,0,4,7,5,60.0,1.0,286013.22222222,4836.0,0.19010038,5.26037874,10,4,6
synthetic_wallet_001284,10,3,7,4.7661143,29.86738041,1.58870477,1.75690473,16.73937973,12.52491161,0,4,6,5,60.0,1.0,318438.77777778,8892.0,0.15957591,6.26661018,10,3,7
synthetic_wallet_001285,12,5,7,7.18487268,10.82290726,1.43697454,0.90190894,2.46137783,0.37516309,0,3,7,5,60.0,1.0,267356.36363636,7567.0,0.66385792,1.50634642,12,5,7
synthetic_wallet_001286,5,3,2,5.84778565,3.96449372,1.94926188,0.79289874,2.1862112,0.45233575,0,2,3,3,60.0,1.0,636496.5,211155.0,1.47503971,0.67794785,5,3,2
synthetic_wallet_001287,9,2,7,1.21698392,4.71000553,0.60849196,0.36230812,1.81732379,0.32479758,0,3,7,5,60.0,1.0,339977.125,75069.0,0.25838269,3.87022824,9,2,7
synthetic_wallet_001288,8,3,5,4.43652125,5.6817946,1.47884042,0.94696577,2.44086736,0.30067389,0,2,4,5,60.0,1.0,353407.57142857,48313.0,0.78083098,1.28068689,8,3,5
synthetic_wallet_001289,6,5,1,7.32581538,0.75942149,1.46516308,0.75942149,2.43593432,0.43997864,0,1,2,2,60.0,1.0,341575.6,115621.0,9.64657371,0.10366375,6,5,1
synthetic_wallet_001290,7,2,5,2.88684636,13.39209499,1.44342318,1.21746318,2.08357682,0.44303167,0,3,4,3,60.0,1.0,386609.5,93765.0,0.21556346,4.6390051,7,2,5
synthetic_wallet_001291,13,7,6,7.93869833,16.68737599,1.13409976,1.28364431,9.32906714,3.69483137,0,2,5,5,60.0,1.0,229927.58333333,6210.0,0.47573078,2.10202924,13,7,6
synthetic_wallet_001292,8,3,5,4.05059285,7.67804349,1.35019762,0.76780435,2.28328325,0.65157194,0,2,3,5,60.0,1.0,223648.42857143,10947.0,0.52755534,1.89553573,8,3,5
synthetic_wallet_001293,6,3,3,2.30870968,3.01423334,0.76956989,0.30142333,0.97753233,0.07115875,0,2,3,2,60.0,1.0,589262.8,80007.0,0.76593595,1.3055922,6,3,3
synthetic_wallet_001294,9,4,5,3.08422477,7.18708859,0.77105619,0.71870886,1.86863178,0.302266,0,3,5,4,60.0,1.0,358129.5,7329.0,0.4291341,2.33027393,9,4,5
synthetic_wallet_001295,12,7,5,8.39184238,7.71779967,1.19883463,0.77177997,2.42873156,0.6403793,0,3,6,5,60.0,1.0,236329.63636364,71060.0,1.08733612,0.91967882,12,7,5
synthetic_wallet_001296,10,2,8,1.84281627,7.82604648,0.92140813,0.55900332,1.85599006,0.23570108,0,4,7,4,60.0,1.0,260765.33333333,22697.0,0.23547219,4.24678608,10,2,8
synthetic_wallet_001297,6,3,3,5.30178882,2.80135822,1.76726294,0.35016978,2.24642773,0.44869905,0,2,3,4,60.0,1.0,541641.4,2935.0,1.89257796,0.52837982,6,3,3
synthetic_wallet_001298,6,3,3,2.62533216,2.27453495,0.87511072,0.25272611,2.02399025,0.2703432,0,3,3,4,60.0,1.0,546147.4,214886.0,1.1542281,0.86637988,6,3,3
synthetic_wallet_001299,14,4,10,6.00591754,16.40007301,1.50147938,0.91111517,3.88094657,0.78862901,0,3,8,6,60.0,1.0,187722.38461538,10303.0,0.36621285,2.73065238,14,4,10
synthetic_wallet_001300,10,2,8,1.88852988,17.53787679,0.94426494,0.97432649,2.73345849,1.05191983,0,2,5,5,60.0,1.0,216906.88888889,7992.0,0.10768293,9.28652333,10,2,8
synthetic_wallet_001301,10,2,8,3.67372117,36.59636831,1.83686058,2.61402631,12.74308607,10.65676112,0,1,5,6,60.0,1.0,271679.22222222,8023.0,0.10038486,9.96166193,10,2,8
synthetic_wallet_001302,6,2,4,2.97490205,5.6546038,1.48745103,0.80780054,2.41437515,0.55643548,0,2,5,4,60.0,1.0,437251.6,20730.0,0.52610265,1.90076974,6,2,4
synthetic_wallet_001303,11,5,6,7.45046675,18.16525858,1.49009335,2.01836206,5.45486561,2.55591876,0,4,5,7,60.0,1.0,272044.2,4462.0,0.41014923,2.43813699,11,5,6
synthetic_wallet_001304,10,6,4,6.51419202,5.04925653,1.08569867,0.5610285,1.95769184,0.25929925,0,2,5,3,60.0,1.0,231567.33333333,5798.0,1.29012895,0.77511632,10,6,4
synthetic_wallet_001305,7,1,6,0.87925462,9.21014212,0.87925462,0.57563388,2.24764252,0.28727161,0,2,6,4,60.0,1.0,390636.16666667,99063.0,0.09546591,10.47494311,7,1,6
synthetic_wallet_001306,9,3,6,1.22278741,16.26550628,0.4075958,1.47868239,5.91347123,1.91316206,0,3,5,6,60.0,1.0,375950.375,86755.0,0.07517672,13.30199031,9,3,6
synthetic_wallet_001307,12,6,6,6.45919279,7.0970345,1.07653213,0.70970345,2.04641311,0.43783623,0,2,5,4,60.0,1.0,190943.36363636,47946.0,0.9101256,1.09874945,12,6,6
synthetic_wallet_001308,10,5,5,4.28110203,18.72259688,0.85622041,2.34032461,14.09527948,13.22834917,0,2,4,4,60.0,1.0,284957.44444444,7462.0,0.22865963,4.37331247,10,5,5
synthetic_wallet_001309,12,4,8,5.11966866,25.92866069,1.27991717,1.23469813,3.10525982,1.25140268,0,6,6,6,60.0,1.0,233752.18181818,9958.0,0.19745211,5.06451929,12,4,8
synthetic_wallet_001310,9,2,7,0.79997993,8.19981044,0.39998997,0.68331754,2.00251787,0.42010449,0,3,4,5,60.0,1.0,297338.375,95231.0,0.09756078,10.2500202,9,2,7
synthetic_wallet_001311,11,3,8,5.20329836,26.84888261,1.73443279,1.34244413,12.78542222,6.3096537,0,4,8,6,60.0,1.0,275122.0,78831.0,0.19379944,5.15997368,11,3,8
synthetic_wallet_001312,11,1,10,0.13868344,27.59268359,0.13868344,1.31393731,17.35978708,12.60395201,0,5,8,6,60.0,1.0,251461.4,22401.0,0.00502609,198.96163226,11,1,10
synthetic_wallet_001313,8,3,5,5.10206815,13.04019018,1.70068938,1.08668251,7.94875585,3.54431209,0,3,4,6,60.0,1.0,393171.85714286,109701.0,0.39125719,2.55586358,8,3,5
synthetic_wallet_001314,13,1,12,1.66627679,29.66626416,1.66627679,1.18665057,6.1906117,2.4110841,0,5,8,9,60.0,1.0,238821.83333333,12719.0,0.0561674,17.8039233,13,1,12
synthetic_wallet_001315,13,1,12,2.48286142,17.47950708,2.48286142,0.7283128,2.48286142,0.37400289,0,4,7,11,60.0,1.0,243372.0,6549.0,0.14204413,7.04006552,13,1,12
synthetic_wallet_001316,4,0,4,0.0,5.24807636,0.0,0.47709785,1.99588497,0.26330558,0,3,4,2,60.0,1.0,579946.66666667,129984.0,0.0,5248076359.999999,4,0,4
synthetic_wallet_001317,10,2,8,1.99020713,31.85998144,0.99510356,1.99124884,5.14860255,2.48667474,0,4,5,6,60.0,1.0,263292.0,18167.0,0.0624673,16.00837469,10,2,8
synthetic_wallet_001318,17,10,7,11.23644397,9.02495763,1.1236444,0.39238946,2.35576718,0.2849298,0,5,6,6,60.0,1.0,132555.0,11697.0,1.24504119,0.80318628,17,10,7
synthetic_wallet_001319,9,3,6,3.62938735,15.14976158,1.20979578,1.37725105,8.0427201,4.16034749,0,3,5,4,60.0,1.0,302647.25,22722.0,0.23956729,4.17419253,9,3,6
synthetic_wallet_001320,8,5,3,6.3206476,3.67353163,1.26412952,0.73470633,1.90155108,0.34102663,0,2,4,4,60.0,1.0,404725.14285714,53849.0,1.72059158,0.58119545,8,5,3
synthetic_wallet_001321,10,3,7,4.5961642,7.39422205,1.53205473,0.7394222,1.89844831,0.36643031,0,1,6,5,60.0,1.0,240251.22222222,389.0,0.62158861,1.60878109,10,3,7
synthetic_wallet_001322,10,4,6,3.75669735,9.07810367,0.93917434,0.60520691,2.10679182,0.34702321,0,4,4,6,60.0,1.0,248216.66666667,2484.0,0.41381961,2.41651185,10,4,6
synthetic_wallet_001323,8,2,6,1.3423503,30.16000999,0.67117515,1.88500062,8.76536177,6.8178022,0,6,5,6,60.0,1.0,277985.28571429,98165.0,0.04450762,22.46806217,8,2,6
synthetic_wallet_001324,12,8,4,12.35714665,5.72903686,1.54464333,0.71612961,2.28340479,0.65802478,0,3,3,4,60.0,1.0,209054.81818182,9252.0,2.15693265,0.46362134,12,8,4
synthetic_wallet_001325,8,3,5,1.61842451,6.43315574,0.53947484,0.80414447,2.21706822,0.35284549,0,2,5,5,60.0,1.0,264399.85714286,57868.0,0.25157552,3.97494953,8,3,5
synthetic_wallet_001326,10,5,5,6.47110005,5.15890941,1.29422001,0.57321216,2.24499791,0.45393053,0,1,6,5,60.0,1.0,251273.22222222,29597.0,1.25435427,0.79722294,10,5,5
synthetic_wallet_001327,5,2,3,3.3748162,4.63068846,1.6874081,0.77178141,2.37068159,0.49805958,0,1,4,3,60.0,1.0,539170.0,50244.0,0.72879362,1.37213057,5,2,3
synthetic_wallet_001328,5,1,4,0.69203868,4.83205036,0.69203868,0.69029291,2.00965302,0.33943427,0,2,4,4,60.0,1.0,397531.5,182526.0,0.14321843,6.98234145,5,1,4
synthetic_wallet_001329,9,0,9,0.0,52.80008135,0.0,3.10588714,14.45541385,9.96692922,0,3,5,8,60.0,1.0,272467.5,39409.0,0.0,52800081349.99999,9,0,9
synthetic_wallet_001330,13,3,10,2.32943486,26.57644647,0.77647829,1.02217102,3.48124254,1.56523845,0,4,7,8,60.0,1.0,228118.25,32545.0,0.08765035,11.40896744,13,3,10
synthetic_wallet_001331,6,5,1,6.35697765,0.41520183,1.27139553,0.41520183,2.45319318,0.67032217,0,1,1,1,60.0,1.0,358338.2,11704.0,15.31057233,0.06531434,6,5,1
synthetic_wallet_001332,8,2,6,3.70181524,12.17535833,1.85090762,1.21753583,3.34719712,0.84611861,0,3,5,6,60.0,1.0,406890.0,13161.0,0.30404158,3.28902377,8,2,6
synthetic_wallet_001333,10,2,8,4.08522437,26.10337921,2.04261219,1.45018773,5.33944156,2.86680361,0,3,5,7,60.0,1.0,242960.66666667,21971.0,0.15650174,6.38970515,10,2,8
synthetic_wallet_001334,8,1,7,0.79940355,8.94723857,0.79940355,0.81338532,1.19323103,0.06032582,0,3,5,4,60.0,1.0,390747.14285714,41218.0,0.0893464,11.19239284,8,1,7
synthetic_wallet_001335,15,6,9,7.70556473,14.497326,1.28426079,0.65896936,2.01938292,0.50004549,0,5,6,8,60.0,1.0,198147.42857143,16471.0,0.53151628,1.88140993,15,6,9
synthetic_wallet_001336,7,2,5,3.4381417,20.6901245,1.71907085,1.88092041,7.35274053,5.67512733,0,3,5,5,60.0,1.0,393734.66666667,91952.0,0.16617308,6.01782192,7,2,5
synthetic_wallet_001337,16,7,9,9.35231144,12.94216497,1.33604449,1.2942165,2.88537839,0.6557245,0,2,6,8,60.0,1.0,176977.13333333,10525.0,0.72262341,1.38384666,16,7,9
synthetic_wallet_001338,7,3,4,3.34685656,16.68679094,1.11561885,2.78113182,11.98739053,12.46379405,0,1,4,3,60.0,1.0,376795.5,178626.0,0.20056922,4.98581001,7,3,4
synthetic_wallet_001339,12,4,8,5.13628446,10.39034092,1.28407112,0.74216721,3.36491019,0.89118646,0,1,6,6,60.0,1.0,218668.27272727,20589.0,0.49433262,2.02292942,12,4,8
synthetic_wallet_001340,9,5,4,7.34573241,20.58117355,1.46914648,5.14529339,15.92878907,20.76929899,0,1,5,3,60.0,1.0,341902.75,2241.0,0.35691514,2.80178645,9,5,4
synthetic_wallet_001341,11,5,6,6.64084022,42.83266858,1.32816804,2.85551124,13.34760233,10.07738587,0,2,7,7,60.0,1.0,275843.1,11989.0,0.15504148,6.44988694,11,5,6
synthetic_wallet_001342,14,2,12,1.59311314,49.04467752,0.79655657,1.53264617,5.47763842,2.81608284,0,8,9,8,60.0,1.0,198720.30769231,5451.0,0.0324829,30.7854328,14,2,12
synthetic_wallet_001343,11,2,9,2.69848129,13.2692231,1.34924065,0.82932644,1.81647178,0.2275849,0,4,6,6,60.0,1.0,237135.6,10264.0,0.20336392,4.91729298,11,2,9
synthetic_wallet_001344,8,1,7,0.08655999,30.56319346,0.08655999,2.35101488,3.97433648,1.84471377,0,3,7,7,60.0,1.0,356328.42857143,38722.0,0.00283216,353.08684139,8,1,7
synthetic_wallet_001345,5,2,3,1.09777547,10.58725773,0.54888773,1.76454295,8.58056441,7.30875338,0,1,3,3,60.0,1.0,654726.75,389724.0,0.10368837,9.64428339,5,2,3
synthetic_wallet_001346,7,1,6,2.17654287,16.12767595,2.17654287,2.01595949,5.86704865,4.68195656,0,3,6,5,60.0,1.0,348808.66666667,129991.0,0.13495701,7.40976719,7,1,6
synthetic_wallet_001347,10,5,5,6.68173539,6.3397755,1.33634708,0.57634323,2.20154616,0.58042082,0,3,3,4,60.0,1.0,303889.11111111,12220.0,1.0539388,0.9488217,10,5,5
synthetic_wallet_001348,9,2,7,2.75480395,21.15328958,1.37740198,1.3220806,4.97819688,2.24003664,0,4,6,6,60.0,1.0,366527.625,23490.0,0.13023052,7.67869147,9,2,7
synthetic_wallet_001349,3,1,2,0.15463482,1.83112867,0.15463482,0.45778217,1.34825112,0.22615305,0,1,3,3,60.0,1.0,523723.5,405953.0,0.08444782,11.84163224,3,1,2
synthetic_wallet_001350,11,2,9,2.93790895,39.22525146,1.46895447,1.70544572,15.92200809,9.78157681,0,4,6,8,60.0,1.0,258817.0,60629.0,0.07489841,13.35141835,11,2,9
synthetic_wallet_001351,11,4,7,4.71214215,8.52781474,1.17803554,0.71065123,2.42459445,0.46009399,0,3,7,5,60.0,1.0,259568.0,4708.0,0.55256151,1.80975329,11,4,7
synthetic_wallet_001352,10,3,7,3.78328867,25.65131293,1.26109622,1.60320706,5.16945933,2.99568873,0,4,6,6,60.0,1.0,271474.0,31183.0,0.14748908,6.78016275,10,3,7
synthetic_wallet_001353,11,1,10,0.9830022,24.52963311,0.9830022,1.06650579,2.84859323,0.75378134,0,4,7,6,60.0,1.0,253048.6,29992.0,0.04007407,24.95379269,11,1,10
synthetic_wallet_001354,17,4,13,7.21836187,27.02215175,1.80459047,1.08088607,8.09570964,2.32128402,0,3,7,8,60.0,1.0,157327.25,18523.0,0.26712758,3.74352966,17,4,13
synthetic_wallet_001355,7,1,6,0.38827726,16.35270229,0.38827726,1.63527023,3.74337469,1.66298736,0,3,5,7,60.0,1.0,437763.5,18556.0,0.02374392,42.11604432,7,1,6
synthetic_wallet_001356,11,2,9,2.80762635,14.56974105,1.40381318,1.04069579,2.46711785,0.75269483,0,3,6,6,60.0,1.0,250197.8,28154.0,0.19270256,5.18934475,11,2,9
synthetic_wallet_001357,9,1,8,2.49174615,19.26418885,2.49174615,1.01390468,11.85260439,6.48714163,0,4,7,6,60.0,1.0,288584.25,28302.0,0.12934602,7.73120041,9,1,8
synthetic_wallet_001358,10,5,5,7.80159269,7.0542425,1.56031854,0.88178031,2.14099368,0.32725297,0,3,4,6,60.0,1.0,318164.0,32596.0,1.10594337,0.90420543,10,5,5
synthetic_wallet_001359,7,3,4,4.67104322,7.1697427,1.55701441,0.89621784,2.42555257,0.41388283,0,3,4,3,60.0,1.0,428979.83333333,97420.0,0.65149384,1.53493392,7,3,4
synthetic_wallet_001360,14,7,7,6.26585192,6.67438613,0.8951217,0.66743861,2.442567,0.64641956,0,2,6,6,60.0,1.0,209322.0,21697.0,0.93879074,1.06520011,14,7,7
synthetic_wallet_001361,8,5,3,7.65643344,2.7253119,1.53128669,0.54506238,2.41319618,0.5828119,0,2,4,4,60.0,1.0,318620.85714286,60509.0,2.80937879,0.35595058,8,5,3
synthetic_wallet_001362,6,3,3,1.83354309,19.90157548,0.61118103,3.31692925,4.3996888,3.40645679,0,2,4,4,60.0,1.0,571468.6,206201.0,0.09213055,10.85416295,6,3,3
synthetic_wallet_001363,10,2,8,1.61915312,12.86696095,0.80957656,0.98976623,2.49217063,0.49345565,0,2,4,6,60.0,1.0,201108.55555556,63138.0,0.12583804,7.94672276,10,2,8
synthetic_wallet_001364,7,5,2,4.64309393,4.32428508,0.92861879,0.54053564,1.45896415,0.12461882,0,3,3,3,60.0,1.0,260232.5,18553.0,1.07372522,0.93133698,7,5,2
synthetic_wallet_001365,14,4,10,4.89654113,19.40599398,1.22413528,1.14152906,2.78597489,0.94208663,0,2,6,9,60.0,1.0,159188.69230769,10738.0,0.25232107,3.96320453,14,4,10
synthetic_wallet_001366,10,5,5,6.4576039,21.9250625,1.29152078,2.19250625,8.73343261,7.83706992,0,3,4,5,60.0,1.0,263101.88888889,38001.0,0.2945307,3.39523186,10,5,5
synthetic_wallet_001367,11,3,8,5.38071732,27.83046692,1.79357244,1.98789049,5.14860255,2.51330944,0,3,7,8,60.0,1.0,253713.5,16053.0,0.1933391,5.17225962,11,3,8
synthetic_wallet_001368,11,1,10,1.43500167,48.26297377,1.43500167,2.01095724,8.49275656,4.97425078,0,5,8,8,60.0,1.0,239558.1,25061.0,0.02973297,33.63269519,11,1,10
synthetic_wallet_001369,9,3,6,1.82097254,17.60081027,0.60699085,1.10005064,3.05694609,1.08950244,0,5,5,6,60.0,1.0,226394.0,17962.0,0.10345959,9.66560993,9,3,6
synthetic_wallet_001370,12,6,6,7.75924344,9.06937793,1.29320724,1.13367224,2.43957378,0.60133155,0,2,6,7,60.0,1.0,206022.72727273,846.0,0.85554307,1.16884823,12,6,6
synthetic_wallet_001371,13,4,9,3.69082183,28.66660791,0.92270546,2.04761485,15.84161829,12.03312629,0,3,7,8,60.0,1.0,231602.0,880.0,0.12874986,7.76699858,13,4,9
synthetic_wallet_001372,8,3,5,3.98750621,6.99855472,1.32916874,0.63623225,2.49186013,0.53831167,0,2,4,6,60.0,1.0,399199.28571429,21175.0,0.56976138,1.75512071,8,3,5
synthetic_wallet_001373,5,2,3,1.97704965,4.15562131,0.98852482,0.69260355,1.91365335,0.62877569,0,2,4,3,60.0,1.0,601862.5,104059.0,0.47575308,2.10193068,5,2,3
synthetic_wallet_001374,8,3,5,4.09127255,11.20980212,1.36375752,1.24553357,4.93194649,1.60267627,0,2,5,6,60.0,1.0,314452.85714286,154856.0,0.36497277,2.73993042,8,3,5
synthetic_wallet_001375,11,6,5,6.72564637,6.11022416,1.12094106,0.76377802,2.42439983,0.56252315,0,3,5,5,60.0,1.0,260276.8,16525.0,1.10072007,0.9084962,11,6,5
synthetic_wallet_001376,6,3,3,1.82001226,9.58188758,0.60667075,2.3954719,3.57012468,1.92877468,0,2,3,4,60.0,1.0,394328.8,166909.0,0.18994298,5.26473793,6,3,3
synthetic_wallet_001377,6,3,3,5.20501887,5.13099635,1.73500629,0.73299948,2.27077956,0.5182992,0,3,3,4,60.0,1.0,586740.4,27000.0,1.01442654,0.98577863,6,3,3
synthetic_wallet_001378,8,4,4,5.42797124,7.26133201,1.35699281,0.80681467,1.82817639,0.18973675,0,2,5,4,60.0,1.0,372335.42857143,34112.0,0.74751729,1.3377617,8,4,4
synthetic_wallet_001379,14,4,10,6.61563458,23.75887238,1.65390865,0.98995302,2.40518917,0.67324234,0,6,8,7,60.0,1.0,197938.92307692,20898.0,0.27844901,3.59132175,14,4,10
synthetic_wallet_001380,8,2,6,3.00584521,7.75315273,1.5029226,0.51687685,2.28721462,0.35534221,0,5,6,6,60.0,1.0,372139.42857143,107917.0,0.38769328,2.57935861,8,2,6
synthetic_wallet_001381,5,1,4,0.87454799,19.1145183,0.87454799,1.91145183,16.04224856,20.32848809,0,3,4,4,60.0,1.0,604744.0,125934.0,0.04575308,21.85645444,5,1,4
synthetic_wallet_001382,10,6,4,7.33951644,8.89812473,1.22325274,0.63558034,1.75262381,0.26258876,0,4,4,4,60.0,1.0,222811.33333333,16040.0,0.82483857,1.21235844,10,6,4
synthetic_wallet_001383,12,6,6,10.02039336,8.20894722,1.67006556,0.74626793,2.47627003,0.56593535,0,4,5,6,60.0,1.0,272099.36363636,37613.0,1.22066729,0.81922405,12,6,6
synthetic_wallet_001384,13,6,7,8.86857266,7.75366468,1.47809544,0.55383319,2.48575316,0.56634923,0,3,5,5,60.0,1.0,199416.91666667,27171.0,1.1437911,0.87428552,13,6,7
synthetic_wallet_001385,9,4,5,4.17532333,7.08372627,1.04383083,0.59031052,2.2293225,0.46176198,0,4,4,6,60.0,1.0,289081.0,28898.0,0.58942471,1.69656951,9,4,5
synthetic_wallet_001386,8,1,7,0.057899,10.25333558,0.057899,1.02533356,2.46258552,0.68398702,0,2,5,6,60.0,1.0,406835.85714286,59352.0,0.00564685,177.09002884,8,1,7
synthetic_wallet_001387,11,5,6,5.98702005,32.33970406,1.19740401,2.48766954,5.87761687,3.57945764,0,2,6,4,60.0,1.0,241369.6,70536.0,0.18512909,5.40163617,11,5,6
synthetic_wallet_001388,8,3,5,4.67550281,20.28128782,1.55850094,2.89732683,4.99073632,2.94735941,0,2,3,4,60.0,1.0,234838.0,3322.0,0.23053284,4.33777684,8,3,5
synthetic_wallet_001389,11,6,5,9.5285988,16.7048473,1.5880998,1.67048473,3.3966683,1.60351216,0,2,5,5,60.0,1.0,257207.6,42461.0,0.57040921,1.75312736,11,6,5
synthetic_wallet_001390,7,3,4,2.5792299,4.13806158,0.8597433,0.5172577,1.36595637,0.11772892,0,2,4,4,60.0,1.0,257693.83333333,138268.0,0.62329423,1.60437873,7,3,4
synthetic_wallet_001391,12,4,8,1.026972,9.32428242,0.256743,0.58276765,1.95518221,0.3110913,0,2,6,7,60.0,1.0,261767.72727273,25535.0,0.11013952,9.07939303,12,4,8
synthetic_wallet_001392,13,7,6,10.85530963,9.2317818,1.55075852,0.51287677,2.46827547,0.50783035,0,3,6,6,60.0,1.0,236902.75,29062.0,1.17586289,0.85043929,13,7,6
synthetic_wallet_001393,9,2,7,3.24901417,29.91500309,1.62450708,1.49575015,8.64241553,3.23699377,0,7,7,6,60.0,1.0,309623.375,9369.0,0.10860818,9.20740924,9,2,7
synthetic_wallet_001394,10,5,5,5.02856337,6.6001482,1.00571267,0.50770371,2.02637062,0.25155962,0,4,4,5,60.0,1.0,251734.66666667,15672.0,0.76188643,1.31253157,10,5,5
synthetic_wallet_001395,12,4,8,3.1013851,10.23957489,0.77534627,0.78765961,1.93285403,0.34071848,0,2,6,7,60.0,1.0,256396.0,21130.0,0.30288221,3.30161349,12,4,8
synthetic_wallet_001396,14,5,9,8.86072047,11.62185417,1.77214409,0.64565857,2.94801462,0.743991,0,4,6,8,60.0,1.0,205253.23076923,14805.0,0.76241883,1.31161503,14,5,9
synthetic_wallet_001397,10,2,8,2.20121144,19.83005435,1.10060572,1.5253888,10.66207902,6.46716334,0,2,6,6,60.0,1.0,281490.55555556,36631.0,0.1110038,9.00870039,10,2,8
synthetic_wallet_001398,9,3,6,3.924245,22.40779036,1.30808167,2.03707185,3.92299727,2.20467829,0,2,4,3,60.0,1.0,356084.125,64133.0,0.1751286,5.71008955,9,3,6
synthetic_wallet_001399,8,2,6,3.79073836,7.4166167,1.89536918,0.57050898,2.1964115,0.58331505,0,2,5,5,60.0,1.0,396332.71428571,63517.0,0.51111423,1.95650979,8,2,6
synthetic_wallet_001400,7,1,6,1.57630963,7.81230586,1.57630963,0.48826912,1.82384392,0.20525893,0,5,6,5,60.0,1.0,314891.5,4488.0,0.20177265,4.95607317,7,1,6
synthetic_wallet_001401,11,3,8,3.54235643,10.56730441,1.18078548,0.70448696,2.49166216,0.52605619,0,3,5,6,60.0,1.0,291036.3,10790.0,0.33521855,2.9831285,11,3,8
synthetic_wallet_001402,7,4,3,1.24605824,3.17870957,0.31151456,1.05956986,1.1026574,0.17715044,0,1,4,4,60.0,1.0,183917.83333333,46681.0,0.39200129,2.55101204,7,4,3
synthetic_wallet_001403,5,2,3,4.26616651,4.57522739,2.13308325,1.14380685,2.19314122,0.49453198,0,2,3,4,60.0,1.0,510430.0,254463.0,0.93244907,1.07244464,5,2,3
synthetic_wallet_001404,8,3,5,3.42499126,6.31105927,1.14166375,1.05184321,2.35589371,0.48326642,0,2,5,5,60.0,1.0,277195.14285714,33520.0,0.54269673,1.84264974,8,3,5
synthetic_wallet_001405,14,8,6,14.1417577,19.44650052,1.76771971,1.76786368,5.35516968,3.04984766,0,3,5,4,60.0,1.0,212363.69230769,2636.0,0.7272135,1.37511199,14,8,6
synthetic_wallet_001406,10,2,8,1.93671357,13.4415328,0.96835678,0.7906784,3.17276359,0.718028,0,4,5,7,60.0,1.0,293608.11111111,6810.0,0.14408428,6.94038241,10,2,8
synthetic_wallet_001407,5,1,4,1.99856562,4.94919797,1.99856562,0.54991089,1.99856562,0.35439053,0,2,3,3,60.0,1.0,686755.5,492400.0,0.40381606,2.47637502,5,1,4
synthetic_wallet_001408,9,1,8,1.4237646,13.88231801,1.4237646,0.49579707,1.63321472,0.29283078,0,6,7,7,60.0,1.0,319969.0,10736.0,0.10255957,9.75043066,9,1,8
synthetic_wallet_001409,9,4,5,4.45454801,17.34945348,1.113637,1.33457334,3.8880572,2.34422865,0,3,4,4,60.0,1.0,338696.0,66324.0,0.25675437,3.89477304,9,4,5
synthetic_wallet_001410,11,6,5,9.62462304,15.62662602,1.60410384,1.20204816,2.38432133,0.50726213,0,3,5,5,60.0,1.0,271189.8,155.0,0.61591178,1.62360915,11,6,5
synthetic_wallet_001411,4,1,3,0.17184796,3.78676412,0.17184796,0.5409663,1.12588387,0.14827817,0,2,4,4,60.0,1.0,470487.66666667,281206.0,0.04538122,22.03554887,4,1,3
synthetic_wallet_001412,14,6,8,7.40429669,8.03336335,1.23404945,0.80333634,2.48355312,0.39660813,0,2,7,7,60.0,1.0,202838.84615385,8553.0,0.92169324,1.08495968,14,6,8
synthetic_wallet_001413,8,5,3,8.23251951,13.39108569,1.6465039,4.46369523,10.13488312,8.13404374,0,1,4,4,60.0,1.0,338253.42857143,123061.0,0.61477611,1.62660844,8,5,3
synthetic_wallet_001414,14,4,10,3.79383052,19.65126778,0.94845763,1.22820424,7.0195561,2.30479317,0,3,6,7,60.0,1.0,178107.23076923,17866.0,0.1930578,5.1797959,14,4,10
synthetic_wallet_001415,14,6,8,4.31036952,8.79487283,0.71839492,0.54967955,1.55230619,0.22432281,0,3,6,8,60.0,1.0,222213.07692308,42590.0,0.49010027,2.04039881,14,6,8
synthetic_wallet_001416,8,2,6,2.455777,7.21309307,1.2278885,0.80145479,1.77049795,0.21465965,0,2,6,5,60.0,1.0,273780.14285714,25466.0,0.34046102,2.93719384,8,2,6
synthetic_wallet_001417,9,0,9,0.0,27.61655082,0.0,1.97261077,9.066087,4.63105561,0,3,6,7,60.0,1.0,330327.875,22914.0,0.0,27616550820.0,9,0,9
synthetic_wallet_001418,4,2,2,3.74319175,3.36335613,1.87159588,0.67267123,2.18160497,0.33274105,0,1,3,2,60.0,1.0,432143.0,76152.0,1.11293351,0.89852627,4,2,2
synthetic_wallet_001419,12,5,7,6.25707194,25.43649403,1.25141439,1.2718247,4.09273722,1.76153618,0,4,6,6,60.0,1.0,225495.36363636,5031.0,0.24598799,4.06523918,12,5,7
synthetic_wallet_001420,13,4,9,6.3232143,24.5593924,1.58080358,1.2925996,4.3996888,2.33373603,0,5,8,7,60.0,1.0,206113.83333333,10501.0,0.25746624,3.88400444,13,4,9
synthetic_wallet_001421,11,3,8,4.48081459,19.13250574,1.49360486,1.27550038,2.29155321,0.65983402,0,4,6,6,60.0,1.0,271030.7,72449.0,0.23419905,4.26987222,11,3,8
synthetic_wallet_001422,5,1,4,1.37812963,15.37829762,1.37812963,2.5630496,11.19400796,13.54944725,0,2,4,5,60.0,1.0,370567.5,113518.0,0.08961523,11.15881793,5,1,4
synthetic_wallet_001423,8,3,5,5.20430604,15.72725248,1.73476868,1.12337518,1.88381974,0.45763886,0,3,4,5,60.0,1.0,375595.14285714,6.0,0.33091006,3.02196918,8,3,5
synthetic_wallet_001424,9,4,5,4.49921612,17.9937633,1.12480403,2.57053761,14.77866835,16.40577955,0,2,5,4,60.0,1.0,247083.375,10445.0,0.25004309,3.99931073,9,4,5
synthetic_wallet_001425,7,1,6,0.94576978,22.48659445,0.94576978,1.40541215,7.71706573,5.48785233,0,5,5,6,60.0,1.0,461464.16666667,35738.0,0.04205927,23.77597056,7,1,6
synthetic_wallet_001426,10,4,6,7.11848225,14.52833252,1.77962056,1.21069438,10.3727543,5.93251771,0,2,4,5,60.0,1.0,324729.11111111,5238.0,0.48997242,2.0409312,10,4,6
synthetic_wallet_001427,6,1,5,2.32907635,6.11936783,2.32907635,0.40795786,2.32907635,0.32143723,0,3,4,5,60.0,1.0,559147.4,85297.0,0.38060735,2.62737966,6,1,5
synthetic_wallet_001428,9,2,7,2.70262338,17.41577674,1.35131169,1.33967513,7.28785724,2.97611885,0,3,6,5,60.0,1.0,284141.875,26987.0,0.15518248,6.44402652,9,2,7
synthetic_wallet_001429,14,6,8,10.85845261,25.19227555,1.8097421,1.19963217,5.92744594,1.62140031,0,4,4,5,60.0,1.0,184068.23076923,106.0,0.4310231,2.32006129,14,6,8
synthetic_wallet_001430,5,3,2,2.409626,7.68597409,0.80320867,1.28099568,3.53414448,1.75120771,0,3,3,3,60.0,1.0,513627.5,230158.0,0.31350951,3.18969587,5,3,2
synthetic_wallet_001431,5,0,5,0.0,7.34026798,0.0,0.9175335,1.30503614,0.06427431,0,3,4,5,60.0,1.0,371398.75,71264.0,0.0,7340267980.0,5,0,5
synthetic_wallet_001432,9,3,6,3.85300387,20.00280064,1.28433462,3.33380011,14.36392153,17.51616619,0,1,6,5,60.0,1.0,350885.0,132872.0,0.19262322,5.1914821,9,3,6
synthetic_wallet_001433,6,4,2,4.32433319,1.51851885,1.0810833,0.30370377,1.46861531,0.22628435,0,1,3,3,60.0,1.0,585829.8,10984.0,2.84773099,0.35115676,6,4,2
synthetic_wallet_001434,11,5,6,5.46823402,12.15284172,1.0936468,1.01273681,2.46261049,0.56916712,0,2,3,5,60.0,1.0,248953.1,12135.0,0.44995517,2.2224436,11,5,6
synthetic_wallet_001435,6,2,4,2.64994164,5.95614258,1.32497082,1.19122852,2.2246969,0.42795078,0,2,4,4,60.0,1.0,513065.0,22156.0,0.44490903,2.24765047,6,2,4
synthetic_wallet_001436,8,1,7,2.45933262,9.55899217,2.45933262,0.50310485,2.45933262,0.28092199,0,4,5,7,60.0,1.0,420272.0,86338.0,0.25727949,3.88682364,8,1,7
synthetic_wallet_001437,13,3,10,3.90247403,12.56296797,1.30082468,0.66120884,2.27667876,0.62367407,0,5,6,7,60.0,1.0,230754.75,5933.0,0.31063313,3.21923167,13,3,10
synthetic_wallet_001438,10,5,5,6.96163562,14.21577655,1.39232712,1.09352127,8.87483955,3.78355435,0,4,5,5,60.0,1.0,291484.0,11340.0,0.48971195,2.04201675,10,5,5
synthetic_wallet_001439,11,4,7,4.18532853,11.19309397,1.04633213,0.53300447,2.17043031,0.63227373,0,3,5,6,60.0,1.0,247605.8,6549.0,0.37392061,2.67436448,11,4,7
synthetic_wallet_001440,12,4,8,5.48820849,24.07534205,1.37205212,1.41619659,3.9539758,1.53085963,0,5,7,6,60.0,1.0,233630.63636364,3248.0,0.22795973,4.3867397,12,4,8
synthetic_wallet_001441,10,3,7,3.23743435,23.52374026,1.07914478,1.68026716,6.93125077,4.04829518,0,3,6,6,60.0,1.0,311056.88888889,36425.0,0.13762413,7.2661675,10,3,7
synthetic_wallet_001442,5,1,4,1.24668559,7.55680425,1.24668559,0.6869822,1.92116363,0.19146542,0,3,4,4,60.0,1.0,325700.75,33202.0,0.16497524,6.06151568,5,1,4
synthetic_wallet_001443,10,6,4,6.25752189,4.85400481,1.04292031,0.69342926,2.04243631,0.31675979,0,3,4,5,60.0,1.0,319895.88888889,86740.0,1.28914621,0.7757072,10,6,4
synthetic_wallet_001444,7,4,3,5.76664062,3.76751113,1.44166015,0.75350223,2.38397519,0.67814629,0,2,4,3,60.0,1.0,370614.16666667,31860.0,1.53062338,0.65332858,7,4,3
synthetic_wallet_001445,7,5,2,7.00232352,2.65876701,1.4004647,0.66469175,2.42271222,0.8089393,0,2,3,2,60.0,1.0,394409.5,41244.0,2.63367324,0.37969782,7,5,2
synthetic_wallet_001446,10,5,5,7.74130767,10.94058998,1.54826153,1.36757375,6.15528084,2.14707405,0,1,5,5,60.0,1.0,322485.88888889,26202.0,0.7075768,1.41327415,10,5,5
synthetic_wallet_001447,11,4,7,3.01060258,30.43780416,0.75265065,2.34136955,12.27812246,7.17128997,0,2,7,7,60.0,1.0,232523.3,8488.0,0.09890998,10.11020331,11,4,7
synthetic_wallet_001448,5,2,3,2.22882149,5.09872484,1.11441075,0.84978747,1.73981517,0.16266044,0,3,4,4,60.0,1.0,686229.5,181160.0,0.43713312,2.28763266,5,2,3
synthetic_wallet_001449,7,1,6,0.24045732,22.49651607,0.24045732,1.606894,5.71353905,4.73808203,0,2,4,5,60.0,1.0,488137.0,51224.0,0.01068865,93.55721036,7,1,6
synthetic_wallet_001450,11,5,6,7.86534228,17.10554531,1.57306846,1.42546211,5.08081561,2.34231241,0,2,4,6,60.0,1.0,275665.7,21475.0,0.45981243,2.17479986,11,5,6
synthetic_wallet_001451,14,6,8,5.01249856,24.19676029,0.83541643,1.2735137,10.83657041,4.25864394,0,5,7,5,60.0,1.0,190730.53846154,22462.0,0.20715577,4.82728524,14,6,8
synthetic_wallet_001452,6,3,3,4.74550776,5.27420996,1.58183592,0.75345857,1.7943596,0.23379695,0,3,3,4,60.0,1.0,399155.4,66689.0,0.89975708,1.11141109,6,3,3
synthetic_wallet_001453,11,3,8,5.18169058,15.71659995,1.72723019,0.9822875,2.66248007,1.07276866,0,3,6,7,60.0,1.0,214961.4,54568.0,0.32969539,3.03310275,11,3,8
synthetic_wallet_001454,11,4,7,2.85349885,9.27505081,0.71337471,0.57969068,2.04484143,0.21522715,0,3,7,7,60.0,1.0,256619.3,7205.0,0.30765318,3.25041337,11,4,7
synthetic_wallet_001455,12,2,10,0.84967333,33.29115518,0.42483667,1.66455776,5.68616035,4.08197757,0,4,7,7,60.0,1.0,229731.09090909,4964.0,0.02552249,39.18112291,12,2,10
synthetic_wallet_001456,13,4,9,5.03065611,31.874718,1.25766403,1.87498341,4.23745928,1.71674228,0,6,7,6,60.0,1.0,210630.66666667,25753.0,0.1578259,6.33609559,13,4,9
synthetic_wallet_001457,10,2,8,4.39174281,18.41443484,2.19587141,1.02302416,2.40222303,0.74482412,0,3,6,5,60.0,1.0,203851.11111111,1171.0,0.23849457,4.19296749,10,2,8
synthetic_wallet_001458,10,2,8,1.57779302,12.25732795,0.78889651,0.8171552,2.35110289,0.30568866,0,4,7,8,60.0,1.0,323659.0,46141.0,0.12872243,7.76865393,10,2,8
synthetic_wallet_001459,11,5,6,1.5823877,19.30852834,0.31647754,1.28723522,10.9657899,5.38457981,0,4,5,5,60.0,1.0,257906.0,3285.0,0.08195279,12.20214764,11,5,6
synthetic_wallet_001460,7,1,6,0.32885046,20.86309969,0.32885046,1.73859164,4.58250523,2.80871442,0,3,7,6,60.0,1.0,473003.0,20556.0,0.0157623,63.44251332,7,1,6
synthetic_wallet_001461,10,4,6,6.24043717,18.39223397,1.56010929,1.67202127,13.87536756,11.29009463,0,3,6,6,60.0,1.0,329829.33333333,119579.0,0.3392974,2.94726691,10,4,6
synthetic_wallet_001462,6,3,3,4.79140407,6.18203592,1.59713469,1.23640718,2.45272701,0.18864073,0,1,3,4,60.0,1.0,510717.8,33067.0,0.77505277,1.29023473,6,3,3
synthetic_wallet_001463,4,0,4,0.0,6.2047288,0.0,0.56406625,1.87034417,0.19644573,0,2,3,3,60.0,1.0,626777.33333333,27222.0,0.0,6204728799.999999,4,0,4
synthetic_wallet_001464,5,2,3,4.00465177,2.45589172,2.00232588,0.40931529,2.31454132,0.54360338,0,1,4,3,60.0,1.0,552633.75,366120.0,1.63063043,0.61325974,5,2,3
synthetic_wallet_001465,11,3,8,4.4744892,19.76967432,1.4914964,1.09831524,3.10525982,0.88821365,0,4,6,6,60.0,1.0,197999.7,11321.0,0.22633095,4.41830865,11,3,8
synthetic_wallet_001466,8,3,5,2.40127924,13.80793143,0.80042641,0.81223126,3.78639879,1.05168548,0,5,4,5,60.0,1.0,203300.71428571,24222.0,0.17390579,5.75023979,8,3,5
synthetic_wallet_001467,6,3,3,3.26953644,5.15493658,1.08984548,1.03098732,1.860937,0.32107078,0,2,3,4,60.0,1.0,449814.4,37647.0,0.63425348,1.57665671,6,3,3
synthetic_wallet_001468,11,2,9,3.53496867,35.15528085,1.76748434,1.67406099,14.45461832,8.0751776,0,3,6,8,60.0,1.0,204856.9,55327.0,0.10055299,9.94500493,11,2,9
synthetic_wallet_001469,9,3,6,3.68251036,25.05144666,1.22750345,1.67009644,16.501776,14.32750558,0,3,6,5,60.0,1.0,358359.125,33691.0,0.14699791,6.8028177,9,3,6
synthetic_wallet_001470,15,5,10,6.89317982,12.6802087,1.37863596,0.55131342,1.89657312,0.25481323,0,5,7,10,60.0,1.0,202563.0,7843.0,0.54361722,1.83952966,15,5,10
synthetic_wallet_001471,11,4,7,5.30289438,26.4531394,1.32572359,1.88950996,4.35697235,2.22929832,0,3,6,7,60.0,1.0,244913.1,88800.0,0.20046371,4.98843415,11,4,7
synthetic_wallet_001472,7,3,4,4.57569253,18.77234213,1.52523084,2.68176316,15.83013785,20.80573559,0,2,4,4,60.0,1.0,463610.33333333,1918.0,0.24374649,4.10262316,7,3,4
synthetic_wallet_001473,9,6,3,11.59993847,19.6159988,1.93332308,2.17955542,4.09273722,2.11312638,0,3,3,3,60.0,1.0,330677.5,2744.0,0.5913509,1.69104335,9,6,3
synthetic_wallet_001474,3,2,1,2.09202928,0.09955051,1.04601464,0.09955051,1.36521619,0.26699183,0,1,1,1,60.0,1.0,1269347.0,452130.0,21.01475201,0.04758562,3,2,1
synthetic_wallet_001475,10,4,6,5.07524218,24.77623506,1.26881055,2.06468626,4.25271607,2.24091457,0,2,6,6,60.0,1.0,261444.88888889,18978.0,0.20484316,4.8817838,10,4,6
synthetic_wallet_001476,10,2,8,3.03363058,28.46191602,1.51681529,1.49799558,12.33530326,6.79927079,0,4,7,7,60.0,1.0,294263.77777778,16091.0,0.10658561,9.38212985,10,2,8
synthetic_wallet_001477,8,4,4,6.32264112,23.51375291,1.58066028,1.46960956,3.52151141,1.44216166,0,4,4,4,60.0,1.0,367414.0,137555.0,0.2688912,3.71897637,8,4,4
synthetic_wallet_001478,9,4,5,4.06731746,5.7520423,1.01682936,0.57520423,2.35737089,0.42967435,0,3,4,4,60.0,1.0,263156.625,68173.0,0.70710841,1.41421031,9,4,5
synthetic_wallet_001479,12,2,10,3.70102423,39.48099308,1.85051211,1.64504138,12.9120555,7.03054095,0,5,7,7,60.0,1.0,248793.18181818,18746.0,0.09374192,10.66758568,12,2,10
synthetic_wallet_001480,13,6,7,8.34267258,12.73311571,1.39044543,0.84887438,2.3096835,0.78323489,0,4,6,7,60.0,1.0,226202.5,4287.0,0.65519491,1.52626339,13,6,7
synthetic_wallet_001481,10,4,6,2.76718055,13.99085062,0.69179514,0.82299121,2.25294217,0.62544406,0,4,6,6,60.0,1.0,225483.88888889,46947.0,0.19778501,5.05599485,10,4,6
synthetic_wallet_001482,9,6,3,7.65955274,4.43003028,1.27659212,0.49222559,2.29858867,0.34534878,0,2,3,3,60.0,1.0,350161.25,16070.0,1.72900686,0.5783667,9,6,3
synthetic_wallet_001483,17,5,12,5.48050237,16.35169997,1.09610047,0.71094348,2.4169489,0.40063434,0,2,8,8,60.0,1.0,177802.1875,18168.0,0.33516407,2.98361334,17,5,12
synthetic_wallet_001484,10,3,7,5.17224415,8.00447903,1.72408138,0.47085171,2.44947786,0.59203485,0,4,7,6,60.0,1.0,320231.77777778,32317.0,0.64616874,1.54758337,10,3,7
synthetic_wallet_001485,10,7,3,8.18447671,11.37319006,1.16921096,1.89553168,9.05112158,5.05403197,0,2,3,3,60.0,1.0,252606.88888889,13113.0,0.71962894,1.38960504,10,7,3
synthetic_wallet_001486,8,1,7,1.7704659,21.97779379,1.7704659,1.46518625,4.84960525,2.81672603,0,4,6,5,60.0,1.0,291143.14285714,39758.0,0.08055703,12.41356515,8,1,7
synthetic_wallet_001487,9,6,3,7.83071406,4.60229582,1.30511901,0.57528698,1.84402248,0.27551459,0,3,4,3,60.0,1.0,333051.125,11142.0,1.70147995,0.58772365,9,6,3
synthetic_wallet_001488,10,4,6,5.60982088,8.41259723,1.40245522,0.84125972,2.26755193,0.2873436,0,2,5,7,60.0,1.0,311754.0,7967.0,0.66683579,1.49961958,10,4,6
synthetic_wallet_001489,9,1,8,1.55371513,41.35031675,1.55371513,2.29723982,4.99073632,3.98137062,0,3,5,8,60.0,1.0,356969.5,82921.0,0.03757444,26.61383413,9,1,8
synthetic_wallet_001490,14,7,7,13.49060693,15.76537535,1.92722956,0.92737502,2.52435314,0.81371309,0,5,6,5,60.0,1.0,218027.46153846,2429.0,0.85571112,1.16861869,14,7,7
synthetic_wallet_001491,15,4,11,3.50549306,13.85277648,0.87637327,0.62967166,2.41359508,0.2549413,0,4,7,8,60.0,1.0,192758.21428571,5066.0,0.25305346,3.9517341,15,4,11
synthetic_wallet_001492,13,6,7,5.36912524,15.88037147,0.89485421,0.88224286,2.73471793,0.43195982,0,3,5,5,60.0,1.0,245993.25,9923.0,0.33809821,2.95772044,13,6,7
synthetic_wallet_001493,16,9,7,8.97417012,29.70454095,0.99713001,2.12175293,6.70848258,3.39184853,0,2,6,8,60.0,1.0,181637.66666667,17211.0,0.30211442,3.31000422,16,9,7
synthetic_wallet_001494,10,5,5,4.44068779,14.78070779,0.88813756,1.84758847,2.47160194,0.60658144,0,2,5,5,60.0,1.0,307385.33333333,20197.0,0.3004381,3.32847264,10,5,5
synthetic_wallet_001495,10,3,7,5.2274332,11.10492699,1.74247773,0.79320907,2.35964321,0.46509877,0,4,6,6,60.0,1.0,248824.11111111,20814.0,0.47073098,2.1243556,10,3,7
synthetic_wallet_001496,7,2,5,3.62003847,5.10852134,1.81001923,1.02170427,2.43657775,0.37928761,0,1,5,5,60.0,1.0,229640.0,163425.0,0.70862745,1.41117874,7,2,5
synthetic_wallet_001497,11,6,5,8.34723423,6.439433,1.3912057,0.919919,2.43994094,0.36286171,0,2,5,5,60.0,1.0,173060.2,24265.0,1.29626851,0.77144511,11,6,5
synthetic_wallet_001498,9,4,5,5.71739794,14.43424144,1.42934948,1.03101725,8.69866765,3.63718167,0,3,4,4,60.0,1.0,325398.5,19894.0,0.39609965,2.52461725,9,4,5
synthetic_wallet_001499,5,1,4,1.04388608,28.89472814,1.04388608,3.61184102,16.61131304,23.47662532,0,1,4,3,60.0,1.0,594784.5,42.0,0.03612722,27.67996307,5,1,4
synthetic_wallet_001500,7,2,5,0.6359272,13.27851104,0.3179636,1.20713737,2.42019632,1.02901005,0,1,5,5,60.0,1.0,357537.33333333,41644.0,0.04789145,20.88055211,7,2,5
synthetic_wallet_001501,14,7,7,8.13391897,28.36730661,1.16198842,2.57884606,10.63512156,8.11730676,0,1,6,5,60.0,1.0,210370.84615385,122.0,0.28673568,3.48753248,14,7,7
synthetic_wallet_001502,10,6,4,8.74019967,3.42932053,1.45669995,0.24495147,2.34361437,0.48864185,0,4,5,4,60.0,1.0,280666.11111111,167.0,2.54866805,0.39236181,10,6,4
synthetic_wallet_001503,6,3,3,4.71186505,13.3690317,1.57062168,3.34225793,9.46467028,8.3277068,0,1,2,4,60.0,1.0,394517.2,64202.0,0.35244625,2.8373121,6,3,3
synthetic_wallet_001504,7,4,3,6.10603739,3.92330876,1.52650935,0.78466175,2.1529134,0.34617505,0,2,3,3,60.0,1.0,446105.5,46731.0,1.55634893,0.64252944,7,4,3
synthetic_wallet_001505,14,3,11,5.71413753,29.31867171,1.90471251,1.46593359,15.30491609,9.07412847,0,2,8,9,60.0,1.0,210571.23076923,16959.0,0.19489756,5.13090061,14,3,11
synthetic_wallet_001506,10,4,6,4.63889938,7.57282744,1.15972484,0.63106895,1.91186096,0.29339691,0,3,6,6,60.0,1.0,287983.11111111,4724.0,0.61257165,1.6324621,10,4,6
synthetic_wallet_001507,12,3,9,3.79230984,15.14271209,1.26410328,0.6883051,3.02038704,0.77840754,0,5,7,9,60.0,1.0,255471.81818182,466.0,0.25043795,3.99300498,12,3,9
synthetic_wallet_001508,10,5,5,8.08881688,17.84686171,1.61776338,3.56937234,12.57336611,11.42088451,0,1,5,5,60.0,1.0,253007.55555556,11756.0,0.45323469,2.20636244,10,5,5
synthetic_wallet_001509,16,5,11,5.55370237,48.55978753,1.11074047,2.31237083,13.6837955,7.48896859,0,4,8,9,60.0,1.0,176716.8,4611.0,0.11436834,8.74367841,16,5,11
synthetic_wallet_001510,8,5,3,6.57253254,2.85106128,1.31450651,0.57021226,1.80615706,0.21317334,0,2,4,3,60.0,1.0,303353.71428571,42508.0,2.30529333,0.43378428,8,5,3
synthetic_wallet_001511,8,2,6,1.76367635,25.07209854,0.88183817,1.25360493,5.45493002,2.89728986,0,6,6,5,60.0,1.0,311494.0,634.0,0.07034419,14.21581604,8,2,6
synthetic_wallet_001512,11,5,6,6.22958615,18.46590979,1.24591723,1.84659098,11.27558362,6.93276059,0,3,5,5,60.0,1.0,256419.8,27117.0,0.33735604,2.96422737,11,5,6
synthetic_wallet_001513,11,3,8,4.29006517,12.91615501,1.43002172,1.17419591,2.37762481,0.44598029,0,1,5,6,60.0,1.0,223734.4,56084.0,0.33214723,3.01071301,11,3,8
synthetic_wallet_001514,7,3,4,5.83909591,8.26977863,1.9463653,0.91886429,2.42134254,0.57801597,0,3,5,5,60.0,1.0,344060.0,92789.0,0.70607645,1.41627724,7,3,4
synthetic_wallet_001515,13,4,9,3.76840018,19.95461145,0.94210004,1.10858952,13.10348932,7.31661808,0,3,6,7,60.0,1.0,235462.08333333,2089.0,0.18884859,5.29524745,13,4,9
synthetic_wallet_001516,12,2,10,2.62721216,28.18711424,1.31360608,1.56595079,7.63948519,2.95816635,0,3,8,9,60.0,1.0,256767.0,58662.0,0.09320614,10.72890674,12,2,10
synthetic_wallet_001517,11,1,10,1.2046982,18.66893063,1.2046982,0.9825753,2.42171918,0.34169861,0,4,9,9,60.0,1.0,228828.7,8805.0,0.06452958,15.49676976,11,1,10
synthetic_wallet_001518,12,4,8,4.6094299,22.49747347,1.15235748,1.24985964,10.81547081,5.20077316,0,3,6,6,60.0,1.0,185134.63636364,2959.0,0.20488656,4.88074967,12,4,8
synthetic_wallet_001519,12,4,8,4.16627768,17.08636313,1.04156942,0.89928227,2.84271593,0.70382026,0,6,7,8,60.0,1.0,213079.0,5799.0,0.24383642,4.10111002,12,4,8
synthetic_wallet_001520,9,5,4,4.50702021,3.98067033,0.90140404,0.36187912,1.72234043,0.13166123,0,5,4,5,60.0,1.0,294192.75,9801.0,1.13222644,0.88321555,9,5,4
synthetic_wallet_001521,11,3,8,1.9187062,35.01648059,0.63956873,2.05979298,8.45260638,8.05114006,0,5,7,6,60.0,1.0,243304.5,49795.0,0.05479438,18.25004818,11,3,8
synthetic_wallet_001522,5,2,3,2.12664811,3.16241112,1.06332405,0.52706852,1.93669454,0.35874784,0,1,3,4,60.0,1.0,594023.25,69961.0,0.6724768,1.48704015,5,2,3
synthetic_wallet_001523,12,6,6,7.61422742,24.80300414,1.2690379,2.06691701,12.5599224,7.71995019,0,3,5,6,60.0,1.0,193529.72727273,8042.0,0.30698811,3.25745513,12,6,6
synthetic_wallet_001524,7,2,5,1.85730112,6.55562085,0.92865056,0.46825863,2.12673118,0.23291619,0,5,4,5,60.0,1.0,437337.83333333,138993.0,0.2833143,3.5296489,7,2,5
synthetic_wallet_001525,9,3,6,1.77898829,8.52295951,0.5929961,0.47349775,2.19755785,0.27493932,0,4,5,5,60.0,1.0,346153.125,6616.0,0.20872894,4.79090254,9,3,6
synthetic_wallet_001526,8,4,4,7.20552811,5.29935415,1.80138203,1.05987083,2.38302938,0.56339816,0,2,4,4,60.0,1.0,206308.57142857,6400.0,1.3596993,0.73545673,8,4,4
synthetic_wallet_001527,8,3,5,2.71992279,8.12942272,0.90664093,0.67745189,2.28493838,0.26162332,0,2,4,4,60.0,1.0,354501.42857143,63595.0,0.33457761,2.98884319,8,3,5
synthetic_wallet_001528,9,5,4,7.16844303,4.82493898,1.43368861,1.20623474,2.48096954,0.45740644,0,1,3,5,60.0,1.0,339980.25,42732.0,1.48570646,0.67308047,9,5,4
synthetic_wallet_001529,14,8,6,12.72968631,9.25043503,1.59121079,0.44049691,2.42772668,0.46144112,0,5,6,5,60.0,1.0,209347.92307692,8408.0,1.37611758,0.72668209,14,8,6
synthetic_wallet_001530,12,5,7,8.15028746,9.43192673,1.63005749,0.58949542,2.42086419,0.47950265,0,1,4,6,60.0,1.0,213119.72727273,11125.0,0.86411692,1.15725081,12,5,7
synthetic_wallet_001531,17,10,7,11.50880225,12.8800212,1.15088023,0.71555673,2.42592615,0.42293044,0,5,5,5,60.0,1.0,170903.1875,5847.0,0.89353908,1.11914524,17,10,7
synthetic_wallet_001532,6,2,4,2.3792299,5.12230118,1.18961495,0.51223012,1.99232373,0.21129258,0,4,4,4,60.0,1.0,509397.8,243313.0,0.46448458,2.15292401,6,2,4
synthetic_wallet_001533,15,6,9,7.87936154,7.28233096,1.31322692,0.38328058,2.28771692,0.35783047,0,3,8,6,60.0,1.0,190914.28571429,1765.0,1.08198345,0.92422856,15,6,9
synthetic_wallet_001534,13,5,8,4.36068786,9.72041567,0.87213757,0.6943154,1.99374703,0.27313135,0,2,7,6,60.0,1.0,203260.41666667,13309.0,0.44861125,2.22910146,13,5,8
synthetic_wallet_001535,10,3,7,2.45322649,17.88672954,0.81774216,1.62606632,7.63289852,3.29043071,0,3,6,6,60.0,1.0,243391.33333333,30065.0,0.13715344,7.29110403,10,3,7
synthetic_wallet_001536,16,8,8,8.72744642,16.31387135,1.0909308,1.25491318,4.55774095,1.3999686,0,1,6,8,60.0,1.0,168353.6,11474.0,0.5349709,1.86926056,16,8,8
synthetic_wallet_001537,11,7,4,12.44436726,14.87415239,1.77776675,1.2395127,5.11886435,2.07654351,0,5,4,4,60.0,1.0,275179.0,6634.0,0.83664379,1.1952518,11,7,4
synthetic_wallet_001538,8,5,3,6.53017852,4.32383654,1.3060357,0.86476731,1.89680212,0.41995395,0,2,3,3,60.0,1.0,332779.0,84105.0,1.51027414,0.66213145,8,5,3
synthetic_wallet_001539,10,3,7,2.77310487,24.03437174,0.92436829,0.96137487,4.23727295,1.85227486,0,6,6,6,60.0,1.0,321244.11111111,34366.0,0.11538079,8.66695378,10,3,7
synthetic_wallet_001540,14,6,8,7.31332697,8.27462831,1.21888783,0.75223894,2.46567348,0.64572148,0,2,6,8,60.0,1.0,211147.23076923,6475.0,0.88382544,1.13144515,14,6,8
synthetic_wallet_001541,9,3,6,4.677211,21.56724543,1.55907033,1.96065868,14.952599,13.49625167,0,3,5,7,60.0,1.0,277477.625,16121.0,0.21686641,4.61113374,9,3,6
synthetic_wallet_001542,13,4,9,3.24700182,37.7339109,0.81175045,1.7968529,14.03234026,9.86245562,0,6,7,8,60.0,1.0,233163.0,8681.0,0.08604997,11.62115484,13,4,9
synthetic_wallet_001543,12,8,4,7.63078816,22.84209109,0.95384852,5.71052277,17.89665348,21.88166778,0,1,3,3,60.0,1.0,249821.90909091,79822.0,0.33406697,2.99341177,12,8,4
synthetic_wallet_001544,6,2,4,2.19411358,3.89440978,1.09705679,0.38944098,1.87225299,0.24124077,0,4,4,3,60.0,1.0,500058.4,132281.0,0.5634008,1.77493536,6,2,4
synthetic_wallet_001545,13,5,8,8.2230201,30.25359122,1.64460402,2.01690608,12.40102079,7.2784216,0,5,6,7,60.0,1.0,204432.58333333,34386.0,0.27180311,3.6791338,13,5,8
synthetic_wallet_001546,7,3,4,3.08206244,7.12758896,1.02735415,1.18793149,2.46253953,0.53369848,0,1,4,3,60.0,1.0,356922.83333333,7231.0,0.43241304,2.31260369,7,3,4
synthetic_wallet_001547,14,6,8,9.54491232,12.78212673,1.59081872,1.16201152,2.47186867,0.78370631,0,2,6,8,60.0,1.0,222781.23076923,12846.0,0.74673898,1.33915601,14,6,8
synthetic_wallet_001548,10,3,7,3.49793732,18.25922393,1.16597911,1.1412015,2.70747016,1.02613757,0,3,6,6,60.0,1.0,285423.33333333,28043.0,0.19157097,5.21999746,10,3,7
synthetic_wallet_001549,5,3,2,4.15894697,23.20132169,1.38631566,5.80033042,14.43936013,19.25068165,0,2,3,3,60.0,1.0,552113.0,206177.0,0.17925474,5.57865293,5,3,2
synthetic_wallet_001550,6,1,5,1.56296528,11.43933194,1.56296528,1.14393319,2.25294217,0.83094518,0,2,6,5,60.0,1.0,580931.2,116384.0,0.13663082,7.318993,6,1,5
synthetic_wallet_001551,5,2,3,1.60363434,4.87178924,0.80181717,1.21794731,2.49710875,0.61351913,0,1,4,4,60.0,1.0,552888.25,37106.0,0.32916743,3.03796765,5,2,3
synthetic_wallet_001552,16,7,9,10.07552369,27.07510586,1.43936053,1.80500706,7.85689618,4.20970725,0,2,6,8,60.0,1.0,184520.06666667,18975.0,0.37213238,2.68721574,16,7,9
synthetic_wallet_001553,9,3,6,4.14027538,22.70740572,1.38009179,2.06430961,13.92824086,11.49832485,0,3,5,4,60.0,1.0,349611.125,789.0,0.1823315,5.4845158,9,3,6
synthetic_wallet_001554,2,0,2,0.0,3.26696706,0.0,1.63348353,1.96552246,0.11024985,0,1,2,2,60.0,1.0,1613130.0,1613130.0,0.0,3266967059.9999995,2,0,2
synthetic_wallet_001555,6,3,3,4.11702833,12.56519564,1.37234278,1.25651956,3.58013895,1.35887518,0,3,4,4,60.0,1.0,312313.2,38913.0,0.32765334,3.05200612,6,3,3
synthetic_wallet_001556,13,4,9,6.33146821,14.78026813,1.58286705,1.23168901,5.19704759,1.85489554,0,2,7,8,60.0,1.0,240761.66666667,5580.0,0.42837303,2.33441402,13,4,9
synthetic_wallet_001557,14,4,10,4.17173536,34.10591864,1.04293384,1.21806852,4.25613694,1.52220276,0,6,7,8,60.0,1.0,190176.76923077,5607.0,0.12231705,8.17547512,14,4,10
synthetic_wallet_001558,11,1,10,1.76238813,11.84417417,1.76238813,0.53837155,2.33564065,0.25884387,0,6,8,8,60.0,1.0,209939.6,3111.0,0.14879789,6.72052539,11,1,10
synthetic_wallet_001559,10,3,7,3.69615311,15.91737557,1.23205104,0.88429864,2.11364773,0.54498441,0,4,6,6,60.0,1.0,316478.11111111,38618.0,0.2322087,4.30647084,10,3,7
synthetic_wallet_001560,10,5,5,5.34906116,14.05421903,1.06981223,1.08109377,2.68790959,1.04307328,0,3,5,6,60.0,1.0,325055.0,33915.0,0.38060181,2.6274179,10,5,5
synthetic_wallet_001561,10,3,7,6.54321287,29.47217338,2.18107096,1.96481156,5.1433295,2.44824816,0,3,6,6,60.0,1.0,274498.88888889,95078.0,0.22201325,4.50423576,10,3,7
synthetic_wallet_001562,13,2,11,1.95986368,31.56551349,0.97993184,0.92839746,5.68260676,2.19313804,0,6,8,11,60.0,1.0,195891.0,25785.0,0.06208876,16.10597401,13,2,11
synthetic_wallet_001563,10,6,4,7.04334308,12.3067594,1.17389051,1.23067594,2.55480847,0.79996983,0,3,4,4,60.0,1.0,238979.22222222,30059.0,0.57231501,1.7472895,10,6,4
synthetic_wallet_001564,7,1,6,1.06211277,20.16344392,1.06211277,1.55103415,4.87402969,3.12067163,0,3,5,5,60.0,1.0,365210.16666667,83355.0,0.05267517,18.98427784,7,1,6
synthetic_wallet_001565,15,6,9,4.76528568,27.21027389,0.79421428,1.81401826,7.46912774,3.62245899,0,3,6,8,60.0,1.0,193414.07142857,21003.0,0.17512818,5.71010338,15,6,9
synthetic_wallet_001566,10,2,8,4.13284917,9.50864156,2.06642459,0.73143397,2.45152551,0.67165334,0,2,6,9,60.0,1.0,242743.44444444,10871.0,0.43464139,2.3007473,10,2,8
synthetic_wallet_001567,9,3,6,2.76889453,7.63094087,0.92296484,0.5450672,2.18217659,0.24923752,0,4,6,6,60.0,1.0,206003.5,33402.0,0.362851,2.75595216,9,3,6
synthetic_wallet_001568,16,10,6,10.84057213,8.78658862,1.08405721,0.87865886,2.15321202,0.35083753,0,1,5,7,60.0,1.0,178218.8,19383.0,1.23376348,0.81052813,16,10,6
synthetic_wallet_001569,5,1,4,2.08802318,12.99703542,2.08802318,1.29970354,2.4237117,0.48112612,0,2,3,4,60.0,1.0,162343.0,32039.0,0.1606538,6.22456472,5,1,4
synthetic_wallet_001570,13,5,8,2.73090984,15.42570331,0.54618197,0.67068275,2.31216585,0.55350853,0,5,7,7,60.0,1.0,241279.91666667,2006.0,0.17703633,5.64855825,13,5,8
synthetic_wallet_001571,12,4,8,3.87865764,44.07873924,0.96966441,2.59286701,7.39849427,4.74473398,0,4,6,9,60.0,1.0,182819.72727273,11127.0,0.08799384,11.36443155,12,4,8
synthetic_wallet_001572,4,0,4,0.0,1.51682378,0.0,0.12640198,0.25404045,0.00405485,0,4,3,3,60.0,1.0,231198.0,17588.0,0.0,1516823779.9999998,4,0,4
synthetic_wallet_001573,12,4,8,6.40883559,32.27400142,1.6022089,2.01712509,13.9719401,13.6851752,0,3,7,5,60.0,1.0,260307.36363636,20077.0,0.1985758,5.03586041,12,4,8
synthetic_wallet_001574,7,3,4,2.59539621,20.63992145,0.86513207,2.94856021,17.99812063,27.66868886,0,2,4,5,60.0,1.0,437597.83333333,42829.0,0.12574642,7.95251275,7,3,4
synthetic_wallet_001575,7,3,4,5.41454542,4.89905149,1.80484847,0.6998645,2.04690975,0.51326157,0,2,3,5,60.0,1.0,457165.5,86080.0,1.10522321,0.90479461,7,3,4
synthetic_wallet_001576,10,3,7,4.43332372,22.19426971,1.47777457,1.23301498,12.7224909,7.58134035,0,3,5,8,60.0,1.0,311727.44444444,282.0,0.19975083,5.00623711,10,3,7
synthetic_wallet_001577,11,2,9,2.98532805,38.69675985,1.49266402,1.84270285,17.86296331,12.63180524,0,3,5,6,60.0,1.0,289315.0,19010.0,0.07714672,12.96231409,11,2,9
synthetic_wallet_001578,9,4,5,5.33208912,4.66899612,1.33302228,0.42445419,2.4707156,0.38902213,0,3,4,6,60.0,1.0,314385.25,358.0,1.14202046,0.87564105,9,4,5
synthetic_wallet_001579,6,2,4,4.00043903,17.28553235,2.00021951,1.44046103,4.22591386,2.53304925,0,2,3,2,60.0,1.0,468651.2,127232.0,0.23143279,4.32090884,6,2,4
synthetic_wallet_001580,9,0,9,0.0,11.1521871,0.0,0.79658479,2.27148077,0.36833801,0,2,8,7,60.0,1.0,330043.5,138267.0,0.0,11152187100.0,9,0,9
synthetic_wallet_001581,9,4,5,3.77109162,24.55326315,0.9427729,1.88871255,4.12672615,2.45925194,0,3,5,5,60.0,1.0,344951.0,23644.0,0.15358821,6.51091663,9,4,5
synthetic_wallet_001582,15,2,13,3.3822845,40.09827736,1.69114225,1.21509931,14.88280281,6.10267268,0,4,6,11,60.0,1.0,190253.35714286,12948.0,0.08434987,11.85538276,15,2,13
synthetic_wallet_001583,9,5,4,7.32798328,17.03269551,1.46559666,2.43324222,13.96220776,13.80272921,0,2,5,5,60.0,1.0,245093.5,1010.0,0.43023039,2.32433602,9,5,4
synthetic_wallet_001584,7,2,5,1.49881013,13.05537004,0.74940506,0.93252643,2.85725297,0.94482725,0,4,6,6,60.0,1.0,394015.5,143785.0,0.11480411,8.71048959,7,2,5
synthetic_wallet_001585,11,6,5,7.24878345,5.51361889,1.20813057,0.39382992,2.15506434,0.47154451,0,4,4,4,60.0,1.0,195407.0,20145.0,1.3147052,0.76062679,11,6,5
synthetic_wallet_001586,16,5,11,8.13839192,30.75259034,1.62767838,0.99201904,3.38583401,0.94050627,0,6,8,8,60.0,1.0,132253.0,10679.0,0.26464086,3.778706,16,5,11
synthetic_wallet_001587,11,3,8,2.71890872,6.60623825,0.90630291,0.44041588,1.4642346,0.11367407,0,3,7,7,60.0,1.0,232797.2,15864.0,0.41156686,2.42973889,11,3,8
synthetic_wallet_001588,8,2,6,2.2794553,26.18885646,1.13972765,2.18240471,4.86384056,2.72265417,0,2,6,6,60.0,1.0,364108.71428571,40602.0,0.08703913,11.48908534,8,2,6
synthetic_wallet_001589,11,7,4,9.00501559,4.40462522,1.2864308,0.40042047,2.46558973,0.58583661,0,3,4,4,60.0,1.0,257310.8,10411.0,2.04444536,0.48913022,11,7,4
synthetic_wallet_001590,13,8,5,9.45354981,18.63520232,1.18169373,1.16470015,2.89119892,1.01884779,0,5,5,5,60.0,1.0,241083.5,21485.0,0.50729526,1.9712386,13,8,5
synthetic_wallet_001591,9,3,6,3.39582482,41.1918772,1.13194161,3.43265643,15.45892037,15.33094509,0,3,6,7,60.0,1.0,131384.5,23675.0,0.08243919,12.13015376,9,3,6
synthetic_wallet_001592,4,0,4,0.0,0.98258051,0.0,0.12282256,0.62485851,0.03712612,0,2,4,3,60.0,1.0,652616.66666667,323697.0,0.0,982580510.0,4,0,4
synthetic_wallet_001593,12,5,7,6.19929161,7.93588985,1.23985832,0.72144453,2.18181111,0.40871659,0,2,7,6,60.0,1.0,221550.90909091,31671.0,0.78117158,1.2801285,12,5,7
synthetic_wallet_001594,8,3,5,3.33395621,12.80381286,1.11131874,2.56076257,7.15750312,4.13065549,0,1,4,5,60.0,1.0,377513.71428571,52875.0,0.26038776,3.84042622,8,3,5
synthetic_wallet_001595,13,7,6,9.88473372,20.52237876,1.41210482,1.28264867,4.70174979,2.05435228,0,4,5,5,60.0,1.0,195012.83333333,30448.0,0.48165633,2.0761691,13,7,6
synthetic_wallet_001596,8,2,6,2.39777753,15.42816719,1.19888876,1.40256065,2.57412447,0.58803555,0,4,5,6,60.0,1.0,320897.57142857,17176.0,0.15541558,6.4343614,8,2,6
synthetic_wallet_001597,5,2,3,2.36878933,4.50096532,1.18439466,0.45009653,2.02044919,0.19908108,0,3,2,3,60.0,1.0,473439.25,51176.0,0.52628473,1.90011212,5,2,3
synthetic_wallet_001598,11,5,6,5.26927143,7.18250035,1.05385429,0.47883336,2.19602468,0.24308631,0,4,6,5,60.0,1.0,287315.4,58691.0,0.73362634,1.36309174,11,5,6
synthetic_wallet_001599,9,3,6,2.98936607,26.53932089,0.99645536,1.89566578,8.5107439,6.37648451,0,4,5,5,60.0,1.0,254022.875,6563.0,0.11263913,8.87790932,9,3,6
synthetic_wallet_001600,12,8,4,13.19586089,18.26075727,1.64948261,1.40467364,3.80097246,1.80242858,0,2,5,5,60.0,1.0,223713.90909091,10448.0,0.72263492,1.38382463,12,8,4
synthetic_wallet_001601,6,1,5,1.44811904,17.57363189,1.44811904,1.03374305,4.84960525,2.98684076,0,4,6,4,60.0,1.0,456120.4,43346.0,0.08240295,12.13548845,6,1,5
synthetic_wallet_001602,13,3,10,5.51072186,30.88915516,1.83690729,1.54445776,17.55671979,12.22582507,0,5,8,6,60.0,1.0,219677.58333333,3845.0,0.17840313,5.60528293,13,3,10
synthetic_wallet_001603,8,3,5,4.34892504,13.30046964,1.44964168,1.10837247,2.55480847,0.97858938,0,3,5,5,60.0,1.0,333689.71428571,59823.0,0.3269753,3.05833499,8,3,5
synthetic_wallet_001604,6,2,4,2.80056687,13.07738096,1.40028343,1.08978175,3.20343329,1.96707852,0,3,4,4,60.0,1.0,192981.8,2827.0,0.2141535,4.66954783,6,2,4
synthetic_wallet_001605,5,2,3,3.85161052,2.53964253,1.92580526,0.2821825,2.33458559,0.43932579,0,3,3,4,60.0,1.0,496564.75,154798.0,1.51659553,0.65937158,5,2,3
synthetic_wallet_001606,10,3,7,5.790488,24.22036307,1.93016267,2.01836359,8.49844237,6.94933067,0,3,7,7,60.0,1.0,315152.88888889,28964.0,0.23907519,4.18278443,10,3,7
synthetic_wallet_001607,7,2,5,2.48118055,7.35515588,1.24059027,0.81723954,2.09370761,0.5017655,0,2,6,5,60.0,1.0,361793.33333333,35888.0,0.33733895,2.96437753,7,2,5
synthetic_wallet_001608,7,3,4,2.03618132,5.82565747,0.67872711,1.45641437,2.34525625,0.70453521,0,1,5,3,60.0,1.0,431146.16666667,97328.0,0.34951957,2.86107009,7,3,4
synthetic_wallet_001609,10,3,7,4.4029522,5.37467895,1.46765073,0.33591743,2.16158714,0.30387947,0,2,5,6,60.0,1.0,299012.33333333,20931.0,0.81920283,1.22069891,10,3,7
synthetic_wallet_001610,12,4,8,6.00733567,10.32969326,1.50183392,0.68864622,1.83822968,0.2967865,0,2,6,7,60.0,1.0,253606.18181818,46123.0,0.58155993,1.71951325,12,4,8
synthetic_wallet_001611,8,2,6,2.92519312,17.57956826,1.46259656,1.35227448,3.3175482,1.60563956,0,4,4,5,60.0,1.0,142448.0,15116.0,0.16639732,6.00971202,8,2,6
synthetic_wallet_001612,13,7,6,9.92311417,22.65400289,1.41758774,1.41587518,4.87630778,2.13698584,0,5,6,6,60.0,1.0,213975.25,5146.0,0.43802917,2.28295296,13,7,6
synthetic_wallet_001613,6,1,5,1.10976951,8.01205218,1.10976951,0.80120522,1.9175412,0.21659628,0,3,5,4,60.0,1.0,548032.4,29109.0,0.13851252,7.21956416,6,1,5
synthetic_wallet_001614,7,1,6,1.73447932,5.28071905,1.73447932,0.35204794,1.83639391,0.27310603,0,1,6,7,60.0,1.0,365895.83333333,113812.0,0.32845514,3.04455579,7,1,6
synthetic_wallet_001615,5,0,5,0.0,15.11797131,0.0,1.67977459,3.4287261,1.7238852,0,2,4,5,60.0,1.0,516093.5,130670.0,0.0,15117971309.999998,5,0,5
synthetic_wallet_001616,11,5,6,7.28176439,9.24849678,1.45635288,0.77070806,4.87755074,1.28134056,0,2,5,5,60.0,1.0,226163.6,28595.0,0.78734572,1.27009009,11,5,6
synthetic_wallet_001617,10,3,7,6.69225227,22.42452763,2.23075076,1.49496851,3.92299727,2.10956738,0,2,8,6,60.0,1.0,202471.44444444,5738.0,0.29843448,3.35081923,10,3,7
synthetic_wallet_001618,6,1,5,2.40642144,15.71884439,2.40642144,1.57188444,2.42019632,0.59035785,0,2,4,5,60.0,1.0,557268.0,238577.0,0.1530915,6.53204137,6,1,5
synthetic_wallet_001619,15,7,8,7.10030926,9.78552144,1.01432989,0.81546012,1.98660887,0.36082664,0,2,6,6,60.0,1.0,158403.57142857,10170.0,0.72559335,1.37818243,15,7,8
synthetic_wallet_001620,6,1,5,0.1622583,18.94575654,0.1622583,1.57881304,5.01423171,3.99322642,0,3,4,5,60.0,1.0,526116.8,47252.0,0.00856436,116.76294242,6,1,5
synthetic_wallet_001621,10,6,4,6.87854108,4.34242955,1.14642351,0.48249217,2.01314922,0.43151927,0,2,5,5,60.0,1.0,280409.88888889,12282.0,1.58403055,0.63130095,10,6,4
synthetic_wallet_001622,8,5,3,6.49927337,19.80449218,1.29985467,3.96089844,5.5612084,3.98854775,0,2,4,4,60.0,1.0,369878.0,86576.0,0.32817167,3.04718559,8,5,3
synthetic_wallet_001623,10,3,7,3.61662887,43.37020897,1.20554296,2.40945605,5.16945933,4.0534364,0,3,5,7,60.0,1.0,292607.77777778,22425.0,0.0833897,11.99188817,10,3,7
synthetic_wallet_001624,8,0,8,0.0,10.09788362,0.0,0.59399315,2.18682554,0.40869023,0,4,5,6,60.0,1.0,381440.28571429,120716.0,0.0,10097883619.999998,8,0,8
synthetic_wallet_001625,14,5,9,8.42147593,11.96356678,1.68429519,0.6646426,2.31458013,0.41018065,0,4,8,7,60.0,1.0,194539.0,24462.0,0.70392685,1.42060215,14,5,9
synthetic_wallet_001626,6,2,4,2.45645944,4.61443804,1.22822972,0.57680475,1.87636734,0.29945999,0,3,4,4,60.0,1.0,471953.6,101662.0,0.53234206,1.87849144,6,2,4
synthetic_wallet_001627,9,0,9,0.0,26.90594748,0.0,1.79372983,7.11844738,5.99624785,0,1,5,6,60.0,1.0,327148.125,98590.0,0.0,26905947479.999996,9,0,9
synthetic_wallet_001628,11,3,8,4.42918984,16.61797225,1.47639661,0.92322068,11.40015571,5.78537841,0,4,6,6,60.0,1.0,258909.6,51392.0,0.2665301,3.75192142,11,3,8
synthetic_wallet_001629,7,3,4,4.88486033,16.82186515,1.62828678,1.68218652,15.11370915,15.63926816,0,2,4,5,60.0,1.0,270839.5,14076.0,0.29038756,3.44367372,7,3,4
synthetic_wallet_001630,6,1,5,2.29982081,12.20696195,2.29982081,0.81379746,8.11931428,3.74228382,0,4,6,6,60.0,1.0,231925.8,73615.0,0.18840239,5.30778828,6,1,5
synthetic_wallet_001631,15,5,10,5.35521511,15.24635812,1.07104302,0.58639839,2.41649757,0.47540514,0,4,7,7,60.0,1.0,170071.85714286,16391.0,0.35124553,2.84701134,15,5,10
synthetic_wallet_001632,10,5,5,4.99644567,38.13872495,0.99928913,2.93374807,8.20141724,6.51599854,0,3,5,4,60.0,1.0,283736.44444444,3043.0,0.13100715,7.63317115,10,5,5
synthetic_wallet_001633,5,3,2,3.46560951,2.73813464,1.15520317,0.91271155,2.3924363,0.83111257,0,2,3,3,60.0,1.0,555475.0,43428.0,1.26568265,0.79008747,5,3,2
synthetic_wallet_001634,8,2,6,1.56414699,23.09209005,0.78207349,2.88651126,8.35092194,5.41295237,0,1,5,6,60.0,1.0,372676.28571429,129041.0,0.06773518,14.76337595,8,2,6
synthetic_wallet_001635,9,5,4,5.32163916,19.26809119,1.06432783,2.75258446,3.58254655,1.84742541,0,2,5,4,60.0,1.0,358423.625,15877.0,0.27618922,3.62070607,9,5,4
synthetic_wallet_001636,8,0,8,0.0,8.6302793,0.0,0.34521117,0.68364271,0.02999527,0,5,5,6,60.0,1.0,221048.42857143,53806.0,0.0,8630279300.0,8,0,8
synthetic_wallet_001637,10,2,8,3.90426002,21.88814962,1.95213001,1.21600831,4.74387895,1.77437302,0,2,7,6,60.0,1.0,296965.66666667,43996.0,0.17837323,5.60622231,10,2,8
synthetic_wallet_001638,5,3,2,2.97386766,1.56167725,0.99128922,0.26027954,1.62490433,0.20022317,0,2,3,3,60.0,1.0,391028.75,46376.0,1.90427802,0.5251334,5,3,2
synthetic_wallet_001639,9,1,8,2.29784932,26.49338308,2.29784932,1.5584343,16.06064422,12.4870324,0,4,6,5,60.0,1.0,271242.625,17467.0,0.08673295,11.52964333,9,1,8
synthetic_wallet_001640,7,4,3,4.05014375,2.39751026,1.01253594,0.47950205,2.22233883,0.48146057,0,1,4,4,60.0,1.0,396369.66666667,114919.0,1.68931237,0.59195683,7,4,3
synthetic_wallet_001641,9,2,7,1.52551474,9.26042819,0.76275737,0.61736188,2.22526398,0.41372838,0,3,5,4,60.0,1.0,345289.75,4032.0,0.1647348,6.07036297,9,2,7
synthetic_wallet_001642,11,4,7,6.4203419,9.67064137,1.60508548,0.74389549,1.89199689,0.29217843,0,2,6,7,60.0,1.0,281907.8,13513.0,0.66390032,1.50625022,11,4,7
synthetic_wallet_001643,15,4,11,6.39947601,29.80387353,1.599869,1.10384717,4.71868292,2.04871969,0,4,7,7,60.0,1.0,212012.14285714,26598.0,0.21471961,4.65723654,15,4,11
synthetic_wallet_001644,10,5,5,5.66484146,9.50364216,1.13296829,0.95036422,7.38173611,3.22319233,0,2,5,5,60.0,1.0,273105.55555556,18007.0,0.59607058,1.67765369,10,5,5
synthetic_wallet_001645,7,3,4,4.96361312,1.60457718,1.65453771,0.17828635,2.36363571,0.6216458,0,3,4,3,60.0,1.0,318146.83333333,97652.0,3.09340877,0.32326798,7,3,4
synthetic_wallet_001646,10,3,7,3.02495673,5.64700433,1.00831891,0.51336403,2.28606928,0.31951711,0,4,5,6,60.0,1.0,329873.88888889,14389.0,0.53567459,1.86680499,10,3,7
synthetic_wallet_001647,6,2,4,4.32250477,5.64656586,2.16125239,1.41164146,2.44084051,0.15725609,0,1,4,4,60.0,1.0,459619.0,89673.0,0.76551038,1.30631802,6,2,4
synthetic_wallet_001648,9,1,8,0.45573079,37.81745191,0.45573079,1.99039221,4.34751496,3.34307786,0,3,5,8,60.0,1.0,286756.0,77300.0,0.01205081,82.98199889,9,1,8
synthetic_wallet_001649,10,3,7,3.9621252,8.09490226,1.3207084,0.47617072,2.32082517,0.39748202,0,2,4,6,60.0,1.0,315281.0,51433.0,0.4894593,2.04307079,10,3,7
synthetic_wallet_001650,9,3,6,4.34223311,7.24222751,1.44741104,1.20703792,2.0779758,0.32711034,0,1,6,6,60.0,1.0,354076.625,166593.0,0.59957149,1.66785783,9,3,6
synthetic_wallet_001651,5,1,4,1.35911235,5.11723549,1.35911235,1.0234471,1.93593767,0.3015712,0,2,5,4,60.0,1.0,552044.25,192039.0,0.26559504,3.76513059,5,1,4
synthetic_wallet_001652,11,5,6,7.72889358,20.19901692,1.54577872,1.26243856,3.31164298,0.9943854,0,4,6,5,60.0,1.0,262717.5,24681.0,0.38263712,2.61344224,11,5,6
synthetic_wallet_001653,7,5,2,5.50742303,3.69814598,1.10148461,0.61635766,2.02203917,0.3268659,0,2,2,3,60.0,1.0,423245.5,35676.0,1.48923895,0.67148392,7,5,2
synthetic_wallet_001654,4,1,3,2.33953606,13.44061586,2.33953606,1.68007698,2.69140681,0.95307116,0,3,4,4,60.0,1.0,473948.33333333,44629.0,0.17406465,5.74499196,4,1,3
synthetic_wallet_001655,12,5,7,8.65800583,12.30069262,1.73160117,0.82004617,2.407157,0.46890322,0,3,6,7,60.0,1.0,218278.72727273,26153.0,0.70386328,1.42073046,12,5,7
synthetic_wallet_001656,16,5,11,7.44660137,30.28333589,1.48932027,1.7813727,15.97000992,10.38344177,0,1,8,9,60.0,1.0,188154.86666667,10711.0,0.24589766,4.06673251,16,5,11
synthetic_wallet_001657,11,4,7,4.9157062,17.37867151,1.22892655,1.08616697,2.49704239,0.51674433,0,3,7,6,60.0,1.0,190898.7,27017.0,0.28285857,3.53533568,11,4,7
synthetic_wallet_001658,12,3,9,3.27680956,15.07287564,1.09226985,1.37026142,2.4929151,0.28753226,0,2,6,7,60.0,1.0,246780.81818182,37418.0,0.21739777,4.59986318,12,3,9
synthetic_wallet_001659,8,2,6,2.05172487,16.50528448,1.02586244,1.37544037,2.43769583,0.69908412,0,3,3,5,60.0,1.0,291049.57142857,49071.0,0.12430715,8.04458957,8,2,6
synthetic_wallet_001660,5,4,1,5.35442709,0.46966732,1.33860677,0.15655577,1.96807922,0.59403096,0,2,2,2,60.0,1.0,456052.5,69695.0,11.40046765,0.0877157,5,4,1
synthetic_wallet_001661,6,1,5,1.396502,4.69680695,1.396502,0.31312046,1.396502,0.12375637,0,4,6,5,60.0,1.0,495533.4,264471.0,0.29733008,3.36326547,6,1,5
synthetic_wallet_001662,13,1,12,1.41256716,27.43854712,1.41256716,0.97994811,5.65009892,1.97439126,0,7,7,7,60.0,1.0,118590.41666667,3689.0,0.05148112,19.42459651,13,1,12
synthetic_wallet_001663,12,3,9,2.67695239,23.16907936,0.89231746,1.21942523,7.71613909,2.32540614,0,4,8,5,60.0,1.0,179403.36363636,7984.0,0.11553987,8.65502108,12,3,9
synthetic_wallet_001664,5,2,3,0.77784325,10.65620558,0.38892162,1.3320257,2.21630175,0.94994347,0,2,3,4,60.0,1.0,615857.0,351753.0,0.07299439,13.69968253,5,2,3
synthetic_wallet_001665,6,2,4,0.99518738,17.87297297,0.49759369,1.7872973,3.08716428,1.34722364,0,2,5,3,60.0,1.0,349643.2,45988.0,0.05568113,17.95940476,6,2,4
synthetic_wallet_001666,12,3,9,1.61941387,32.54399335,0.53980462,1.71284176,8.20141724,4.96623759,0,4,5,4,60.0,1.0,226202.45454545,8284.0,0.04976076,20.09615575,12,3,9
synthetic_wallet_001667,5,2,3,2.78035276,2.8014235,1.39017638,0.46690392,2.2776512,0.63625367,0,1,4,4,60.0,1.0,553250.25,128115.0,0.99247856,1.00757844,5,2,3
synthetic_wallet_001668,8,4,4,6.77359617,4.38780922,1.69339904,0.48753436,2.11607226,0.59028774,0,3,4,4,60.0,1.0,252844.57142857,59040.0,1.54373078,0.64778134,8,4,4
synthetic_wallet_001669,11,5,6,6.22041749,15.16833952,1.2440835,1.16679535,2.40589435,0.62033748,0,4,6,4,60.0,1.0,236336.3,18962.0,0.41009218,2.43847612,11,5,6
synthetic_wallet_001670,9,5,4,7.01288607,25.6491627,1.40257721,2.56491627,10.9221437,6.84140311,0,2,4,5,60.0,1.0,175402.5,16051.0,0.27341579,3.65743325,9,5,4
synthetic_wallet_001671,12,4,8,8.26680757,17.81768483,2.06670189,1.48480707,9.08083363,4.35174093,0,3,6,6,60.0,1.0,264964.18181818,29311.0,0.46396643,2.15532836,12,4,8
synthetic_wallet_001672,8,4,4,8.40185251,22.62191859,2.10046313,1.88515988,12.19389754,7.4332689,0,4,4,4,60.0,1.0,268252.0,54194.0,0.37140318,2.69249175,8,4,4
synthetic_wallet_001673,12,3,9,4.84868581,8.70829556,1.6162286,0.45833135,1.86485572,0.24298616,0,5,7,7,60.0,1.0,260393.54545455,2787.0,0.5567893,1.79601152,12,3,9
synthetic_wallet_001674,15,5,10,4.35670639,24.84492445,0.87134128,1.18309164,5.14860255,2.32553034,0,2,7,9,60.0,1.0,172020.28571429,16659.0,0.17535599,5.70268506,15,5,10
synthetic_wallet_001675,6,2,4,0.70986832,23.32115766,0.35493416,2.91514471,5.76327774,3.51811522,0,1,5,5,60.0,1.0,285587.0,6724.0,0.03043881,32.85279397,6,2,4
synthetic_wallet_001676,8,2,6,1.61883565,6.31842041,0.80941783,0.33254844,1.66899098,0.1547683,0,5,5,5,60.0,1.0,208752.57142857,48202.0,0.25620892,3.90306478,8,2,6
synthetic_wallet_001677,8,5,3,6.31746789,1.69286335,1.26349358,0.28214389,1.90075095,0.44599888,0,2,4,3,60.0,1.0,362239.71428571,128878.0,3.73182389,0.26796549,8,5,3
synthetic_wallet_001678,5,1,4,0.35705062,5.51553699,0.35705062,0.91925616,2.13026956,0.32445677,0,1,4,5,60.0,1.0,345870.25,22668.0,0.06473542,15.4474931,5,1,4
synthetic_wallet_001679,9,2,7,1.51599378,33.77728186,0.75799689,1.77775168,4.71889093,2.22631318,0,4,6,5,60.0,1.0,297435.625,57.0,0.04488205,22.28062035,9,2,7
synthetic_wallet_001680,9,3,6,4.67653714,7.00198783,1.55884571,0.77799865,2.42543937,0.44708127,0,2,5,6,60.0,1.0,318479.5,21149.0,0.66788707,1.49725911,9,3,6
synthetic_wallet_001681,9,4,5,6.51092921,14.61892805,1.6277323,1.32899346,2.47160194,0.82833341,0,2,5,6,60.0,1.0,236489.375,17140.0,0.44537665,2.24529058,9,4,5
synthetic_wallet_001682,8,5,3,4.97217804,1.12683389,0.99443561,0.11268339,1.72733837,0.23406277,0,4,4,3,60.0,1.0,219915.14285714,41055.0,4.41252086,0.22662782,8,5,3
synthetic_wallet_001683,9,4,5,5.54801983,17.35060988,1.38700496,1.23932928,5.07275021,3.23139273,0,4,5,5,60.0,1.0,268757.875,37614.0,0.31975936,3.12735181,9,4,5
synthetic_wallet_001684,10,4,6,6.67668613,18.97738563,1.66917153,1.72521688,3.17267465,0.7142453,0,4,6,6,60.0,1.0,307715.22222222,4591.0,0.35182328,2.84233604,10,4,6
synthetic_wallet_001685,12,2,10,3.63144265,17.52278219,1.81572132,0.7964901,3.15495048,0.72834717,0,7,4,6,60.0,1.0,266330.18181818,27997.0,0.20724121,4.82529504,12,2,10
synthetic_wallet_001686,8,2,6,1.69025584,16.55690409,0.84512792,1.37974201,2.29687253,0.64987535,0,4,5,5,60.0,1.0,422343.85714286,138179.0,0.10208767,9.79550178,8,2,6
synthetic_wallet_001687,13,4,9,5.54498625,40.25693437,1.38624656,2.36805496,11.79852178,7.08596434,0,3,6,6,60.0,1.0,200059.5,9255.0,0.1377399,7.26006027,13,4,9
synthetic_wallet_001688,8,3,5,4.51053147,6.12691398,1.50351049,0.6126914,2.09944243,0.37705458,0,2,6,4,60.0,1.0,342045.28571429,26583.0,0.73618325,1.35835744,8,3,5
synthetic_wallet_001689,9,2,7,2.25081601,10.48058366,1.125408,0.87338197,2.35858814,0.54450876,0,3,6,6,60.0,1.0,221081.125,14771.0,0.21476056,4.65634846,9,2,7
synthetic_wallet_001690,6,2,4,0.84305962,3.90830169,0.42152981,0.48853771,1.59528447,0.14595218,0,3,4,4,60.0,1.0,454655.8,2880.0,0.21570996,4.63585445,6,2,4
synthetic_wallet_001691,9,5,4,4.02797449,5.54021255,0.8055949,0.61557917,1.8966821,0.24689154,0,3,3,4,60.0,1.0,300387.25,30881.0,0.72704331,1.37543387,9,5,4
synthetic_wallet_001692,10,5,5,6.86688074,16.01333383,1.37337615,3.20266677,10.28241335,7.51900386,0,1,5,4,60.0,1.0,249672.88888889,49591.0,0.42882268,2.33196621,10,5,5
synthetic_wallet_001693,13,2,11,0.85998777,42.51440062,0.42999389,1.57460743,6.95886284,4.16160302,0,7,5,10,60.0,1.0,228676.25,23343.0,0.02022815,49.43605258,13,2,11
synthetic_wallet_001694,7,2,5,3.43968757,6.6017902,1.71984378,0.66017902,2.11972391,0.35050397,0,2,6,5,60.0,1.0,364957.83333333,77749.0,0.52102346,1.91929937,7,2,5
synthetic_wallet_001695,7,2,5,1.73392287,5.77201212,0.86696144,0.57720121,2.38887911,0.34770355,0,2,5,5,60.0,1.0,414937.0,67547.0,0.30040181,3.32887478,7,2,5
synthetic_wallet_001696,9,4,5,4.51525862,14.38790751,1.12881466,1.30799159,5.11516282,2.66996715,0,2,5,6,60.0,1.0,375797.625,106255.0,0.31382316,3.18650795,9,4,5
synthetic_wallet_001697,13,8,5,13.06266439,4.53100824,1.63283305,0.3485391,2.41257062,0.60212727,0,5,3,5,60.0,1.0,156277.58333333,12210.0,2.88294872,0.34686708,13,8,5
synthetic_wallet_001698,6,3,3,1.75036413,4.49596023,0.58345471,1.49865341,2.38047298,0.60716598,0,1,4,4,60.0,1.0,355427.0,29452.0,0.38931931,2.56858567,6,3,3
synthetic_wallet_001699,10,5,5,5.91332598,8.57856045,1.1826652,0.95317338,2.25545877,0.283561,0,2,5,3,60.0,1.0,275475.22222222,7297.0,0.68931449,1.45071665,10,5,5
synthetic_wallet_001700,7,4,3,3.68160204,4.94662645,0.92040051,0.98932529,1.86125631,0.17303832,0,1,4,2,60.0,1.0,443828.33333333,81692.0,0.74426522,1.34360705,7,4,3
synthetic_wallet_001701,7,3,4,4.43191353,5.16754094,1.47730451,0.57417122,2.0339564,0.60150702,0,1,5,4,60.0,1.0,472714.5,89348.0,0.85764459,1.16598415,7,3,4
synthetic_wallet_001702,6,3,3,4.68766669,4.03951563,1.56255556,0.50493945,2.48360883,0.56072041,0,3,3,3,60.0,1.0,328765.6,106805.0,1.16045267,0.86173269,6,3,3
synthetic_wallet_001703,5,1,4,0.93550258,17.36982609,0.93550258,2.89497101,12.24215897,15.67542505,0,2,3,3,60.0,1.0,493038.25,398721.0,0.05385791,18.5673738,5,1,4
synthetic_wallet_001704,8,1,7,1.09486456,6.92064402,1.09486456,0.62914946,1.74767476,0.25098945,0,4,5,7,60.0,1.0,389004.42857143,21336.0,0.1582027,6.32100469,8,1,7
synthetic_wallet_001705,8,1,7,1.48866055,37.9914791,1.48866055,1.99955153,15.96790897,15.67244579,0,5,4,6,60.0,1.0,297731.0,307.0,0.03918406,25.52057895,8,1,7
synthetic_wallet_001706,7,2,5,3.62039332,25.66538,1.81019666,1.97426,4.06337061,1.80045982,0,3,4,5,60.0,1.0,358621.66666667,128441.0,0.14106136,7.08911373,7,2,5
synthetic_wallet_001707,12,7,5,7.94822145,6.87651964,1.13546021,0.45843464,2.41932321,0.48575499,0,4,5,5,60.0,1.0,244499.54545455,21835.0,1.15584945,0.86516458,12,7,5
synthetic_wallet_001708,10,4,6,6.90400195,23.85285856,1.72600049,1.49080366,4.23769179,2.23249663,0,2,5,5,60.0,1.0,302869.77777778,3491.0,0.28944128,3.45493219,10,4,6
synthetic_wallet_001709,4,1,3,1.28055816,4.11612059,1.28055816,1.3720402,2.11441024,0.20843784,0,1,3,4,60.0,1.0,608197.66666667,383493.0,0.31110803,3.21431757,4,1,3
synthetic_wallet_001710,9,4,5,7.43514275,22.95659028,1.85878569,3.2795129,5.47763842,3.05693854,0,1,5,5,60.0,1.0,332926.75,53172.0,0.32387836,3.08757895,9,4,5
synthetic_wallet_001711,9,5,4,5.77094418,14.6534144,1.15418884,2.44223573,8.94172768,5.53162625,0,1,5,4,60.0,1.0,294140.125,16490.0,0.39382932,2.53917105,9,5,4
synthetic_wallet_001712,9,2,7,3.03636536,15.80761675,1.51818268,1.12911548,2.84859323,1.28286701,0,3,7,7,60.0,1.0,344403.75,32687.0,0.19208243,5.20609837,9,2,7
synthetic_wallet_001713,10,3,7,5.22245321,8.07283608,1.74081774,0.67273634,2.44026032,0.72906754,0,1,6,6,60.0,1.0,306063.88888889,26606.0,0.64691679,1.54579385,10,3,7
synthetic_wallet_001714,8,3,5,3.93119112,6.14673016,1.31039704,0.61467302,1.77387418,0.22143567,0,3,5,4,60.0,1.0,267680.28571429,8404.0,0.63955811,1.56357958,8,3,5
synthetic_wallet_001715,9,3,6,1.82723473,8.70088393,0.60907824,0.45794126,2.44911161,0.22983507,0,6,6,5,60.0,1.0,358461.5,13559.0,0.21000564,4.76177679,9,3,6
synthetic_wallet_001716,15,3,12,1.22975069,22.07938372,0.4099169,0.84920707,6.31507393,1.28929185,0,5,7,7,60.0,1.0,187112.0,6142.0,0.05569679,17.95435766,15,3,12
synthetic_wallet_001717,10,1,9,1.91896187,10.85876129,1.91896187,0.60326452,2.13944209,0.45099914,0,4,7,8,60.0,1.0,175035.88888889,23010.0,0.17672015,5.65866444,10,1,9
synthetic_wallet_001718,14,7,7,4.20907532,15.63164219,0.60129647,1.42105838,10.66554408,5.5244192,0,3,5,5,60.0,1.0,228195.76923077,46028.0,0.26926636,3.71379484,14,7,7
synthetic_wallet_001719,13,5,8,7.04951462,41.94022191,1.40990292,2.79601479,8.70456084,6.19615964,0,3,7,6,60.0,1.0,236964.58333333,13292.0,0.16808482,5.94937725,13,5,8
synthetic_wallet_001720,6,2,4,1.17987561,8.92405177,0.5899378,0.89240518,2.31554996,0.73705325,0,3,4,3,60.0,1.0,565438.4,246157.0,0.13221299,7.56355305,6,2,4
synthetic_wallet_001721,16,9,7,14.25133966,24.35216327,1.58348218,1.43248019,17.52962191,10.83976414,0,5,5,5,60.0,1.0,187458.73333333,6879.0,0.58521863,1.7087631,16,9,7
synthetic_wallet_001722,7,1,6,2.49725394,9.93081353,2.49725394,0.76390873,2.49725394,0.87861805,0,4,4,3,60.0,1.0,308418.0,99207.0,0.25146519,3.97669351,7,1,6
synthetic_wallet_001723,9,1,8,2.1570189,23.19804597,2.1570189,1.44987787,13.94929447,9.91084677,0,3,8,5,60.0,1.0,355764.25,77734.0,0.09298278,10.75467905,9,1,8
synthetic_wallet_001724,10,3,7,4.16167727,23.79738347,1.38722576,1.39984609,4.23745928,2.36671133,0,2,5,6,60.0,1.0,275199.77777778,35133.0,0.17487962,5.71821934,10,3,7
synthetic_wallet_001725,11,4,7,4.7214914,11.09011668,1.18037285,0.58369035,2.05630619,0.14367311,0,4,5,5,60.0,1.0,268420.1,13124.0,0.42573866,2.34885881,11,4,7
synthetic_wallet_001726,9,3,6,3.05224716,14.39582967,1.01741572,1.10737151,2.49461532,0.67569941,0,4,4,4,60.0,1.0,284594.75,22199.0,0.21202301,4.71646918,9,3,6
synthetic_wallet_001727,7,3,4,3.673507,21.22576642,1.22450233,2.12257664,17.8906717,21.40365068,0,3,4,4,60.0,1.0,443225.0,125754.0,0.17306829,5.77806614,7,3,4
synthetic_wallet_001728,13,4,9,7.35617443,43.62931998,1.83904361,2.42385111,13.83970103,8.37783061,0,5,7,7,60.0,1.0,202890.08333333,375.0,0.16860621,5.93097953,13,4,9
synthetic_wallet_001729,10,4,6,4.35209343,6.66879369,1.08802336,0.74097708,2.47324971,0.69862843,0,2,5,7,60.0,1.0,231213.33333333,60738.0,0.6526058,1.5323186,10,4,6
synthetic_wallet_001730,7,3,4,2.71974403,6.60734399,0.90658134,0.73414933,2.1890822,0.25349451,0,3,4,5,60.0,1.0,359317.83333333,28807.0,0.4116244,2.42939921,7,3,4
synthetic_wallet_001731,11,4,7,5.38575026,7.77704096,1.34643757,0.64808675,4.22691225,1.21747765,0,1,6,5,60.0,1.0,196737.4,4006.0,0.69251921,1.44400327,11,4,7
synthetic_wallet_001732,8,1,7,2.16905202,11.87058002,2.16905202,1.07914364,2.47513102,1.02940977,0,2,6,5,60.0,1.0,295360.57142857,17033.0,0.18272502,5.47270416,8,1,7
synthetic_wallet_001733,10,5,5,4.74507945,17.91742151,0.94901589,2.23967769,12.03731588,9.06743463,0,3,4,5,60.0,1.0,303793.88888889,24189.0,0.26483049,3.77600032,10,5,5
synthetic_wallet_001734,7,4,3,4.24848444,3.70483635,1.06212111,0.74096727,1.47757518,0.14664149,0,2,4,3,60.0,1.0,367805.5,5995.0,1.14674011,0.87203717,7,4,3
synthetic_wallet_001735,14,5,9,8.15645364,11.87667097,1.63129073,0.56555576,2.41452994,0.44592831,0,3,6,6,60.0,1.0,202048.76923077,611.0,0.68676262,1.45610721,14,5,9
synthetic_wallet_001736,9,5,4,9.03779438,11.96263618,1.80755888,1.19626362,2.41642829,0.93218856,0,3,4,4,60.0,1.0,305662.0,2561.0,0.7555019,1.32362341,9,5,4
synthetic_wallet_001737,7,2,5,3.19191388,36.60456887,1.59595694,3.32768808,17.22449301,18.49601252,0,3,5,4,60.0,1.0,408807.83333333,381.0,0.08719988,11.46790617,7,2,5
synthetic_wallet_001738,17,6,11,6.97278572,30.92708634,1.16213095,1.18950332,16.78711017,8.3119365,0,7,8,7,60.0,1.0,172750.9375,4265.0,0.22545886,4.43539893,17,6,11
synthetic_wallet_001739,13,3,10,2.69784375,16.2106137,0.89928125,0.81053069,2.13560763,0.26541749,0,6,6,8,60.0,1.0,199302.08333333,14884.0,0.16642453,6.00872964,13,3,10
synthetic_wallet_001740,7,4,3,5.65229688,11.69163899,1.41307422,1.67023414,9.54509521,6.65896949,0,2,4,4,60.0,1.0,377505.33333333,32066.0,0.48344778,2.06847574,7,4,3
synthetic_wallet_001741,8,5,3,6.56019181,1.37858641,1.31203836,0.27571728,1.92325733,0.44681141,0,2,4,4,60.0,1.0,400166.71428571,66113.0,4.75863665,0.21014422,8,5,3
synthetic_wallet_001742,6,1,5,1.26040562,17.72831523,1.26040562,1.26630823,4.38671369,2.50784699,0,3,4,4,60.0,1.0,490043.4,101270.0,0.07109562,14.06556346,6,1,5
synthetic_wallet_001743,10,4,6,7.03545585,9.5443133,1.75886396,0.95443133,2.37266952,0.47267073,0,2,5,6,60.0,1.0,283080.33333333,4478.0,0.73713589,1.35660197,10,4,6
synthetic_wallet_001744,6,3,3,5.78646269,4.18202367,1.9288209,0.69700394,2.4045913,0.82357613,0,2,4,4,60.0,1.0,447897.6,81909.0,1.38365135,0.72272542,6,3,3
synthetic_wallet_001745,12,3,9,3.83737384,25.31542243,1.27912461,1.33239065,15.30869375,9.60665662,0,4,7,7,60.0,1.0,250501.63636364,49579.0,0.15158245,6.59706963,12,3,9
synthetic_wallet_001746,12,8,4,9.05562458,3.568954,1.13195307,0.27453492,1.68299701,0.33581415,0,4,3,5,60.0,1.0,240893.09090909,767.0,2.53733295,0.39411462,12,8,4
synthetic_wallet_001747,13,4,9,3.37309513,15.06431383,0.84327378,0.57939669,1.99797334,0.35336133,0,5,8,7,60.0,1.0,191518.0,21465.0,0.22391296,4.46602104,13,4,9
synthetic_wallet_001748,13,4,9,5.53640046,11.91795381,1.38410012,0.54172517,2.42298369,0.47150333,0,4,6,6,60.0,1.0,221942.41666667,40213.0,0.46454287,2.15265386,13,4,9
synthetic_wallet_001749,9,2,7,2.95345738,33.78616032,1.47672869,4.82659433,15.66679316,25.1869147,0,1,7,6,60.0,1.0,304374.0,14888.0,0.08741619,11.43952865,9,2,7
synthetic_wallet_001750,9,5,4,7.93966833,4.88273497,1.58793367,0.4882735,2.25398812,0.55166924,0,2,3,5,60.0,1.0,186167.875,31652.0,1.62606989,0.61497972,9,5,4
synthetic_wallet_001751,9,2,7,3.8720438,10.28265088,1.9360219,0.73447506,2.41315979,0.632618,0,1,6,5,60.0,1.0,269498.0,9585.0,0.37656085,2.65561327,9,2,7
synthetic_wallet_001752,13,3,10,3.12680213,26.27939242,1.04226738,1.54584661,14.66843435,9.53202249,0,2,5,7,60.0,1.0,248907.08333333,2874.0,0.11898304,8.40455882,13,3,10
synthetic_wallet_001753,13,5,8,6.64371473,9.84540848,1.32874295,0.82045071,2.28978888,0.47475832,0,2,7,8,60.0,1.0,223823.5,5694.0,0.67480336,1.48191319,13,5,8
synthetic_wallet_001754,10,3,7,3.12731369,8.90273225,1.0424379,0.98919247,2.06891451,0.43162006,0,2,4,7,60.0,1.0,301889.33333333,38819.0,0.35127572,2.84676663,10,3,7
synthetic_wallet_001755,8,1,7,2.20650508,21.3838455,2.20650508,1.01827836,2.47160194,0.88377281,0,6,7,6,60.0,1.0,291919.85714286,50414.0,0.10318561,9.69127408,8,1,7
synthetic_wallet_001756,8,5,3,4.43948396,6.95905036,0.88789679,1.39181007,1.87854014,0.46469885,0,1,4,3,60.0,1.0,250519.14285714,23644.0,0.63794393,1.56753587,8,5,3
synthetic_wallet_001757,7,3,4,0.68111571,13.06276741,0.22703857,1.4514186,2.68071545,0.98376683,0,2,5,4,60.0,1.0,497098.16666667,61163.0,0.05214176,19.17848497,7,3,4
synthetic_wallet_001758,9,2,7,3.58239669,12.174723,1.79119835,1.2174723,2.42652174,0.60229461,0,2,7,5,60.0,1.0,340150.125,32803.0,0.29424872,3.39848544,9,2,7
synthetic_wallet_001759,13,4,9,2.58928149,7.75273056,0.64732037,0.5168487,1.41371429,0.15686289,0,3,7,6,60.0,1.0,246466.0,21260.0,0.33398317,2.99416289,13,4,9
synthetic_wallet_001760,14,4,10,6.65569984,38.66000309,1.66392496,2.14777795,17.47827834,13.16752709,0,2,5,7,60.0,1.0,196466.46153846,27672.0,0.17215984,5.80855568,14,4,10
synthetic_wallet_001761,7,2,5,4.20938661,12.07483508,2.1046933,1.00623626,6.0253108,2.30032424,0,2,5,4,60.0,1.0,414134.66666667,148704.0,0.34860821,2.86854979,7,2,5
synthetic_wallet_001762,12,3,9,1.8097317,34.7395893,0.6032439,1.73697946,4.46997326,2.95650884,0,5,7,8,60.0,1.0,214570.45454545,30270.0,0.05209422,19.19598872,12,3,9
synthetic_wallet_001763,7,3,4,6.26539504,8.98962571,2.08846501,1.49827095,2.44901811,0.31373767,0,2,3,3,60.0,1.0,274621.66666667,53534.0,0.69695839,1.43480589,7,3,4
synthetic_wallet_001764,12,7,5,5.33583122,7.57435257,0.7622616,0.58264251,2.29921967,0.39618472,0,4,4,5,60.0,1.0,264570.0,50731.0,0.70446037,1.41952627,12,7,5
synthetic_wallet_001765,10,3,7,4.40965808,40.29766546,1.46988603,2.12092976,11.13506459,6.07542169,0,6,6,7,60.0,1.0,308958.44444444,8714.0,0.10942714,9.13850116,10,3,7
synthetic_wallet_001766,9,5,4,8.94846702,6.95468908,1.7896934,0.53497608,2.18518613,0.43618204,0,3,3,4,60.0,1.0,241000.25,65750.0,1.2866811,0.77719335,9,5,4
synthetic_wallet_001767,8,1,7,2.01254335,16.78072859,2.01254335,1.11871524,4.97819688,2.43579364,0,5,5,7,60.0,1.0,276535.57142857,17680.0,0.11993182,8.33807063,8,1,7
synthetic_wallet_001768,10,2,8,3.9678458,17.03706206,1.9839229,1.06481638,6.59164677,2.09573994,0,4,7,6,60.0,1.0,252091.0,6237.0,0.23289495,4.29378129,10,2,8
synthetic_wallet_001769,8,3,5,4.89756991,4.86072054,1.6325233,0.44188369,2.15271815,0.33870778,0,3,3,4,60.0,1.0,374060.14285714,115093.0,1.00758105,0.99247599,8,3,5
synthetic_wallet_001770,6,1,5,0.920733,20.90418901,0.920733,2.0904189,4.99073632,3.54300483,0,2,6,5,60.0,1.0,523252.6,147473.0,0.04404538,22.70385553,6,1,5
synthetic_wallet_001771,9,5,4,4.65195728,21.8765339,0.93039146,1.82304449,5.5107736,3.62376448,0,4,4,5,60.0,1.0,285299.0,38816.0,0.21264599,4.7026515,9,5,4
synthetic_wallet_001772,12,5,7,6.19472126,12.28990355,1.23894425,0.9453772,4.78343624,1.03468507,0,2,5,6,60.0,1.0,210965.81818182,277.0,0.50404962,1.98393165,12,5,7
synthetic_wallet_001773,9,2,7,4.77781905,19.52522006,2.38890952,1.30168134,12.42979529,8.10438818,0,3,7,7,60.0,1.0,346090.375,4361.0,0.24469988,4.08663866,9,2,7
synthetic_wallet_001774,17,6,11,5.95506587,13.89209678,0.99251098,0.63145894,2.39254808,0.27602338,0,4,7,9,60.0,1.0,177648.125,7836.0,0.42866573,2.33282,17,6,11
synthetic_wallet_001775,7,5,2,4.38094384,3.8963145,0.87618877,0.7792629,2.29388753,0.64684538,0,1,3,3,60.0,1.0,396723.16666667,147183.0,1.12438147,0.88937787,7,5,2
synthetic_wallet_001776,9,3,6,3.8277506,9.63675015,1.27591687,0.8760682,2.46477449,0.71113401,0,3,6,6,60.0,1.0,188632.375,1032.0,0.39720347,2.51760137,9,3,6
synthetic_wallet_001777,9,4,5,6.56432001,8.39816764,1.64108,0.6460129,2.49339122,0.47588914,0,4,5,5,60.0,1.0,301388.75,9526.0,0.78163717,1.27936597,9,4,5
synthetic_wallet_001778,10,3,7,6.24626806,8.41850636,2.08208935,0.7015422,2.49957866,0.75286042,0,3,5,4,60.0,1.0,247293.55555556,21418.0,0.74196868,1.34776578,10,3,7
synthetic_wallet_001779,13,6,7,4.61988425,10.34579726,0.76998071,0.68971982,2.17688391,0.26750147,0,3,5,4,60.0,1.0,209417.0,1037.0,0.44654695,2.23940616,13,6,7
synthetic_wallet_001780,15,7,8,7.37882919,11.71239501,1.05411846,0.83659964,5.47876626,1.32514315,0,4,6,5,60.0,1.0,208442.35714286,226.0,0.63000174,1.58729721,15,7,8
synthetic_wallet_001781,9,3,6,5.32403543,7.27470674,1.77467848,0.51962191,2.03636356,0.27379542,0,5,5,3,60.0,1.0,273804.125,9935.0,0.73185568,1.36638962,9,3,6
synthetic_wallet_001782,9,3,6,4.01718361,24.50507171,1.3390612,2.45050717,5.91712859,4.49297089,0,2,5,5,60.0,1.0,294972.375,43959.0,0.16393274,6.10006265,9,3,6
synthetic_wallet_001783,8,1,7,0.93597363,21.34733871,0.93597363,1.25572581,3.97433648,2.40614274,0,4,6,5,60.0,1.0,417846.57142857,74766.0,0.04384498,22.80762836,8,1,7
synthetic_wallet_001784,11,2,9,1.62756304,37.04111404,0.81378152,2.4694076,4.25613694,2.3157972,0,4,7,8,60.0,1.0,294228.4,5144.0,0.04393937,22.75863554,11,2,9
synthetic_wallet_001785,7,2,5,2.78925823,4.68426679,1.39462911,0.52047409,1.7892126,0.19788165,0,3,6,6,60.0,1.0,378315.16666667,17671.0,0.59545247,1.67939517,7,2,5
synthetic_wallet_001786,10,4,6,2.36914459,35.86099423,0.59228615,2.56149959,14.68010244,10.40465769,0,3,6,5,60.0,1.0,284243.55555556,16758.0,0.06606467,15.13668452,10,4,6
synthetic_wallet_001787,12,7,5,7.87049247,21.99812987,1.12435607,3.14258998,6.01420666,2.94161902,0,1,5,5,60.0,1.0,234042.90909091,183.0,0.35778007,2.79501314,12,7,5
synthetic_wallet_001788,6,2,4,2.1625253,4.66781273,1.08126265,0.77796879,1.53565591,0.16741405,0,1,4,5,60.0,1.0,253588.4,4038.0,0.4632845,2.15850086,6,2,4
synthetic_wallet_001789,6,1,5,0.83205666,5.15539083,0.83205666,0.7364844,2.4611955,0.56934175,0,2,5,3,60.0,1.0,468119.8,24254.0,0.16139546,6.19596126,6,1,5
synthetic_wallet_001790,8,0,8,0.0,18.89369542,0.0,1.11139385,9.66226816,4.84072261,0,4,6,7,60.0,1.0,377528.28571429,31715.0,0.0,18893695420.0,8,0,8
synthetic_wallet_001791,5,2,3,3.78281212,2.84503502,1.89140606,0.316115,2.25441723,0.58313909,0,3,4,4,60.0,1.0,616625.0,378106.0,1.32961882,0.75209525,5,2,3
synthetic_wallet_001792,8,3,5,3.22983926,11.19929847,1.07661309,1.39991231,3.58013895,1.41568409,0,3,5,4,60.0,1.0,328670.71428571,5462.0,0.28839657,3.46744762,8,3,5
synthetic_wallet_001793,11,7,4,9.49537798,3.70083521,1.35648257,0.52869074,2.18167051,0.53925764,0,2,4,4,60.0,1.0,258090.0,34642.0,2.5657392,0.38975123,11,7,4
synthetic_wallet_001794,16,5,11,5.4975148,33.32250075,1.09950296,1.44880438,4.32830415,1.7495417,0,6,7,7,60.0,1.0,168012.4,2606.0,0.16497906,6.06137536,16,5,11
synthetic_wallet_001795,14,6,8,11.11669551,14.57937066,1.85278258,0.7673353,5.96981925,1.67706832,0,5,5,8,60.0,1.0,220649.30769231,30794.0,0.76249488,1.31148421,14,6,8
synthetic_wallet_001796,7,1,6,1.95588932,16.85044492,1.95588932,0.99120264,11.02207972,6.04492154,0,4,5,6,60.0,1.0,438508.16666667,40415.0,0.11607345,8.61523438,7,1,6
synthetic_wallet_001797,8,2,6,0.8936858,31.17867605,0.4468429,1.94866725,11.85830424,9.78441337,0,4,5,5,60.0,1.0,337176.57142857,40969.0,0.02866337,34.88773801,8,2,6
synthetic_wallet_001798,10,4,6,3.67139367,9.05116918,0.91784842,1.5085282,2.32612189,0.37294771,0,1,6,6,60.0,1.0,261789.33333333,66433.0,0.40562646,2.46532243,10,4,6
synthetic_wallet_001799,8,3,5,1.97611011,4.58956288,0.65870337,0.38246357,1.12596978,0.04442491,0,3,5,5,60.0,1.0,263605.42857143,28152.0,0.43056608,2.32252386,8,3,5
synthetic_wallet_001800,8,3,5,5.38038193,4.42840799,1.79346064,0.369034,2.20615028,0.56409078,0,4,3,5,60.0,1.0,387281.71428571,32416.0,1.21496979,0.82306573,8,3,5
synthetic_wallet_001801,10,6,4,11.2292304,3.4453671,1.8715384,0.38281857,2.22960944,0.61722345,0,1,5,4,60.0,1.0,231488.33333333,10978.0,3.25922611,0.3068213,10,6,4
synthetic_wallet_001802,3,1,2,1.56134217,2.76113194,1.56134217,1.38056597,1.63100815,0.04907642,0,1,3,3,60.0,1.0,201383.5,147203.0,0.56547177,1.76843487,3,1,2
synthetic_wallet_001803,7,4,3,5.29056486,3.57788585,1.32264121,0.59631431,2.15919746,0.49906901,0,2,2,4,60.0,1.0,464659.83333333,192822.0,1.47868464,0.67627672,7,4,3
synthetic_wallet_001804,3,2,1,3.28764382,0.94412042,1.64382191,0.2360301,2.1653576,0.53108377,0,2,2,2,60.0,1.0,790677.5,383774.0,3.48222933,0.28717236,3,2,1
synthetic_wallet_001805,10,5,5,4.01565904,16.88557042,0.80313181,1.68855704,3.94826241,1.93774784,0,3,5,5,60.0,1.0,298693.66666667,50711.0,0.23781601,4.20493131,10,5,5
synthetic_wallet_001806,8,1,7,0.97588371,25.27503371,0.97588371,1.33026493,3.53755993,1.74063958,0,3,5,7,60.0,1.0,350425.28571429,81637.0,0.03861058,25.89963686,8,1,7
synthetic_wallet_001807,6,3,3,2.80527985,3.24340285,0.93509328,0.40542536,1.17708308,0.08618237,0,1,3,4,60.0,1.0,453049.6,94529.0,0.86491872,1.156178,6,3,3
synthetic_wallet_001808,11,4,7,4.58070003,12.01541945,1.14517501,0.80102796,2.47062473,0.45825938,0,4,6,5,60.0,1.0,261582.8,23572.0,0.38123513,2.62305311,11,4,7
synthetic_wallet_001809,7,1,6,0.64392998,8.67699411,0.64392998,0.86769941,2.4958395,0.30648593,0,1,5,6,60.0,1.0,419543.16666667,80081.0,0.07421118,13.47505844,7,1,6
synthetic_wallet_001810,11,3,8,2.43133568,31.77025389,0.81044523,1.58851269,14.62338819,8.23353413,0,3,8,8,60.0,1.0,219655.1,4918.0,0.07652868,13.06699612,11,3,8
synthetic_wallet_001811,9,4,5,5.91838446,7.21964794,1.47959612,0.90245599,2.48139718,0.55247063,0,1,4,6,60.0,1.0,311786.625,7718.0,0.81976081,1.21986802,9,4,5
synthetic_wallet_001812,7,3,4,2.09196115,16.65734737,0.69732038,2.37962105,12.41908816,12.59357146,0,2,4,4,60.0,1.0,162007.5,11250.0,0.12558789,7.96255101,7,3,4
synthetic_wallet_001813,19,7,12,10.72324535,16.58469245,1.53189219,0.61424787,2.46100151,0.28888117,0,3,8,7,60.0,1.0,127865.38888889,5083.0,0.64657487,1.5466113,19,7,12
synthetic_wallet_001814,10,3,7,4.61464833,4.44451054,1.53821611,0.2963007,2.47557659,0.42344875,0,2,6,7,60.0,1.0,238294.77777778,20551.0,1.03828043,0.96313093,10,3,7
synthetic_wallet_001815,12,3,9,5.88018004,9.98231661,1.96006001,0.58719509,2.11756998,0.33585569,0,4,7,6,60.0,1.0,259311.27272727,30983.0,0.58905966,1.69762091,12,3,9
synthetic_wallet_001816,5,3,2,3.91025801,9.91211939,1.30341934,1.98242388,2.41642829,0.65020296,0,2,3,3,60.0,1.0,536159.5,94330.0,0.39449263,2.53490163,5,3,2
synthetic_wallet_001817,10,4,6,6.79704446,9.23985368,1.69926112,0.48630809,2.43378623,0.34609997,0,5,6,6,60.0,1.0,208961.0,14062.0,0.73562252,1.35939286,10,4,6
synthetic_wallet_001818,9,2,7,3.94994646,12.21804726,1.97497323,0.93984979,2.46426943,0.42900698,0,3,7,6,60.0,1.0,335123.0,44631.0,0.32328787,3.09321845,9,2,7
synthetic_wallet_001819,14,2,12,2.76803513,23.445104,1.38401757,0.7104577,10.32137465,2.87324085,0,7,8,8,60.0,1.0,228011.53846154,12873.0,0.11806453,8.46994453,14,2,12
synthetic_wallet_001820,5,1,4,0.4002999,3.72631328,0.4002999,0.53233047,1.01382012,0.0541984,0,1,5,4,60.0,1.0,564578.25,242138.0,0.10742519,9.30880392,5,1,4
synthetic_wallet_001821,7,4,3,2.29843369,4.45879148,0.57460842,0.8917583,2.29048245,0.59770615,0,2,3,3,60.0,1.0,285574.0,47651.0,0.51548356,1.93992609,7,4,3
synthetic_wallet_001822,14,7,7,10.02258733,8.23143602,1.43179819,0.63318739,2.37557604,0.53990338,0,4,5,6,60.0,1.0,208930.53846154,9766.0,1.21759889,0.82128853,14,7,7
synthetic_wallet_001823,7,2,5,4.04051394,17.32316821,2.02025697,2.16539603,13.17365923,13.99705254,0,2,5,6,60.0,1.0,305792.33333333,17097.0,0.23324336,4.28736751,7,2,5
synthetic_wallet_001824,10,2,8,3.11831938,27.56944503,1.55915969,1.1027778,3.61130921,1.26468757,0,6,6,8,60.0,1.0,295904.0,26146.0,0.1131078,8.84112295,10,2,8
synthetic_wallet_001825,10,2,8,2.5916609,13.95662094,1.29583045,0.77536783,2.29592007,0.32296169,0,4,8,6,60.0,1.0,264021.77777778,13740.0,0.18569401,5.38520334,10,2,8
synthetic_wallet_001826,6,2,4,2.43622829,7.82677125,1.21811414,0.65223094,2.32011935,0.27992577,0,3,4,4,60.0,1.0,272387.8,106661.0,0.31126862,3.21265921,6,2,4
synthetic_wallet_001827,8,4,4,3.80294217,5.26613454,0.95073554,0.75230493,2.4473687,0.62810994,0,2,4,3,60.0,1.0,340052.71428571,66441.0,0.72215059,1.38475273,8,4,4
synthetic_wallet_001828,8,5,3,9.49411243,2.3445384,1.89882249,0.7815128,2.35928287,0.57783158,0,1,3,4,60.0,1.0,309772.42857143,9610.0,4.04945913,0.24694656,8,5,3
synthetic_wallet_001829,14,5,9,4.83643516,21.08335518,0.96728703,0.91666762,2.66248007,0.55302226,0,7,6,8,60.0,1.0,204611.69230769,494.0,0.2293959,4.35927589,14,5,9
synthetic_wallet_001830,7,4,3,3.70157474,2.86003537,0.92539368,0.57200707,1.82104657,0.37515812,0,2,4,4,60.0,1.0,364859.0,105974.0,1.2942409,0.77265369,7,4,3
synthetic_wallet_001831,7,3,4,4.54570954,22.72582934,1.51523651,2.84072867,7.20693732,5.11104962,0,2,4,5,60.0,1.0,332013.83333333,16637.0,0.20002392,4.99940199,7,3,4
synthetic_wallet_001832,10,5,5,9.99478543,8.05044297,1.99895709,0.5366962,2.49033048,0.81579984,0,5,6,4,60.0,1.0,298849.77777778,13349.0,1.24151993,0.80546431,10,5,5
synthetic_wallet_001833,11,3,8,3.24622869,14.90463262,1.08207623,0.82803515,7.11985075,2.11398339,0,5,7,6,60.0,1.0,232698.7,759.0,0.21779998,4.59136864,11,3,8
synthetic_wallet_001834,9,3,6,3.53402993,6.4840236,1.17800998,0.49877105,2.3619106,0.27592637,0,3,6,6,60.0,1.0,332260.75,96442.0,0.54503656,1.8347393,9,3,6
synthetic_wallet_001835,7,3,4,4.81174529,7.52059751,1.6039151,0.94007469,3.84085065,1.16321261,0,1,4,5,60.0,1.0,409688.83333333,24886.0,0.63980891,1.56296667,7,3,4
synthetic_wallet_001836,7,2,5,1.0993551,7.09727917,0.54967755,0.70972792,2.43948915,0.32170953,0,2,5,5,60.0,1.0,460473.83333333,18894.0,0.15489811,6.45585687,7,2,5
synthetic_wallet_001837,15,8,7,8.62130305,11.4694944,1.07766288,0.76463296,5.6532425,1.45711603,0,4,5,5,60.0,1.0,198902.85714286,9947.0,0.75167246,1.33036669,15,8,7
synthetic_wallet_001838,10,4,6,2.12367669,5.11995176,0.53091917,0.56888353,1.70650142,0.17140912,0,3,6,4,60.0,1.0,274035.55555556,25808.0,0.41478451,2.41089041,10,4,6
synthetic_wallet_001839,10,4,6,5.13231563,10.6541808,1.28307891,0.8878484,2.30703867,0.40392239,0,4,6,5,60.0,1.0,231721.55555556,47630.0,0.48171847,2.07590132,10,4,6
synthetic_wallet_001840,6,1,5,2.43180395,16.36636047,2.43180395,2.72772675,5.68616035,4.10632172,0,2,5,5,60.0,1.0,387499.8,52449.0,0.14858551,6.73013154,6,1,5
synthetic_wallet_001841,11,6,5,6.74682251,20.98011797,1.12447042,2.62251475,15.60040808,14.6896375,0,2,4,5,60.0,1.0,227248.7,10983.0,0.32158172,3.10962945,11,6,5
synthetic_wallet_001842,9,1,8,2.47273362,25.21736482,2.47273362,1.68115765,8.35825476,7.05687757,0,3,6,7,60.0,1.0,348360.875,18585.0,0.09805678,10.19817283,9,1,8
synthetic_wallet_001843,15,6,9,8.06994983,13.764418,1.34499164,0.86027613,2.10510108,0.3477281,0,4,8,7,60.0,1.0,174725.0,998.0,0.58629067,1.70563861,15,6,9
synthetic_wallet_001844,6,1,5,2.15435631,4.98689111,2.15435631,0.38360701,2.15435631,0.26027993,0,4,5,5,60.0,1.0,309487.4,2561.0,0.43200388,2.31479402,6,1,5
synthetic_wallet_001845,8,3,5,3.28337245,7.56492446,1.09445748,1.26082074,1.77362837,0.12805072,0,1,5,6,60.0,1.0,387093.0,4578.0,0.43402581,2.30401046,8,3,5
synthetic_wallet_001846,12,7,5,12.26232327,18.95517061,1.75176047,1.72319733,3.43617744,1.2474467,0,3,4,4,60.0,1.0,244467.36363636,3277.0,0.64691179,1.54580581,12,7,5
synthetic_wallet_001847,7,3,4,4.41366367,6.32699319,1.47122122,0.70299924,2.26391352,0.45743475,0,3,3,4,60.0,1.0,447731.33333333,2273.0,0.69759261,1.43350143,7,3,4
synthetic_wallet_001848,7,2,5,2.848138,5.2408558,1.424069,0.87347597,1.8676461,0.24527375,0,2,5,6,60.0,1.0,451825.16666667,75847.0,0.54344903,1.84009897,7,2,5
synthetic_wallet_001849,13,5,8,5.6965846,31.37327417,1.13931692,1.56866371,7.85367369,2.93056757,0,3,4,7,60.0,1.0,233156.58333333,20413.0,0.18157444,5.50738317,13,5,8
synthetic_wallet_001850,10,2,8,0.43663044,35.83386887,0.21831522,1.62881222,11.72534555,7.69268464,0,4,6,6,60.0,1.0,309877.88888889,91711.0,0.01218485,82.06910373,10,2,8
synthetic_wallet_001851,10,2,8,2.19237496,16.31448575,1.09618748,1.01965536,6.01561713,3.36104023,0,4,7,7,60.0,1.0,238702.66666667,10314.0,0.13438211,7.44146692,10,2,8
synthetic_wallet_001852,13,6,7,9.13629009,6.77884483,1.52271501,0.39875558,2.10145232,0.48294159,0,3,5,6,60.0,1.0,147167.33333333,2975.0,1.34776504,0.74196909,13,6,7
synthetic_wallet_001853,4,2,2,0.56686297,2.90420602,0.28343148,0.72605151,2.34238182,0.63002721,0,2,3,2,60.0,1.0,827999.33333333,44349.0,0.1951869,5.12329465,4,2,2
synthetic_wallet_001854,7,5,2,7.07312725,2.38379203,1.41462545,1.19189601,2.36494279,0.59092742,0,1,3,3,60.0,1.0,272844.16666667,160460.0,2.96717464,0.33702095,7,5,2
synthetic_wallet_001855,12,6,6,6.67436598,5.67496775,1.11239433,0.37833118,2.18095258,0.40094438,0,5,6,6,60.0,1.0,238260.45454545,1130.0,1.17610642,0.8502632,12,6,6
synthetic_wallet_001856,7,3,4,4.9319955,15.3010273,1.6439985,1.91262841,5.42239492,3.51528049,0,3,5,4,60.0,1.0,331358.16666667,135349.0,0.322331,3.1024009,7,3,4
synthetic_wallet_001857,13,2,11,3.40455188,11.73149159,1.70227594,0.48881215,2.35119133,0.2730205,0,7,6,8,60.0,1.0,239889.08333333,3802.0,0.29020622,3.44582547,13,2,11
synthetic_wallet_001858,10,3,7,2.80291334,17.65614594,0.93430445,1.1770764,5.36039565,1.4028871,0,4,5,6,60.0,1.0,300843.55555556,19965.0,0.15875001,6.29921221,10,3,7
synthetic_wallet_001859,9,6,3,9.22243923,4.84945361,1.53707321,1.61648454,2.11007404,0.22754038,0,1,3,4,60.0,1.0,307054.75,12140.0,1.90174811,0.52583199,9,6,3
synthetic_wallet_001860,9,4,5,7.5681387,10.41886281,1.89203468,1.04188628,2.5964341,0.74594776,0,1,5,5,60.0,1.0,216716.25,12597.0,0.72638817,1.3766744,9,4,5
synthetic_wallet_001861,14,5,9,7.49933004,12.84001274,1.49986601,0.71333404,3.9497492,0.799335,0,4,8,7,60.0,1.0,220838.61538462,3524.0,0.58405939,1.71215464,14,5,9
synthetic_wallet_001862,9,2,7,2.48830005,9.35090244,1.24415002,0.93509024,2.20429502,0.45449558,0,2,6,6,60.0,1.0,213661.5,14953.0,0.26610266,3.7579481,9,2,7
synthetic_wallet_001863,6,2,4,4.36555667,12.91109669,2.18277834,1.4345663,10.10377421,7.87770909,0,2,5,4,60.0,1.0,514620.8,49636.0,0.33812439,2.95749149,6,2,4
synthetic_wallet_001864,8,3,5,2.94653502,7.21304858,0.98217834,0.72130486,2.01130341,0.42555953,0,3,6,5,60.0,1.0,334181.14285714,17304.0,0.40850065,2.44797653,8,3,5
synthetic_wallet_001865,5,1,4,0.35362134,1.24861882,0.35362134,0.20810314,0.35362134,0.00429856,0,2,4,5,60.0,1.0,251874.0,49281.0,0.28321,3.53094873,5,1,4
synthetic_wallet_001866,8,5,3,4.69775043,6.31088999,0.93955009,2.10363,2.41046895,0.72017073,0,1,4,3,60.0,1.0,398023.71428571,16231.0,0.74438794,1.34338554,8,5,3
synthetic_wallet_001867,8,2,6,3.1922181,9.58747286,1.59610905,0.73749791,5.278411,1.60020404,0,3,6,6,60.0,1.0,317732.71428571,9469.0,0.3329572,3.00338904,8,2,6
synthetic_wallet_001868,11,6,5,7.22777902,26.28038232,1.20462984,3.75434033,8.80173361,6.86112424,0,1,5,4,60.0,1.0,273900.6,10327.0,0.27502564,3.6360246,11,6,5
synthetic_wallet_001869,7,5,2,7.42030812,1.83566615,1.48406162,0.36713323,2.20203473,0.61135756,0,2,2,2,60.0,1.0,467020.83333333,41996.0,4.04229719,0.24738409,7,5,2
synthetic_wallet_001870,8,1,7,1.75152117,25.7112467,1.75152117,1.97778821,7.69135404,6.02567499,0,4,4,7,60.0,1.0,357260.0,55896.0,0.06812276,14.67938107,8,1,7
synthetic_wallet_001871,9,3,6,5.12380855,7.56754036,1.70793618,0.3982916,2.46101385,0.36787931,0,5,4,6,60.0,1.0,275892.75,27055.0,0.67707714,1.4769366,9,3,6
synthetic_wallet_001872,8,3,5,2.94350803,16.72388443,0.98116934,1.52035313,3.37291153,1.62999024,0,3,5,5,60.0,1.0,304663.14285714,25774.0,0.17600624,5.68161672,8,3,5
synthetic_wallet_001873,9,5,4,6.22119367,4.95025842,1.24423873,0.55002871,1.84174343,0.38937603,0,3,4,5,60.0,1.0,287685.125,5137.0,1.25674119,0.79570878,9,5,4
synthetic_wallet_001874,9,4,5,3.24620637,8.62737722,0.81155159,0.86273772,2.16720201,0.35180886,0,3,5,5,60.0,1.0,254769.625,13706.0,0.37626805,2.65767984,9,4,5
synthetic_wallet_001875,9,3,6,3.87665015,22.56106813,1.29221672,1.88008901,17.21340564,17.28365189,0,4,6,5,60.0,1.0,306227.375,94161.0,0.17182919,5.81973283,9,3,6
synthetic_wallet_001876,11,4,7,4.85374718,11.42830943,1.2134368,0.60148997,2.31951539,0.37063639,0,4,3,6,60.0,1.0,248022.2,46694.0,0.42471261,2.35453331,11,4,7
synthetic_wallet_001877,10,5,5,6.5503856,19.91871661,1.31007712,1.24491979,3.75889076,1.62227778,0,5,4,6,60.0,1.0,318032.0,10833.0,0.32885581,3.04084642,10,5,5
synthetic_wallet_001878,10,6,4,6.45209014,5.50752516,1.07534836,1.37688129,2.42191502,0.69670811,0,1,4,4,60.0,1.0,289787.66666667,16160.0,1.17150443,0.85360326,10,6,4
synthetic_wallet_001879,9,2,7,2.72541582,24.92962771,1.36270791,1.66197518,10.9653645,6.34815481,0,4,7,6,60.0,1.0,282092.375,9616.0,0.10932437,9.14709144,9,2,7
synthetic_wallet_001880,10,3,7,4.88295783,5.58971469,1.62765261,0.32880675,1.93762441,0.2677882,0,4,6,5,60.0,1.0,253702.66666667,18665.0,0.87356119,1.1447395,10,3,7
synthetic_wallet_001881,11,2,9,1.45738272,22.18750062,0.72869136,1.47916671,11.68286386,7.0196602,0,3,6,6,60.0,1.0,296682.8,11163.0,0.06568485,15.22421003,11,2,9
synthetic_wallet_001882,2,1,1,0.23434191,1.33249591,0.23434191,0.33312398,0.333124,0.00156126,0,2,2,2,60.0,1.0,98235.0,98235.0,0.17586689,5.68611867,2,1,1
synthetic_wallet_001883,12,5,7,9.3558912,11.46502493,1.87117824,0.67441323,2.37965846,0.53888457,0,3,5,7,60.0,1.0,267588.90909091,25198.0,0.81603758,1.22543376,12,5,7
synthetic_wallet_001884,5,3,2,3.24222372,1.74177215,1.08074124,0.34835443,1.85327001,0.29791104,0,2,2,3,60.0,1.0,371701.5,136149.0,1.86145112,0.53721529,5,3,2
synthetic_wallet_001885,8,6,2,6.53942576,2.30841998,1.08990429,1.15420999,1.67755582,0.21575262,0,1,3,3,60.0,1.0,344625.0,60202.0,2.83285789,0.35300041,8,6,2
synthetic_wallet_001886,11,6,5,7.44860588,8.10452973,1.24143431,0.67537748,2.10501987,0.4325107,0,4,5,5,60.0,1.0,254751.4,32664.0,0.91906701,1.08805995,11,6,5
synthetic_wallet_001887,10,4,6,4.73147475,8.14749285,1.18286869,0.74068117,2.40656008,0.43522845,0,2,7,6,60.0,1.0,291526.44444444,48747.0,0.5807277,1.72197746,10,4,6
synthetic_wallet_001888,11,5,6,6.11439679,6.17954109,1.22287936,0.88279158,2.3187053,0.32597349,0,1,6,6,60.0,1.0,215870.3,47010.0,0.98945807,1.01065425,11,5,6
synthetic_wallet_001889,7,1,6,1.13918321,11.49805697,1.13918321,0.71862856,2.16529204,0.39458354,0,4,5,5,60.0,1.0,496070.16666667,45372.0,0.09907615,10.09324652,7,1,6
synthetic_wallet_001890,10,5,5,8.24331679,14.99745171,1.64866336,1.87468146,3.74337469,1.11577191,0,1,5,2,60.0,1.0,296428.66666667,342.0,0.54964783,1.81934676,10,5,5
synthetic_wallet_001891,16,4,12,4.69413483,16.29376615,1.17353371,0.56185401,2.28571842,0.45758999,0,5,7,7,60.0,1.0,141590.73333333,7478.0,0.28809391,3.47109036,16,4,12
synthetic_wallet_001892,7,5,2,2.30643089,14.56443595,0.46128618,4.85481198,6.78335986,7.32612101,0,1,2,3,60.0,1.0,400369.33333333,140542.0,0.15836047,6.31470729,7,5,2
synthetic_wallet_001893,11,6,5,11.1113471,7.05806298,1.85189118,1.00829471,2.49524527,0.63777061,0,2,5,5,60.0,1.0,237238.0,9928.0,1.57427713,0.63521218,11,6,5
synthetic_wallet_001894,7,2,5,2.40046151,6.75520941,1.20023075,0.75057882,2.32443255,0.6145143,0,3,6,5,60.0,1.0,228440.0,10418.0,0.35534968,2.81412944,7,2,5
synthetic_wallet_001895,9,5,4,3.28649811,6.09295452,0.65729962,0.50774621,1.87537983,0.18453017,0,3,3,5,60.0,1.0,236038.125,11533.0,0.53939318,1.8539352,9,5,4
synthetic_wallet_001896,11,6,5,5.4631542,22.07514439,0.9105257,2.45279382,11.88577859,8.46726978,0,3,5,5,60.0,1.0,272213.3,16961.0,0.24747989,4.04073244,11,6,5
synthetic_wallet_001897,14,6,8,6.47945917,10.45437565,1.07990986,0.95039779,1.70168621,0.21316948,0,2,7,7,60.0,1.0,205183.69230769,1637.0,0.61978442,1.61346424,14,6,8
synthetic_wallet_001898,6,1,5,0.65572309,24.43800107,0.65572309,2.44380011,16.7738091,21.14648136,0,2,5,6,60.0,1.0,533935.8,42886.0,0.02683211,37.26878227,6,1,5
synthetic_wallet_001899,13,2,11,3.07209199,13.80271411,1.536046,0.69013571,2.24464872,0.47062389,0,4,7,7,60.0,1.0,203690.16666667,4931.0,0.22257159,4.49293646,13,2,11
synthetic_wallet_001900,7,5,2,10.0955466,1.40279713,2.01910932,0.28055943,2.40434011,0.82173893,0,2,2,3,60.0,1.0,423584.66666667,46477.0,7.19672602,0.13895207,7,5,2
synthetic_wallet_001901,14,4,10,6.71823037,40.84987813,1.67955759,1.85681264,12.23544567,9.53319732,0,4,8,6,60.0,1.0,169464.92307692,63.0,0.16446145,6.08045213,14,4,10
synthetic_wallet_001902,15,10,5,18.2755807,15.3116767,1.82755807,1.27597306,4.09167389,1.73594916,0,3,6,6,60.0,1.0,204976.42857143,956.0,1.19357149,0.83782162,15,10,5
synthetic_wallet_001903,6,2,4,2.63812725,4.47058811,1.31906363,0.63865544,2.31884785,0.44082522,0,2,5,5,60.0,1.0,481904.2,169983.0,0.59010743,1.6946067,6,2,4
synthetic_wallet_001904,7,1,6,0.07529477,19.2654447,0.07529477,0.96327224,2.30668703,0.53280489,0,4,6,4,60.0,1.0,403664.66666667,72014.0,0.00390828,255.86697057,7,1,6
synthetic_wallet_001905,9,3,6,6.27856543,23.5123089,2.09285514,2.13748263,12.27965624,8.29994073,0,2,6,5,60.0,1.0,287813.0,29861.0,0.26703313,3.74485369,9,3,6
synthetic_wallet_001906,6,4,2,5.60497055,0.89555534,1.40124264,0.22388884,2.36582731,0.72326087,0,2,3,3,60.0,1.0,547527.0,27518.0,6.25865349,0.15977878,6,4,2
synthetic_wallet_001907,6,4,2,2.32618662,0.35449753,0.58154665,0.0506425,1.08008742,0.10516787,0,3,3,3,60.0,1.0,580686.0,119064.0,6.56192617,0.15239428,6,4,2
synthetic_wallet_001908,7,3,4,3.85904532,3.64506205,1.28634844,0.60751034,2.37112341,0.65058774,0,2,5,4,60.0,1.0,398061.66666667,11227.0,1.05870497,0.94455021,7,3,4
synthetic_wallet_001909,7,3,4,6.40180201,15.85000535,2.133934,2.64166756,10.6857434,9.23907049,0,2,3,5,60.0,1.0,301213.5,103044.0,0.40389904,2.47586622,7,3,4
synthetic_wallet_001910,6,2,4,1.80155689,27.8081394,0.90077845,3.47601743,5.07026209,3.13427151,0,3,4,5,60.0,1.0,402546.2,7922.0,0.06478524,15.43561547,6,2,4
synthetic_wallet_001911,10,3,7,3.96768266,11.16257508,1.32256089,0.79732679,2.4411944,0.40487782,0,4,6,5,60.0,1.0,300957.22222222,56992.0,0.3554451,2.81337396,10,3,7
synthetic_wallet_001912,13,5,8,8.74810139,23.27114788,1.74962028,1.22479726,2.81153072,0.80845706,0,6,7,7,60.0,1.0,218550.0,2754.0,0.37592049,2.66013696,13,5,8
synthetic_wallet_001913,8,3,5,1.23860428,4.89285009,0.41286809,0.61160626,1.89527902,0.24961391,0,3,6,6,60.0,1.0,418278.85714286,62831.0,0.25314577,3.95029322,8,3,5
synthetic_wallet_001914,9,5,4,5.95269444,13.10266571,1.19053889,1.31026657,2.43485804,0.91829013,0,1,4,5,60.0,1.0,251250.25,106454.0,0.45431171,2.20113191,9,5,4
synthetic_wallet_001915,11,5,6,5.51806273,40.79434907,1.10361255,2.147071,4.47920945,2.29723469,0,4,5,5,60.0,1.0,231470.6,10137.0,0.13526537,7.39287519,11,5,6
synthetic_wallet_001916,8,1,7,2.37499562,9.33672687,2.37499562,0.66690906,2.37499562,0.56263614,0,4,5,7,60.0,1.0,365811.71428571,45140.0,0.25437133,3.93126067,8,1,7
synthetic_wallet_001917,10,3,7,2.23783414,6.07379058,0.74594471,0.43384218,1.58668231,0.20563131,0,4,5,8,60.0,1.0,226347.88888889,28996.0,0.36844111,2.71413796,10,3,7
synthetic_wallet_001918,7,1,6,2.42469513,8.92037242,2.42469513,0.74336437,2.42469513,0.77505775,0,3,5,5,60.0,1.0,266385.5,10431.0,0.27181546,3.67896661,7,1,6
synthetic_wallet_001919,8,2,6,3.93820402,14.82531773,1.96910201,1.48253177,7.67663568,3.83006006,0,3,4,7,60.0,1.0,358119.28571429,107931.0,0.26564045,3.76448697,8,2,6
synthetic_wallet_001920,8,3,5,5.10891193,19.91969079,1.70297064,1.81088098,3.3966683,1.29279563,0,3,5,5,60.0,1.0,282733.85714286,67369.0,0.25647546,3.89900845,8,3,5
synthetic_wallet_001921,9,4,5,5.30588913,9.00429565,1.32647228,1.50071594,2.19444915,0.20820919,0,1,5,5,60.0,1.0,284352.25,2369.0,0.58926199,1.69703803,9,4,5
synthetic_wallet_001922,9,6,3,9.42294024,3.81364019,1.57049004,0.6356067,2.42024591,0.62574252,0,2,4,4,60.0,1.0,267748.75,39277.0,2.47085193,0.40471871,9,6,3
synthetic_wallet_001923,9,3,6,1.62674966,22.8540256,0.54224989,1.90450213,14.37570405,11.86324275,0,3,6,6,60.0,1.0,264290.625,6647.0,0.07118001,14.04888912,9,3,6
synthetic_wallet_001924,9,5,4,7.38137102,5.80043786,1.4762742,0.82863398,2.25801248,0.6490062,0,2,4,5,60.0,1.0,329149.375,82736.0,1.27255411,0.7858212,9,5,4
synthetic_wallet_001925,13,6,7,8.23655474,4.46282206,1.37275912,0.29752147,2.05489919,0.41757434,0,2,6,6,60.0,1.0,212403.0,196.0,1.84559336,0.54183117,13,6,7
synthetic_wallet_001926,12,3,9,3.50801941,13.68712025,1.1693398,0.59509218,2.35779928,0.30368934,0,5,6,7,60.0,1.0,207823.18181818,4141.0,0.25630077,3.90166605,12,3,9
synthetic_wallet_001927,7,3,4,2.2002174,3.16724226,0.7334058,0.52787371,1.20332032,0.08055511,0,2,5,4,60.0,1.0,269768.5,88485.0,0.69467923,1.43951332,7,3,4
synthetic_wallet_001928,13,5,8,8.379098,17.15099443,1.6758196,0.95283302,10.23878479,4.41581136,0,2,6,6,60.0,1.0,248967.0,30.0,0.48854881,2.04687837,13,5,8
synthetic_wallet_001929,12,6,6,10.8391284,13.78360217,1.8065214,1.06027709,2.20875705,0.39580338,0,4,5,6,60.0,1.0,253008.81818182,8092.0,0.7863785,1.27165226,12,6,6
synthetic_wallet_001930,9,4,5,6.0164788,12.10078653,1.5041197,1.1000715,2.84271593,0.97487223,0,3,6,5,60.0,1.0,240146.875,27546.0,0.49719733,2.01127386,9,4,5
synthetic_wallet_001931,7,3,4,4.23499387,30.59416262,1.41166462,4.37059466,14.58659799,15.08220736,0,1,5,5,60.0,1.0,459944.0,200200.0,0.1384249,7.22413386,7,3,4
synthetic_wallet_001932,6,2,4,0.26961602,3.85800453,0.13480801,0.42866717,2.2154301,0.34119431,0,3,3,3,60.0,1.0,501822.6,114102.0,0.06988484,14.30925555,6,2,4
synthetic_wallet_001933,5,2,3,1.08102109,5.38120547,0.54051054,0.89686758,1.95860243,0.26902933,0,2,3,4,60.0,1.0,577514.25,424663.0,0.20088828,4.97789129,5,2,3
synthetic_wallet_001934,7,4,3,5.4609147,5.22160962,1.36522868,0.6527012,2.3494273,0.54720349,0,2,4,3,60.0,1.0,355529.33333333,29578.0,1.04582975,0.95617857,7,4,3
synthetic_wallet_001935,13,6,7,9.86245625,6.0989606,1.64374271,0.46915082,2.4426252,0.4440159,0,3,5,6,60.0,1.0,174774.25,18467.0,1.61707164,0.61840179,13,6,7
synthetic_wallet_001936,12,2,10,2.93114291,50.87400807,1.46557146,2.42257181,16.23045624,11.74117986,0,4,6,7,60.0,1.0,224266.45454545,78137.0,0.05761573,17.35637246,12,2,10
synthetic_wallet_001937,10,3,7,5.67271698,26.83261373,1.89090566,1.91661527,8.45260638,7.62858344,0,1,5,6,60.0,1.0,310431.0,10062.0,0.21141127,4.73011677,10,3,7
synthetic_wallet_001938,10,5,5,3.32632264,26.69682624,0.66526453,1.77978842,4.25613694,3.08401565,0,4,4,5,60.0,1.0,280629.55555556,5178.0,0.12459618,8.02592807,10,5,5
synthetic_wallet_001939,5,1,4,1.45350699,4.89989255,1.45350699,0.37691481,1.47863031,0.2028897,0,3,5,5,60.0,1.0,566983.75,101841.0,0.29664058,3.37108289,5,1,4
synthetic_wallet_001940,18,7,11,7.11423227,36.93906827,1.0163189,2.17288637,14.9451575,9.06801865,0,3,7,5,60.0,1.0,146158.47058824,14103.0,0.19259371,5.19227752,18,7,11
synthetic_wallet_001941,11,4,7,4.94794783,24.39328227,1.23698696,1.35518235,4.45099242,2.46796086,0,4,6,5,60.0,1.0,290335.6,43914.0,0.20284059,4.92997968,11,4,7
synthetic_wallet_001942,11,4,7,3.96530127,20.50807469,0.99132532,1.57754421,4.35298928,2.09515697,0,2,4,7,60.0,1.0,242146.4,23988.0,0.19335317,5.17188312,11,4,7
synthetic_wallet_001943,8,2,6,3.4721623,23.20804076,1.73608115,1.9340034,12.98036404,9.84272216,0,3,6,5,60.0,1.0,352974.71428571,57254.0,0.14961032,6.68403109,8,2,6
synthetic_wallet_001944,6,1,5,0.23234035,14.62597783,0.23234035,0.97506519,2.50187465,0.96358107,0,3,4,5,60.0,1.0,379408.8,63420.0,0.01588546,62.95065765,6,1,5
synthetic_wallet_001945,15,4,11,4.55719151,14.35482068,1.13929788,0.75551688,2.35462939,0.43178452,0,3,6,7,60.0,1.0,202456.71428571,19886.0,0.31746767,3.14992702,15,4,11
synthetic_wallet_001946,5,2,3,1.69093039,4.17381959,0.8454652,0.83476392,1.98836265,0.37167898,0,2,4,3,60.0,1.0,143869.0,13576.0,0.40512781,2.46835684,5,2,3
synthetic_wallet_001947,13,3,10,4.17769342,19.8346936,1.39256447,0.94450922,3.97600698,0.90123448,0,4,5,6,60.0,1.0,229956.33333333,12740.0,0.21062556,4.74776189,13,3,10
synthetic_wallet_001948,4,3,1,3.65153546,1.69929271,1.21717849,0.42482318,2.11565207,0.33769028,0,2,2,2,60.0,1.0,600109.66666667,39281.0,2.14885607,0.46536388,4,3,1
synthetic_wallet_001949,6,4,2,5.91279263,17.82166555,1.47819816,5.94055518,15.88530667,26.29572575,0,2,2,3,60.0,1.0,458759.6,43631.0,0.33177554,3.01408601,6,4,2
synthetic_wallet_001950,9,2,7,0.47569624,10.53587659,0.23784812,0.55451982,2.42902528,0.4171459,0,5,6,6,60.0,1.0,308466.125,144675.0,0.04515013,22.1483285,9,2,7
synthetic_wallet_001951,10,5,5,5.03662008,22.22238604,1.00732402,3.17462658,7.85689618,6.59147724,0,3,5,5,60.0,1.0,318071.11111111,83942.0,0.22664623,4.41216246,10,5,5
synthetic_wallet_001952,10,2,8,1.48023537,10.65473929,0.74011768,0.53273696,2.4378893,0.27142766,0,4,6,7,60.0,1.0,282057.88888889,40513.0,0.13892741,7.19800344,10,2,8
synthetic_wallet_001953,8,3,5,5.44113208,3.03364367,1.81371069,0.37920546,2.15114828,0.48403912,0,3,5,5,60.0,1.0,413039.85714286,21428.0,1.79359631,0.55753906,8,3,5
synthetic_wallet_001954,4,0,4,0.0,5.01652359,0.0,1.00330472,1.75998194,0.33658755,0,2,4,4,60.0,1.0,583737.0,381887.0,0.0,5016523590.0,4,0,4
synthetic_wallet_001955,9,0,9,0.0,9.7726225,0.0,0.75174019,2.17996111,0.41469813,0,2,5,6,60.0,1.0,215163.0,17303.0,0.0,9772622499.999998,9,0,9
synthetic_wallet_001956,8,3,5,4.20638533,14.36678088,1.40212844,2.05239727,7.90061418,4.60060874,0,1,4,6,60.0,1.0,264084.14285714,39602.0,0.29278551,3.41546952,8,3,5
synthetic_wallet_001957,7,2,5,3.69380555,13.52144845,1.84690278,0.96581775,2.36223001,0.4626121,0,4,5,2,60.0,1.0,404358.33333333,103528.0,0.2731812,3.66057397,7,2,5
synthetic_wallet_001958,9,3,6,5.59310856,10.38075681,1.86436952,0.51903784,2.42277879,0.33189556,0,5,4,6,60.0,1.0,344401.375,37642.0,0.53879584,1.85599058,9,3,6
synthetic_wallet_001959,6,2,4,3.87319812,26.49653864,1.93659906,2.03819528,5.45288837,3.38330677,0,4,3,5,60.0,1.0,351218.4,37063.0,0.14617751,6.8409975,6,2,4
synthetic_wallet_001960,9,6,3,5.12048405,7.99867357,0.85341401,0.66655613,1.61048747,0.11874828,0,3,4,3,60.0,1.0,270788.75,21343.0,0.64016665,1.56209325,9,6,3
synthetic_wallet_001961,15,4,11,4.96895287,24.4627172,1.24223822,0.94087374,3.94211515,1.61496674,0,4,6,8,60.0,1.0,198466.42857143,1776.0,0.20312351,4.92311315,15,4,11
synthetic_wallet_001962,9,3,6,3.12646121,25.03716027,1.04215374,1.78836859,13.59437968,9.11899126,0,4,6,7,60.0,1.0,313527.5,46498.0,0.12487284,8.00814678,9,3,6
synthetic_wallet_001963,5,1,4,1.63184794,9.04825251,1.63184794,1.00536139,4.84262954,1.73008538,0,3,3,4,60.0,1.0,523441.75,177244.0,0.18034951,5.544789,5,1,4
synthetic_wallet_001964,5,1,4,1.90769668,13.75745313,1.90769668,1.05826563,3.0243397,1.7428356,0,4,4,4,60.0,1.0,746648.75,199699.0,0.13866641,7.21155164,5,1,4
synthetic_wallet_001965,9,3,6,5.06916928,22.52162732,1.68972309,1.87680228,4.88109373,2.6525039,0,2,7,6,60.0,1.0,274618.125,8485.0,0.22508006,4.44286353,9,3,6
synthetic_wallet_001966,6,1,5,0.22172996,18.76710548,0.22172996,1.56392546,14.07623752,13.31847807,0,3,6,5,60.0,1.0,455721.4,167063.0,0.01181482,84.63946631,6,1,5
synthetic_wallet_001967,7,2,5,3.46852579,3.45528378,1.7342629,0.34552838,1.88057619,0.42021966,0,1,5,5,60.0,1.0,197508.83333333,44325.0,1.00383239,0.99618224,7,2,5
synthetic_wallet_001968,13,8,5,9.29673247,6.43720318,1.16209156,0.8046504,2.29261222,0.56928626,0,2,5,5,60.0,1.0,237513.0,50407.0,1.44421921,0.69241566,13,8,5
synthetic_wallet_001969,8,3,5,5.50984349,16.80943645,1.8366145,1.52813059,2.960305,1.23910401,0,1,3,4,60.0,1.0,383984.42857143,44693.0,0.32778276,3.05080108,8,3,5
synthetic_wallet_001970,15,7,8,9.18965697,31.29596255,1.31280814,1.95599766,9.73130249,3.74138786,0,3,6,7,60.0,1.0,205564.14285714,11607.0,0.29363714,3.40556374,15,7,8
synthetic_wallet_001971,9,1,8,1.00666681,11.18224489,1.00666681,0.65777911,2.39208594,0.36267446,0,3,8,6,60.0,1.0,284854.375,27428.0,0.09002368,11.10818871,9,1,8
synthetic_wallet_001972,10,6,4,5.59333558,19.95815262,0.9322226,1.99581526,15.3524786,12.77541339,0,4,4,4,60.0,1.0,294147.44444444,28111.0,0.28025317,3.56820225,10,6,4
synthetic_wallet_001973,10,7,3,10.88921001,4.11760304,1.55560143,1.02940076,2.35038474,0.36005612,0,1,3,3,60.0,1.0,267960.77777778,48031.0,2.6445507,0.37813607,10,7,3
synthetic_wallet_001974,8,4,4,3.41480979,4.26765145,0.85370245,0.85353029,2.28136228,0.31113949,0,2,4,5,60.0,1.0,416317.85714286,103236.0,0.80016136,1.24974793,8,4,4
synthetic_wallet_001975,6,1,5,1.08235834,6.47249937,1.08235834,1.0787499,2.425053,0.66231642,0,2,4,4,60.0,1.0,470456.4,189509.0,0.16722417,5.97999676,6,1,5
synthetic_wallet_001976,9,2,7,2.67163752,27.24114426,1.33581876,1.70257152,4.48110591,2.73738767,0,3,6,5,60.0,1.0,348004.75,68244.0,0.09807362,10.19642225,9,2,7
synthetic_wallet_001977,7,3,4,0.82157977,4.67169897,0.27385992,0.7786165,1.78835921,0.28202364,0,1,3,5,60.0,1.0,299836.66666667,23745.0,0.17586317,5.68623905,7,3,4
synthetic_wallet_001978,5,1,4,2.38914117,5.4495085,2.38914117,0.60550094,2.38914117,0.31250983,0,3,3,4,60.0,1.0,424034.75,138936.0,0.43841406,2.28094872,5,1,4
synthetic_wallet_001979,7,4,3,4.01454267,12.49259909,1.00363567,3.12314977,5.04649163,3.23688507,0,2,3,3,60.0,1.0,351601.0,19757.0,0.32135368,3.11183617,7,4,3
synthetic_wallet_001980,8,3,5,3.23417789,17.60628748,1.0780593,2.51518393,12.96437394,13.39020399,0,2,3,4,60.0,1.0,375226.28571429,14470.0,0.18369448,5.44382161,8,3,5
synthetic_wallet_001981,12,6,6,9.1039435,6.62830233,1.51732392,0.47345017,2.34858216,0.53037155,0,4,7,5,60.0,1.0,264710.90909091,59700.0,1.37349551,0.72806936,12,6,6
synthetic_wallet_001982,12,5,7,6.70225365,27.13098957,1.34045073,1.59594056,4.23769179,2.04482148,0,3,6,7,60.0,1.0,224859.63636364,41480.0,0.24703314,4.04803981,12,5,7
synthetic_wallet_001983,6,1,5,0.22275206,4.99929616,0.22275206,0.83321603,1.83713822,0.30684075,0,1,4,6,60.0,1.0,483005.4,45797.0,0.04455668,22.44332178,6,1,5
synthetic_wallet_001984,8,3,5,3.86026548,4.51983171,1.28675516,0.41089379,2.07816171,0.45761549,0,1,5,4,60.0,1.0,314240.57142857,17348.0,0.85407283,1.17086033,8,3,5
synthetic_wallet_001985,5,2,3,1.48867714,9.25763642,0.74433857,1.5429394,5.49227207,2.90598986,0,2,3,4,60.0,1.0,548512.25,311374.0,0.16080531,6.21869993,5,2,3
synthetic_wallet_001986,14,1,13,0.24476618,31.1317575,0.24476618,1.2452703,15.08479067,8.15248891,0,4,8,9,60.0,1.0,207225.0,2472.0,0.00786227,127.18978374,14,1,13
synthetic_wallet_001987,10,3,7,6.14036459,21.65581401,2.0467882,1.44372093,3.52151141,1.73775799,0,3,5,7,60.0,1.0,242967.11111111,30037.0,0.28354347,3.52679612,10,3,7
synthetic_wallet_001988,6,1,5,0.14878003,10.81627064,0.14878003,1.20180785,2.42917116,0.537728,0,3,6,4,60.0,1.0,432466.0,33486.0,0.01375521,72.69974767,6,1,5
synthetic_wallet_001989,13,9,4,12.89966315,34.92620407,1.43329591,4.98945772,17.06555241,15.05848079,0,2,3,4,60.0,1.0,225663.16666667,18905.0,0.36934054,2.70752838,13,9,4
synthetic_wallet_001990,8,2,6,0.49177168,33.37184132,0.24588584,2.56706472,5.66768885,4.78796289,0,3,5,5,60.0,1.0,272991.0,29979.0,0.01473613,67.86043743,8,2,6
synthetic_wallet_001991,9,5,4,4.88004901,5.97945636,0.9760098,0.66438404,1.5579569,0.27500586,0,4,5,4,60.0,1.0,225850.375,1780.0,0.8161359,1.22528613,9,5,4
synthetic_wallet_001992,10,3,7,2.72126602,9.16284393,0.90708867,0.4581422,2.49440822,0.38244331,0,3,8,7,60.0,1.0,244685.0,42907.0,0.29698924,3.3671254,10,3,7
synthetic_wallet_001993,7,2,5,2.30205644,19.55010142,1.15102822,1.77728195,3.80606812,2.1448005,0,4,4,5,60.0,1.0,273775.66666667,68313.0,0.11775164,8.49245096,7,2,5
synthetic_wallet_001994,14,6,8,8.10819581,17.61349249,1.35136597,1.10084328,10.82513284,4.86630078,0,4,6,8,60.0,1.0,146466.38461538,1885.0,0.46034004,2.17230724,14,6,8
synthetic_wallet_001995,6,1,5,1.13278595,2.07060956,1.13278595,0.20706096,1.13278595,0.13055006,0,3,6,5,60.0,1.0,456989.6,98650.0,0.54707849,1.82789128,6,1,5
synthetic_wallet_001996,10,4,6,3.69007784,6.73817883,0.92251946,0.67381788,2.35253677,0.6726206,0,3,7,6,60.0,1.0,268591.0,3805.0,0.54763727,1.8260262,10,4,6
synthetic_wallet_001997,3,2,1,3.97818718,0.39559159,1.98909359,0.39559159,2.04304054,0.56621765,0,1,1,2,60.0,1.0,457182.0,123360.0,10.05629867,0.09944017,3,2,1
synthetic_wallet_001998,11,3,8,2.80805289,25.35023091,0.93601763,1.15228322,5.33944156,2.57899749,0,5,6,6,60.0,1.0,199122.6,29918.0,0.11077031,9.02768997,11,3,8
synthetic_wallet_001999,9,5,4,7.41160004,4.97103903,1.48232001,0.45191264,2.23525206,0.36217924,0,2,5,5,60.0,1.0,265512.875,123119.0,1.49095591,0.67071064,9,5,4
synthetic_wallet_002000,11,7,4,10.0480929,2.54178329,1.43544184,0.28242037,2.27011823,0.6922294,0,4,4,4,60.0,1.0,233426.3,11923.0,3.95316664,0.25296176,11,7,4
synthetic_wallet_002001,10,1,9,0.75904654,26.24503201,0.75904654,1.7496688,5.64915417,3.81950713,0,4,6,8,60.0,1.0,325761.66666667,13377.0,0.02892153,34.57631466,10,1,9
synthetic_wallet_002002,9,2,7,4.47486745,15.60463763,2.23743372,1.41860342,3.42611008,0.61964907,0,2,6,7,60.0,1.0,319837.125,130121.0,0.28676523,3.48717315,9,2,7
synthetic_wallet_002003,9,2,7,2.5211052,16.5196358,1.2605526,1.03247724,4.0885673,1.99929036,0,4,7,6,60.0,1.0,249462.875,31507.0,0.15261264,6.55253728,9,2,7
synthetic_wallet_002004,13,4,9,4.88893431,24.25556272,1.22223358,1.10252558,4.04114401,1.40199328,0,5,6,7,60.0,1.0,231212.08333333,15651.0,0.2015593,4.96131901,13,4,9
synthetic_wallet_002005,9,2,7,2.84391898,24.35870862,1.42195949,1.62391391,4.12672615,2.2621348,0,4,8,5,60.0,1.0,349971.75,71843.0,0.11675163,8.56519078,9,2,7
synthetic_wallet_002006,7,3,4,2.4240398,5.16548032,0.80801327,0.73792576,2.45143115,0.48225822,0,2,5,5,60.0,1.0,445797.83333333,28287.0,0.46927675,2.13093874,7,3,4
synthetic_wallet_002007,7,2,5,0.84979516,5.85683879,0.42489758,0.36605242,0.72900433,0.01939453,0,3,6,5,60.0,1.0,479538.16666667,155567.0,0.14509451,6.89205948,7,2,5
synthetic_wallet_002008,4,1,3,1.42076522,5.41377573,1.42076522,0.49216143,1.42076522,0.06609324,0,3,4,4,60.0,1.0,777843.66666667,174580.0,0.26243518,3.81046471,4,1,3
synthetic_wallet_002009,11,2,9,0.42978305,33.20740342,0.21489152,1.38364181,4.29224985,1.77766506,0,6,8,9,60.0,1.0,274070.4,64380.0,0.01294239,77.26550272,11,2,9
synthetic_wallet_002010,18,5,13,7.74941342,34.85893904,1.54988268,1.02526291,5.45486561,1.46572482,0,6,9,9,60.0,1.0,131176.47058824,4303.0,0.22230778,4.49826808,18,5,13
synthetic_wallet_002011,11,7,4,6.76291085,7.46040229,0.96613012,0.74604023,2.13226132,0.34538305,0,3,4,5,60.0,1.0,213747.6,5427.0,0.90650753,1.1031348,11,7,4
synthetic_wallet_002012,11,2,9,1.0471342,35.78261647,0.5235671,1.8832956,17.61361072,13.94013712,0,5,8,4,60.0,1.0,268212.3,7544.0,0.02926377,34.17194899,11,2,9
synthetic_wallet_002013,7,3,4,4.12776485,4.00976245,1.37592162,0.40097625,2.19309647,0.37613707,0,3,3,4,60.0,1.0,469843.33333333,12111.0,1.02942878,0.97141252,7,3,4
synthetic_wallet_002014,9,3,6,3.33481807,7.23300509,1.11160602,0.60275042,1.32259,0.1101288,0,3,4,7,60.0,1.0,327870.5,60828.0,0.46105568,2.16893544,9,3,6
synthetic_wallet_002015,11,3,8,3.55409926,20.61025972,1.18469975,1.08475051,13.81620317,7.99715447,0,4,5,6,60.0,1.0,211691.3,4429.0,0.17244321,5.79901072,11,3,8
synthetic_wallet_002016,13,3,10,3.4511315,12.79398396,1.15037717,0.55626017,1.99863254,0.38541828,0,4,9,8,60.0,1.0,230651.0,43135.0,0.26974643,3.7071853,13,3,10
synthetic_wallet_002017,9,3,6,3.18883275,8.54048848,1.06294425,0.71170737,2.46878914,0.53605765,0,2,4,5,60.0,1.0,295220.625,8245.0,0.37337826,2.67824911,9,3,6
synthetic_wallet_002018,10,2,8,1.96446176,21.27337596,0.98223088,1.329586,10.77076812,5.7107767,0,2,6,5,60.0,1.0,241565.11111111,83157.0,0.09234368,10.82911177,10,2,8
synthetic_wallet_002019,11,7,4,8.79938021,4.53251668,1.25705432,0.64750238,2.13311785,0.52967227,0,1,4,5,60.0,1.0,171748.3,27137.0,1.94138948,0.51509499,11,7,4
synthetic_wallet_002020,14,5,9,6.34098362,15.14717791,1.26819672,0.72129419,2.3958794,0.41853403,0,6,7,7,60.0,1.0,218193.69230769,20344.0,0.41862475,2.38877417,14,5,9
synthetic_wallet_002021,11,4,7,5.9764145,23.30191601,1.49410362,1.45636975,5.21543427,1.58066922,0,3,6,5,60.0,1.0,282175.0,7578.0,0.25647739,3.89897923,11,4,7
synthetic_wallet_002022,9,5,4,8.30347216,4.48345252,1.66069443,0.44834525,2.35510426,0.61259416,0,4,5,5,60.0,1.0,352003.375,50747.0,1.85202634,0.53994912,9,5,4
synthetic_wallet_002023,9,4,5,5.67290235,9.07514579,1.41822559,1.13439322,5.82649635,2.3611719,0,3,5,4,60.0,1.0,319195.5,20885.0,0.62510316,1.59973594,9,4,5
synthetic_wallet_002024,7,3,4,3.91585366,16.62460437,1.30528455,1.84717826,3.24466046,1.06928473,0,2,3,5,60.0,1.0,243111.0,7902.0,0.23554568,4.2454611,7,3,4
synthetic_wallet_002025,12,3,9,2.97791507,10.53627696,0.99263836,0.50172747,1.8054686,0.27855592,0,5,6,7,60.0,1.0,242383.18181818,12731.0,0.28263447,3.53813884,12,3,9
synthetic_wallet_002026,6,1,5,0.3575668,7.66723175,0.3575668,0.58978706,1.92557868,0.16980374,0,2,5,6,60.0,1.0,403857.2,180042.0,0.04663571,21.44279544,6,1,5
synthetic_wallet_002027,9,3,6,6.82059228,28.21880617,2.27353076,3.13542291,11.52159358,10.20885922,0,3,7,7,60.0,1.0,235701.75,183.0,0.24170379,4.13729556,9,3,6
synthetic_wallet_002028,12,8,4,13.50994159,22.97402235,1.6887427,2.55266915,3.44434407,0.82476116,0,2,5,4,60.0,1.0,267510.09090909,52484.0,0.58805295,1.70052714,12,8,4
synthetic_wallet_002029,13,6,7,8.16707627,10.79402204,1.36117938,1.19933578,2.31011394,0.55771247,0,2,7,6,60.0,1.0,228079.25,455.0,0.75662957,1.3216507,13,6,7
synthetic_wallet_002030,14,3,11,3.87702988,34.26690997,1.29234329,1.63175762,5.67490135,2.67392404,0,5,8,8,60.0,1.0,206854.23076923,5673.0,0.11314209,8.83844361,14,3,11
synthetic_wallet_002031,19,4,15,5.88371785,39.57153517,1.47092946,1.16386868,4.97446897,1.75305667,0,4,8,8,60.0,1.0,141607.33333333,11431.0,0.14868561,6.72560041,19,4,15
synthetic_wallet_002032,15,6,9,6.34600832,27.92147571,1.05766805,1.2139772,11.05726998,4.04240939,0,5,7,7,60.0,1.0,208271.28571429,24179.0,0.22728055,4.39984858,15,6,9
synthetic_wallet_002033,9,4,5,4.90662195,8.8750575,1.22665549,0.73958813,2.24930097,0.64038032,0,2,5,5,60.0,1.0,346078.0,27455.0,0.55285523,1.80879179,9,4,5
synthetic_wallet_002034,7,3,4,2.65081985,4.69102461,0.88360662,0.67014637,1.57383382,0.26466683,0,2,5,4,60.0,1.0,428611.16666667,148695.0,0.56508334,1.76965048,7,3,4
synthetic_wallet_002035,5,0,5,0.0,20.94744342,0.0,1.6113418,3.35907035,1.66262235,0,5,3,4,60.0,1.0,668813.0,29531.0,0.0,20947443419.999996,5,0,5
synthetic_wallet_002036,15,5,10,6.82491706,31.13611281,1.36498341,1.55680564,14.16415608,6.98990585,0,4,6,7,60.0,1.0,199990.0,18918.0,0.21919618,4.56212325,15,5,10
synthetic_wallet_002037,8,1,7,2.4139399,33.9600962,2.4139399,1.99765272,5.04649163,2.23140591,0,3,5,5,60.0,1.0,332528.71428571,24835.0,0.07108166,14.06832714,8,1,7
synthetic_wallet_002038,17,8,9,7.20722114,14.5153324,0.90090264,0.63110141,2.27835312,0.30848678,0,4,5,6,60.0,1.0,179586.1875,13790.0,0.49652471,2.01399848,17,8,9
synthetic_wallet_002039,10,4,6,7.72116749,5.61627292,1.93029187,0.46802274,2.40958675,0.77349095,0,2,5,6,60.0,1.0,265714.88888889,3415.0,1.37478495,0.72738649,10,4,6
synthetic_wallet_002040,12,5,7,7.37116385,11.75577006,1.47423277,1.06870637,2.48510079,0.51885545,0,2,6,7,60.0,1.0,199406.09090909,638.0,0.62702518,1.59483228,12,5,7
synthetic_wallet_002041,4,1,3,0.28756616,4.50980881,0.28756616,0.90196176,2.37348312,0.66471485,0,2,4,4,60.0,1.0,760252.33333333,419146.0,0.0637646,15.68268259,4,1,3
synthetic_wallet_002042,7,3,4,4.67852071,12.38314812,1.5595069,1.23831481,2.3676282,0.40945034,0,4,4,5,60.0,1.0,417891.16666667,142265.0,0.37781351,2.64680844,7,3,4
synthetic_wallet_002043,6,2,4,4.57033422,7.79916738,2.28516711,0.59993595,2.39225432,0.70107513,0,4,4,5,60.0,1.0,354937.0,64037.0,0.58600284,1.70647638,6,2,4
synthetic_wallet_002044,13,5,8,5.96686727,15.55780045,1.19337345,0.97236253,10.19298818,4.51873592,0,3,5,7,60.0,1.0,242491.08333333,10060.0,0.38352898,2.60736493,13,5,8
synthetic_wallet_002045,10,2,8,2.67869295,15.89266276,1.33934648,0.93486252,10.49270683,5.23770686,0,6,6,6,60.0,1.0,334607.11111111,16526.0,0.16854903,5.9329916,10,2,8
synthetic_wallet_002046,8,2,6,1.93134824,7.17514688,0.96567412,0.71751469,2.32267397,0.50528874,0,3,6,6,60.0,1.0,303947.0,152615.0,0.26917194,3.71509743,8,2,6
synthetic_wallet_002047,11,5,6,10.04814479,24.10327049,2.00962896,1.6068847,15.84527437,11.1067246,0,3,5,6,60.0,1.0,210949.0,24469.0,0.4168789,2.39877818,11,5,6
synthetic_wallet_002048,11,5,6,5.07018492,21.42503041,1.01403698,1.53035932,10.26083503,4.96439336,0,2,6,5,60.0,1.0,211701.8,7817.0,0.23664774,4.22569014,11,5,6
synthetic_wallet_002049,7,5,2,8.70981948,13.83472555,1.7419639,1.97638936,3.94414249,1.81034793,0,3,3,3,60.0,1.0,441166.5,122046.0,0.62956214,1.58840554,7,5,2
synthetic_wallet_002050,9,4,5,3.51191984,7.05327201,0.87797996,0.7053272,1.42235558,0.10279167,0,4,4,4,60.0,1.0,268530.75,17359.0,0.49791357,2.0083807,9,4,5
synthetic_wallet_002051,10,7,3,11.16379843,4.88753794,1.59482835,0.81458966,2.31955743,0.51918377,0,1,3,4,60.0,1.0,226182.22222222,55334.0,2.2841354,0.43780242,10,7,3
synthetic_wallet_002052,6,1,5,1.63703563,6.10731571,1.63703563,0.67859063,1.63703563,0.2506186,0,3,6,5,60.0,1.0,542610.6,53309.0,0.26804503,3.73071642,6,1,5
synthetic_wallet_002053,8,5,3,4.76278566,5.38960675,0.95255713,0.89826779,1.68509347,0.25541529,0,2,3,3,60.0,1.0,378394.0,64795.0,0.88369818,1.13160808,8,5,3
synthetic_wallet_002054,7,4,3,3.28365599,3.62021182,0.820914,0.51717312,1.13880997,0.07016641,0,3,3,4,60.0,1.0,452205.5,3341.0,0.90703422,1.10249424,7,4,3
synthetic_wallet_002055,11,2,9,1.50382141,14.6470157,0.75191071,1.33154688,2.39573848,0.74105415,0,2,6,6,60.0,1.0,265620.5,740.0,0.10267084,9.73986379,11,2,9
synthetic_wallet_002056,10,2,8,1.36455101,41.49305307,0.68227551,4.61033923,17.86048871,24.39411845,0,1,7,7,60.0,1.0,287784.88888889,49632.0,0.03288625,30.40784314,10,2,8
synthetic_wallet_002057,11,1,10,1.71364032,19.48462885,1.71364032,1.29897526,6.17744623,3.73078536,0,2,7,8,60.0,1.0,279079.4,62253.0,0.08794832,11.37031419,11,1,10
synthetic_wallet_002058,11,3,8,5.43305409,19.77860712,1.81101803,1.23616295,3.18430373,0.65911982,0,3,5,8,60.0,1.0,246410.7,21164.0,0.27469346,3.64042154,11,3,8
synthetic_wallet_002059,14,4,10,4.95843563,40.63423821,1.23960891,1.62536953,5.23790181,3.3723252,0,6,8,7,60.0,1.0,217759.0,10050.0,0.12202605,8.19497141,14,4,10
synthetic_wallet_002060,7,3,4,3.58146228,10.71088336,1.19382076,2.67772084,4.74952187,1.64455009,0,1,3,4,60.0,1.0,275523.0,30469.0,0.33437599,2.99064531,7,3,4
synthetic_wallet_002061,9,4,5,4.46772985,7.10524625,1.11693246,0.64593148,2.37018789,0.54797061,0,3,6,5,60.0,1.0,341835.5,31478.0,0.6287931,1.59034823,9,4,5
synthetic_wallet_002062,11,7,4,11.67529398,21.35993975,1.66789914,2.37332664,15.42227259,12.43827977,0,2,4,4,60.0,1.0,183318.3,3431.0,0.5465977,1.82949909,11,7,4
synthetic_wallet_002063,11,4,7,6.56770971,24.60306609,1.64192743,1.11832119,8.46097083,4.72903859,0,6,5,5,60.0,1.0,255816.1,8635.0,0.2669468,3.74606479,11,4,7
synthetic_wallet_002064,12,5,7,3.93986781,28.5129,0.78797356,1.78205625,4.23769179,2.56343798,0,5,5,5,60.0,1.0,176192.0,40772.0,0.13817843,7.23701946,12,5,7
synthetic_wallet_002065,4,1,3,2.21705509,4.1618397,2.21705509,0.69363995,2.21705509,0.50955807,0,2,3,3,60.0,1.0,846274.0,371406.0,0.53271035,1.87719273,4,1,3
synthetic_wallet_002066,9,6,3,7.37316146,7.14391347,1.22886024,0.89298918,2.12082043,0.52847585,0,3,4,4,60.0,1.0,304022.75,5637.0,1.03208997,0.96890778,9,6,3
synthetic_wallet_002067,8,2,6,3.54360406,16.37845823,1.77180203,1.63784582,9.95029116,6.70037368,0,2,6,4,60.0,1.0,370937.71428571,29230.0,0.21635761,4.6219775,8,2,6
synthetic_wallet_002068,6,0,6,0.0,16.53930642,0.0,0.91885036,1.7215912,0.50119474,0,5,4,3,60.0,1.0,384731.6,137154.0,0.0,16539306419.999998,6,0,6
synthetic_wallet_002069,13,4,9,5.43552795,30.18530859,1.35888199,1.67696159,3.94826241,1.31822366,0,4,6,7,60.0,1.0,240180.75,52317.0,0.18007197,5.55333518,13,4,9
synthetic_wallet_002070,13,3,10,4.67557406,45.88212495,1.55852469,2.08555113,6.50074233,3.35239387,0,4,8,7,60.0,1.0,228767.91666667,12943.0,0.10190404,9.81315329,13,3,10
synthetic_wallet_002071,5,2,3,2.19365506,11.13488116,1.09682753,1.59069731,4.89883884,3.64828502,0,1,4,3,60.0,1.0,352583.25,248159.0,0.1970075,5.07594898,5,2,3
synthetic_wallet_002072,12,6,6,6.79198344,10.25424951,1.13199724,0.9322045,2.25516889,0.39517397,0,3,5,5,60.0,1.0,257460.09090909,29485.0,0.66235793,1.50975773,12,6,6
synthetic_wallet_002073,7,2,5,4.4522023,6.50211118,2.22610115,0.8127639,2.47240675,0.61986902,0,2,5,6,60.0,1.0,470819.0,19748.0,0.6847318,1.46042582,7,2,5
synthetic_wallet_002074,7,4,3,4.12843771,4.80067366,1.03210943,0.96013473,2.45865789,0.85952151,0,2,4,4,60.0,1.0,375457.16666667,61702.0,0.8599705,1.16283059,7,4,3
synthetic_wallet_002075,10,2,8,0.15565084,14.11974415,0.07782542,0.88248401,4.04727409,0.84877953,0,3,6,6,60.0,1.0,224928.44444444,18477.0,0.01102363,90.71421748,10,2,8
synthetic_wallet_002076,5,2,3,0.86044175,4.33671427,0.43022088,0.61953061,0.86177749,0.04658645,0,2,3,3,60.0,1.0,598096.25,171248.0,0.19840868,5.0401021,5,2,3
synthetic_wallet_002077,9,5,4,9.21505413,2.78490141,1.84301083,0.39784306,2.29356774,0.65164062,0,2,5,4,60.0,1.0,320268.5,23196.0,3.3089337,0.30221216,9,5,4
synthetic_wallet_002078,18,10,8,8.47384966,11.57846469,0.84738497,0.60939288,1.96728535,0.15086892,0,4,6,8,60.0,1.0,175870.58823529,13594.0,0.73186298,1.36637599,18,10,8
synthetic_wallet_002079,12,1,11,2.33730753,14.91448161,2.33730753,0.51429247,2.33730753,0.37749499,0,6,7,6,60.0,1.0,223078.72727273,9515.0,0.15671396,6.38105231,12,1,11
synthetic_wallet_002080,6,1,5,0.66026895,5.85816444,0.66026895,0.45062803,0.80227475,0.07238128,0,5,6,3,60.0,1.0,441645.4,252794.0,0.11270919,8.87239123,6,1,5
synthetic_wallet_002081,12,6,6,4.33686854,38.18013839,0.72281142,2.72715274,5.71353905,3.50448365,0,3,5,6,60.0,1.0,254795.27272727,5131.0,0.11358965,8.80361903,12,6,6
synthetic_wallet_002082,13,7,6,9.34378219,6.72107803,1.33482603,0.74678645,2.16644436,0.70622997,0,2,5,6,60.0,1.0,227685.41666667,9467.0,1.39022076,0.71931022,13,7,6
synthetic_wallet_002083,10,4,6,5.9434283,4.42284334,1.48585707,0.40207667,2.07446778,0.50142903,0,2,3,5,60.0,1.0,320836.55555556,16835.0,1.34380258,0.74415693,10,4,6
synthetic_wallet_002084,8,4,4,7.28964405,15.95899212,1.82241101,3.19179842,5.72122839,2.98229185,0,2,5,5,60.0,1.0,409340.71428571,57161.0,0.45677346,2.18926905,8,4,4
synthetic_wallet_002085,9,3,6,4.35004673,29.43656434,1.45001558,2.10261174,4.25271607,1.99065082,0,3,5,7,60.0,1.0,305375.75,46285.0,0.14777699,6.76695359,9,3,6
synthetic_wallet_002086,8,2,6,0.56983252,7.2433013,0.28491626,0.55717702,1.07687987,0.10495065,0,1,5,6,60.0,1.0,410154.0,8021.0,0.07867028,12.71128103,8,2,6
synthetic_wallet_002087,9,4,5,5.83623634,7.47493434,1.45905909,1.06784776,2.39087882,0.41635776,0,2,6,5,60.0,1.0,317401.0,2557.0,0.78077426,1.28077992,9,4,5
synthetic_wallet_002088,10,5,5,8.21340435,24.55926385,1.64268087,2.45592639,17.96426499,18.27683288,0,3,4,5,60.0,1.0,317935.22222222,26749.0,0.33443203,2.99014426,10,5,5
synthetic_wallet_002089,13,4,9,5.0657628,21.39361606,1.2664407,1.18853423,5.66311341,1.85002238,0,5,8,8,60.0,1.0,206695.41666667,2022.0,0.23678853,4.22317762,13,4,9
synthetic_wallet_002090,7,4,3,4.68746389,2.7198142,1.17186597,0.45330237,1.98436327,0.31914127,0,2,3,3,60.0,1.0,317870.83333333,153132.0,1.72345004,0.5802315,7,4,3
synthetic_wallet_002091,10,2,8,3.41690282,21.04770092,1.70845141,1.23810005,12.11966798,6.92308126,0,2,8,6,60.0,1.0,269831.11111111,7858.0,0.16234091,6.15987695,10,2,8
synthetic_wallet_002092,10,5,5,4.6097629,22.34082214,0.92195258,2.03098383,5.33944156,3.28942279,0,3,4,5,60.0,1.0,161537.22222222,34634.0,0.2063381,4.84641458,10,5,5
synthetic_wallet_002093,11,6,5,8.19424627,13.86441019,1.36570771,1.54049002,7.30107334,2.7952832,0,2,5,5,60.0,1.0,281201.6,28860.0,0.5910274,1.69196894,11,6,5
synthetic_wallet_002094,10,4,6,5.86559993,7.44708057,1.46639998,0.93088507,2.09885595,0.31236693,0,2,3,6,60.0,1.0,309037.0,13905.0,0.7876375,1.26961959,10,4,6
synthetic_wallet_002095,11,3,8,3.74416589,26.29256473,1.2480553,1.87804034,7.23560386,6.22732573,0,3,7,7,60.0,1.0,291410.5,27488.0,0.14240398,7.02227559,11,3,8
synthetic_wallet_002096,15,4,11,4.6253437,32.34580254,1.15633593,1.24406933,6.90022675,2.88716646,0,7,6,7,60.0,1.0,165343.0,30698.0,0.14299672,6.99316735,15,4,11
synthetic_wallet_002097,8,2,6,3.72320896,7.83541099,1.86160448,0.7835411,2.4765748,0.73063832,0,2,5,6,60.0,1.0,232958.85714286,30861.0,0.47517724,2.1044779,8,2,6
synthetic_wallet_002098,7,4,3,6.31970264,4.26578664,1.57992566,0.47397629,2.14120496,0.34841709,0,2,3,4,60.0,1.0,287668.16666667,68226.0,1.48148587,0.674998,7,4,3
synthetic_wallet_002099,7,5,2,4.91165236,2.75658796,0.98233047,0.91886265,2.3102389,0.70004915,0,2,3,3,60.0,1.0,406129.33333333,71154.0,1.78178692,0.56123434,7,5,2
synthetic_wallet_002100,17,4,13,2.79424124,27.80700483,0.69856031,1.32414309,5.47297009,2.24453793,0,3,8,9,60.0,1.0,186480.1875,10002.0,0.10048695,9.95154049,17,4,13
synthetic_wallet_002101,9,2,7,3.28993596,20.62180498,1.64496798,2.0621805,5.93654556,3.67231328,0,4,5,7,60.0,1.0,260833.0,89887.0,0.15953676,6.26814784,9,2,7
synthetic_wallet_002102,10,1,9,2.06723054,11.93005845,2.06723054,0.99417154,2.23433103,0.47785187,0,1,7,8,60.0,1.0,313232.33333333,40668.0,0.17327916,5.77103435,10,1,9
synthetic_wallet_002103,7,2,5,2.46066433,13.96079015,1.23033216,1.55119891,9.26422735,6.62601977,0,1,4,5,60.0,1.0,321496.33333333,2693.0,0.17625538,5.67358578,7,2,5
synthetic_wallet_002104,9,5,4,5.73305432,5.75508306,1.14661086,0.82215472,2.28682285,0.30739483,0,1,5,4,60.0,1.0,337976.125,18423.0,0.9961723,1.00384241,9,5,4
synthetic_wallet_002105,8,5,3,4.67650187,2.81327006,0.93530037,0.46887834,2.1717348,0.47619253,0,2,3,3,60.0,1.0,364524.14285714,7046.0,1.66230108,0.60157574,8,5,3
synthetic_wallet_002106,6,3,3,5.88191128,14.39851783,1.96063709,3.59962946,11.2508603,11.91553276,0,2,3,2,60.0,1.0,342555.4,86630.0,0.40850811,2.44793183,6,3,3
synthetic_wallet_002107,11,2,9,2.592042,12.0416844,1.296021,0.75260527,2.36403723,0.58650435,0,4,8,8,60.0,1.0,291891.4,53909.0,0.21525577,4.6456363,11,2,9
synthetic_wallet_002108,8,2,6,1.76886546,13.28636478,0.88443273,1.20785134,7.71833049,4.06964689,0,2,5,5,60.0,1.0,222574.28571429,293.0,0.13313389,7.51123535,8,2,6
synthetic_wallet_002109,8,5,3,8.27577034,7.4032326,1.65515407,1.2338721,6.10238003,2.9214508,0,2,3,4,60.0,1.0,307540.0,15900.0,1.11785902,0.89456719,8,5,3
synthetic_wallet_002110,14,5,9,7.12875397,17.39492684,1.42575079,0.96638482,2.44432904,0.6315,0,4,7,8,60.0,1.0,214000.15384615,7181.0,0.40981799,2.44010761,14,5,9
synthetic_wallet_002111,11,2,9,2.32147,9.10852197,1.160735,0.6072348,1.8773608,0.3222398,0,2,6,8,60.0,1.0,255590.7,44449.0,0.25486791,3.92360098,11,2,9
synthetic_wallet_002112,12,6,6,6.81493913,8.04697432,1.13582319,0.47335143,1.98848233,0.37343035,0,4,5,6,60.0,1.0,201914.45454545,43792.0,0.8468946,1.18078447,12,6,6
synthetic_wallet_002113,14,3,11,3.57696125,14.86048652,1.19232042,0.82558258,2.1484842,0.45510462,0,3,7,8,60.0,1.0,217486.92307692,3492.0,0.24070284,4.15450028,14,3,11
synthetic_wallet_002114,8,2,6,2.02089018,4.15943028,1.01044509,0.51992878,1.63227743,0.22885427,0,2,5,5,60.0,1.0,318585.14285714,54293.0,0.48585745,2.05821688,8,2,6
synthetic_wallet_002115,16,7,9,10.39889214,26.8343919,1.48555602,1.27782819,17.03188701,9.47042826,0,4,5,7,60.0,1.0,170122.73333333,2271.0,0.38752107,2.58050488,16,7,9
synthetic_wallet_002116,10,4,6,8.07074131,5.72998318,2.01768533,0.57299832,2.41304156,0.90139914,0,3,5,7,60.0,1.0,271758.22222222,3386.0,1.40851047,0.70996987,10,4,6
synthetic_wallet_002117,8,5,3,5.69579441,5.58042757,1.13915888,0.46503563,1.86114468,0.19517354,0,3,3,4,60.0,1.0,398014.0,56327.0,1.02067348,0.97974526,8,5,3
synthetic_wallet_002118,8,2,6,3.06040005,8.4187766,1.53020003,1.05234707,2.17954234,0.31246853,0,2,6,5,60.0,1.0,269946.42857143,9711.0,0.36352076,2.75087455,8,2,6
synthetic_wallet_002119,12,4,8,4.33692212,11.89433023,1.08423053,0.56639668,2.02330307,0.24928557,0,4,5,8,60.0,1.0,252082.45454545,5610.0,0.36462096,2.74257409,12,4,8
synthetic_wallet_002120,7,3,4,5.02622113,25.74530869,1.67540704,3.21816359,9.2755374,6.58125601,0,2,4,4,60.0,1.0,317695.83333333,32034.0,0.19522862,5.12219976,7,3,4
synthetic_wallet_002121,9,4,5,4.14273962,4.19432655,1.03568491,0.52429082,2.21220454,0.61171971,0,2,4,5,60.0,1.0,308356.25,29388.0,0.98770078,1.01245237,9,4,5
synthetic_wallet_002122,15,6,9,7.48956758,14.56179939,1.24826126,0.97078663,2.43255848,0.57561627,0,4,8,7,60.0,1.0,180473.71428571,43762.0,0.51432981,1.94427772,15,6,9
synthetic_wallet_002123,11,2,9,3.19355721,35.65392967,1.5967786,1.78269648,5.16945933,2.89918439,0,4,5,6,60.0,1.0,253905.6,46306.0,0.08957097,11.16433097,11,2,9
synthetic_wallet_002124,10,2,8,4.89831502,5.88463398,2.44915751,0.2942317,2.47720401,0.41368766,0,6,8,7,60.0,1.0,271635.66666667,84295.0,0.83239077,1.20135883,10,2,8
synthetic_wallet_002125,8,2,6,1.79412336,20.56180753,0.89706168,2.57022594,15.17435051,18.85401485,0,1,5,7,60.0,1.0,394184.57142857,86015.0,0.08725514,11.46064311,8,2,6
synthetic_wallet_002126,9,2,7,1.97279113,12.90783493,0.98639557,0.92198821,4.51654143,1.20224727,0,2,7,7,60.0,1.0,240447.625,16251.0,0.15283672,6.54293034,9,2,7
synthetic_wallet_002127,10,2,8,2.93970426,18.35232463,1.46985213,1.01957359,2.27095086,0.53979967,0,3,5,6,60.0,1.0,227460.55555556,50332.0,0.16018157,6.24291528,10,2,8
synthetic_wallet_002128,6,0,6,0.0,35.60825627,0.0,2.54344688,4.48357357,3.06449587,0,4,6,5,60.0,1.0,198251.4,86647.0,0.0,35608256269.99999,6,0,6
synthetic_wallet_002129,12,3,9,3.83099872,23.3406828,1.27699957,1.06094013,4.84960525,2.21911655,0,5,6,6,60.0,1.0,264817.0,41424.0,0.16413396,6.09258434,12,3,9
synthetic_wallet_002130,10,1,9,1.1748206,34.61133917,1.1748206,2.47223851,8.49275656,9.40211091,0,4,7,8,60.0,1.0,242133.33333333,167.0,0.03394323,29.46095699,10,1,9
synthetic_wallet_002131,10,5,5,4.92858842,21.19517395,0.98571768,1.4130116,3.93226805,2.03953441,0,2,4,4,60.0,1.0,289591.0,18734.0,0.23253352,4.30045525,10,5,5
synthetic_wallet_002132,4,1,3,1.71672333,13.68234432,1.71672333,4.56078144,9.52197615,10.78717482,0,1,4,4,60.0,1.0,965248.33333333,513902.0,0.12546997,7.97003459,4,1,3
synthetic_wallet_002133,9,6,3,6.16635886,3.53179336,1.02772648,0.70635867,1.99238843,0.26137811,0,2,4,2,60.0,1.0,311068.875,91025.0,1.74595686,0.57275184,9,6,3
synthetic_wallet_002134,12,2,10,2.43510729,27.38738883,1.21755364,1.01434773,10.10944386,3.52287247,0,7,7,6,60.0,1.0,259947.72727273,32625.0,0.08891345,11.24689205,12,2,10
synthetic_wallet_002135,6,2,4,2.01891665,6.0934481,1.00945832,0.60934481,1.10485292,0.12975577,0,4,3,5,60.0,1.0,424989.2,275333.0,0.33132581,3.01817715,6,2,4
synthetic_wallet_002136,9,3,6,4.04446543,22.17947087,1.34815514,1.38621693,3.94211515,2.07512188,0,3,4,5,60.0,1.0,195288.25,18150.0,0.18235175,5.48390665,9,3,6
synthetic_wallet_002137,6,2,4,3.35124963,4.38076556,1.67562481,0.43807656,1.8048593,0.25423755,0,4,3,4,60.0,1.0,306684.6,2539.0,0.76499178,1.30720359,6,2,4
synthetic_wallet_002138,13,7,6,10.00720675,8.27561294,1.42960096,0.82756129,2.45510684,0.72672818,0,2,5,5,60.0,1.0,240708.91666667,38645.0,1.20924055,0.82696532,13,7,6
synthetic_wallet_002139,10,5,5,6.82970129,7.67273057,1.36594026,0.76727306,2.08604068,0.47866655,0,3,4,6,60.0,1.0,314736.66666667,32678.0,0.89012656,1.12343575,10,5,5
synthetic_wallet_002140,13,4,9,4.21766568,21.36815473,1.05441642,0.92905021,12.44884156,5.21796481,0,3,8,7,60.0,1.0,231826.5,27670.0,0.1973809,5.06634626,13,4,9
synthetic_wallet_002141,10,4,6,6.98421372,21.54703096,1.74605343,1.19705728,3.58254655,1.48114786,0,2,6,4,60.0,1.0,215974.44444444,18693.0,0.3241381,3.08510476,10,4,6
synthetic_wallet_002142,10,3,7,3.53050818,10.22510842,1.17683606,0.63906928,2.41475412,0.50818304,0,4,6,7,60.0,1.0,217472.77777778,7345.0,0.34527831,2.89621434,10,3,7
synthetic_wallet_002143,8,2,6,2.45004367,20.62825226,1.22502183,1.87529566,3.52151141,1.85672856,0,2,6,5,60.0,1.0,374920.14285714,42261.0,0.11877127,8.41954473,8,2,6
synthetic_wallet_002144,12,3,9,4.37578167,30.67721685,1.45859389,1.53386084,3.97579089,2.06046716,0,5,7,7,60.0,1.0,192570.72727273,18763.0,0.14263946,7.0106827,12,3,9
synthetic_wallet_002145,6,2,4,2.13270145,4.41717669,1.06635072,0.63102524,1.54263097,0.19999731,0,2,5,4,60.0,1.0,439880.2,2951.0,0.48282005,2.07116504,6,2,4
synthetic_wallet_002146,6,1,5,0.7596587,7.14100119,0.7596587,1.42820024,2.17847964,0.53882594,0,1,4,6,60.0,1.0,486075.8,54065.0,0.10637986,9.40027566,6,1,5
synthetic_wallet_002147,2,0,2,0.0,13.69701291,0.0,6.84850645,12.1395106,27.99472486,0,1,2,2,60.0,1.0,1786629.0,1786629.0,0.0,13697012909.999998,2,0,2
synthetic_wallet_002148,15,5,10,7.10329307,12.67590541,1.42065861,0.55112632,2.27243872,0.49081165,0,4,9,9,60.0,1.0,176614.42857143,29766.0,0.56037757,1.78451111,15,5,10
synthetic_wallet_002149,7,5,2,7.78973703,2.44558046,1.55794741,0.81519349,2.27632354,0.39790804,0,2,2,3,60.0,1.0,364997.66666667,30934.0,3.18523032,0.31394904,7,5,2
synthetic_wallet_002150,11,4,7,3.89161484,12.95550735,0.97290371,0.76208867,2.35423261,0.22040542,0,4,7,6,60.0,1.0,271269.7,17702.0,0.30038305,3.32908263,11,4,7
synthetic_wallet_002151,10,3,7,3.99297401,11.20991913,1.33099134,1.24554657,2.32518985,0.49508348,0,1,5,6,60.0,1.0,227850.88888889,23178.0,0.35620007,2.80741099,10,3,7
synthetic_wallet_002152,11,8,3,10.64505599,9.4524361,1.330632,1.57540602,6.77322227,2.94385388,0,2,4,3,60.0,1.0,247833.2,22171.0,1.12617064,0.8879649,11,8,3
synthetic_wallet_002153,8,2,6,1.57305103,10.79394921,0.78652552,0.71959661,2.8891655,0.33519684,0,3,6,6,60.0,1.0,355458.0,32542.0,0.14573452,6.86179215,8,2,6
synthetic_wallet_002154,12,5,7,7.75333378,27.84096742,1.55066676,1.63770397,8.68554609,5.53954273,0,4,4,6,60.0,1.0,262887.36363636,53255.0,0.27848651,3.59083824,12,5,7
synthetic_wallet_002155,15,4,11,3.72259597,36.81296792,0.93064899,1.67331672,8.46097083,4.47048903,0,5,9,8,60.0,1.0,206804.64285714,2511.0,0.10112186,9.88905812,15,4,11
synthetic_wallet_002156,7,5,2,6.00396548,9.14023317,1.2007931,2.28505829,2.84558798,0.94664813,0,1,3,3,60.0,1.0,423818.66666667,123123.0,0.65687224,1.52236604,7,5,2
synthetic_wallet_002157,7,4,3,4.73472777,17.10062974,1.18368194,2.85010496,3.38714834,1.12145197,0,1,4,3,60.0,1.0,388175.83333333,48937.0,0.27687447,3.61174508,7,4,3
synthetic_wallet_002158,10,4,6,4.30075191,14.85645975,1.07518798,1.1428046,2.10119455,0.48668385,0,3,4,5,60.0,1.0,292691.11111111,28837.0,0.289487,3.4543866,10,4,6
synthetic_wallet_002159,7,5,2,8.96490395,2.60331694,1.79298079,0.86777231,2.46757316,0.59692749,0,2,3,2,60.0,1.0,280473.33333333,30190.0,3.44364676,0.29038983,7,5,2
synthetic_wallet_002160,8,4,4,4.42421742,27.42706088,1.10605435,2.49336917,9.31770929,7.07530968,0,3,4,4,60.0,1.0,369510.71428571,19609.0,0.16130848,6.19930222,8,4,4
synthetic_wallet_002161,6,3,3,4.30456796,9.02548166,1.43485599,1.50424694,2.40855038,0.87589741,0,2,3,3,60.0,1.0,507205.2,57528.0,0.47693498,2.09672184,6,3,3
synthetic_wallet_002162,13,4,9,3.72859253,40.40694434,0.93214813,2.69379629,17.39328616,25.50883933,0,4,6,7,60.0,1.0,193531.58333333,36177.0,0.09227603,10.83705018,13,4,9
synthetic_wallet_002163,6,1,5,1.41049282,37.09836777,1.41049282,2.8537206,15.45819292,14.34459204,0,3,5,4,60.0,1.0,401673.0,44504.0,0.03802035,26.30170621,6,1,5
synthetic_wallet_002164,10,6,4,7.76494065,3.70695954,1.29415678,0.61782659,2.24346451,0.63251274,0,2,5,4,60.0,1.0,319191.55555556,25713.0,2.09469258,0.47739702,10,6,4
synthetic_wallet_002165,11,5,6,4.92870761,9.85881754,0.98574152,0.6572545,2.45275833,0.36031444,0,4,7,6,60.0,1.0,240161.0,12767.0,0.49992888,2.00028452,11,5,6
synthetic_wallet_002166,4,3,1,3.55627207,0.20679747,1.18542402,0.20679747,1.92962104,0.54029016,0,1,2,2,60.0,1.0,662878.33333333,78669.0,17.19688384,0.05815007,4,3,1
synthetic_wallet_002167,13,6,7,10.89809369,11.01367339,1.81634895,0.78669096,4.15225515,1.00314537,0,4,6,6,60.0,1.0,212277.0,27389.0,0.9895058,1.0106055,13,6,7
synthetic_wallet_002168,10,1,9,0.12652459,37.19195363,0.12652459,2.18776198,6.71910263,3.57470688,0,3,6,8,60.0,1.0,289498.77777778,75095.0,0.00340193,293.95039834,10,1,9
synthetic_wallet_002169,9,7,2,10.62720932,16.96300426,1.51817276,4.24075107,4.87630778,2.34245814,0,1,3,3,60.0,1.0,238548.75,937.0,0.62649335,1.59618614,9,7,2
synthetic_wallet_002170,6,3,3,4.15830056,4.58465748,1.38610019,0.50940639,2.19801489,0.73552057,0,3,3,3,60.0,1.0,517660.2,31118.0,0.90700354,1.10253153,6,3,3
synthetic_wallet_002171,3,3,0,3.30861734,0.0,1.10287245,0.0,1.89764025,0.31858009,0,1,1,1,60.0,1.0,302431.5,222272.0,3308617340.0,0.0,3,3,0
synthetic_wallet_002172,10,4,6,6.01382585,49.76431227,1.50345646,3.31762082,8.92943147,5.68884542,0,5,6,6,60.0,1.0,270938.44444444,26129.0,0.12084616,8.27498393,10,4,6
synthetic_wallet_002173,10,3,7,1.21518726,22.26217106,0.40506242,2.22621711,14.57616005,13.92476067,0,2,6,6,60.0,1.0,320400.22222222,93346.0,0.0545853,18.319951,10,3,7
synthetic_wallet_002174,18,7,11,8.56204162,28.0321384,1.2231488,1.86880923,10.80031725,4.83701988,0,3,7,9,60.0,1.0,169392.76470588,2555.0,0.30543662,3.27400165,18,7,11
synthetic_wallet_002175,9,5,4,5.56897954,16.96924671,1.11379591,2.12115584,4.60854952,2.6770474,0,2,4,4,60.0,1.0,359306.0,53349.0,0.32818072,3.04710164,9,5,4
synthetic_wallet_002176,10,4,6,5.89377597,7.35332386,1.47344399,0.49022159,2.03537088,0.36169069,0,5,6,6,60.0,1.0,296941.11111111,165.0,0.80151182,1.24764224,10,4,6
synthetic_wallet_002177,7,1,6,0.28170281,19.63497668,0.28170281,1.30899845,3.20343329,1.32490424,0,1,7,6,60.0,1.0,428688.66666667,83351.0,0.01434699,69.70103238,7,1,6
synthetic_wallet_002178,5,1,4,2.20357005,12.04116901,2.20357005,2.0068615,2.91291917,0.72975484,0,1,5,5,60.0,1.0,674590.25,204783.0,0.183003,5.4643913,5,1,4
synthetic_wallet_002179,8,3,5,1.70858739,20.09450477,0.56952913,2.5118131,13.55913383,14.12020137,0,2,6,5,60.0,1.0,387512.85714286,68799.0,0.08502759,11.76088791,8,3,5
synthetic_wallet_002180,15,7,8,6.40201381,17.53008605,0.9145734,1.03118153,2.78136195,0.67953965,0,4,7,7,60.0,1.0,181501.78571429,121.0,0.36520151,2.73821434,15,7,8
synthetic_wallet_002181,9,3,6,3.00716722,31.15350805,1.00238907,2.07690054,7.89110415,7.27065458,0,2,6,4,60.0,1.0,286089.25,7357.0,0.0965274,10.35975247,9,3,6
synthetic_wallet_002182,5,2,3,2.54814497,20.27384001,1.27407249,3.37897333,5.8477755,5.41950858,0,2,3,4,60.0,1.0,659194.0,329308.0,0.12568635,7.95631342,5,2,3
synthetic_wallet_002183,10,1,9,0.05571577,22.92615556,0.05571577,0.88177521,2.44436141,0.58104494,0,5,5,7,60.0,1.0,265054.77777778,60152.0,0.00243023,411.48413744,10,1,9
synthetic_wallet_002184,10,4,6,7.34209811,6.36119261,1.83552453,0.53009938,2.48924755,0.46384875,0,2,3,7,60.0,1.0,145042.11111111,24848.0,1.15420151,0.86639984,10,4,6
synthetic_wallet_002185,11,4,7,4.07045426,31.45209176,1.01761356,2.62100765,11.38184019,10.39094147,0,3,6,6,60.0,1.0,220752.9,7117.0,0.1294176,7.72692426,11,4,7
synthetic_wallet_002186,7,3,4,2.44659955,7.64855266,0.81553318,1.09265038,2.16180537,0.25215792,0,2,4,4,60.0,1.0,446762.0,10767.0,0.31987745,3.1261972,7,3,4
synthetic_wallet_002187,12,5,7,8.01033533,9.67162619,1.60206707,0.56891919,2.36414937,0.54237984,0,4,6,7,60.0,1.0,236231.0,5598.0,0.82823045,1.20739342,12,5,7
synthetic_wallet_002188,10,5,5,6.65432857,8.41353235,1.33086571,0.84135324,2.06430952,0.46825506,0,3,4,5,60.0,1.0,283540.22222222,11480.0,0.79090782,1.26436984,10,5,5
synthetic_wallet_002189,12,3,9,3.03735843,27.24626828,1.01245281,1.0479334,3.71030228,1.48632986,0,6,8,8,60.0,1.0,220348.63636364,34257.0,0.11147796,8.97038295,12,3,9
synthetic_wallet_002190,5,2,3,2.25868588,4.8961622,1.12934294,0.44510565,1.39651662,0.12123028,0,3,4,4,60.0,1.0,363747.25,35286.0,0.46131762,2.1677039,5,2,3
synthetic_wallet_002191,11,3,8,3.76711632,48.67268894,1.25570544,1.67836858,6.53552191,2.43197484,0,6,6,7,60.0,1.0,268129.8,7884.0,0.07739692,12.92041042,11,3,8
synthetic_wallet_002192,13,3,10,4.58622051,10.74755937,1.52874017,0.48852543,1.92122783,0.25446236,0,5,7,8,60.0,1.0,225211.75,9699.0,0.42672204,2.34344584,13,3,10
synthetic_wallet_002193,18,4,14,6.29036154,57.7748548,1.57259039,1.99223637,8.49844237,4.58132311,0,7,7,9,60.0,1.0,141698.88235294,11987.0,0.10887715,9.18466362,18,4,14
synthetic_wallet_002194,10,7,3,5.21269583,17.79254623,0.74467083,2.54179232,16.63304935,17.57749422,0,2,4,3,60.0,1.0,262160.66666667,5203.0,0.29297076,3.41330989,10,7,3
synthetic_wallet_002195,12,5,7,3.49457433,31.2266962,0.69891487,1.64351033,6.95886284,4.75376933,0,5,6,7,60.0,1.0,260338.0,5722.0,0.11190983,8.93576535,12,5,7
synthetic_wallet_002196,9,4,5,6.43356792,19.85016646,1.60839198,2.20557405,5.3656779,3.7078313,0,2,5,4,60.0,1.0,285095.375,29048.0,0.3241065,3.0854056,9,4,5
synthetic_wallet_002197,7,2,5,1.10509929,5.24236757,0.55254965,0.65529595,1.24141557,0.12001807,0,2,5,5,60.0,1.0,462483.5,3013.0,0.21080157,4.74379779,7,2,5
synthetic_wallet_002198,7,1,6,0.11848823,5.5132114,0.11848823,0.32430655,0.91365125,0.03179413,0,3,5,5,60.0,1.0,340062.16666667,35798.0,0.02149169,46.52961227,7,1,6
synthetic_wallet_002199,9,2,7,2.74365432,16.04948523,1.37182716,2.00618565,4.73440792,2.46698674,0,2,6,6,60.0,1.0,290231.75,19699.0,0.17094968,5.84967469,9,2,7
synthetic_wallet_002200,7,3,4,4.24051517,6.12337285,1.41350506,0.47102868,1.98553951,0.25450887,0,5,5,5,60.0,1.0,447425.33333333,72148.0,0.69251298,1.44401626,7,3,4
synthetic_wallet_002201,8,4,4,4.12873588,3.84739501,1.03218397,0.34976318,1.82489103,0.19965523,0,2,5,4,60.0,1.0,269709.57142857,13893.0,1.07312503,0.93185787,8,4,4
synthetic_wallet_002202,9,4,5,4.30513701,37.08833572,1.07628425,5.29833367,17.80806582,31.14778371,0,1,4,6,60.0,1.0,334451.875,7017.0,0.11607792,8.61490253,9,4,5
synthetic_wallet_002203,10,1,9,0.61869587,19.27466232,0.61869587,0.96373312,2.45934444,0.67353269,0,7,5,7,60.0,1.0,275768.33333333,57405.0,0.03209892,31.15369482,10,1,9
synthetic_wallet_002204,6,2,4,1.97468661,7.3563632,0.98734331,0.73563632,2.38633805,0.50048029,0,2,5,4,60.0,1.0,254478.4,79628.0,0.26843245,3.72533199,6,2,4
synthetic_wallet_002205,7,2,5,2.34041687,21.6930584,1.17020843,2.16930584,16.14460928,18.3406174,0,3,5,6,60.0,1.0,465622.0,19392.0,0.10788782,9.26888653,7,2,5
synthetic_wallet_002206,11,7,4,7.37982886,17.61601965,1.05426127,1.76160197,13.52227047,9.36450243,0,2,3,4,60.0,1.0,281276.8,49086.0,0.41892715,2.38704989,11,7,4
synthetic_wallet_002207,10,5,5,7.08296578,14.79115605,1.41659316,1.64346178,9.88437417,5.75797634,0,3,6,6,60.0,1.0,299587.66666667,64294.0,0.47886492,2.08827157,10,5,5
synthetic_wallet_002208,9,5,4,7.75941944,6.80853725,1.55188389,0.97264818,2.24409382,0.54511483,0,2,3,5,60.0,1.0,310949.875,32468.0,1.13966028,0.87745447,9,5,4
synthetic_wallet_002209,6,1,5,1.19872859,4.225321,1.19872859,0.38412009,2.10952348,0.35199557,0,4,4,4,60.0,1.0,445063.2,353873.0,0.28370119,3.52483543,6,1,5
synthetic_wallet_002210,8,4,4,5.53334163,17.24285521,1.38333541,1.9158728,12.41225722,9.81766394,0,3,3,5,60.0,1.0,279446.42857143,618.0,0.32090634,3.11617398,8,4,4
synthetic_wallet_002211,12,6,6,7.1164426,18.34296224,1.18607377,2.03810692,12.50032491,8.58953207,0,2,5,6,60.0,1.0,251809.36363636,51539.0,0.38796583,2.57754657,12,6,6
synthetic_wallet_002212,11,5,6,4.32730676,7.71691586,0.86546135,0.70153781,2.26948808,0.34027941,0,3,5,6,60.0,1.0,262924.1,31859.0,0.56075599,1.78330687,11,5,6
synthetic_wallet_002213,6,3,3,1.42927133,3.86862936,0.47642378,0.42984771,2.13805953,0.30095623,0,3,2,4,60.0,1.0,313560.4,8786.0,0.36945161,2.70671445,6,3,3
synthetic_wallet_002214,8,2,6,1.56282678,23.33470994,0.78141339,2.12133727,15.74349761,16.29604115,0,3,6,5,60.0,1.0,228178.0,9855.0,0.06697434,14.93109169,8,2,6
synthetic_wallet_002215,12,7,5,8.83283066,21.60675686,1.26183295,1.54333978,4.46997326,2.48390622,0,3,6,6,60.0,1.0,262287.54545455,11.0,0.40879947,2.44618715,12,7,5
synthetic_wallet_002216,11,7,4,6.33272142,5.31683481,0.90467449,0.59075942,2.0040474,0.41463515,0,3,3,4,60.0,1.0,249313.0,3645.0,1.19106981,0.83958135,11,7,4
synthetic_wallet_002217,7,0,7,0.0,15.28671159,0.0,0.76433558,2.21959807,0.39401989,0,7,5,5,60.0,1.0,358342.16666667,8134.0,0.0,15286711589.999998,7,0,7
synthetic_wallet_002218,10,2,8,3.44805506,9.55368273,1.72402753,0.73489867,1.76370331,0.31918913,0,3,7,6,60.0,1.0,285524.22222222,8753.0,0.36091371,2.77074541,10,2,8
synthetic_wallet_002219,9,4,5,2.38601373,5.15087357,0.59650343,0.57231929,2.03265761,0.30972333,0,2,4,4,60.0,1.0,335776.75,24077.0,0.46322506,2.15877784,9,4,5
synthetic_wallet_002220,16,8,8,11.48839547,9.52126162,1.43604943,0.59507885,2.39536738,0.56185085,0,3,5,7,60.0,1.0,191461.73333333,21215.0,1.20660433,0.8287721,16,8,8
synthetic_wallet_002221,8,3,5,4.45943868,7.24585265,1.48647956,0.80509474,2.35562359,0.62819805,0,3,4,5,60.0,1.0,246368.0,29994.0,0.61544706,1.62483514,8,3,5
synthetic_wallet_002222,9,3,6,4.99323538,19.81507303,1.66441179,1.65125609,9.154647,4.41761125,0,3,6,7,60.0,1.0,253355.5,61036.0,0.25199177,3.96838353,9,3,6
synthetic_wallet_002223,6,2,4,3.15502856,6.61401416,1.57751428,0.60127401,2.21866913,0.67478941,0,2,3,5,60.0,1.0,388891.8,118254.0,0.47702174,2.0963405,6,2,4
synthetic_wallet_002224,8,3,5,4.98553198,6.73532738,1.66184399,0.61230249,2.25211282,0.40117436,0,4,3,5,60.0,1.0,347655.0,97670.0,0.74020633,1.35097466,8,3,5
synthetic_wallet_002225,13,6,7,5.27365215,11.47463968,0.87894203,0.88266459,2.97592122,0.61518774,0,2,6,6,60.0,1.0,232611.66666667,25248.0,0.45959196,2.17584311,13,6,7
synthetic_wallet_002226,12,6,6,6.15837512,16.94042944,1.02639585,1.21003067,2.25489539,0.53418656,0,3,5,5,60.0,1.0,242037.72727273,7776.0,0.36353123,2.75079532,12,6,6
synthetic_wallet_002227,9,2,7,2.30166785,8.57933157,1.15083393,0.65994858,1.54712953,0.13636098,0,4,6,3,60.0,1.0,355224.5,29327.0,0.26828056,3.7274412,9,2,7
synthetic_wallet_002228,12,5,7,8.08881075,26.94835244,1.61776215,1.79655683,16.75712227,12.26274418,0,4,4,7,60.0,1.0,253292.0,14357.0,0.30015975,3.33155927,12,5,7
synthetic_wallet_002229,8,5,3,6.30206522,24.00645412,1.26041304,3.42949345,8.58377486,9.50484112,0,1,3,2,60.0,1.0,381111.0,20594.0,0.26251545,3.80929954,8,5,3
synthetic_wallet_002230,7,1,6,2.02846071,15.71615692,2.02846071,0.98225981,2.49547135,0.96202653,0,4,5,6,60.0,1.0,272659.66666667,7906.0,0.12906849,7.74782417,7,1,6
synthetic_wallet_002231,10,4,6,5.60567957,19.82948257,1.40141989,1.3219655,14.69561249,10.28200019,0,4,6,6,60.0,1.0,269312.55555556,39061.0,0.28269419,3.53739138,10,4,6
synthetic_wallet_002232,10,5,5,6.17159398,14.16244461,1.2343188,1.41624446,7.7439468,3.20632597,0,2,5,5,60.0,1.0,289064.77777778,60081.0,0.4357718,2.29477906,10,5,5
synthetic_wallet_002233,5,2,3,1.77992797,1.491111,0.88996399,0.18638888,1.21343496,0.15372112,0,3,3,3,60.0,1.0,662985.25,371527.0,1.19369247,0.83773671,5,2,3
synthetic_wallet_002234,6,2,4,3.67174975,11.61428059,1.83587488,1.45178507,2.57412447,1.06762488,0,3,4,5,60.0,1.0,464362.8,8928.0,0.31614095,3.16314602,6,2,4
synthetic_wallet_002235,7,4,3,3.89842536,19.22621061,0.97460634,3.20436843,15.53761011,19.75229301,0,2,4,3,60.0,1.0,361012.0,37358.0,0.20276618,4.93178882,7,4,3
synthetic_wallet_002236,7,3,4,2.89171144,18.86487293,0.96390381,2.35810912,4.09273722,2.81516172,0,2,4,4,60.0,1.0,297199.66666667,7831.0,0.1532855,6.52377435,7,3,4
synthetic_wallet_002237,14,7,7,7.67184198,12.43482877,1.09597743,0.88820205,2.36325819,0.32717139,0,3,6,7,60.0,1.0,195904.0,29246.0,0.61696402,1.62084005,14,7,7
synthetic_wallet_002238,9,5,4,10.25952599,6.81934608,2.0519052,0.9741923,2.4734387,0.59029267,0,2,3,3,60.0,1.0,317290.75,13882.0,1.50447358,0.66468432,9,5,4
synthetic_wallet_002239,7,3,4,5.66162721,10.30964162,1.88720907,1.7182736,5.65415006,2.39028425,0,2,5,4,60.0,1.0,242452.83333333,12370.0,0.54915849,1.82096794,7,3,4
synthetic_wallet_002240,6,1,5,1.7192351,7.25517604,1.7192351,0.604598,1.7192351,0.12597694,0,3,3,4,60.0,1.0,315371.4,91391.0,0.2369667,4.22000228,6,1,5
synthetic_wallet_002241,7,1,6,1.11183685,23.16180967,1.11183685,1.65441498,3.61101755,1.58629052,0,3,6,6,60.0,1.0,369738.66666667,14517.0,0.04800302,20.83202196,7,1,6
synthetic_wallet_002242,12,5,7,5.81348571,32.83396244,1.16269714,1.82410902,4.23147615,1.79065492,0,2,6,6,60.0,1.0,210854.27272727,50516.0,0.17705709,5.64789596,12,5,7
synthetic_wallet_002243,11,5,6,5.9038891,6.85895562,1.18077782,0.57157963,2.32519088,0.47668578,0,3,5,5,60.0,1.0,286608.4,73497.0,0.86075628,1.16176905,11,5,6
synthetic_wallet_002244,7,3,4,1.83578288,3.36061913,0.61192763,0.56010319,1.78498239,0.36459378,0,2,3,5,60.0,1.0,459557.66666667,234800.0,0.5462633,1.83061906,7,3,4
synthetic_wallet_002245,5,3,2,3.5192672,3.58575635,1.17308907,1.79287818,1.87244788,0.17221885,0,1,3,3,60.0,1.0,607851.25,165092.0,0.98145743,1.0188929,5,3,2
synthetic_wallet_002246,15,4,11,4.90571707,18.19081748,1.22642927,1.07004809,9.13026392,3.62024643,0,4,6,7,60.0,1.0,186665.57142857,17918.0,0.26968096,3.70808533,15,4,11
synthetic_wallet_002247,7,4,3,3.3089306,21.2617748,0.82723265,4.25235496,5.87761687,5.16958194,0,2,3,4,60.0,1.0,266182.66666667,319.0,0.15562815,6.4255729,7,4,3
synthetic_wallet_002248,4,1,3,0.48531382,4.80252883,0.48531382,0.96050577,2.2963524,0.54778201,0,2,4,4,60.0,1.0,396791.0,48587.0,0.10105381,9.89571826,4,1,3
synthetic_wallet_002249,9,2,7,3.86047195,9.71433493,1.93023597,0.80952791,2.26636258,0.53500766,0,3,7,7,60.0,1.0,290538.875,918.0,0.39739951,2.51635941,9,2,7
synthetic_wallet_002250,5,3,2,4.36288215,3.24639475,1.45429405,0.81159869,2.18905766,0.52308869,0,1,3,3,60.0,1.0,410315.75,62000.0,1.34391609,0.74409407,5,3,2
synthetic_wallet_002251,6,3,3,2.49556228,9.39057019,0.83185409,1.17382127,7.70526213,4.67770264,0,3,3,4,60.0,1.0,309658.6,7398.0,0.26575194,3.76290757,6,3,3
synthetic_wallet_002252,13,6,7,6.74367529,22.81329761,1.12394588,1.03696807,3.92768147,1.63549855,0,5,6,6,60.0,1.0,217368.66666667,9753.0,0.29560283,3.38291757,13,6,7
synthetic_wallet_002253,6,1,5,1.21519161,18.7827817,1.21519161,2.34784771,15.22806505,21.6724095,0,2,4,3,60.0,1.0,517752.2,82042.0,0.06469711,15.45664202,6,1,5
synthetic_wallet_002254,11,7,4,8.2153232,4.60431194,1.1736176,0.92086239,2.03762332,0.47398154,0,1,4,5,60.0,1.0,199818.9,5155.0,1.78426729,0.56045415,11,7,4
synthetic_wallet_002255,5,2,3,2.8744701,3.30565261,1.43723505,0.41320658,2.48432902,0.46728178,0,2,4,4,60.0,1.0,647665.25,122178.0,0.86956206,1.15000417,5,2,3
synthetic_wallet_002256,11,3,8,3.96566895,22.93969142,1.32188965,1.43373071,9.5842749,4.38912231,0,5,5,6,60.0,1.0,250543.2,31511.0,0.17287368,5.78457045,11,3,8
synthetic_wallet_002257,7,3,4,0.98390534,12.27402938,0.32796845,1.53425367,2.8917168,1.24483485,0,3,4,3,60.0,1.0,252058.66666667,53917.0,0.08016156,12.47480716,7,3,4
synthetic_wallet_002258,10,2,8,1.85268784,21.77215455,0.92634392,1.08860773,3.43349205,1.14346404,0,7,5,8,60.0,1.0,295451.11111111,48259.0,0.08509437,11.75165836,10,2,8
synthetic_wallet_002259,11,5,6,7.91384033,5.90732241,1.58276807,0.7384153,2.32412878,0.69408451,0,1,4,6,60.0,1.0,244244.4,21328.0,1.33966623,0.74645459,11,5,6
synthetic_wallet_002260,14,5,9,6.87450654,21.02435392,1.37490131,0.77867977,2.43452607,0.55324735,0,5,5,8,60.0,1.0,208536.07692308,50010.0,0.32697825,3.05830736,14,5,9
synthetic_wallet_002261,12,4,8,4.97041505,7.12128146,1.24260376,0.54779088,1.9177365,0.33119441,0,4,8,6,60.0,1.0,255301.18181818,37397.0,0.69796638,1.43273376,12,4,8
synthetic_wallet_002262,7,5,2,9.69431536,3.22273489,1.93886307,1.61136744,2.4618553,0.35940538,0,1,3,3,60.0,1.0,369450.33333333,9267.0,3.00810203,0.33243553,7,5,2
synthetic_wallet_002263,13,6,7,8.84555844,19.93339704,1.47425974,1.32889314,4.74602475,2.30679635,0,4,5,7,60.0,1.0,199462.5,9302.0,0.44375569,2.25349221,13,6,7
synthetic_wallet_002264,5,1,4,1.01002835,5.03634703,1.01002835,0.5036347,1.10290511,0.09143743,0,2,5,4,60.0,1.0,711288.75,325536.0,0.20054781,4.98634224,5,1,4
synthetic_wallet_002265,10,3,7,4.14899564,36.6429726,1.38299855,1.92857751,4.12672615,2.8991464,0,2,7,5,60.0,1.0,311131.11111111,29215.0,0.11322759,8.83176937,10,3,7
synthetic_wallet_002266,15,5,10,4.1334258,33.29167277,0.82668516,1.66458364,2.95277637,0.80361078,0,4,8,8,60.0,1.0,211715.0,121.0,0.12415795,8.05425678,15,5,10
synthetic_wallet_002267,6,1,5,1.81402925,5.49924019,1.81402925,0.36661601,1.81402925,0.19401175,0,3,6,4,60.0,1.0,499013.4,2786.0,0.32986907,3.0315058,6,1,5
synthetic_wallet_002268,7,2,5,0.61501374,11.67254338,0.30750687,0.77816956,1.56411992,0.18019851,0,4,5,4,60.0,1.0,422965.16666667,50639.0,0.05268892,18.97932131,7,2,5
synthetic_wallet_002269,13,2,11,3.41115356,17.7748325,1.70557678,0.80794693,2.19164393,0.26400239,0,5,8,6,60.0,1.0,214977.33333333,12675.0,0.19190918,5.2107981,13,2,11
synthetic_wallet_002270,6,1,5,1.59907038,5.64050059,1.59907038,0.94008343,1.8310447,0.26618169,0,2,4,4,60.0,1.0,510312.6,138460.0,0.28349795,3.52736231,6,1,5
synthetic_wallet_002271,12,5,7,9.11424976,11.48300812,1.82284995,0.82021487,2.40186621,0.50576002,0,3,5,4,60.0,1.0,200053.45454545,14088.0,0.79371622,1.25989614,12,5,7
synthetic_wallet_002272,6,2,4,2.64701467,6.05928077,1.32350733,0.67325342,2.35821045,0.61359054,0,3,5,5,60.0,1.0,552654.2,69236.0,0.43685295,2.28909981,6,2,4
synthetic_wallet_002273,6,4,2,4.61261349,2.92065978,1.15315337,0.48677663,2.42383491,0.39170244,0,3,3,2,60.0,1.0,462820.4,226630.0,1.57930531,0.63318979,6,4,2
synthetic_wallet_002274,7,4,3,3.8581851,3.88918635,0.96454628,0.97229659,2.49128499,0.58723606,0,2,4,4,60.0,1.0,451658.5,89666.0,0.99202886,1.00803519,7,4,3
synthetic_wallet_002275,8,4,4,3.78399747,5.66179985,0.94599937,0.80882855,1.9332364,0.29322859,0,2,2,4,60.0,1.0,254332.28571429,18528.0,0.66833826,1.49624832,8,4,4
synthetic_wallet_002276,9,4,5,3.87882087,5.49903776,0.96970522,0.78557682,2.24852695,0.40977055,0,2,5,5,60.0,1.0,322007.5,1340.0,0.70536356,1.41770861,9,4,5
synthetic_wallet_002277,15,6,9,6.46755428,32.06053566,1.07792571,1.88591386,17.10366018,12.44141135,0,4,8,7,60.0,1.0,178587.0,195.0,0.20172945,4.95713438,15,6,9
synthetic_wallet_002278,15,7,8,9.11939642,11.67542413,1.30277092,0.89810955,2.44694232,0.44280336,0,1,5,6,60.0,1.0,201516.28571429,11245.0,0.78107624,1.28028475,15,7,8
synthetic_wallet_002279,5,0,5,0.0,14.30860116,0.0,1.58984457,10.35933797,9.77096073,0,2,4,4,60.0,1.0,396013.25,83150.0,0.0,14308601160.0,5,0,5
synthetic_wallet_002280,6,1,5,2.48426282,5.755793,2.48426282,0.5755793,2.48426282,0.5824649,0,3,5,4,60.0,1.0,573154.2,111299.0,0.43161087,2.3169018,6,1,5
synthetic_wallet_002281,6,1,5,0.68873401,10.21580355,0.68873401,2.04316071,7.27155819,5.98362808,0,1,5,5,60.0,1.0,510927.2,69418.0,0.06741849,14.83272701,6,1,5
synthetic_wallet_002282,7,3,4,5.94269555,5.32443579,1.98089852,0.53244358,2.39429291,0.56500918,0,2,5,4,60.0,1.0,404139.83333333,97695.0,1.11611742,0.89596308,7,3,4
synthetic_wallet_002283,8,2,6,3.28705378,7.90819443,1.64352689,0.52721296,2.39158445,0.24226755,0,5,5,6,60.0,1.0,272750.85714286,96454.0,0.41565161,2.40586098,8,2,6
synthetic_wallet_002284,7,3,4,3.14855013,4.49618897,1.04951671,0.64231271,2.42673384,0.41964536,0,2,5,5,60.0,1.0,327851.33333333,28369.0,0.70027086,1.42801886,7,3,4
synthetic_wallet_002285,10,2,8,2.06132065,21.89946983,1.03066032,0.87597879,2.98310411,0.90136583,0,7,7,7,60.0,1.0,293596.55555556,12268.0,0.09412651,10.62399963,10,2,8
synthetic_wallet_002286,15,5,10,8.22037968,10.27022785,1.64407594,0.51351139,2.25740428,0.51892416,0,5,7,7,60.0,1.0,165506.21428571,13957.0,0.8004087,1.24936174,15,5,10
synthetic_wallet_002287,18,7,11,8.30991356,34.88554338,1.18713051,1.45356431,16.05332673,7.94687503,0,2,8,8,60.0,1.0,140546.11764706,16303.0,0.23820508,4.19806333,18,7,11
synthetic_wallet_002288,14,7,7,4.25485799,6.4505554,0.60783686,0.40315971,2.48130708,0.32886839,0,4,5,6,60.0,1.0,200952.84615385,5280.0,0.65961111,1.51604482,14,7,7
synthetic_wallet_002289,13,5,8,6.54533824,11.8537276,1.30906765,0.69727809,2.40579404,0.29348229,0,3,6,8,60.0,1.0,224168.66666667,15716.0,0.55217552,1.81101834,13,5,8
synthetic_wallet_002290,11,6,5,8.30044203,19.87495371,1.383407,1.98749537,3.93711712,1.97942844,0,2,5,4,60.0,1.0,289306.7,26249.0,0.41763328,2.39444522,11,6,5
synthetic_wallet_002291,13,2,11,3.19625082,49.40417232,1.59812541,1.82978416,7.89110415,4.44992003,0,8,8,8,60.0,1.0,214714.66666667,23062.0,0.06469597,15.45691346,13,2,11
synthetic_wallet_002292,8,3,5,4.44641901,7.356939,1.48213967,0.81743767,2.11097013,0.37939738,0,1,6,4,60.0,1.0,276162.42857143,72524.0,0.60438438,1.65457618,8,3,5
synthetic_wallet_002293,9,2,7,1.78535295,9.67054801,0.89267648,1.2088185,2.30081205,0.55014786,0,1,6,6,60.0,1.0,287173.375,23095.0,0.18461756,5.41660292,9,2,7
synthetic_wallet_002294,5,2,3,1.79865359,4.73272637,0.89932679,0.67610377,2.1898131,0.46286592,0,2,2,3,60.0,1.0,657639.25,118181.0,0.38004597,2.63126063,5,2,3
synthetic_wallet_002295,10,6,4,2.61698981,3.07094025,0.43616497,0.43870575,0.93839582,0.04793127,0,2,5,5,60.0,1.0,207143.77777778,3875.0,0.85217868,1.17346282,10,6,4
synthetic_wallet_002296,10,4,6,4.99955484,5.85725094,1.24988871,0.30827637,2.35297036,0.27705707,0,2,6,7,60.0,1.0,280843.88888889,3709.0,0.85356678,1.17155449,10,4,6
synthetic_wallet_002297,12,5,7,8.35177915,10.93932697,1.67035583,0.84148669,2.40290962,0.46042781,0,4,7,7,60.0,1.0,267287.81818182,7609.0,0.76346371,1.30981995,12,5,7
synthetic_wallet_002298,10,6,4,6.56470644,4.08547222,1.09411774,0.68091204,2.31059435,0.61753132,0,1,4,4,60.0,1.0,304843.11111111,18401.0,1.60684153,0.62233891,10,6,4
synthetic_wallet_002299,11,2,9,3.16375951,19.84319769,1.58187975,0.94491418,3.53755993,1.14391863,0,4,6,7,60.0,1.0,296099.5,6577.0,0.15943799,6.27203099,11,2,9
synthetic_wallet_002300,7,2,5,2.5481273,21.93350642,1.27406365,1.99395513,2.31216585,0.28979635,0,3,5,3,60.0,1.0,394986.16666667,28330.0,0.1161751,8.60769649,7,2,5
synthetic_wallet_002301,10,5,5,6.72394059,30.61211177,1.34478812,2.78291925,5.93654556,4.92655404,0,3,5,4,60.0,1.0,308807.66666667,22334.0,0.21964968,4.55270408,10,5,5
synthetic_wallet_002302,12,3,9,4.03696385,17.75252572,1.34565462,0.88762629,7.48216801,2.21595023,0,3,9,7,60.0,1.0,224224.54545455,1801.0,0.22740223,4.39749435,12,3,9
synthetic_wallet_002303,7,2,5,2.93974674,17.68003735,1.46987337,1.76800373,3.56399986,1.89060735,0,3,5,6,60.0,1.0,377662.16666667,38612.0,0.16627492,6.01413622,7,2,5
synthetic_wallet_002304,9,1,8,0.7141914,9.00269279,0.7141914,0.64304949,1.62047283,0.15960888,0,5,7,7,60.0,1.0,266170.25,33203.0,0.07933086,12.60543433,9,1,8
synthetic_wallet_002305,8,3,5,2.29159867,6.00874394,0.76386622,0.429196,1.67913827,0.16591423,0,4,6,4,60.0,1.0,350281.85714286,28026.0,0.38137732,2.62207516,8,3,5
synthetic_wallet_002306,5,2,3,2.32980029,17.725568,1.16490014,3.5451136,5.64915417,5.93812709,0,1,3,4,60.0,1.0,496391.25,113178.0,0.13143727,7.60819203,5,2,3
synthetic_wallet_002307,8,5,3,6.80428203,27.38430941,1.36085641,2.28202578,3.17623028,1.26912051,0,2,3,3,60.0,1.0,356783.14285714,8240.0,0.24847375,4.02457001,8,5,3
synthetic_wallet_002308,6,1,5,1.64254952,3.91096701,1.64254952,0.3910967,1.64254952,0.20939841,0,2,4,5,60.0,1.0,533313.2,898.0,0.41998552,2.38103446,6,1,5
synthetic_wallet_002309,7,1,6,1.99605168,9.83138303,1.99605168,1.40448329,2.24419987,0.46478631,0,1,5,6,60.0,1.0,344456.83333333,118240.0,0.20302857,4.92541507,7,1,6
synthetic_wallet_002310,11,2,9,4.54387287,17.38368743,2.27193643,1.73836874,9.01266566,5.28413322,0,2,4,6,60.0,1.0,262986.9,35658.0,0.26138717,3.82574247,11,2,9
synthetic_wallet_002311,5,1,4,2.17549,14.30624191,2.17549,2.38437365,4.09167389,2.51430111,0,2,4,5,60.0,1.0,218487.25,106287.0,0.15206579,6.57610097,5,1,4
synthetic_wallet_002312,7,3,4,3.28154708,5.85695351,1.09384903,0.73211919,1.91825556,0.35035004,0,2,4,4,60.0,1.0,477360.66666667,68602.0,0.56028225,1.78481471,7,3,4
synthetic_wallet_002313,8,1,7,1.37258773,9.67913047,1.37258773,0.60494565,1.83514858,0.16238543,0,4,6,6,60.0,1.0,303876.0,14772.0,0.14180899,7.05173903,8,1,7
synthetic_wallet_002314,8,1,7,1.24394354,27.61796918,1.24394354,1.84119795,16.89583959,15.51186854,0,3,5,5,60.0,1.0,358765.57142857,1570.0,0.04504109,22.20194751,8,1,7
synthetic_wallet_002315,7,3,4,4.15395051,20.75540534,1.38465017,2.07554053,8.84569025,4.56089719,0,3,4,4,60.0,1.0,463292.5,3104.0,0.20013825,4.99654613,7,3,4
synthetic_wallet_002316,8,3,5,2.40461281,5.54691995,0.8015376,0.46224333,2.18499839,0.32332629,0,3,3,3,60.0,1.0,374398.28571429,38314.0,0.43350415,2.306783,8,3,5
synthetic_wallet_002317,9,4,5,4.04371077,7.10848172,1.01092769,0.54680629,2.0709283,0.39506307,0,4,5,5,60.0,1.0,339731.5,56540.0,0.56885717,1.75791052,9,4,5
synthetic_wallet_002318,4,2,2,3.04475356,11.14003993,1.52237678,2.78500998,3.2477965,0.83038001,0,2,3,2,60.0,1.0,812718.33333333,68969.0,0.27331622,3.65876571,4,2,2
synthetic_wallet_002319,15,5,10,7.73403848,16.32363166,1.5468077,0.74198326,2.20115926,0.53096196,0,6,6,7,60.0,1.0,150177.35714286,82.0,0.47379398,2.11062199,15,5,10
synthetic_wallet_002320,6,3,3,3.17925283,18.97158642,1.05975094,3.79431728,17.94884181,33.13738202,0,2,4,4,60.0,1.0,503585.2,41675.0,0.1675797,5.96730975,6,3,3
synthetic_wallet_002321,17,5,12,5.38757529,19.82223594,1.07751506,0.943916,2.48055035,0.48749481,0,5,8,8,60.0,1.0,181747.625,36491.0,0.27179453,3.67924992,17,5,12
synthetic_wallet_002322,10,3,7,4.09926717,8.59211382,1.36642239,0.50541846,1.90102521,0.26237847,0,3,6,7,60.0,1.0,297355.66666667,47374.0,0.47709647,2.09601216,10,3,7
synthetic_wallet_002323,5,1,4,1.77710714,2.1922239,1.77710714,0.27402799,1.77710714,0.24595329,0,3,3,4,60.0,1.0,415175.75,127785.0,0.81064126,1.2335913,5,1,4
synthetic_wallet_002324,10,7,3,12.57765952,16.5965404,1.7968085,2.37093434,3.17623028,0.76696012,0,2,4,3,60.0,1.0,257438.22222222,49034.0,0.75784828,1.31952534,10,7,3
synthetic_wallet_002325,14,4,10,3.82719175,22.11562913,0.95679794,1.16398048,9.82389561,3.85500598,0,5,6,6,60.0,1.0,198114.53846154,19684.0,0.17305371,5.77855268,14,4,10
synthetic_wallet_002326,7,0,7,0.0,18.32020634,0.0,1.22134709,2.88859453,0.87514884,0,3,4,7,60.0,1.0,340040.83333333,53386.0,0.0,18320206339.999996,7,0,7
synthetic_wallet_002327,8,4,4,3.17460423,5.32707609,0.79365106,0.44392301,1.50505004,0.12003814,0,3,4,4,60.0,1.0,163603.71428571,12259.0,0.59593747,1.67802841,8,4,4
synthetic_wallet_002328,5,2,3,3.60227943,10.28402229,1.80113971,1.14266914,2.42002039,0.91689135,0,2,3,4,60.0,1.0,439887.75,24014.0,0.35027923,2.85486523,5,2,3
synthetic_wallet_002329,11,6,5,6.86140466,23.26092067,1.14356744,1.78930159,4.32830415,2.35483141,0,3,5,5,60.0,1.0,287134.0,8357.0,0.29497563,3.3901106,11,6,5
synthetic_wallet_002330,11,6,5,7.3896874,10.03177517,1.23161457,0.62698595,2.34511955,0.49928602,0,4,3,5,60.0,1.0,276967.4,24827.0,0.73662809,1.35753715,11,6,5
synthetic_wallet_002331,9,5,4,6.5142126,12.50766974,1.30284252,1.56345872,3.1672715,0.85262812,0,1,5,4,60.0,1.0,313279.0,36041.0,0.52081745,1.92005857,9,5,4
synthetic_wallet_002332,5,4,1,4.41169308,1.71909858,1.10292327,0.85954929,1.6077016,0.12637981,0,1,2,1,60.0,1.0,633381.75,383015.0,2.56628278,0.38966867,5,4,1
synthetic_wallet_002333,3,1,2,0.82513947,4.79577471,0.82513947,0.59947184,0.82513947,0.00504378,0,3,3,3,60.0,1.0,644575.5,266773.0,0.17205551,5.8120777,3,1,2
synthetic_wallet_002334,7,2,5,3.8335739,6.39793074,1.91678695,0.53316089,2.32822086,0.53742064,0,3,6,5,60.0,1.0,471949.66666667,12351.0,0.59918965,1.66892067,7,2,5
synthetic_wallet_002335,9,4,5,3.53524777,17.03439373,0.88381194,1.54858125,3.15557602,1.2063572,0,4,6,6,60.0,1.0,353920.625,12555.0,0.20753587,4.81844409,9,4,5
synthetic_wallet_002336,7,4,3,6.5316327,3.51367622,1.63290818,0.5856127,2.22547315,0.33259569,0,2,3,4,60.0,1.0,390502.16666667,28748.0,1.85891707,0.53794761,7,4,3
synthetic_wallet_002337,7,0,7,0.0,6.32773208,0.0,0.70308134,1.32238059,0.10444354,0,1,5,4,60.0,1.0,501463.0,176910.0,0.0,6327732079.999999,7,0,7
synthetic_wallet_002338,12,4,8,6.12033448,45.58385578,1.53008362,3.2559897,16.72609042,17.76169135,0,3,8,7,60.0,1.0,206920.09090909,11953.0,0.1342654,7.44793539,12,4,8
synthetic_wallet_002339,7,2,5,2.64979837,29.41603656,1.32489919,2.67418514,14.48733633,12.89184728,0,3,6,5,60.0,1.0,408021.5,6503.0,0.09008006,11.10123581,7,2,5
synthetic_wallet_002340,10,6,4,8.55203753,27.00215511,1.42533959,4.50035918,14.05538755,19.45124152,0,2,4,3,60.0,1.0,302775.77777778,61540.0,0.31671685,3.15739437,10,6,4
synthetic_wallet_002341,9,2,7,2.01433143,10.16380139,1.00716571,0.72598581,2.49308053,0.46524622,0,2,5,6,60.0,1.0,330959.75,54530.0,0.19818682,5.04574433,9,2,7
synthetic_wallet_002342,21,6,15,9.62591974,54.95612069,1.60431996,1.30847906,17.64838219,6.90340806,0,7,9,9,60.0,1.0,141956.1,3366.0,0.17515646,5.70918127,21,6,15
synthetic_wallet_002343,13,7,6,11.56992684,7.30508262,1.65284669,0.56192943,2.33817287,0.51301288,0,3,6,6,60.0,1.0,197046.33333333,10201.0,1.58381875,0.63138538,13,7,6
synthetic_wallet_002344,8,3,5,3.74817101,8.92848827,1.24939034,0.81168075,1.99952497,0.39973153,0,3,5,4,60.0,1.0,347412.0,3301.0,0.41979906,2.38209202,8,3,5
synthetic_wallet_002345,10,4,6,5.98321151,6.19764113,1.49580288,0.68862679,2.26042259,0.63861182,0,1,5,7,60.0,1.0,285118.77777778,14928.0,0.96540141,1.03583855,10,4,6
synthetic_wallet_002346,8,5,3,6.59024753,4.68859386,1.31804951,0.78143231,1.83853199,0.28038622,0,2,2,4,60.0,1.0,392055.57142857,7480.0,1.40559147,0.71144427,8,5,3
synthetic_wallet_002347,9,5,4,7.95590383,19.36771589,1.59118077,1.76070144,7.71706573,5.67873248,0,3,4,2,60.0,1.0,175255.5,1807.0,0.41078173,2.43438286,9,5,4
synthetic_wallet_002348,11,3,8,3.95905505,22.83234033,1.31968502,1.20170212,3.35907035,1.28583651,0,4,7,6,60.0,1.0,269651.6,11941.0,0.17339681,5.76711868,11,3,8
synthetic_wallet_002349,13,5,8,6.9025643,8.6102368,1.38051286,0.50648452,2.24461313,0.40175855,0,2,6,6,60.0,1.0,203731.83333333,6034.0,0.80166951,1.24739683,13,5,8
synthetic_wallet_002350,13,3,10,2.57396212,10.85168659,0.85798737,0.72344577,1.76923286,0.26477796,0,3,7,10,60.0,1.0,234719.16666667,12309.0,0.23719466,4.2159465,13,3,10
synthetic_wallet_002351,11,6,5,11.37053729,27.26766061,1.89508955,2.09751235,5.66708496,2.89325615,0,3,4,4,60.0,1.0,272729.0,34514.0,0.41699717,2.39809781,11,6,5
synthetic_wallet_002352,12,1,11,0.53665019,25.90844428,0.53665019,0.99647863,3.75889076,1.54356735,0,6,7,7,60.0,1.0,249258.72727273,16829.0,0.02071333,48.27808648,12,1,11
synthetic_wallet_002353,11,1,10,2.13086225,9.47309842,2.13086225,0.49858413,2.13086225,0.3350654,0,3,7,10,60.0,1.0,240563.2,29543.0,0.22493826,4.44566439,11,1,10
synthetic_wallet_002354,7,0,7,0.0,37.49399761,0.0,2.67814269,15.27841019,23.34961145,0,3,5,5,60.0,1.0,273793.66666667,70199.0,0.0,37493997610.0,7,0,7
synthetic_wallet_002355,10,5,5,6.98768026,15.91381571,1.39753605,1.06092105,2.41197376,0.52954865,0,4,4,5,60.0,1.0,240535.66666667,42612.0,0.43909521,2.2774104,10,5,5
synthetic_wallet_002356,10,4,6,3.59439999,10.4730005,0.8986,1.04730005,2.01938292,0.48357438,0,2,4,5,60.0,1.0,264672.77777778,35748.0,0.34320632,2.91369923,10,4,6
synthetic_wallet_002357,9,7,2,10.1134771,1.39567812,1.44478244,0.69783906,2.33293217,0.3085644,0,1,2,3,60.0,1.0,316249.625,18433.0,7.2462819,0.13800181,9,7,2
synthetic_wallet_002358,8,4,4,5.56766738,12.99006895,1.39191684,3.24751724,9.31794191,7.57976284,0,1,4,4,60.0,1.0,363114.0,16521.0,0.42860953,2.3331259,8,4,4
synthetic_wallet_002359,11,3,8,1.72197154,29.2626539,0.57399051,1.39345971,7.19013333,3.36059435,0,5,7,7,60.0,1.0,242878.8,3605.0,0.05884536,16.99369195,11,3,8
synthetic_wallet_002360,9,5,4,5.79708226,35.25130419,1.15941645,3.52513042,7.1762263,4.38672716,0,3,5,5,60.0,1.0,207320.625,109.0,0.16445015,6.0808701,9,5,4
synthetic_wallet_002361,10,6,4,7.35046351,7.41123322,1.22507725,0.82347036,2.19404885,0.47561549,0,3,4,3,60.0,1.0,282299.22222222,49753.0,0.99180032,1.00826747,10,6,4
synthetic_wallet_002362,11,5,6,5.61349435,32.82719952,1.12269887,2.52516919,5.68260676,3.22764447,0,3,7,5,60.0,1.0,272266.8,9360.0,0.17100132,5.84790818,11,5,6
synthetic_wallet_002363,11,5,6,6.23805643,25.54086208,1.24761129,1.82434729,17.78322132,14.73290349,0,2,6,5,60.0,1.0,185442.4,34409.0,0.24423829,4.09436214,11,5,6
synthetic_wallet_002364,9,1,8,1.83171368,12.66987619,1.83171368,0.74528683,2.39457995,0.51911068,0,4,7,7,60.0,1.0,361122.625,45007.0,0.14457234,6.91695232,9,1,8
synthetic_wallet_002365,10,4,6,6.75367237,7.80019078,1.68841809,0.70910825,2.48211202,0.57086775,0,2,6,7,60.0,1.0,223432.33333333,9339.0,0.86583425,1.15495546,10,4,6
synthetic_wallet_002366,11,6,5,9.828801,8.94769203,1.6381335,0.81342655,2.3612173,0.61081947,0,3,4,5,60.0,1.0,189013.2,3641.0,1.09847332,0.91035438,11,6,5
synthetic_wallet_002367,13,8,5,15.34233823,5.96930709,1.91779228,0.59693071,2.39463308,0.62487651,0,3,4,5,60.0,1.0,232716.33333333,11929.0,2.57020421,0.38907414,13,8,5
synthetic_wallet_002368,8,5,3,7.09639779,5.11534698,1.41927956,0.85255783,2.13843531,0.34254796,0,2,3,2,60.0,1.0,290259.0,7356.0,1.38727594,0.72083712,8,5,3
synthetic_wallet_002369,10,4,6,2.96743292,8.74039376,0.74185823,0.43701969,1.90735054,0.18006849,0,6,7,6,60.0,1.0,310567.22222222,24212.0,0.33950792,2.94543937,10,4,6
synthetic_wallet_002370,8,2,6,3.15403427,7.64256855,1.57701714,0.58788989,2.14559645,0.54819478,0,3,6,6,60.0,1.0,362197.71428571,118540.0,0.41269296,2.42310891,8,2,6
synthetic_wallet_002371,8,3,5,5.87140399,7.58879555,1.95713466,0.84319951,2.99579374,0.7793062,0,3,5,6,60.0,1.0,370569.57142857,44543.0,0.77369379,1.292501,8,3,5
synthetic_wallet_002372,12,4,8,5.83118043,24.01677218,1.45779511,1.4127513,15.36053569,10.20329554,0,5,5,8,60.0,1.0,239482.36363636,28656.0,0.24279618,4.11868102,12,4,8
synthetic_wallet_002373,11,5,6,9.71894287,7.79302831,1.94378857,0.41015938,2.46391515,0.52768226,0,5,5,5,60.0,1.0,258317.5,9311.0,1.24713301,0.80183909,11,5,6
synthetic_wallet_002374,6,2,4,3.06975356,28.12036907,1.53487678,4.68672818,17.78689097,32.71190497,0,2,4,4,60.0,1.0,423369.0,251301.0,0.10916477,9.16046468,6,2,4
synthetic_wallet_002375,11,3,8,5.85281351,31.45209052,1.95093784,1.4977186,4.09167389,1.92602244,0,5,6,5,60.0,1.0,284996.6,42599.0,0.18608663,5.37384122,11,3,8
synthetic_wallet_002376,11,4,7,5.41216833,10.41420738,1.35304208,0.54811618,2.18217732,0.44351545,0,3,7,6,60.0,1.0,260917.4,8661.0,0.51969085,1.92422089,11,4,7
synthetic_wallet_002377,14,7,7,6.8173216,18.4066267,0.97390309,1.41589436,12.55882906,6.95352525,0,2,5,6,60.0,1.0,223734.76923077,12889.0,0.37037322,2.69997923,14,7,7
synthetic_wallet_002378,8,5,3,5.92307173,5.05406718,1.18461435,1.2635168,2.21537575,0.21532885,0,1,4,4,60.0,1.0,297912.85714286,47784.0,1.17194163,0.85328482,8,5,3
synthetic_wallet_002379,13,5,8,6.24195071,31.60482917,1.24839014,2.10698861,7.07560045,3.36896065,0,3,6,6,60.0,1.0,203023.5,269.0,0.1974999,5.06329361,13,5,8
synthetic_wallet_002380,9,4,5,5.12040189,7.12427173,1.28010047,1.18737862,2.46449767,0.4238426,0,1,4,6,60.0,1.0,339812.875,68097.0,0.71872636,1.39135011,9,4,5
synthetic_wallet_002381,5,3,2,4.78381453,1.86018897,1.59460484,0.93009449,2.14406566,0.47777895,0,1,3,2,60.0,1.0,664082.25,206465.0,2.57168202,0.38885056,5,3,2
synthetic_wallet_002382,15,5,10,7.34351228,20.40491598,1.46870246,1.0202458,5.84115579,1.69416536,0,5,7,6,60.0,1.0,195596.42857143,9798.0,0.35988937,2.7786317,15,5,10
synthetic_wallet_002383,8,5,3,3.64820696,4.63363131,0.72964139,0.46336313,1.86551912,0.14077615,0,4,4,4,60.0,1.0,328427.42857143,43784.0,0.78733216,1.27011196,8,5,3
synthetic_wallet_002384,10,2,8,3.23258586,9.2284834,1.61629293,0.61523223,2.0789425,0.25121631,0,2,6,7,60.0,1.0,262255.44444444,76712.0,0.35028354,2.8548301,10,2,8
synthetic_wallet_002385,10,3,7,5.16474948,45.74556475,1.72158316,2.28727824,12.50738423,7.99171853,0,4,7,6,60.0,1.0,300399.33333333,220.0,0.11290164,8.85726693,10,3,7
synthetic_wallet_002386,14,4,10,4.89803871,40.7893168,1.22450968,1.45676131,7.73085186,3.65320639,0,5,4,10,60.0,1.0,222224.69230769,4308.0,0.12008141,8.32768363,14,4,10
synthetic_wallet_002387,7,4,3,3.13976877,2.58701149,0.78494219,0.86233716,1.48146874,0.13689604,0,1,4,4,60.0,1.0,251804.66666667,40664.0,1.21366634,0.82394969,7,4,3
synthetic_wallet_002388,9,2,7,2.16846318,10.41077475,1.08423159,0.61239851,2.42107073,0.31834315,0,5,5,7,60.0,1.0,224404.5,4816.0,0.20829028,4.80099217,9,2,7
synthetic_wallet_002389,12,5,7,3.65898134,19.81034917,0.73179627,1.65086243,10.63022188,5.78755006,0,2,7,6,60.0,1.0,208460.0,4408.0,0.1847005,5.41417059,12,5,7
synthetic_wallet_002390,6,2,4,0.9161275,18.32060511,0.45806375,2.29007564,16.46627907,23.53459532,0,2,5,5,60.0,1.0,451238.8,103254.0,0.05000531,19.99787705,6,2,4
synthetic_wallet_002391,7,3,4,5.48991579,10.71856861,1.82997193,1.53122409,4.49180599,1.28837286,0,3,4,3,60.0,1.0,383785.83333333,162180.0,0.5121874,1.95241039,7,3,4
synthetic_wallet_002392,12,6,6,8.06322239,7.34662236,1.3438704,0.73466224,2.39810626,0.46144025,0,3,4,5,60.0,1.0,245391.27272727,6132.0,1.09754143,0.91112734,12,6,6
synthetic_wallet_002393,7,2,5,1.95003018,9.33685561,0.97501509,0.93368556,3.951889,1.1071663,0,2,5,4,60.0,1.0,398454.33333333,31170.0,0.20885299,4.78805698,7,2,5
synthetic_wallet_002394,10,2,8,2.49804819,12.3191429,1.2490241,0.76994643,2.38200444,0.42858816,0,5,5,6,60.0,1.0,199452.22222222,26147.0,0.20277776,4.93150731,10,2,8
synthetic_wallet_002395,8,4,4,3.14420511,14.48933873,0.78605128,1.31721261,11.00563081,7.14776144,0,3,5,5,60.0,1.0,325031.71428571,54343.0,0.21700128,4.60826766,8,4,4
synthetic_wallet_002396,13,3,10,2.74079923,12.67564981,0.91359974,0.66713946,2.285451,0.35061634,0,3,6,7,60.0,1.0,231412.08333333,18465.0,0.21622554,4.62480056,13,3,10
synthetic_wallet_002397,7,3,4,4.76595013,13.58156687,1.58865004,1.35815669,2.45273249,0.923843,0,2,3,4,60.0,1.0,350263.66666667,102958.0,0.35091313,2.84970814,7,3,4
synthetic_wallet_002398,10,2,8,3.57180921,21.18793432,1.7859046,1.51342388,11.54405526,7.4234403,0,4,8,8,60.0,1.0,291704.22222222,6057.0,0.16857751,5.93198939,10,2,8
synthetic_wallet_002399,11,5,6,7.67973813,20.80418653,1.53594763,2.08041865,10.91024287,6.57500108,0,4,6,6,60.0,1.0,266497.9,12839.0,0.36914388,2.70897082,11,5,6
synthetic_wallet_002400,10,7,3,9.33701996,13.78429568,1.33385999,1.53158841,2.73345849,0.90569587,0,3,4,4,60.0,1.0,288304.33333333,1807.0,0.67736649,1.47630569,10,7,3
synthetic_wallet_002401,13,6,7,9.87790713,9.87184794,1.64631786,0.58069694,2.4447688,0.52582676,0,3,6,8,60.0,1.0,229718.5,22543.0,1.00061378,0.99938659,13,6,7
synthetic_wallet_002402,9,2,7,2.94495261,7.05787542,1.47247631,0.54291349,2.32992683,0.40853696,0,3,5,6,60.0,1.0,306525.25,20591.0,0.41725766,2.39660068,9,2,7
synthetic_wallet_002403,8,4,4,4.48034199,3.87398253,1.1200855,0.55342608,2.43988691,0.40803747,0,2,4,3,60.0,1.0,392312.0,13199.0,1.15652096,0.86466224,8,4,4
synthetic_wallet_002404,7,4,3,6.9453694,6.06970353,1.73634235,1.01161725,2.38769455,0.49387316,0,2,4,4,60.0,1.0,406246.0,24753.0,1.14426831,0.87392091,7,4,3
synthetic_wallet_002405,8,1,7,2.46118116,8.01501828,2.46118116,0.57250131,2.46118116,0.52152501,0,2,6,6,60.0,1.0,416360.85714286,20271.0,0.30707118,3.25657388,8,1,7
synthetic_wallet_002406,9,3,6,2.82325603,26.41797496,0.94108534,4.40299583,17.38056543,25.27859675,0,1,6,7,60.0,1.0,267995.125,30667.0,0.10686875,9.35727213,9,3,6
synthetic_wallet_002407,14,7,7,7.14085605,14.86514293,1.02012229,0.82584127,2.38958803,0.4452426,0,4,5,7,60.0,1.0,220043.92307692,17162.0,0.48037588,2.08170321,14,7,7
synthetic_wallet_002408,13,6,7,4.18432364,16.98416181,0.69738727,1.30647399,2.95277637,1.12210161,0,3,6,6,60.0,1.0,237346.16666667,20578.0,0.24636621,4.05899813,13,6,7
synthetic_wallet_002409,13,2,11,2.60652499,11.49929098,1.3032625,0.7666194,2.34639611,0.62031255,0,3,6,8,60.0,1.0,190294.25,21812.0,0.22666832,4.41173249,13,2,11
synthetic_wallet_002410,8,0,8,0.0,27.2694355,0.0,2.27245296,5.33828784,1.4497611,0,3,6,6,60.0,1.0,280159.85714286,12421.0,0.0,27269435500.0,8,0,8
synthetic_wallet_002411,8,1,7,1.76815629,5.31145007,1.76815629,0.31243824,1.76815629,0.18230544,0,2,6,7,60.0,1.0,223076.0,73061.0,0.33289521,3.00394829,8,1,7
synthetic_wallet_002412,6,4,2,5.19686481,8.92564725,1.2992162,1.78512945,1.79981537,0.10956325,0,2,3,3,60.0,1.0,454677.6,44955.0,0.58223955,1.71750615,6,4,2
synthetic_wallet_002413,10,2,8,2.41592891,27.22340033,1.20796445,1.43281054,16.19201829,11.20306722,0,4,5,7,60.0,1.0,273925.33333333,4246.0,0.08874457,11.26829528,10,2,8
synthetic_wallet_002414,8,2,6,4.0623839,20.82183072,2.03119195,1.30136442,3.92768147,2.1447745,0,5,6,4,60.0,1.0,227245.0,11906.0,0.19510215,5.1255202,8,2,6
synthetic_wallet_002415,9,4,5,5.39468092,5.56459386,1.34867023,0.79494198,2.40375031,0.75475767,0,1,4,5,60.0,1.0,259588.625,41660.0,0.96946535,1.03149638,9,4,5
synthetic_wallet_002416,9,2,7,2.22810876,11.80171466,1.11405438,0.56198641,2.01251064,0.17803833,0,4,5,6,60.0,1.0,235068.625,22366.0,0.18879534,5.29674084,9,2,7
synthetic_wallet_002417,7,3,4,2.93734311,9.8810788,0.97911437,1.64684647,7.68042302,5.26661866,0,2,4,3,60.0,1.0,430629.83333333,8323.0,0.29726948,3.36395117,7,3,4
synthetic_wallet_002418,5,3,2,2.71930471,4.27255314,0.9064349,1.06813829,1.83597473,0.26644662,0,2,2,3,60.0,1.0,613510.5,21659.0,0.63645896,1.57119323,5,3,2
synthetic_wallet_002419,14,4,10,4.31407237,24.69485406,1.07851809,1.29972916,2.95665919,0.9953885,0,3,5,5,60.0,1.0,226506.38461538,51875.0,0.1746952,5.72425586,14,4,10
synthetic_wallet_002420,13,5,8,4.48524168,21.95654079,0.89704834,1.21980782,4.00503986,1.51225962,0,5,5,9,60.0,1.0,240735.83333333,2970.0,0.20427816,4.895286,13,5,8
synthetic_wallet_002421,14,3,11,2.73565916,30.47867132,0.91188639,1.01595571,16.99228172,8.08610286,0,7,7,8,60.0,1.0,191822.92307692,16566.0,0.08975651,11.14125318,14,3,11
synthetic_wallet_002422,12,3,9,3.76582381,28.10641371,1.2552746,1.27756426,3.37291153,1.40533671,0,5,6,5,60.0,1.0,229251.81818182,30478.0,0.1339845,7.46354984,12,3,9
synthetic_wallet_002423,7,2,5,3.03536767,29.31202151,1.51768384,3.66400269,13.14482081,22.51424828,0,2,3,4,60.0,1.0,404954.66666667,32887.0,0.10355368,9.65682734,7,2,5
synthetic_wallet_002424,6,4,2,5.32560204,3.09485484,1.33140051,0.77371371,2.30591272,0.57306598,0,2,3,3,60.0,1.0,377213.4,155460.0,1.72079219,0.5811277,6,4,2
synthetic_wallet_002425,9,4,5,3.45924373,6.67242335,0.86481093,0.74138037,1.77292553,0.17750833,0,3,6,4,60.0,1.0,283973.875,19250.0,0.51843889,1.92886766,9,4,5
synthetic_wallet_002426,10,3,7,4.42322139,8.80489074,1.47440713,0.88048907,2.44698674,0.86078934,0,2,7,6,60.0,1.0,279277.66666667,39505.0,0.5023596,1.99060593,10,3,7
synthetic_wallet_002427,6,3,3,1.50988412,2.69109467,0.50329471,0.67277367,1.96416096,0.39331349,0,1,4,4,60.0,1.0,318316.2,9486.0,0.56106689,1.78231868,6,3,3
synthetic_wallet_002428,11,6,5,8.47706789,14.02781838,1.41284465,1.55864649,10.61975617,6.36194867,0,3,4,5,60.0,1.0,239376.8,37447.0,0.60430408,1.65479604,11,6,5
synthetic_wallet_002429,9,3,6,2.8832593,10.02625796,0.96108643,1.0026258,2.33963658,0.53813788,0,3,5,6,60.0,1.0,339601.625,125.0,0.28757083,3.47740419,9,3,6
synthetic_wallet_002430,6,1,5,2.06591556,34.41981431,2.06591556,3.82442381,17.01606738,21.34164977,0,3,4,5,60.0,1.0,302634.0,154502.0,0.06002111,16.66080404,6,1,5
synthetic_wallet_002431,9,4,5,4.8018128,11.37002688,1.2004532,1.42125336,2.31089686,0.42350042,0,1,5,5,60.0,1.0,307934.875,46493.0,0.42232203,2.36786134,9,4,5
synthetic_wallet_002432,5,1,4,0.94541057,21.96993071,0.94541057,4.39398614,17.60267945,38.01325568,0,1,4,5,60.0,1.0,304126.5,30100.0,0.04303202,23.23850759,5,1,4
synthetic_wallet_002433,7,1,6,0.40228934,15.53499401,0.40228934,1.72611045,8.16315716,5.34932108,0,2,6,6,60.0,1.0,394867.16666667,54410.0,0.02589569,38.61646945,7,1,6
synthetic_wallet_002434,10,5,5,4.23135791,5.7250993,0.84627158,0.71563741,1.69630655,0.3418259,0,1,5,5,60.0,1.0,246046.66666667,13300.0,0.739089,1.35301703,10,5,5
synthetic_wallet_002435,15,7,8,4.41523381,47.92226081,0.63074769,3.68632775,16.59176392,19.51782221,0,3,8,6,60.0,1.0,187294.21428571,1068.0,0.09213325,10.85384441,15,7,8
synthetic_wallet_002436,4,1,3,0.35985924,3.72807967,0.35985924,0.53258281,1.39473306,0.11754413,0,2,3,3,60.0,1.0,771888.66666667,193727.0,0.0965267,10.35982755,4,1,3
synthetic_wallet_002437,6,2,4,3.61835396,18.0197014,1.80917698,1.80197014,3.27810205,1.44206335,0,2,4,5,60.0,1.0,318787.0,16412.0,0.20079988,4.98008255,6,2,4
synthetic_wallet_002438,10,5,5,5.0198331,15.55272424,1.00396662,1.41388402,10.32862095,5.86834822,0,1,6,4,60.0,1.0,237621.33333333,10111.0,0.3227623,3.09825525,10,5,5
synthetic_wallet_002439,7,3,4,6.16871589,10.28386142,2.05623863,1.28548268,2.89420496,0.91651699,0,3,5,4,60.0,1.0,448597.5,24561.0,0.59984432,1.66709922,7,3,4
synthetic_wallet_002440,10,6,4,6.69437835,4.85063019,1.11572973,0.60632877,2.33027676,0.5207838,0,2,5,5,60.0,1.0,196648.44444444,23934.0,1.38010487,0.72458262,10,6,4
synthetic_wallet_002441,8,3,5,3.81952208,4.29430683,1.27317403,0.39039153,2.03068889,0.36724973,0,2,5,4,60.0,1.0,374312.42857143,54404.0,0.88943856,1.12430475,8,3,5
synthetic_wallet_002442,9,4,5,4.17071859,8.00058462,1.04267965,0.80005846,1.91000989,0.32036368,0,2,4,5,60.0,1.0,286551.125,45887.0,0.52130173,1.91827486,9,4,5
synthetic_wallet_002443,14,2,12,1.24676593,13.22586512,0.62338297,0.48984686,2.40154015,0.27269598,0,4,8,9,60.0,1.0,217902.53846154,5322.0,0.09426725,10.60813806,14,2,12
synthetic_wallet_002444,12,5,7,3.64685395,15.34351496,0.72937079,1.27862625,6.95567535,2.47866134,0,3,5,7,60.0,1.0,247610.27272727,26575.0,0.23768048,4.20732916,12,5,7
synthetic_wallet_002445,4,0,4,0.0,9.29997683,0.0,0.66428406,2.05767346,0.56248171,0,3,4,3,60.0,1.0,478929.0,161334.0,0.0,9299976830.0,4,0,4
synthetic_wallet_002446,13,4,9,6.5923669,10.65721093,1.64809173,0.42628844,2.47261121,0.3333853,0,5,8,7,60.0,1.0,200657.83333333,30295.0,0.61858276,1.61659857,13,4,9
synthetic_wallet_002447,10,7,3,7.67656779,3.58081982,1.09665254,0.71616396,1.91437011,0.38435126,0,1,4,4,60.0,1.0,289395.0,102547.0,2.14380175,0.46646104,10,7,3
synthetic_wallet_002448,10,3,7,4.04248874,23.25738067,1.34749625,1.22407267,4.08921364,2.1543459,0,3,6,7,60.0,1.0,255339.0,69192.0,0.17381531,5.75323326,10,3,7
synthetic_wallet_002449,8,4,4,4.10404263,20.17877172,1.02601066,1.55221321,3.37291153,1.46174499,0,4,4,4,60.0,1.0,306099.85714286,58968.0,0.20338416,4.91680363,8,4,4
synthetic_wallet_002450,11,4,7,4.85524791,19.90489541,1.21381198,1.04762607,3.17232381,1.34075168,0,4,6,7,60.0,1.0,258064.8,51083.0,0.2439223,4.09966613,11,4,7
synthetic_wallet_002451,12,5,7,7.78870395,20.95987233,1.55774079,1.30999202,16.72963688,12.14513361,0,4,7,6,60.0,1.0,207754.36363636,4856.0,0.37160073,2.69106034,12,5,7
synthetic_wallet_002452,11,5,6,5.46912173,22.58038503,1.09382435,1.32825794,4.87402969,2.35675001,0,4,4,6,60.0,1.0,282965.0,62333.0,0.24220675,4.12870405,11,5,6
synthetic_wallet_002453,7,3,4,5.28111285,4.57592697,1.76037095,0.41599336,2.34164499,0.42192124,0,4,5,5,60.0,1.0,387542.16666667,12831.0,1.15410777,0.86647021,7,3,4
synthetic_wallet_002454,6,2,4,3.47625281,5.48874712,1.73812641,1.09774942,2.18458883,0.5411015,0,2,4,4,60.0,1.0,423227.4,134517.0,0.63334177,1.57892634,6,2,4
synthetic_wallet_002455,10,3,7,2.25048808,4.8371812,0.75016269,0.32247875,1.47275841,0.14911958,0,4,6,6,60.0,1.0,290638.55555556,31712.0,0.46524783,2.14939206,10,3,7
synthetic_wallet_002456,11,7,4,12.37771124,3.1173686,1.76824446,0.38967108,2.3114444,0.74315438,0,3,3,4,60.0,1.0,270491.8,66279.0,3.9705639,0.2518534,11,7,4
synthetic_wallet_002457,6,2,4,2.67287861,20.15544304,1.3364393,1.5504187,2.476099,0.95148062,0,2,4,5,60.0,1.0,356486.0,15588.0,0.13261324,7.54072518,6,2,4
synthetic_wallet_002458,15,4,11,6.03601754,29.95872328,1.50900439,0.96641043,6.67925756,2.17198073,0,10,7,10,60.0,1.0,204019.35714286,7889.0,0.2014778,4.96332608,15,4,11
synthetic_wallet_002459,12,2,10,3.19615875,15.55115591,1.59807937,0.97194724,2.45342141,0.69852787,0,4,6,9,60.0,1.0,241163.18181818,33417.0,0.20552548,4.86557681,12,2,10
synthetic_wallet_002460,10,2,8,0.46196781,16.37867212,0.2309839,1.63786721,3.56170184,1.81532047,0,1,7,6,60.0,1.0,265263.22222222,11402.0,0.02820545,35.45414153,10,2,8
synthetic_wallet_002461,12,6,6,5.89610344,28.86012227,0.98268391,2.22000941,5.96349883,3.68218321,0,3,5,7,60.0,1.0,254727.72727273,50190.0,0.20429932,4.89477883,12,6,6
synthetic_wallet_002462,5,4,1,6.7833024,1.08743447,1.6958256,1.08743447,2.06011029,0.14745052,0,1,2,2,60.0,1.0,473786.75,341425.0,6.23789533,0.16031048,5,4,1
synthetic_wallet_002463,9,2,7,1.66138502,25.49536841,0.83069251,1.69969123,3.80097246,1.7097607,0,2,6,6,60.0,1.0,226167.375,31521.0,0.06516419,15.34585187,9,2,7
synthetic_wallet_002464,7,3,4,2.80218147,4.55313809,0.93406049,0.56914226,2.11612416,0.4045161,0,3,3,5,60.0,1.0,287162.66666667,6913.0,0.6154396,1.62485483,7,3,4
synthetic_wallet_002465,10,1,9,0.63864822,30.90238837,0.63864822,1.4715423,7.58504151,3.34325521,0,3,7,6,60.0,1.0,240258.55555556,1021.0,0.02066663,48.38718312,10,1,9
synthetic_wallet_002466,6,1,5,1.319951,37.87406941,1.319951,3.15617245,4.48110591,2.90890015,0,2,5,4,60.0,1.0,445246.6,27518.0,0.03485105,28.69354196,6,1,5
synthetic_wallet_002467,14,9,5,9.98624193,5.3289747,1.10958244,0.44408122,2.25298743,0.38831337,0,1,5,5,60.0,1.0,140528.76923077,5110.0,1.87395184,0.53363164,14,9,5
synthetic_wallet_002468,8,6,2,7.38039761,2.10754632,1.23006627,0.26344329,2.24781112,0.37696937,0,3,3,2,60.0,1.0,401786.57142857,131081.0,3.50189106,0.28556,8,6,2
synthetic_wallet_002469,9,1,8,1.13433418,16.25217781,1.13433418,0.85537778,1.85913091,0.28532569,0,3,6,6,60.0,1.0,259912.625,7858.0,0.06979583,14.32750427,9,1,8
synthetic_wallet_002470,8,2,6,3.14509244,7.05267993,1.57254622,0.54251384,2.01911944,0.4130106,0,4,5,5,60.0,1.0,368268.71428571,139655.0,0.44594289,2.24243963,8,2,6
synthetic_wallet_002471,13,6,7,7.85439519,19.04771836,1.30906586,1.4652091,4.03773367,1.59373499,0,3,6,5,60.0,1.0,194820.25,3107.0,0.4123536,2.42510313,13,6,7
synthetic_wallet_002472,9,4,5,3.829378,17.52769263,0.9573445,1.5934266,3.15557602,1.40853917,0,1,5,4,60.0,1.0,296325.75,58952.0,0.21847588,4.57716439,9,4,5
synthetic_wallet_002473,9,2,7,2.13463293,32.07942491,1.06731646,2.29138749,13.98038726,10.32914095,0,2,6,6,60.0,1.0,349665.625,14367.0,0.06654212,15.02807553,9,2,7
synthetic_wallet_002474,11,1,10,2.2729019,32.121828,2.2729019,1.6060914,8.70456084,5.67842368,0,6,7,7,60.0,1.0,288335.9,84.0,0.0707588,14.13251843,11,1,10
synthetic_wallet_002475,3,2,1,2.25568267,0.17142945,1.12784134,0.17142945,1.73213811,0.44672166,0,1,2,2,60.0,1.0,928659.5,400229.0,13.15808147,0.07599892,3,2,1
synthetic_wallet_002476,10,3,7,4.15751765,13.97221254,1.38583922,0.93148084,7.62250057,2.88443586,0,4,6,6,60.0,1.0,210611.11111111,11715.0,0.29755614,3.36071034,10,3,7
synthetic_wallet_002477,11,4,7,7.2387157,10.06900906,1.80967893,0.83908409,2.46648607,0.97464713,0,3,5,6,60.0,1.0,247403.0,8664.0,0.71891044,1.39099386,11,4,7
synthetic_wallet_002478,6,3,3,3.88089161,3.6326768,1.29363054,0.4540846,2.29746705,0.37289446,0,2,3,3,60.0,1.0,424392.6,22546.0,1.06832835,0.93604181,6,3,3
synthetic_wallet_002479,10,4,6,6.37461,16.60689439,1.5936525,2.37241348,4.74387895,2.13005537,0,2,6,5,60.0,1.0,288110.66666667,166959.0,0.38385323,2.60516242,10,4,6
synthetic_wallet_002480,5,1,4,0.81875211,10.12086926,0.81875211,1.01208693,1.60586026,0.1402164,0,2,3,5,60.0,1.0,581797.25,66038.0,0.08089741,12.36133518,5,1,4
synthetic_wallet_002481,8,4,4,4.35125414,7.92078806,1.08781353,0.88008756,2.35930533,0.35241668,0,2,4,3,60.0,1.0,325530.28571429,32151.0,0.54934611,1.820346,8,4,4
synthetic_wallet_002482,6,2,4,1.858144,8.11261934,0.929072,0.90140215,2.31564026,0.28349893,0,1,4,4,60.0,1.0,489352.6,68101.0,0.22904366,4.36597989,6,2,4
synthetic_wallet_002483,11,5,6,2.41570701,5.62299999,0.4831414,0.51118182,2.21950672,0.24802693,0,2,5,5,60.0,1.0,278036.6,11243.0,0.42961178,2.32768294,11,5,6
synthetic_wallet_002484,6,3,3,4.17523014,10.24928539,1.39174338,2.56232135,3.57012468,1.07504596,0,1,4,3,60.0,1.0,379144.6,226795.0,0.40736793,2.45478334,6,3,3
synthetic_wallet_002485,16,7,9,8.99384399,23.46285061,1.28483486,0.97761878,8.36874841,4.02073115,0,4,6,9,60.0,1.0,161714.26666667,4947.0,0.38332273,2.6087678,16,7,9
synthetic_wallet_002486,11,5,6,6.12297134,6.80384591,1.22459427,0.56698716,2.24411972,0.29677873,0,2,5,4,60.0,1.0,236683.7,18568.0,0.89992798,1.11120003,11,5,6
synthetic_wallet_002487,13,2,11,3.88353693,31.06613585,1.94176846,1.35070156,3.93711712,1.58945131,0,5,6,8,60.0,1.0,242321.83333333,9124.0,0.12500869,7.99944391,13,2,11
synthetic_wallet_002488,11,7,4,6.35056228,12.3623099,0.90722318,1.12384635,3.78639879,1.12822432,0,5,2,3,60.0,1.0,258535.5,27751.0,0.51370353,1.94664808,11,7,4
synthetic_wallet_002489,11,4,7,3.15262658,8.61169697,0.78815665,0.8611697,2.41391141,0.35613939,0,3,7,4,60.0,1.0,296408.2,24045.0,0.36608657,2.73159436,11,4,7
synthetic_wallet_002490,5,1,4,0.70418867,3.60110255,0.70418867,0.72022051,1.93641756,0.31088379,0,2,3,5,60.0,1.0,306216.25,189863.0,0.19554807,5.11383199,5,1,4
synthetic_wallet_002491,3,2,1,2.56909066,3.95641153,1.28454533,0.98910288,1.66890237,0.06864039,0,2,2,2,60.0,1.0,807691.5,799488.0,0.64934869,1.54000464,3,2,1
synthetic_wallet_002492,6,2,4,3.5144405,32.59842614,1.75722025,4.65691802,17.14828406,22.34968353,0,1,4,4,60.0,1.0,353450.8,167466.0,0.10781013,9.27556638,6,2,4
synthetic_wallet_002493,5,1,4,2.35291519,3.86508631,2.35291519,0.48313579,2.35291519,0.78439894,0,3,5,3,60.0,1.0,646988.25,348201.0,0.60876136,1.64267982,5,1,4
synthetic_wallet_002494,6,3,3,2.6965239,5.52049156,0.8988413,1.38012289,2.25717379,0.48124801,0,1,3,4,60.0,1.0,398045.8,216261.0,0.48845721,2.04726224,6,3,3
synthetic_wallet_002495,13,6,7,9.06218817,11.76225434,1.51036469,0.58811272,2.36062879,0.27237257,0,3,5,8,60.0,1.0,184838.75,38871.0,0.77044654,1.29794859,13,6,7
synthetic_wallet_002496,7,4,3,5.32734426,2.29363423,1.33183607,0.45872685,2.35042594,0.63003496,0,2,3,4,60.0,1.0,318919.16666667,17686.0,2.32266514,0.43053989,7,4,3
synthetic_wallet_002497,8,3,5,5.10254723,6.20896573,1.70084908,0.77612072,2.14400129,0.60744024,0,2,5,5,60.0,1.0,332215.0,10994.0,0.82180309,1.2168365,8,3,5
synthetic_wallet_002498,15,7,8,7.69917005,24.55531803,1.09988144,1.29238516,5.66708496,2.94229938,0,5,7,5,60.0,1.0,164776.14285714,2631.0,0.31354389,3.18934611,15,7,8
synthetic_wallet_002499,7,1,6,0.23810825,6.58094664,0.23810825,0.36560815,1.8734414,0.16854871,0,4,5,3,60.0,1.0,185627.5,13413.0,0.03618146,27.63846545,7,1,6
synthetic_wallet_002500,16,5,11,8.6028074,25.14499076,1.72056148,1.19738051,3.48124254,1.31113493,0,5,7,8,60.0,1.0,179943.06666667,5522.0,0.34212808,2.92288198,16,5,11
